Atmosphère Crash Report (v1.7):
Result:                          0x4A8 (2168-0002)

Process Info:
    Process Name:                Application
    Program ID:                  01006a800016e000
    Process ID:                  000000000000008f
    Process Flags:               00000077
    User Exception Address:      0000006626016000
Exception Info:
    Type:                        Data Abort
    Address:                     0000003e225cbe80
    Fault Address:               0000000000000000
Crashed Thread Info:
    Thread ID:                   0000000000000b84
    Thread Name:                 MainThread
    Stack Region:                00000033055e7000-00000033056e7000
    Registers:
        X[00]:                   0000000000000000
        X[01]:                   000000043db0d89f
        X[02]:                   00000033056e2b70
        X[03]:                   00000033056e2b60
        X[04]:                   00000033056e2b50
        X[05]:                   0000000000000000
        X[06]:                   0000000000000001
        X[07]:                   0000000000000000
        X[08]:                   0000000000000001
        X[09]:                   00000020a613e000
        X[10]:                   fffffffc15a4d5d8
        X[11]:                   c90a2cf6ce71b7b2
        X[12]:                   00000020a1fdcd50 (cross2_Release.nss + 0x17d8d50)
        X[13]:                   0000003e0ca70000
        X[14]:                   000000000000a79a
        X[15]:                   000000000000a798
        X[16]:                   00000020a8fb1ed8
        X[17]:                   00000020a86b7f30 (nnSdk + 0x339f30) (_ZN2nn2os6detail36InternalCriticalSectionImplByHorizon5EnterEv + 0x0)
        X[18]:                   0000000000000000
        X[19]:                   0000003e2b339010
        X[20]:                   0000001c4479bded
        X[21]:                   0000001c28f5c290
        X[22]:                   0000003e2b339000
        X[23]:                   0000003e225cbe50
        X[24]:                   00000033056e6e60
        X[25]:                   00000020a613e440
        X[26]:                   0000000000000001
        X[27]:                   00000020a4c75000
        X[28]:                   00000020a5b3c860
        FP:                      00000033056e3b20
        LR:                      00000020a0baf5c4 (cross2_Release.nss + 0x3ab5c4)
        SP:                      00000033056e3a60
        PC:                      00000020a0baf5c4 (cross2_Release.nss + 0x3ab5c4)
    Stack Trace:
        ReturnAddress[00]:       0000000ca9050354 (testing + 0x354) (post_scene_update_submit_render + 0xbc)
        ReturnAddress[01]:       00000020a0ac9cf0 (cross2_Release.nss + 0x2c5cf0)
        ReturnAddress[02]:       00000020a861ba2c (nnSdk + 0x29da2c) (_ZN2nn4init5StartEmmPFvvES2_ + 0x4c)
        ReturnAddress[03]:       00000020a08000c0 (nnrtld + 0xc0)
    Stack Dump:                               00 01 02 03 04 05 06 07 08 09 0a 0b 0c 0d 0e 0f
                                 0033056e3a60 d0 01 28 c0 3d 00 00 00 08 00 28 c0 3d 00 00 00
                                 0033056e3a70 90 3a 6e 05 33 00 00 00 08 c2 12 a4 20 00 00 00
                                 0033056e3a80 06 30 00 00 00 00 00 00 d0 01 28 c0 3d 00 00 00
                                 0033056e3a90 b0 3a 6e 05 33 00 00 00 c0 c1 12 a4 20 00 00 00
                                 0033056e3aa0 c8 01 28 c0 3d 00 00 00 08 00 28 c0 3d 00 00 00
                                 0033056e3ab0 f0 3a 6e 05 33 00 00 00 fc f8 12 a4 20 00 00 00
                                 0033056e3ac0 c4 0c 00 c0 3d 00 00 00 f0 01 28 c0 3d 00 00 00
                                 0033056e3ad0 60 c8 b3 a5 20 00 00 00 00 50 c7 a4 20 00 00 00
                                 0033056e3ae0 01 00 00 00 00 00 00 00 40 e4 13 a6 20 00 00 00
                                 0033056e3af0 60 6e 6e 05 33 00 00 00 00 00 00 00 00 00 00 00
                                 0033056e3b00 48 7d df 0c 3e 00 00 00 90 c2 f5 28 1c 00 00 00
                                 0033056e3b10 ed bd 79 44 1c 00 00 00 80 01 b7 4c 3e 00 00 00
                                 0033056e3b20 10 65 6e 05 33 00 00 00 54 03 05 a9 0c 00 00 00
                                 0033056e3b30 c0 c0 06 30 3e 00 00 00 08 00 28 c0 3d 00 00 00
                                 0033056e3b40 80 3b 6e 05 33 00 00 00 24 f5 12 a4 20 00 00 00
                                 0033056e3b50 60 c8 b3 a5 01 00 00 00 00 c0 06 30 00 00 00 00
    TLS Address:                 0000006626016200
    TLS Dump:                                 00 01 02 03 04 05 06 07 08 09 0a 0b 0c 0d 0e 0f
                                 006626016200 00 00 00 00 0c 00 00 00 00 00 00 00 00 00 00 00
                                 006626016210 00 00 00 00 00 00 00 00 00 00 00 00 00 00 00 00
                                 006626016220 53 46 43 4f 00 00 00 00 00 00 00 00 a1 ea ef 56
                                 006626016230 00 00 00 00 00 00 00 00 03 00 00 00 00 00 00 00
                                 006626016240 00 00 00 00 11 00 00 00 00 00 00 00 00 00 00 00
                                 006626016250 10 00 6e 01 10 3a 6e 05 00 00 00 00 00 00 00 00
                                 006626016260 00 00 00 00 18 00 00 00 f0 3b 6e 05 33 00 18 00
                                 006626016270 00 00 00 00 00 00 00 00 03 0d 08 00 00 04 0a 00
                                 006626016280 08 04 0a 00 04 02 14 00 00 00 00 00 00 00 00 00
                                 006626016290 00 00 00 00 00 00 00 00 00 00 00 00 00 00 00 00
                                 0066260162a0 00 00 00 00 00 00 00 00 00 00 00 00 00 00 00 00
                                 0066260162b0 00 00 00 00 00 00 00 00 00 00 00 00 00 00 00 00
                                 0066260162c0 00 00 00 00 00 00 00 00 00 00 00 00 00 00 00 00
                                 0066260162d0 00 00 00 00 00 00 00 00 00 00 00 00 00 00 00 00
                                 0066260162e0 00 00 00 00 00 00 00 00 00 00 00 00 00 00 00 00
                                 0066260162f0 00 00 00 00 00 00 00 00 00 00 00 00 00 00 00 00
Module Info:
    Number of Modules:           07
    Module 00:
        Address:                 00000020a07dc000-00000020a0800000
        Name:                    [00000000]
        Module Id:               0000000000000000000000000000000000000000000000000000000000000000
    Module 01:
        Address:                 00000020a0800000-00000020a0802000
        Name:                    nnrtld
        Module Id:               285183CAC95179371CC22CEC3723F882E1589659000000000000000000000000
    Module 02:
        Address:                 00000020a0804000-00000020a41cc000
        Name:                    cross2_Release.nss
        Module Id:               3EAE0063B12FD81E99FB5980BA56297049EA94F9000000000000000000000000
    Module 03:
        Address:                 00000020a7c4b000-00000020a7fb8000
        Name:                    multimedia
        Module Id:               60C6EDBBFCEBD4176CC301D5D9CB5A6F094F9360000000000000000000000000
    Module 04:
        Address:                 00000020a8360000-00000020a8371000
        Name:                    Skyline
        Module Id:               84F953E76E1E2E976B0C1540F615449D25DA5BF3000000000000000000000000
    Module 05:
        Address:                 00000020a837e000-00000020a88bf000
        Name:                    nnSdk
        Module Id:               5FD4F531C1195E9E5510C9E73F22CD39612839F8000000000000000000000000
    Module 06:
        Address:                 0000000ca9050000-0000000ca906d000
        Name:                    testing
        Module Id:               0000000000000000000000000000000000000000000000000000000000000000
Thread Report:
Number of Threads:               33
Threads[00]:
    Thread ID:                   0000000000000b84
    Thread Name:                 MainThread
    Stack Region:                00000033055e7000-00000033056e7000
    Registers:
        X[00]:                   0000000000000000
        X[01]:                   000000043db0d89f
        X[02]:                   00000033056e2b70
        X[03]:                   00000033056e2b60
        X[04]:                   00000033056e2b50
        X[05]:                   0000000000000000
        X[06]:                   0000000000000001
        X[07]:                   0000000000000000
        X[08]:                   0000000000000001
        X[09]:                   00000020a613e000
        X[10]:                   fffffffc15a4d5d8
        X[11]:                   c90a2cf6ce71b7b2
        X[12]:                   00000020a1fdcd50 (cross2_Release.nss + 0x17d8d50)
        X[13]:                   0000003e0ca70000
        X[14]:                   000000000000a79a
        X[15]:                   000000000000a798
        X[16]:                   00000020a8fb1ed8
        X[17]:                   00000020a86b7f30 (nnSdk + 0x339f30) (_ZN2nn2os6detail36InternalCriticalSectionImplByHorizon5EnterEv + 0x0)
        X[18]:                   0000000000000000
        X[19]:                   0000003e2b339010
        X[20]:                   0000001c4479bded
        X[21]:                   0000001c28f5c290
        X[22]:                   0000003e2b339000
        X[23]:                   0000003e225cbe50
        X[24]:                   00000033056e6e60
        X[25]:                   00000020a613e440
        X[26]:                   0000000000000001
        X[27]:                   00000020a4c75000
        X[28]:                   00000020a5b3c860
        FP:                      00000033056e3b20
        LR:                      00000020a0baf5c4 (cross2_Release.nss + 0x3ab5c4)
        SP:                      00000033056e3a60
        PC:                      00000020a0baf5c4 (cross2_Release.nss + 0x3ab5c4)
    Stack Trace:
        ReturnAddress[00]:       0000000ca9050354 (testing + 0x354) (post_scene_update_submit_render + 0xbc)
        ReturnAddress[01]:       00000020a0ac9cf0 (cross2_Release.nss + 0x2c5cf0)
        ReturnAddress[02]:       00000020a861ba2c (nnSdk + 0x29da2c) (_ZN2nn4init5StartEmmPFvvES2_ + 0x4c)
        ReturnAddress[03]:       00000020a08000c0 (nnrtld + 0xc0)
    Stack Dump:                               00 01 02 03 04 05 06 07 08 09 0a 0b 0c 0d 0e 0f
                                 0033056e3a60 d0 01 28 c0 3d 00 00 00 08 00 28 c0 3d 00 00 00
                                 0033056e3a70 90 3a 6e 05 33 00 00 00 08 c2 12 a4 20 00 00 00
                                 0033056e3a80 06 30 00 00 00 00 00 00 d0 01 28 c0 3d 00 00 00
                                 0033056e3a90 b0 3a 6e 05 33 00 00 00 c0 c1 12 a4 20 00 00 00
                                 0033056e3aa0 c8 01 28 c0 3d 00 00 00 08 00 28 c0 3d 00 00 00
                                 0033056e3ab0 f0 3a 6e 05 33 00 00 00 fc f8 12 a4 20 00 00 00
                                 0033056e3ac0 c4 0c 00 c0 3d 00 00 00 f0 01 28 c0 3d 00 00 00
                                 0033056e3ad0 60 c8 b3 a5 20 00 00 00 00 50 c7 a4 20 00 00 00
                                 0033056e3ae0 01 00 00 00 00 00 00 00 40 e4 13 a6 20 00 00 00
                                 0033056e3af0 60 6e 6e 05 33 00 00 00 00 00 00 00 00 00 00 00
                                 0033056e3b00 48 7d df 0c 3e 00 00 00 90 c2 f5 28 1c 00 00 00
                                 0033056e3b10 ed bd 79 44 1c 00 00 00 80 01 b7 4c 3e 00 00 00
                                 0033056e3b20 10 65 6e 05 33 00 00 00 54 03 05 a9 0c 00 00 00
                                 0033056e3b30 c0 c0 06 30 3e 00 00 00 08 00 28 c0 3d 00 00 00
                                 0033056e3b40 80 3b 6e 05 33 00 00 00 24 f5 12 a4 20 00 00 00
                                 0033056e3b50 60 c8 b3 a5 01 00 00 00 00 c0 06 30 00 00 00 00
    TLS Address:                 0000006626016200
    TLS Dump:                                 00 01 02 03 04 05 06 07 08 09 0a 0b 0c 0d 0e 0f
                                 006626016200 00 00 00 00 0c 00 00 00 00 00 00 00 00 00 00 00
                                 006626016210 00 00 00 00 00 00 00 00 00 00 00 00 00 00 00 00
                                 006626016220 53 46 43 4f 00 00 00 00 00 00 00 00 a1 ea ef 56
                                 006626016230 00 00 00 00 00 00 00 00 03 00 00 00 00 00 00 00
                                 006626016240 00 00 00 00 11 00 00 00 00 00 00 00 00 00 00 00
                                 006626016250 10 00 6e 01 10 3a 6e 05 00 00 00 00 00 00 00 00
                                 006626016260 00 00 00 00 18 00 00 00 f0 3b 6e 05 33 00 18 00
                                 006626016270 00 00 00 00 00 00 00 00 03 0d 08 00 00 04 0a 00
                                 006626016280 08 04 0a 00 04 02 14 00 00 00 00 00 00 00 00 00
                                 006626016290 00 00 00 00 00 00 00 00 00 00 00 00 00 00 00 00
                                 0066260162a0 00 00 00 00 00 00 00 00 00 00 00 00 00 00 00 00
                                 0066260162b0 00 00 00 00 00 00 00 00 00 00 00 00 00 00 00 00
                                 0066260162c0 00 00 00 00 00 00 00 00 00 00 00 00 00 00 00 00
                                 0066260162d0 00 00 00 00 00 00 00 00 00 00 00 00 00 00 00 00
                                 0066260162e0 00 00 00 00 00 00 00 00 00 00 00 00 00 00 00 00
                                 0066260162f0 00 00 00 00 00 00 00 00 00 00 00 00 00 00 00 00
Threads[01]:
    Thread ID:                   0000000000000b85
    Thread Name:                 NxSystemThread
    Stack Region:                00000032f9fc9000-00000032f9fca000
    Registers:
        X[00]:                   00000032f9fc9b5c
        X[01]:                   00000032f9fc9d74
        X[02]:                   0000000000000001
        X[03]:                   ffffffffffffffff
        X[04]:                   ffffffffffffffff
        X[05]:                   0000000000000000
        X[06]:                   0000000000000000
        X[07]:                   0000000000000000
        X[08]:                   0000000000000000
        X[09]:                   0000000000000000
        X[10]:                   0000000000000000
        X[11]:                   0000000000000000
        X[12]:                   0000000000000000
        X[13]:                   0000000000000000
        X[14]:                   0000000000000000
        X[15]:                   0000000000000000
        X[16]:                   0000000000000000
        X[17]:                   0000000000000000
        X[18]:                   0000000000000000
        X[19]:                   0000000000000000
        X[20]:                   0000000000000000
        X[21]:                   0000000000000000
        X[22]:                   0000000000000000
        X[23]:                   0000000000000000
        X[24]:                   0000000000000000
        X[25]:                   0000000000000000
        X[26]:                   0000000000000000
        X[27]:                   0000000000000000
        X[28]:                   0000000000000000
        FP:                      00000032f9fc9b60
        LR:                      00000020a86b6464 (nnSdk + 0x338464) (_ZN2nn2os6detail22MultiWaitImplByHorizon20WaitSynchronizationNEiPjil + 0x24)
        SP:                      00000032f9fc9b40
        PC:                      00000020a8707900 (nnSdk + 0x389900)
    Stack Trace:
        ReturnAddress[00]:       00000020a86b3c48 (nnSdk + 0x335c48) (_ZN2nn2os6detail13MultiWaitImpl19InternalWaitAnyImplEbNS_8TimeSpanE + 0x138)
        ReturnAddress[01]:       00000020a86b3e78 (nnSdk + 0x335e78) (_ZN2nn2os6detail13MultiWaitImpl11WaitAnyImplEbNS_8TimeSpanE + 0xa8)
        ReturnAddress[02]:       00000020a86b05f4 (nnSdk + 0x3325f4)
        ReturnAddress[03]:       00000020a86b055c (nnSdk + 0x33255c)
        ReturnAddress[04]:       00000020a86b054c (nnSdk + 0x33254c)
        ReturnAddress[05]:       00000020a86b24b8 (nnSdk + 0x3344b8)
        ReturnAddress[06]:       00000020a86b6984 (nnSdk + 0x338984)
        ReturnAddress[07]:       0000000000000000
    Stack Dump:                               00 01 02 03 04 05 06 07 08 09 0a 0b 0c 0d 0e 0f
                                 0032f9fc9b40 5c 9b fc f9 32 00 00 00 00 00 00 00 00 00 00 00
                                 0032f9fc9b50 d7 b1 8a 2e 27 aa ff 7f d0 81 04 a9 20 00 00 00
                                 0032f9fc9b60 d0 9e fc f9 32 00 00 00 48 3c 6b a8 20 00 00 00
                                 0032f9fc9b70 00 7c 04 a9 20 00 00 00 00 00 00 00 00 00 00 00
                                 0032f9fc9b80 00 00 00 00 00 00 00 00 00 00 00 00 00 00 00 00
                                 0032f9fc9b90 00 00 00 00 00 00 00 00 00 00 00 00 00 00 00 00
                                 0032f9fc9ba0 00 00 00 00 00 00 00 00 00 00 00 00 00 00 00 00
                                 0032f9fc9bb0 00 00 00 00 00 00 00 00 00 00 00 00 00 00 00 00
                                 0032f9fc9bc0 00 00 00 00 00 00 00 00 00 00 00 00 00 00 00 00
                                 0032f9fc9bd0 00 00 00 00 00 00 00 00 00 00 00 00 00 00 00 00
                                 0032f9fc9be0 00 00 00 00 00 00 00 00 00 00 00 00 00 00 00 00
                                 0032f9fc9bf0 00 00 00 00 00 00 00 00 00 00 00 00 00 00 00 00
                                 0032f9fc9c00 00 00 00 00 00 00 00 00 00 00 00 00 00 00 00 00
                                 0032f9fc9c10 00 00 00 00 00 00 00 00 00 00 00 00 00 00 00 00
                                 0032f9fc9c20 00 00 00 00 00 00 00 00 00 00 00 00 00 00 00 00
                                 0032f9fc9c30 00 00 00 00 00 00 00 00 00 00 00 00 00 00 00 00
    TLS Address:                 0000006626016400
    TLS Dump:                                 00 01 02 03 04 05 06 07 08 09 0a 0b 0c 0d 0e 0f
                                 006626016400 00 00 00 00 00 00 00 00 00 00 00 00 00 00 00 00
                                 006626016410 00 00 00 00 00 00 00 00 00 00 00 00 00 00 00 00
                                 006626016420 00 00 00 00 00 00 00 00 00 00 00 00 00 00 00 00
                                 006626016430 00 00 00 00 00 00 00 00 00 00 00 00 00 00 00 00
                                 006626016440 00 00 00 00 00 00 00 00 00 00 00 00 00 00 00 00
                                 006626016450 00 00 00 00 00 00 00 00 00 00 00 00 00 00 00 00
                                 006626016460 00 00 00 00 00 00 00 00 00 00 00 00 00 00 00 00
                                 006626016470 00 00 00 00 00 00 00 00 00 00 00 00 00 00 00 00
                                 006626016480 00 00 00 00 00 00 00 00 00 00 00 00 00 00 00 00
                                 006626016490 00 00 00 00 00 00 00 00 00 00 00 00 00 00 00 00
                                 0066260164a0 00 00 00 00 00 00 00 00 00 00 00 00 00 00 00 00
                                 0066260164b0 00 00 00 00 00 00 00 00 00 00 00 00 00 00 00 00
                                 0066260164c0 00 00 00 00 00 00 00 00 00 00 00 00 00 00 00 00
                                 0066260164d0 00 00 00 00 00 00 00 00 00 00 00 00 00 00 00 00
                                 0066260164e0 00 00 00 00 00 00 00 00 00 00 00 00 00 00 00 00
                                 0066260164f0 00 00 00 00 00 00 00 00 00 00 00 00 00 00 00 00
Threads[02]:
    Thread ID:                   0000000000000b86
    Thread Name:                 <UNKNOWN>
    Stack Region:                0000003356d93000-0000003356dd3000
    Registers:
        X[00]:                   0000003356dd2ef8
        X[01]:                   0000003356dd2efc
        X[02]:                   0000000000000001
        X[03]:                   ffffffffffffffff
        X[04]:                   0000000000000000
        X[05]:                   0000000000000000
        X[06]:                   0000000000000000
        X[07]:                   0000000000000000
        X[08]:                   0000000000000000
        X[09]:                   0000000000000000
        X[10]:                   0000000000000000
        X[11]:                   0000000000000000
        X[12]:                   0000000000000000
        X[13]:                   0000000000000000
        X[14]:                   0000000000000000
        X[15]:                   0000000000000000
        X[16]:                   0000000000000000
        X[17]:                   0000000000000000
        X[18]:                   0000000000000000
        X[19]:                   0000000000000000
        X[20]:                   0000000000000000
        X[21]:                   0000000000000000
        X[22]:                   0000000000000000
        X[23]:                   0000000000000000
        X[24]:                   0000000000000000
        X[25]:                   0000000000000000
        X[26]:                   0000000000000000
        X[27]:                   0000000000000000
        X[28]:                   0000000000000000
        FP:                      0000003356dd2f10
        LR:                      00000020a86b7498 (nnSdk + 0x339498) (_ZN2nn2os6detail30InterProcessEventImplByHorizon4WaitEjb + 0x88)
        SP:                      0000003356dd2ee0
        PC:                      00000020a8707900 (nnSdk + 0x389900)
    Stack Trace:
        ReturnAddress[00]:       00000020a3f5898c (cross2_Release.nss + 0x375498c)
        ReturnAddress[01]:       00000020a86b24b8 (nnSdk + 0x3344b8)
        ReturnAddress[02]:       00000020a86b6984 (nnSdk + 0x338984)
        ReturnAddress[03]:       0000000000000000
    Stack Dump:                               00 01 02 03 04 05 06 07 08 09 0a 0b 0c 0d 0e 0f
                                 003356dd2ee0 f8 2e dd 56 33 00 00 00 00 00 00 00 00 00 00 00
                                 003356dd2ef0 00 00 00 00 00 00 00 00 00 00 00 00 f7 01 05 00
                                 003356dd2f00 06 00 00 00 00 00 00 00 f0 e4 13 a6 20 00 00 00
                                 003356dd2f10 80 2f dd 56 33 00 00 00 8c 89 f5 a3 20 00 00 00
                                 003356dd2f20 00 00 00 00 00 00 00 00 00 00 00 00 00 00 00 00
                                 003356dd2f30 00 00 00 00 00 00 00 00 00 00 00 00 00 00 00 00
                                 003356dd2f40 00 00 00 00 00 00 00 00 00 00 00 00 00 00 00 00
                                 003356dd2f50 00 00 00 00 00 00 00 00 00 00 00 00 00 00 00 00
                                 003356dd2f60 00 00 00 00 00 00 00 00 bc 09 95 c0 3d 00 00 00
                                 003356dd2f70 b8 09 95 c0 3d 00 00 00 10 08 95 c0 3d 00 00 00
                                 003356dd2f80 b0 2f dd 56 33 00 00 00 b8 24 6b a8 20 00 00 00
                                 003356dd2f90 00 00 00 00 00 00 00 00 00 00 00 00 00 00 00 00
                                 003356dd2fa0 00 00 00 00 00 00 00 00 10 08 95 c0 3d 00 00 00
                                 003356dd2fb0 d0 2f dd 56 33 00 00 00 84 69 6b a8 20 00 00 00
                                 003356dd2fc0 00 00 00 00 00 00 00 00 00 00 00 00 00 00 00 00
                                 003356dd2fd0 00 00 00 00 00 00 00 00 00 00 00 00 00 00 00 00
    TLS Address:                 0000006626016600
    TLS Dump:                                 00 01 02 03 04 05 06 07 08 09 0a 0b 0c 0d 0e 0f
                                 006626016600 00 00 00 00 00 00 00 00 00 00 00 00 00 00 00 00
                                 006626016610 00 00 00 00 00 00 00 00 00 00 00 00 00 00 00 00
                                 006626016620 00 00 00 00 00 00 00 00 00 00 00 00 00 00 00 00
                                 006626016630 00 00 00 00 00 00 00 00 00 00 00 00 00 00 00 00
                                 006626016640 00 00 00 00 00 00 00 00 00 00 00 00 00 00 00 00
                                 006626016650 00 00 00 00 00 00 00 00 00 00 00 00 00 00 00 00
                                 006626016660 00 00 00 00 00 00 00 00 00 00 00 00 00 00 00 00
                                 006626016670 00 00 00 00 00 00 00 00 00 00 00 00 00 00 00 00
                                 006626016680 00 00 00 00 00 00 00 00 00 00 00 00 00 00 00 00
                                 006626016690 00 00 00 00 00 00 00 00 00 00 00 00 00 00 00 00
                                 0066260166a0 00 00 00 00 00 00 00 00 00 00 00 00 00 00 00 00
                                 0066260166b0 00 00 00 00 00 00 00 00 00 00 00 00 00 00 00 00
                                 0066260166c0 00 00 00 00 00 00 00 00 00 00 00 00 00 00 00 00
                                 0066260166d0 00 00 00 00 00 00 00 00 00 00 00 00 00 00 00 00
                                 0066260166e0 00 00 00 00 00 00 00 00 00 00 00 00 00 00 00 00
                                 0066260166f0 00 00 00 00 00 00 00 00 00 00 00 00 00 00 00 00
Threads[03]:
    Thread ID:                   0000000000000b89
    Thread Name:                 Thread_0x00000020A836BDAC
    Stack Region:                0000003345ab8000-0000003345ac8000
    Registers:
        X[00]:                   0000003dc0950a40
        X[01]:                   0000003dc0950a48
        X[02]:                   00000000000d01ec
        X[03]:                   00000000009893a6
        X[04]:                   0000000000000000
        X[05]:                   0000000000000000
        X[06]:                   0000000000000000
        X[07]:                   0000000000000000
        X[08]:                   0000000000000000
        X[09]:                   0000000000000000
        X[10]:                   0000000000000000
        X[11]:                   0000000000000000
        X[12]:                   0000000000000000
        X[13]:                   0000000000000000
        X[14]:                   0000000000000000
        X[15]:                   0000000000000000
        X[16]:                   0000000000000000
        X[17]:                   0000000000000000
        X[18]:                   0000000000000000
        X[19]:                   0000000000000000
        X[20]:                   0000000000000000
        X[21]:                   0000000000000000
        X[22]:                   0000000000000000
        X[23]:                   0000000000000000
        X[24]:                   0000000000000000
        X[25]:                   0000000000000000
        X[26]:                   0000000000000000
        X[27]:                   0000000000000000
        X[28]:                   0000000000000000
        FP:                      0000003345ac7eb0
        LR:                      00000020a86b7a54 (nnSdk + 0x339a54) (_ZN2nn2os6detail38InternalConditionVariableImplByHorizon9TimedWaitEPNS1_23InternalCriticalSectionERKNS1_13TimeoutHelperE + 0x64)
        SP:                      0000003345ac7e80
        PC:                      00000020a870792c (nnSdk + 0x38992c)
    Stack Trace:
        ReturnAddress[00]:       00000020a86ae550 (nnSdk + 0x330550) (_ZN2nn2os24TimedReceiveMessageQueueEPmPNS0_16MessageQueueTypeENS_8TimeSpanE + 0x100)
        ReturnAddress[01]:       00000020a836c044 (Skyline + 0xc044)
        ReturnAddress[02]:       00000020a86b6984 (nnSdk + 0x338984)
        ReturnAddress[03]:       0000000000000000
    Stack Dump:                               00 01 02 03 04 05 06 07 08 09 0a 0b 0c 0d 0e 0f
                                 003345ac7e80 00 00 00 00 00 00 00 00 00 00 00 00 00 00 00 00
                                 003345ac7e90 48 0a 95 c0 3d 00 00 00 50 7f ac 45 33 00 00 00
                                 003345ac7ea0 40 0a 95 c0 3d 00 00 00 08 0a 95 c0 3d 00 00 00
                                 003345ac7eb0 f0 7e ac 45 33 00 00 00 50 e5 6a a8 20 00 00 00
                                 003345ac7ec0 30 1c 28 c0 3d 00 00 00 84 c3 2b 32 aa 01 00 00
                                 003345ac7ed0 00 00 00 00 00 00 00 00 fc 0b 95 c0 3d 00 00 00
                                 003345ac7ee0 f8 0b 95 c0 3d 00 00 00 00 0a 95 c0 3d 00 00 00
                                 003345ac7ef0 b0 7f ac 45 33 00 00 00 44 c0 36 a8 20 00 00 00
                                 003345ac7f00 04 bf 36 a8 20 00 00 00 c8 1d 28 c0 3d 00 00 00
                                 003345ac7f10 08 1c 28 c0 3d 00 00 00 80 96 98 00 00 00 00 00
                                 003345ac7f20 50 7f ac 45 33 00 00 00 00 0a 95 c0 3d 00 00 00
                                 003345ac7f30 c4 bd 36 a8 20 00 00 00 50 0a 95 c0 3d 00 00 00
                                 003345ac7f40 00 00 00 00 00 00 00 00 00 0a 95 c0 3d 00 00 00
                                 003345ac7f50 80 0a 72 c0 3d 00 00 00 00 00 2f c0 3d 00 00 00
                                 003345ac7f60 b8 24 6b a8 20 00 00 00 00 00 00 00 00 00 00 00
                                 003345ac7f70 f8 0b 95 c0 3d 00 00 00 00 0a 95 c0 3d 00 00 00
    TLS Address:                 0000006626016800
    TLS Dump:                                 00 01 02 03 04 05 06 07 08 09 0a 0b 0c 0d 0e 0f
                                 006626016800 00 00 00 00 0c 00 00 00 00 00 00 00 00 00 00 00
                                 006626016810 00 00 00 00 00 00 00 00 00 00 00 00 00 00 00 00
                                 006626016820 53 46 43 4f 00 00 00 00 02 02 00 00 e7 59 ea d4
                                 006626016830 00 00 00 00 00 00 00 00 00 00 05 c2 3d 00 00 00
                                 006626016840 00 80 02 00 00 00 00 00 00 40 1e c2 3d 00 00 00
                                 006626016850 00 10 00 00 00 00 00 00 00 a5 00 00 04 00 00 00
                                 006626016860 00 00 00 00 00 00 00 00 00 00 5e 00 00 00 00 00
                                 006626016870 00 00 00 00 00 00 00 00 00 00 00 00 00 00 00 00
                                 006626016880 00 00 00 00 00 00 00 00 00 00 00 00 00 00 00 00
                                 006626016890 00 00 00 00 00 00 00 00 00 00 00 00 00 00 00 00
                                 0066260168a0 00 00 00 00 00 00 00 00 00 00 00 00 00 00 00 00
                                 0066260168b0 00 00 00 00 00 00 00 00 00 00 00 00 00 00 00 00
                                 0066260168c0 00 00 00 00 00 00 00 00 00 00 00 00 00 00 00 00
                                 0066260168d0 00 00 00 00 00 00 00 00 00 00 00 00 00 00 00 00
                                 0066260168e0 00 00 00 00 00 00 00 00 00 00 00 00 00 00 00 00
                                 0066260168f0 00 00 00 00 00 00 00 00 00 00 00 00 00 00 00 00
Threads[04]:
    Thread ID:                   0000000000000b8a
    Thread Name:                 Thread_0x00000020A83665D8
    Stack Region:                0000003358541000-0000003358544000
    Registers:
        X[00]:                   00000000001501dc
        X[01]:                   0000006626016a00
        X[02]:                   00000000001501dc
        X[03]:                   0000003358543e60
        X[04]:                   0000000000001000
        X[05]:                   0000000000000013
        X[06]:                   0000006626016a00
        X[07]:                   0000000000000001
        X[08]:                   0000000000000000
        X[09]:                   0000000000000000
        X[10]:                   0000000000000000
        X[11]:                   0000000000000000
        X[12]:                   0000000000000000
        X[13]:                   0000000000000000
        X[14]:                   0000000000000000
        X[15]:                   0000000000000000
        X[16]:                   0000000000000000
        X[17]:                   0000000000000000
        X[18]:                   0000000000000000
        X[19]:                   0000000000000000
        X[20]:                   0000000000000000
        X[21]:                   0000000000000000
        X[22]:                   0000000000000000
        X[23]:                   0000000000000000
        X[24]:                   0000000000000000
        X[25]:                   0000000000000000
        X[26]:                   0000000000000000
        X[27]:                   0000000000000000
        X[28]:                   0000000000000000
        FP:                      0000003358543dd0
        LR:                      00000020a86e5684 (nnSdk + 0x367684) (_ZN2nn2sf4hipc15SendSyncRequestENS_3svc6HandleEPvm + 0x34)
        SP:                      0000003358543dd0
        PC:                      00000020a8707954 (nnSdk + 0x389954)
    Stack Trace:
        ReturnAddress[00]:       00000020a86f9e80 (nnSdk + 0x37be80) (_ZN2nn2sf4cmif6client34CmifDomainProxyClientCoreProcessorINS0_4hipc6client38Hipc2ClientSessionManagedProxyKindBaseINS5_18Hipc2P + 0x150)
        ReturnAddress[01]:       00000020a86f8304 (nnSdk + 0x37a304)
        ReturnAddress[02]:       00000020a86efa24 (nnSdk + 0x371a24) (_ZN2nn6socket6detail6AcceptEiP8sockaddrPj + 0xa4)
        ReturnAddress[03]:       00000020a83666bc (Skyline + 0x66bc)
        ReturnAddress[04]:       00000020a86b6984 (nnSdk + 0x338984)
        ReturnAddress[05]:       0000000000000000
    Stack Dump:                               00 01 02 03 04 05 06 07 08 09 0a 0b 0c 0d 0e 0f
                                 003358543dd0 e0 3e 54 58 33 00 00 00 80 9e 6f a8 20 00 00 00
                                 003358543de0 00 00 00 00 00 00 00 00 20 3f 54 58 33 00 00 00
                                 003358543df0 1c 3f 54 58 33 00 00 00 01 00 00 00 00 00 00 01
                                 003358543e00 0e 0c 00 00 00 00 00 00 00 00 00 00 00 00 00 00
                                 003358543e10 00 00 00 00 00 00 00 00 00 00 00 00 02 00 00 00
                                 003358543e20 00 00 00 00 05 00 00 00 13 00 00 00 15 00 00 00
                                 003358543e30 00 00 00 00 00 00 00 00 00 00 00 00 00 00 00 00
                                 003358543e40 00 00 00 00 00 00 00 00 00 00 00 00 00 00 00 00
                                 003358543e50 00 00 00 00 00 00 00 00 00 00 00 00 00 00 00 00
                                 003358543e60 22 00 00 00 00 00 00 00 70 3f 54 58 33 00 00 00
                                 003358543e70 00 00 00 00 00 00 00 00 f8 3d 54 58 33 00 00 00
                                 003358543e80 00 6a 01 26 66 00 00 00 00 00 00 00 00 00 00 00
                                 003358543e90 00 00 00 00 00 00 00 00 00 00 00 00 00 00 00 00
                                 003358543ea0 00 00 00 00 00 00 00 00 00 00 00 00 00 00 00 00
                                 003358543eb0 00 00 00 00 00 00 00 00 00 00 00 00 00 00 00 00
                                 003358543ec0 00 00 00 00 00 00 00 00 ac 01 c2 c1 3d 00 00 00
    TLS Address:                 0000006626016a00
    TLS Dump:                                 00 01 02 03 04 05 06 07 08 09 0a 0b 0c 0d 0e 0f
                                 006626016a00 06 00 00 01 0e 0c 00 00 00 00 00 00 00 00 00 00
                                 006626016a10 00 00 00 00 00 00 00 00 00 00 00 00 00 00 00 00
                                 006626016a20 01 00 14 00 01 00 00 00 00 00 00 00 00 00 00 00
                                 006626016a30 53 46 43 49 01 00 00 00 0c 00 00 00 00 00 00 00
                                 006626016a40 00 00 00 00 ff ff 00 00 00 00 00 00 70 3f 54 58
                                 006626016a50 33 00 00 00 00 00 00 00 00 00 00 00 00 00 00 00
                                 006626016a60 00 00 00 00 00 00 00 00 00 00 00 00 00 00 00 00
                                 006626016a70 00 00 00 00 00 00 00 00 00 00 00 00 00 00 00 00
                                 006626016a80 00 00 00 00 00 00 00 00 00 00 00 00 00 00 00 00
                                 006626016a90 00 00 00 00 00 00 00 00 00 00 00 00 00 00 00 00
                                 006626016aa0 00 00 00 00 00 00 00 00 00 00 00 00 00 00 00 00
                                 006626016ab0 00 00 00 00 00 00 00 00 00 00 00 00 00 00 00 00
                                 006626016ac0 00 00 00 00 00 00 00 00 00 00 00 00 00 00 00 00
                                 006626016ad0 00 00 00 00 00 00 00 00 00 00 00 00 00 00 00 00
                                 006626016ae0 00 00 00 00 00 00 00 00 00 00 00 00 00 00 00 00
                                 006626016af0 00 00 00 00 00 00 00 00 00 00 00 00 00 00 00 00
Threads[05]:
    Thread ID:                   0000000000000b8b
    Thread Name:                 Thread_0x00000020A8364E5C
    Stack Region:                000000334f823000-000000334f826000
    Registers:
        X[00]:                   00000000001381df
        X[01]:                   0000006626016c00
        X[02]:                   00000000001381df
        X[03]:                   000000334f825e00
        X[04]:                   0000000000000fe0
        X[05]:                   0000000000000000
        X[06]:                   0000006626016c00
        X[07]:                   000000334f825d08
        X[08]:                   0000000000000000
        X[09]:                   0000000000000000
        X[10]:                   0000000000000000
        X[11]:                   0000000000000000
        X[12]:                   0000000000000000
        X[13]:                   0000000000000000
        X[14]:                   0000000000000000
        X[15]:                   0000000000000000
        X[16]:                   0000000000000000
        X[17]:                   0000000000000000
        X[18]:                   0000000000000000
        X[19]:                   0000000000000000
        X[20]:                   0000000000000000
        X[21]:                   0000000000000000
        X[22]:                   0000000000000000
        X[23]:                   0000000000000000
        X[24]:                   0000000000000000
        X[25]:                   0000000000000000
        X[26]:                   0000000000000000
        X[27]:                   0000000000000000
        X[28]:                   0000000000000000
        FP:                      000000334f825d70
        LR:                      00000020a86e5684 (nnSdk + 0x367684) (_ZN2nn2sf4hipc15SendSyncRequestENS_3svc6HandleEPvm + 0x34)
        SP:                      000000334f825d70
        PC:                      00000020a8707954 (nnSdk + 0x389954)
    Stack Trace:
        ReturnAddress[00]:       00000020a86f9a30 (nnSdk + 0x37ba30) (_ZN2nn2sf4cmif6client34CmifDomainProxyClientCoreProcessorINS0_4hipc6client38Hipc2ClientSessionManagedProxyKindBaseINS5_18Hipc2P + 0x150)
        ReturnAddress[01]:       00000020a86f8278 (nnSdk + 0x37a278)
        ReturnAddress[02]:       00000020a86eec2c (nnSdk + 0x370c2c) (_ZN2nn6socket6detail4SendEiPKvmi + 0xac)
        ReturnAddress[03]:       00000020a8366990 (Skyline + 0x6990)
        ReturnAddress[04]:       00000020a86b6984 (nnSdk + 0x338984)
        ReturnAddress[05]:       0000000000000000
    Stack Dump:                               00 01 02 03 04 05 06 07 08 09 0a 0b 0c 0d 0e 0f
                                 00334f825d70 80 5e 82 4f 33 00 00 00 30 9a 6f a8 20 00 00 00
                                 00334f825d80 75 15 00 00 00 00 00 00 b4 5e 82 4f 33 00 00 00
                                 00334f825d90 b0 5e 82 4f 33 00 00 00 01 00 00 00 00 00 11 00
                                 00334f825da0 0e 00 00 00 00 00 00 00 00 00 00 00 00 00 00 00
                                 00334f825db0 00 00 00 00 02 00 00 00 04 00 00 00 00 00 00 00
                                 00334f825dc0 00 00 00 00 07 00 00 00 00 00 00 00 15 00 00 00
                                 00334f825dd0 00 5e 82 4f 03 00 00 00 a0 02 75 15 3e 00 00 00
                                 00334f825de0 c8 39 28 c0 3d 00 00 00 08 38 28 c0 3d 00 00 00
                                 00334f825df0 40 5e 82 4f 33 00 00 00 0c f6 12 a4 20 00 00 00
                                 00334f825e00 21 00 00 00 01 00 00 00 20 01 16 c8 3d 00 00 00
                                 00334f825e10 1b 00 00 00 00 00 00 00 98 5d 82 4f 33 00 00 00
                                 00334f825e20 00 6c 01 26 66 00 00 00 c8 39 28 c0 3d 00 00 00
                                 00334f825e30 00 00 00 00 00 00 00 00 00 00 00 00 00 00 00 00
                                 00334f825e40 00 00 00 00 00 00 00 00 00 00 00 00 00 00 00 00
                                 00334f825e50 00 00 00 00 00 00 00 00 00 00 00 00 00 00 00 00
                                 00334f825e60 00 00 00 00 00 00 00 00 6c 03 c2 c1 3d 00 00 00
    TLS Address:                 0000006626016c00
    TLS Dump:                                 00 01 02 03 04 05 06 07 08 09 0a 0b 0c 0d 0e 0f
                                 006626016c00 00 00 00 00 0e 08 e0 03 00 00 00 00 00 00 00 00
                                 006626016c10 00 00 00 00 00 00 00 00 00 00 00 00 00 00 00 00
                                 006626016c20 53 46 43 4f 00 00 00 00 00 00 00 00 91 ab e3 ac
                                 006626016c30 ff ff ff ff 6b 00 00 00 00 00 00 00 00 00 00 00
                                 006626016c40 00 00 00 00 00 00 00 00 00 00 00 00 00 00 00 00
                                 006626016c50 00 00 00 00 00 00 00 00 00 00 00 00 00 00 00 00
                                 006626016c60 00 00 00 00 00 00 00 00 00 00 00 00 00 00 00 00
                                 006626016c70 00 00 00 00 00 00 00 00 00 00 00 00 00 00 00 00
                                 006626016c80 00 00 00 00 00 00 00 00 00 00 00 00 00 00 00 00
                                 006626016c90 00 00 00 00 00 00 00 00 00 00 00 00 00 00 00 00
                                 006626016ca0 00 00 00 00 00 00 00 00 00 00 00 00 00 00 00 00
                                 006626016cb0 00 00 00 00 00 00 00 00 00 00 00 00 00 00 00 00
                                 006626016cc0 00 00 00 00 00 00 00 00 00 00 00 00 00 00 00 00
                                 006626016cd0 00 00 00 00 00 00 00 00 00 00 00 00 00 00 00 00
                                 006626016ce0 00 00 00 00 00 00 00 00 00 00 00 00 00 00 00 00
                                 006626016cf0 00 00 00 00 00 00 00 00 00 00 00 00 00 00 00 00
Threads[06]:
    Thread ID:                   0000000000000b8d
    Thread Name:                 TaskWorker1
    Registers:
        X[00]:                   0000003dc70c0148
        X[01]:                   0000000000000002
        X[02]:                   0000000000000001
        X[03]:                   ffffffffffffffff
        X[04]:                   0000000000000000
        X[05]:                   0000000000000000
        X[06]:                   0000000000000000
        X[07]:                   0000000000000000
        X[08]:                   0000000000000000
        X[09]:                   0000000000000000
        X[10]:                   0000000000000000
        X[11]:                   0000000000000000
        X[12]:                   0000000000000000
        X[13]:                   0000000000000000
        X[14]:                   0000000000000000
        X[15]:                   0000000000000000
        X[16]:                   0000000000000000
        X[17]:                   0000000000000000
        X[18]:                   0000000000000000
        X[19]:                   0000000000000000
        X[20]:                   0000000000000000
        X[21]:                   0000000000000000
        X[22]:                   0000000000000000
        X[23]:                   0000000000000000
        X[24]:                   0000000000000000
        X[25]:                   0000000000000000
        X[26]:                   0000000000000000
        X[27]:                   0000000000000000
        X[28]:                   0000000000000000
        FP:                      0000003dc726fed0
        LR:                      00000020a86acc88 (nnSdk + 0x32ec88) (_ZN2nn2os6detail18WaitLightEventImplEPNS0_14LightEventTypeE + 0x88)
        SP:                      0000003dc726fea0
        PC:                      00000020a8707a24 (nnSdk + 0x389a24)
    Stack Trace:
        ReturnAddress[00]:       00000020a3d4e5ac (cross2_Release.nss + 0x354a5ac)
        ReturnAddress[01]:       00000020a3d40f68 (cross2_Release.nss + 0x353cf68)
        ReturnAddress[02]:       00000020a3fd052c (cross2_Release.nss + 0x37cc52c)
        ReturnAddress[03]:       00000020a86b5f28 (nnSdk + 0x337f28) (_ZN2nn2os6detail17CallFiberFunctionEPFPNS0_9FiberTypeEPvES4_ + 0x14)
    TLS Address:                 0000006626016e00
    TLS Dump:                                 00 01 02 03 04 05 06 07 08 09 0a 0b 0c 0d 0e 0f
                                 006626016e00 00 00 01 00 09 08 e0 03 c0 d0 18 00 c8 fc 26 c7
                                 006626016e10 53 46 43 4f 00 00 00 00 00 00 00 00 99 5d e2 a4
                                 006626016e20 00 00 00 00 00 00 00 00 00 00 00 00 00 00 00 00
                                 006626016e30 00 00 00 00 01 00 00 00 01 00 00 00 00 00 00 00
                                 006626016e40 02 00 6e 01 05 01 18 c0 00 00 00 00 00 00 00 00
                                 006626016e50 18 00 00 00 c8 fc 26 c7 3d 00 18 00 00 00 00 00
                                 006626016e60 00 00 00 00 00 00 00 00 00 00 00 00 00 00 00 00
                                 006626016e70 00 00 00 00 00 00 00 00 00 00 00 00 00 00 00 00
                                 006626016e80 00 00 00 00 00 00 00 00 00 00 00 00 00 00 00 00
                                 006626016e90 00 00 00 00 00 00 00 00 00 00 00 00 00 00 00 00
                                 006626016ea0 00 00 00 00 00 00 00 00 00 00 00 00 00 00 00 00
                                 006626016eb0 00 00 00 00 00 00 00 00 00 00 00 00 00 00 00 00
                                 006626016ec0 00 00 00 00 00 00 00 00 00 00 00 00 00 00 00 00
                                 006626016ed0 00 00 00 00 00 00 00 00 00 00 00 00 00 00 00 00
                                 006626016ee0 00 00 00 00 00 00 00 00 00 00 00 00 00 00 00 00
                                 006626016ef0 00 00 00 00 00 00 00 00 00 00 00 00 00 00 00 00
Threads[07]:
    Thread ID:                   0000000000000b8e
    Thread Name:                 TaskWorker2
    Registers:
        X[00]:                   0000003dc7230148
        X[01]:                   0000000000000002
        X[02]:                   0000000000000001
        X[03]:                   ffffffffffffffff
        X[04]:                   0000000544150070
        X[05]:                   0000000000000000
        X[06]:                   0000000000000000
        X[07]:                   000000000000000d
        X[08]:                   0000000000000000
        X[09]:                   0000000000000000
        X[10]:                   0000000000000000
        X[11]:                   0000000000000000
        X[12]:                   0000000000000000
        X[13]:                   0000000000000000
        X[14]:                   0000000000000000
        X[15]:                   0000000000000000
        X[16]:                   0000000000000000
        X[17]:                   0000000000000000
        X[18]:                   0000000000000000
        X[19]:                   0000000000000000
        X[20]:                   0000000000000000
        X[21]:                   0000000000000000
        X[22]:                   0000000000000000
        X[23]:                   0000000000000000
        X[24]:                   0000000000000000
        X[25]:                   0000000000000000
        X[26]:                   0000000000000000
        X[27]:                   0000000000000000
        X[28]:                   0000000000000000
        FP:                      0000003dc73ffed0
        LR:                      00000020a86acc88 (nnSdk + 0x32ec88) (_ZN2nn2os6detail18WaitLightEventImplEPNS0_14LightEventTypeE + 0x88)
        SP:                      0000003dc73ffea0
        PC:                      00000020a8707a24 (nnSdk + 0x389a24)
    Stack Trace:
        ReturnAddress[00]:       00000020a3d4e5ac (cross2_Release.nss + 0x354a5ac)
        ReturnAddress[01]:       00000020a3d40f68 (cross2_Release.nss + 0x353cf68)
        ReturnAddress[02]:       00000020a3fd052c (cross2_Release.nss + 0x37cc52c)
        ReturnAddress[03]:       00000020a86b5f28 (nnSdk + 0x337f28) (_ZN2nn2os6detail17CallFiberFunctionEPFPNS0_9FiberTypeEPvES4_ + 0x14)
    TLS Address:                 000000681155c000
    TLS Dump:                                 00 01 02 03 04 05 06 07 08 09 0a 0b 0c 0d 0e 0f
                                 00681155c000 00 00 00 00 00 00 00 00 00 00 00 00 00 00 00 00
                                 00681155c010 00 00 00 00 00 00 00 00 00 00 00 00 00 00 00 00
                                 00681155c020 00 00 00 00 00 00 00 00 00 00 00 00 00 00 00 00
                                 00681155c030 00 00 00 00 00 00 00 00 00 00 00 00 00 00 00 00
                                 00681155c040 00 00 00 00 00 00 00 00 00 00 00 00 00 00 00 00
                                 00681155c050 00 00 00 00 00 00 00 00 00 00 00 00 00 00 00 00
                                 00681155c060 00 00 00 00 00 00 00 00 00 00 00 00 00 00 00 00
                                 00681155c070 00 00 00 00 00 00 00 00 00 00 00 00 00 00 00 00
                                 00681155c080 00 00 00 00 00 00 00 00 00 00 00 00 00 00 00 00
                                 00681155c090 00 00 00 00 00 00 00 00 00 00 00 00 00 00 00 00
                                 00681155c0a0 00 00 00 00 00 00 00 00 00 00 00 00 00 00 00 00
                                 00681155c0b0 00 00 00 00 00 00 00 00 00 00 00 00 00 00 00 00
                                 00681155c0c0 00 00 00 00 00 00 00 00 00 00 00 00 00 00 00 00
                                 00681155c0d0 00 00 00 00 00 00 00 00 00 00 00 00 00 00 00 00
                                 00681155c0e0 00 00 00 00 00 00 00 00 00 00 00 00 00 00 00 00
                                 00681155c0f0 00 00 00 00 00 00 00 00 00 00 00 00 00 00 00 00
Threads[08]:
    Thread ID:                   0000000000000b8f
    Thread Name:                 TaskWorker0
    Registers:
        X[00]:                   0000003dc0929748
        X[01]:                   0000000000000002
        X[02]:                   0000000000000001
        X[03]:                   ffffffffffffffff
        X[04]:                   0000000000000000
        X[05]:                   0000000000000000
        X[06]:                   0000000000000000
        X[07]:                   0000000000000000
        X[08]:                   0000000000000000
        X[09]:                   0000000000000000
        X[10]:                   0000000000000000
        X[11]:                   0000000000000000
        X[12]:                   0000000000000000
        X[13]:                   0000000000000000
        X[14]:                   0000000000000000
        X[15]:                   0000000000000000
        X[16]:                   0000000000000000
        X[17]:                   0000000000000000
        X[18]:                   0000000000000000
        X[19]:                   0000000000000000
        X[20]:                   0000000000000000
        X[21]:                   0000000000000000
        X[22]:                   0000000000000000
        X[23]:                   0000000000000000
        X[24]:                   0000000000000000
        X[25]:                   0000000000000000
        X[26]:                   0000000000000000
        X[27]:                   0000000000000000
        X[28]:                   0000000000000000
        FP:                      0000003dc70b0710
        LR:                      00000020a86acc88 (nnSdk + 0x32ec88) (_ZN2nn2os6detail18WaitLightEventImplEPNS0_14LightEventTypeE + 0x88)
        SP:                      0000003dc70b06e0
        PC:                      00000020a8707a24 (nnSdk + 0x389a24)
    Stack Trace:
        ReturnAddress[00]:       00000020a3d4e5ac (cross2_Release.nss + 0x354a5ac)
        ReturnAddress[01]:       00000020a3d40f68 (cross2_Release.nss + 0x353cf68)
        ReturnAddress[02]:       00000020a3fd052c (cross2_Release.nss + 0x37cc52c)
        ReturnAddress[03]:       00000020a86b5f28 (nnSdk + 0x337f28) (_ZN2nn2os6detail17CallFiberFunctionEPFPNS0_9FiberTypeEPvES4_ + 0x14)
    TLS Address:                 000000681155c200
    TLS Dump:                                 00 01 02 03 04 05 06 07 08 09 0a 0b 0c 0d 0e 0f
                                 00681155c200 00 00 00 00 14 08 e0 03 00 00 00 00 00 00 00 00
                                 00681155c210 00 00 00 00 00 00 00 00 00 00 00 00 00 00 00 00
                                 00681155c220 53 46 43 4f 00 00 00 00 00 00 00 00 95 c8 f5 88
                                 00681155c230 ea 07 02 17 0d 1f 31 00 01 00 00 00 35 00 00 00
                                 00681155c240 2d 30 35 00 00 00 00 00 00 00 00 00 b0 b9 ff ff
                                 00681155c250 00 00 00 00 00 00 00 00 00 00 00 00 00 00 00 00
                                 00681155c260 00 00 00 00 00 00 00 00 00 00 00 00 00 00 00 00
                                 00681155c270 00 00 00 00 00 00 00 00 00 00 00 00 00 00 00 00
                                 00681155c280 00 00 00 00 00 00 00 00 00 00 00 00 00 00 00 00
                                 00681155c290 00 00 00 00 00 00 00 00 00 00 00 00 00 00 00 00
                                 00681155c2a0 00 00 00 00 00 00 00 00 00 00 00 00 00 00 00 00
                                 00681155c2b0 00 00 00 00 00 00 00 00 00 00 00 00 00 00 00 00
                                 00681155c2c0 00 00 00 00 00 00 00 00 00 00 00 00 00 00 00 00
                                 00681155c2d0 00 00 00 00 00 00 00 00 00 00 00 00 00 00 00 00
                                 00681155c2e0 00 00 00 00 00 00 00 00 00 00 00 00 00 00 00 00
                                 00681155c2f0 00 00 00 00 00 00 00 00 00 00 00 00 00 00 00 00
Threads[09]:
    Thread ID:                   0000000000000b90
    Thread Name:                 TaskWorker1
    Registers:
        X[00]:                   0000003dc70c9748
        X[01]:                   0000000000000002
        X[02]:                   0000000000000001
        X[03]:                   ffffffffffffffff
        X[04]:                   0000000000000000
        X[05]:                   0000000000000000
        X[06]:                   0000000000000001
        X[07]:                   0000000000000000
        X[08]:                   0000000000000000
        X[09]:                   0000000000000000
        X[10]:                   0000000000000000
        X[11]:                   0000000000000000
        X[12]:                   0000000000000000
        X[13]:                   0000000000000000
        X[14]:                   0000000000000000
        X[15]:                   0000000000000000
        X[16]:                   0000000000000000
        X[17]:                   0000000000000000
        X[18]:                   0000000000000000
        X[19]:                   0000000000000000
        X[20]:                   0000000000000000
        X[21]:                   0000000000000000
        X[22]:                   0000000000000000
        X[23]:                   0000000000000000
        X[24]:                   0000000000000000
        X[25]:                   0000000000000000
        X[26]:                   0000000000000000
        X[27]:                   0000000000000000
        X[28]:                   0000000000000000
        FP:                      0000003dc839fd90
        LR:                      00000020a86acc88 (nnSdk + 0x32ec88) (_ZN2nn2os6detail18WaitLightEventImplEPNS0_14LightEventTypeE + 0x88)
        SP:                      0000003dc839fd60
        PC:                      00000020a8707a24 (nnSdk + 0x389a24)
    Stack Trace:
        ReturnAddress[00]:       00000020a3d4e5ac (cross2_Release.nss + 0x354a5ac)
        ReturnAddress[01]:       00000020a3d40f68 (cross2_Release.nss + 0x353cf68)
        ReturnAddress[02]:       00000020a3fd052c (cross2_Release.nss + 0x37cc52c)
        ReturnAddress[03]:       00000020a86b5f28 (nnSdk + 0x337f28) (_ZN2nn2os6detail17CallFiberFunctionEPFPNS0_9FiberTypeEPvES4_ + 0x14)
    TLS Address:                 000000681155c400
    TLS Dump:                                 00 01 02 03 04 05 06 07 08 09 0a 0b 0c 0d 0e 0f
                                 00681155c400 00 00 01 00 09 08 e0 03 c0 d0 28 00 18 ea 39 c8
                                 00681155c410 53 46 43 4f 00 00 00 00 00 00 00 00 99 5d e2 a4
                                 00681155c420 00 00 00 00 00 00 00 00 00 00 00 00 00 00 00 00
                                 00681155c430 00 00 00 00 01 00 00 00 01 00 00 00 00 00 00 00
                                 00681155c440 01 00 6e 01 06 41 28 c0 00 00 00 00 00 00 00 00
                                 00681155c450 28 00 00 00 18 ea 39 c8 3d 00 28 00 00 00 00 00
                                 00681155c460 00 00 00 00 00 00 00 00 00 00 00 00 00 00 00 00
                                 00681155c470 00 00 00 00 00 00 00 00 00 00 00 00 00 00 00 00
                                 00681155c480 00 00 00 00 00 00 00 00 00 00 00 00 00 00 00 00
                                 00681155c490 00 00 00 00 00 00 00 00 00 00 00 00 00 00 00 00
                                 00681155c4a0 00 00 00 00 00 00 00 00 00 00 00 00 00 00 00 00
                                 00681155c4b0 00 00 00 00 00 00 00 00 00 00 00 00 00 00 00 00
                                 00681155c4c0 00 00 00 00 00 00 00 00 00 00 00 00 00 00 00 00
                                 00681155c4d0 00 00 00 00 00 00 00 00 00 00 00 00 00 00 00 00
                                 00681155c4e0 00 00 00 00 00 00 00 00 00 00 00 00 00 00 00 00
                                 00681155c4f0 00 00 00 00 00 00 00 00 00 00 00 00 00 00 00 00
Threads[10]:
    Thread ID:                   0000000000000b91
    Thread Name:                 TaskWorker2
    Registers:
        X[00]:                   0000003dc7239748
        X[01]:                   0000000000000002
        X[02]:                   0000000000000001
        X[03]:                   ffffffffffffffff
        X[04]:                   0000000000000000
        X[05]:                   0000000000000000
        X[06]:                   0000000000000000
        X[07]:                   0000000000000000
        X[08]:                   0000000000000000
        X[09]:                   0000000000000000
        X[10]:                   0000000000000000
        X[11]:                   0000000000000000
        X[12]:                   0000000000000000
        X[13]:                   0000000000000000
        X[14]:                   0000000000000000
        X[15]:                   0000000000000000
        X[16]:                   0000000000000000
        X[17]:                   0000000000000000
        X[18]:                   0000000000000000
        X[19]:                   0000000000000000
        X[20]:                   0000000000000000
        X[21]:                   0000000000000000
        X[22]:                   0000000000000000
        X[23]:                   0000000000000000
        X[24]:                   0000000000000000
        X[25]:                   0000000000000000
        X[26]:                   0000000000000000
        X[27]:                   0000000000000000
        X[28]:                   0000000000000000
        FP:                      0000003dc829f450
        LR:                      00000020a86acc88 (nnSdk + 0x32ec88) (_ZN2nn2os6detail18WaitLightEventImplEPNS0_14LightEventTypeE + 0x88)
        SP:                      0000003dc829f420
        PC:                      00000020a8707a24 (nnSdk + 0x389a24)
    Stack Trace:
        ReturnAddress[00]:       00000020a3d4e5ac (cross2_Release.nss + 0x354a5ac)
        ReturnAddress[01]:       00000020a3d40f68 (cross2_Release.nss + 0x353cf68)
        ReturnAddress[02]:       00000020a3fd052c (cross2_Release.nss + 0x37cc52c)
        ReturnAddress[03]:       00000020a86b5f28 (nnSdk + 0x337f28) (_ZN2nn2os6detail17CallFiberFunctionEPFPNS0_9FiberTypeEPvES4_ + 0x14)
    TLS Address:                 000000681155c600
    TLS Dump:                                 00 01 02 03 04 05 06 07 08 09 0a 0b 0c 0d 0e 0f
                                 00681155c600 00 00 01 00 09 08 e0 03 c0 d0 28 00 38 f1 29 c8
                                 00681155c610 53 46 43 4f 00 00 00 00 00 00 00 00 99 5d e2 a4
                                 00681155c620 00 00 00 00 00 00 00 00 00 00 00 00 00 00 00 00
                                 00681155c630 00 00 00 00 01 00 00 00 01 00 00 00 00 00 00 00
                                 00681155c640 01 00 6e 01 06 41 28 c0 0b 00 00 00 00 00 00 00
                                 00681155c650 28 00 6e 01 38 f1 29 c8 3d 00 28 00 00 00 00 00
                                 00681155c660 00 00 00 00 18 00 00 00 50 e2 29 c8 3d 00 18 00
                                 00681155c670 00 00 00 00 00 00 00 00 00 00 00 00 00 00 00 00
                                 00681155c680 00 00 00 00 00 00 00 00 00 00 00 00 00 00 00 00
                                 00681155c690 00 00 00 00 00 00 00 00 00 00 00 00 00 00 00 00
                                 00681155c6a0 00 00 00 00 00 00 00 00 00 00 00 00 00 00 00 00
                                 00681155c6b0 00 00 00 00 00 00 00 00 00 00 00 00 00 00 00 00
                                 00681155c6c0 00 00 00 00 00 00 00 00 00 00 00 00 00 00 00 00
                                 00681155c6d0 00 00 00 00 00 00 00 00 00 00 00 00 00 00 00 00
                                 00681155c6e0 00 00 00 00 00 00 00 00 00 00 00 00 00 00 00 00
                                 00681155c6f0 00 00 00 00 00 00 00 00 00 00 00 00 00 00 00 00
Threads[11]:
    Thread ID:                   0000000000000b92
    Thread Name:                 ResUpdateThread
    Stack Region:                0000003312056000-0000003312096000
    Registers:
        X[00]:                   0000000000f42400
        X[01]:                   0000003dc02951c8
        X[02]:                   0000003df61a4800
        X[03]:                   0000000000000002
        X[04]:                   0000000000000000
        X[05]:                   0000000000000000
        X[06]:                   0000000000000000
        X[07]:                   0000000000000000
        X[08]:                   0000000000000000
        X[09]:                   0000000000000000
        X[10]:                   0000000000000000
        X[11]:                   0000000000000000
        X[12]:                   0000000000000000
        X[13]:                   0000000000000000
        X[14]:                   0000000000000000
        X[15]:                   0000000000000000
        X[16]:                   0000000000000000
        X[17]:                   0000000000000000
        X[18]:                   0000000000000000
        X[19]:                   0000000000000000
        X[20]:                   0000000000000000
        X[21]:                   0000000000000000
        X[22]:                   0000000000000000
        X[23]:                   0000000000000000
        X[24]:                   0000000000000000
        X[25]:                   0000000000000000
        X[26]:                   0000000000000000
        X[27]:                   0000000000000000
        X[28]:                   0000000000000000
        FP:                      0000003312095f80
        LR:                      00000020a3d47070 (cross2_Release.nss + 0x3543070)
        SP:                      0000003312095f50
        PC:                      00000020a870785c (nnSdk + 0x38985c)
    Stack Trace:
        ReturnAddress[00]:       00000020a86b24b8 (nnSdk + 0x3344b8)
        ReturnAddress[01]:       00000020a86b6984 (nnSdk + 0x338984)
        ReturnAddress[02]:       0000000000000000
    Stack Dump:                               00 01 02 03 04 05 06 07 08 09 0a 0b 0c 0d 0e 0f
                                 003312095f00 00 00 00 00 00 00 00 00 00 00 00 00 00 00 00 00
                                 003312095f10 00 00 00 00 00 00 00 00 04 00 00 00 00 00 00 00
                                 003312095f20 30 5f 09 12 33 00 00 00 04 f1 82 a8 20 00 00 00
                                 003312095f30 40 5f 09 12 33 00 00 00 24 2f 82 a8 20 00 00 00
                                 003312095f40 80 5f 09 12 33 00 00 00 00 70 d4 a3 20 00 00 00
                                 003312095f50 00 00 00 00 00 00 00 00 00 00 00 00 00 00 00 00
                                 003312095f60 00 00 00 00 00 00 00 00 bc 4a 95 c0 3d 00 00 00
                                 003312095f70 b8 4a 95 c0 3d 00 00 00 10 49 95 c0 3d 00 00 00
                                 003312095f80 b0 5f 09 12 33 00 00 00 b8 24 6b a8 20 00 00 00
                                 003312095f90 00 00 00 00 00 00 00 00 00 00 00 00 00 00 00 00
                                 003312095fa0 00 00 00 00 00 00 00 00 10 49 95 c0 3d 00 00 00
                                 003312095fb0 d0 5f 09 12 33 00 00 00 84 69 6b a8 20 00 00 00
                                 003312095fc0 00 00 00 00 00 00 00 00 00 00 00 00 00 00 00 00
                                 003312095fd0 00 00 00 00 00 00 00 00 00 00 00 00 00 00 00 00
                                 003312095fe0 50 24 6b a8 20 00 00 00 00 00 00 00 00 00 00 00
                                 003312095ff0 00 00 00 00 00 00 00 00 00 00 00 00 00 00 00 00
    TLS Address:                 000000681155c800
    TLS Dump:                                 00 01 02 03 04 05 06 07 08 09 0a 0b 0c 0d 0e 0f
                                 00681155c800 00 00 00 00 00 00 00 00 00 00 00 00 00 00 00 00
                                 00681155c810 00 00 00 00 00 00 00 00 00 00 00 00 00 00 00 00
                                 00681155c820 00 00 00 00 00 00 00 00 00 00 00 00 00 00 00 00
                                 00681155c830 00 00 00 00 00 00 00 00 00 00 00 00 00 00 00 00
                                 00681155c840 00 00 00 00 00 00 00 00 00 00 00 00 00 00 00 00
                                 00681155c850 00 00 00 00 00 00 00 00 00 00 00 00 00 00 00 00
                                 00681155c860 00 00 00 00 00 00 00 00 00 00 00 00 00 00 00 00
                                 00681155c870 00 00 00 00 00 00 00 00 00 00 00 00 00 00 00 00
                                 00681155c880 00 00 00 00 00 00 00 00 00 00 00 00 00 00 00 00
                                 00681155c890 00 00 00 00 00 00 00 00 00 00 00 00 00 00 00 00
                                 00681155c8a0 00 00 00 00 00 00 00 00 00 00 00 00 00 00 00 00
                                 00681155c8b0 00 00 00 00 00 00 00 00 00 00 00 00 00 00 00 00
                                 00681155c8c0 00 00 00 00 00 00 00 00 00 00 00 00 00 00 00 00
                                 00681155c8d0 00 00 00 00 00 00 00 00 00 00 00 00 00 00 00 00
                                 00681155c8e0 00 00 00 00 00 00 00 00 00 00 00 00 00 00 00 00
                                 00681155c8f0 00 00 00 00 00 00 00 00 00 00 00 00 00 00 00 00
Threads[12]:
    Thread ID:                   0000000000000b93
    Thread Name:                 ResLoadingThread
    Stack Region:                00000033244d3000-0000003324513000
    Registers:
        X[00]:                   0000003dc06a547c
        X[01]:                   0000003dc06a5480
        X[02]:                   00000000001e81cb
        X[03]:                   ffffffffffffffff
        X[04]:                   0000000000000000
        X[05]:                   0000000000000000
        X[06]:                   0000000000000000
        X[07]:                   0000000000000000
        X[08]:                   0000000000000000
        X[09]:                   0000000000000000
        X[10]:                   0000000000000000
        X[11]:                   0000000000000000
        X[12]:                   0000000000000000
        X[13]:                   0000000000000000
        X[14]:                   0000000000000000
        X[15]:                   0000000000000000
        X[16]:                   0000000000000000
        X[17]:                   0000000000000000
        X[18]:                   0000000000000000
        X[19]:                   0000000000000000
        X[20]:                   0000000000000000
        X[21]:                   0000000000000000
        X[22]:                   0000000000000000
        X[23]:                   0000000000000000
        X[24]:                   0000000000000000
        X[25]:                   0000000000000000
        X[26]:                   0000000000000000
        X[27]:                   0000000000000000
        X[28]:                   0000000000000000
        FP:                      0000003324512db0
        LR:                      00000020a86b7998 (nnSdk + 0x339998) (_ZN2nn2os6detail38InternalConditionVariableImplByHorizon4WaitEPNS1_23InternalCriticalSectionE + 0x48)
        SP:                      0000003324512d90
        PC:                      00000020a870792c (nnSdk + 0x38992c)
    Stack Trace:
        ReturnAddress[00]:       00000020a86ac898 (nnSdk + 0x32e898) (_ZN2nn2os9WaitEventEPNS0_9EventTypeE + 0x48)
        ReturnAddress[01]:       00000020a3d4714c (cross2_Release.nss + 0x354314c)
        ReturnAddress[02]:       00000020a86b24b8 (nnSdk + 0x3344b8)
        ReturnAddress[03]:       00000020a86b6984 (nnSdk + 0x338984)
        ReturnAddress[04]:       0000000000000000
    Stack Dump:                               00 01 02 03 04 05 06 07 08 09 0a 0b 0c 0d 0e 0f
                                 003324512d90 80 54 6a c0 3d 00 00 00 c8 fd 28 c0 3d 00 00 00
                                 003324512da0 60 54 6a c0 3d 00 00 00 7c 54 6a c0 3d 00 00 00
                                 003324512db0 e0 2d 51 24 33 00 00 00 98 c8 6a a8 20 00 00 00
                                 003324512dc0 a8 2e 51 24 33 00 00 00 c0 3a 27 c0 3d 00 00 00
                                 003324512dd0 90 2e 51 24 33 00 00 00 80 43 95 c0 3d 00 00 00
                                 003324512de0 80 2f 51 24 33 00 00 00 4c 71 d4 a3 20 00 00 00
                                 003324512df0 00 00 00 00 00 00 00 00 fd 71 fc e0 3d 00 00 00
                                 003324512e00 40 44 95 c0 3d 00 00 00 28 44 95 c0 3d 00 00 00
                                 003324512e10 10 44 95 c0 3d 00 00 00 f8 43 95 c0 3d 00 00 00
                                 003324512e20 e0 43 95 c0 3d 00 00 00 e8 2e 51 24 33 00 00 00
                                 003324512e30 d0 2e 51 24 33 00 00 00 b8 2e 51 24 33 00 00 00
                                 003324512e40 a0 2e 51 24 33 00 00 00 f0 2e 51 24 33 00 00 00
                                 003324512e50 d8 2e 51 24 33 00 00 00 c0 2e 51 24 33 00 00 00
                                 003324512e60 a8 2e 51 24 33 00 00 00 90 2e 51 24 33 00 00 00
                                 003324512e70 04 00 00 00 00 00 00 00 e8 2e 51 24 33 00 00 00
                                 003324512e80 f0 2e 51 24 33 00 00 00 00 00 00 00 00 00 00 00
    TLS Address:                 000000681155ca00
    TLS Dump:                                 00 01 02 03 04 05 06 07 08 09 0a 0b 0c 0d 0e 0f
                                 00681155ca00 00 00 00 00 0c 00 00 00 00 00 00 00 00 00 00 00
                                 00681155ca10 00 00 00 00 00 00 00 00 00 00 00 00 00 00 00 00
                                 00681155ca20 53 46 43 4f 00 00 00 00 00 00 00 00 eb ca d2 c4
                                 00681155ca30 00 00 00 00 00 00 00 00 00 00 00 00 00 00 00 00
                                 00681155ca40 d8 2c 7e 4e 02 00 00 00 b0 1e 00 00 00 00 00 00
                                 00681155ca50 00 00 00 00 00 00 00 00 00 00 00 00 00 00 00 00
                                 00681155ca60 00 00 00 00 00 00 00 00 00 00 00 00 00 00 00 00
                                 00681155ca70 00 00 00 00 00 00 00 00 00 00 00 00 00 00 00 00
                                 00681155ca80 00 00 00 00 00 00 00 00 00 00 00 00 00 00 00 00
                                 00681155ca90 00 00 00 00 00 00 00 00 00 00 00 00 00 00 00 00
                                 00681155caa0 00 00 00 00 00 00 00 00 00 00 00 00 00 00 00 00
                                 00681155cab0 00 00 00 00 00 00 00 00 00 00 00 00 00 00 00 00
                                 00681155cac0 00 00 00 00 00 00 00 00 00 00 00 00 00 00 00 00
                                 00681155cad0 00 00 00 00 00 00 00 00 00 00 00 00 00 00 00 00
                                 00681155cae0 00 00 00 00 00 00 00 00 00 00 00 00 00 00 00 00
                                 00681155caf0 00 00 00 00 00 00 00 00 00 00 00 00 00 00 00 00
Threads[13]:
    Thread ID:                   0000000000000b94
    Thread Name:                 ResInflateThread
    Stack Region:                00000032ff798000-00000032ff7d8000
    Registers:
        X[00]:                   0000003dc06a54dc
        X[01]:                   0000003dc06a54e0
        X[02]:                   00000000001f01ca
        X[03]:                   ffffffffffffffff
        X[04]:                   0000000000000000
        X[05]:                   0000000000000000
        X[06]:                   0000000000000000
        X[07]:                   0000000000000000
        X[08]:                   0000000000000000
        X[09]:                   0000000000000000
        X[10]:                   0000000000000000
        X[11]:                   0000000000000000
        X[12]:                   0000000000000000
        X[13]:                   0000000000000000
        X[14]:                   0000000000000000
        X[15]:                   0000000000000000
        X[16]:                   0000000000000000
        X[17]:                   0000000000000000
        X[18]:                   0000000000000000
        X[19]:                   0000000000000000
        X[20]:                   0000000000000000
        X[21]:                   0000000000000000
        X[22]:                   0000000000000000
        X[23]:                   0000000000000000
        X[24]:                   0000000000000000
        X[25]:                   0000000000000000
        X[26]:                   0000000000000000
        X[27]:                   0000000000000000
        X[28]:                   0000000000000000
        FP:                      00000032ff7d7e80
        LR:                      00000020a86b7998 (nnSdk + 0x339998) (_ZN2nn2os6detail38InternalConditionVariableImplByHorizon4WaitEPNS1_23InternalCriticalSectionE + 0x48)
        SP:                      00000032ff7d7e60
        PC:                      00000020a870792c (nnSdk + 0x38992c)
    Stack Trace:
        ReturnAddress[00]:       00000020a86ac898 (nnSdk + 0x32e898) (_ZN2nn2os9WaitEventEPNS0_9EventTypeE + 0x48)
        ReturnAddress[01]:       00000020a3d48504 (cross2_Release.nss + 0x3544504)
        ReturnAddress[02]:       00000020a86b24b8 (nnSdk + 0x3344b8)
        ReturnAddress[03]:       00000020a86b6984 (nnSdk + 0x338984)
        ReturnAddress[04]:       0000000000000000
    Stack Dump:                               00 01 02 03 04 05 06 07 08 09 0a 0b 0c 0d 0e 0f
                                 0032ff7d7e60 e0 54 6a c0 3d 00 00 00 e0 3a 27 c0 3d 00 00 00
                                 0032ff7d7e70 c0 54 6a c0 3d 00 00 00 dc 54 6a c0 3d 00 00 00
                                 0032ff7d7e80 b0 7e 7d ff 32 00 00 00 98 c8 6a a8 20 00 00 00
                                 0032ff7d7e90 40 e3 a4 e0 3d 00 00 00 e0 3a 27 c0 3d 00 00 00
                                 0032ff7d7ea0 7d 32 00 00 00 00 00 00 80 43 95 c0 3d 00 00 00
                                 0032ff7d7eb0 80 7f 7d ff 32 00 00 00 04 85 d4 a3 20 00 00 00
                                 0032ff7d7ec0 00 00 00 00 3c d0 06 00 01 00 00 00 00 00 00 00
                                 0032ff7d7ed0 00 70 1b 4d 3e 00 00 00 00 00 00 00 00 00 00 00
                                 0032ff7d7ee0 00 00 00 00 00 00 00 00 b0 40 00 00 00 00 00 00
                                 0032ff7d7ef0 a5 1e 00 00 00 00 00 00 b0 00 2c 00 00 00 00 00
                                 0032ff7d7f00 00 70 1b 4d 3e 00 00 00 b0 40 00 00 00 00 00 00
                                 0032ff7d7f10 b0 40 00 00 00 00 00 00 40 4f c6 c7 3d 00 00 00
                                 0032ff7d7f20 a5 1e 00 00 00 00 00 00 a5 1e 00 00 00 00 00 00
                                 0032ff7d7f30 00 00 00 00 00 00 00 00 00 00 00 00 00 00 00 00
                                 0032ff7d7f40 00 00 00 00 00 00 00 00 00 00 00 00 00 00 00 00
                                 0032ff7d7f50 00 00 00 00 00 00 00 00 00 00 00 00 00 00 00 00
    TLS Address:                 000000681155cc00
    TLS Dump:                                 00 01 02 03 04 05 06 07 08 09 0a 0b 0c 0d 0e 0f
                                 00681155cc00 00 00 00 00 00 00 00 00 00 00 00 00 00 00 00 00
                                 00681155cc10 00 00 00 00 00 00 00 00 00 00 00 00 00 00 00 00
                                 00681155cc20 00 00 00 00 00 00 00 00 00 00 00 00 00 00 00 00
                                 00681155cc30 00 00 00 00 00 00 00 00 00 00 00 00 00 00 00 00
                                 00681155cc40 00 00 00 00 00 00 00 00 00 00 00 00 00 00 00 00
                                 00681155cc50 00 00 00 00 00 00 00 00 00 00 00 00 00 00 00 00
                                 00681155cc60 00 00 00 00 00 00 00 00 00 00 00 00 00 00 00 00
                                 00681155cc70 00 00 00 00 00 00 00 00 00 00 00 00 00 00 00 00
                                 00681155cc80 00 00 00 00 00 00 00 00 00 00 00 00 00 00 00 00
                                 00681155cc90 00 00 00 00 00 00 00 00 00 00 00 00 00 00 00 00
                                 00681155cca0 00 00 00 00 00 00 00 00 00 00 00 00 00 00 00 00
                                 00681155ccb0 00 00 00 00 00 00 00 00 00 00 00 00 00 00 00 00
                                 00681155ccc0 00 00 00 00 00 00 00 00 00 00 00 00 00 00 00 00
                                 00681155ccd0 00 00 00 00 00 00 00 00 00 00 00 00 00 00 00 00
                                 00681155cce0 00 00 00 00 00 00 00 00 00 00 00 00 00 00 00 00
                                 00681155ccf0 00 00 00 00 00 00 00 00 00 00 00 00 00 00 00 00
Threads[14]:
    Thread ID:                   0000000000000b9b
    Thread Name:                 render dispatch
    Stack Region:                000000332f25d000-000000332f29d000
    Registers:
        X[00]:                   0000003dc64ca058
        X[01]:                   0000003dc64ca064
        X[02]:                   00000000002901b8
        X[03]:                   ffffffffffffffff
        X[04]:                   0000000000000000
        X[05]:                   0000000000000000
        X[06]:                   0000000000000400
        X[07]:                   000000332f29cd10
        X[08]:                   0000000000000000
        X[09]:                   0000000000000000
        X[10]:                   0000000000000000
        X[11]:                   0000000000000000
        X[12]:                   0000000000000000
        X[13]:                   0000000000000000
        X[14]:                   0000000000000000
        X[15]:                   0000000000000000
        X[16]:                   0000000000000000
        X[17]:                   0000000000000000
        X[18]:                   0000000000000000
        X[19]:                   0000000000000000
        X[20]:                   0000000000000000
        X[21]:                   0000000000000000
        X[22]:                   0000000000000000
        X[23]:                   0000000000000000
        X[24]:                   0000000000000000
        X[25]:                   0000000000000000
        X[26]:                   0000000000000000
        X[27]:                   0000000000000000
        X[28]:                   0000000000000000
        FP:                      000000332f29ce70
        LR:                      00000020a86b7998 (nnSdk + 0x339998) (_ZN2nn2os6detail38InternalConditionVariableImplByHorizon4WaitEPNS1_23InternalCriticalSectionE + 0x48)
        SP:                      000000332f29ce50
        PC:                      00000020a870792c (nnSdk + 0x38992c)
    Stack Trace:
        ReturnAddress[00]:       00000020a86ac464 (nnSdk + 0x32e464) (_ZN2nn2os21WaitConditionVariableEPNS0_21ConditionVariableTypeEPNS0_9MutexTypeE + 0x44)
        ReturnAddress[01]:       00000020a882f184 (nnSdk + 0x4b1184) (_ZNSt3__121__libcpp_condvar_waitEPNSt13__libcxx_shim19__libcxx_shim_ver_132__libcxx_shim_condition_variableEPNS1_19__libcxx_shi + 0xc)
        ReturnAddress[02]:       00000020a87de618 (nnSdk + 0x460618) (_ZNSt3__118condition_variable4waitERNS_11unique_lockINS_5mutexEEE + 0x18)
        ReturnAddress[03]:       00000020a401a1f0 (cross2_Release.nss + 0x38161f0)
        ReturnAddress[04]:       00000020a3da7e68 (cross2_Release.nss + 0x35a3e68)
        ReturnAddress[05]:       00000020a86b24b8 (nnSdk + 0x3344b8)
        ReturnAddress[06]:       00000020a86b6984 (nnSdk + 0x338984)
        ReturnAddress[07]:       0000000000000000
    Stack Dump:                               00 01 02 03 04 05 06 07 08 09 0a 0b 0c 0d 0e 0f
                                 00332f29ce50 60 a0 4c c6 3d 00 00 00 04 00 00 00 01 00 00 00
                                 00332f29ce60 80 9c a5 0a 3e 00 00 00 40 a0 4c c6 3d 00 00 00
                                 00332f29ce70 90 ce 29 2f 33 00 00 00 64 c4 6a a8 20 00 00 00
                                 00332f29ce80 00 a0 4c c6 3d 00 00 00 00 a0 4c c6 3d 00 00 00
                                 00332f29ce90 a0 ce 29 2f 33 00 00 00 84 f1 82 a8 20 00 00 00
                                 00332f29cea0 b0 ce 29 2f 33 00 00 00 18 e6 7d a8 20 00 00 00
                                 00332f29ceb0 60 cf 29 2f 33 00 00 00 f0 a1 01 a4 20 00 00 00
                                 00332f29cec0 65 52 f1 31 aa 01 00 00 40 a0 4c c6 3d 00 00 00
                                 00332f29ced0 01 ab 29 c7 3d 00 00 00 50 2a 7b 0c 3e 00 00 00
                                 00332f29cee0 00 00 00 00 00 00 00 00 01 00 00 00 00 00 00 00
                                 00332f29cef0 b0 47 a3 a5 20 00 00 00 98 9c a5 0a 3e 00 00 00
                                 00332f29cf00 08 57 7b 0c 3e 00 00 00 00 00 00 00 00 00 00 00
                                 00332f29cf10 00 00 00 00 00 00 00 00 00 00 00 00 00 00 00 00
                                 00332f29cf20 00 00 00 00 00 00 00 00 00 00 00 00 00 00 00 00
                                 00332f29cf30 00 00 00 00 00 00 00 00 00 00 00 00 00 00 00 00
                                 00332f29cf40 00 00 00 00 00 00 00 00 bc 96 0b 0c 3e 00 00 00
    TLS Address:                 0000005f06617000
    TLS Dump:                                 00 01 02 03 04 05 06 07 08 09 0a 0b 0c 0d 0e 0f
                                 005f06617000 00 00 01 00 09 08 e0 03 c0 30 28 00 a8 ca 29 2f
                                 005f06617010 53 46 43 4f 00 00 00 00 00 00 00 00 99 5d e2 a4
                                 005f06617020 00 00 00 00 00 00 00 00 00 00 00 00 00 00 00 00
                                 005f06617030 00 00 00 00 01 00 00 00 01 00 00 00 00 00 00 00
                                 005f06617040 01 00 6e 01 06 41 28 c0 00 00 00 00 00 00 00 00
                                 005f06617050 28 00 00 00 a8 ca 29 2f 33 00 28 00 00 00 00 00
                                 005f06617060 00 00 00 00 00 00 00 00 00 00 00 00 00 00 00 00
                                 005f06617070 00 00 00 00 00 00 00 00 00 00 00 00 00 00 00 00
                                 005f06617080 00 00 00 00 00 00 00 00 00 00 00 00 00 00 00 00
                                 005f06617090 00 00 00 00 00 00 00 00 00 00 00 00 00 00 00 00
                                 005f066170a0 00 00 00 00 00 00 00 00 00 00 00 00 00 00 00 00
                                 005f066170b0 00 00 00 00 00 00 00 00 00 00 00 00 00 00 00 00
                                 005f066170c0 00 00 00 00 00 00 00 00 00 00 00 00 00 00 00 00
                                 005f066170d0 00 00 00 00 00 00 00 00 00 00 00 00 00 00 00 00
                                 005f066170e0 00 00 00 00 00 00 00 00 00 00 00 00 00 00 00 00
                                 005f066170f0 00 00 00 00 00 00 00 00 00 00 00 00 00 00 00 00
Threads[15]:
    Thread ID:                   0000000000000b9c
    Thread Name:                 render dispatch
    Stack Region:                0000003321150000-0000003321190000
    Registers:
        X[00]:                   0000003dc64ca058
        X[01]:                   0000003dc64ca064
        X[02]:                   00000000002981b7
        X[03]:                   ffffffffffffffff
        X[04]:                   0000000000000000
        X[05]:                   0000000000000000
        X[06]:                   0000000000000000
        X[07]:                   0000000000000000
        X[08]:                   0000000000000000
        X[09]:                   0000000000000000
        X[10]:                   0000000000000000
        X[11]:                   0000000000000000
        X[12]:                   0000000000000000
        X[13]:                   0000000000000000
        X[14]:                   0000000000000000
        X[15]:                   0000000000000000
        X[16]:                   0000000000000000
        X[17]:                   0000000000000000
        X[18]:                   0000000000000000
        X[19]:                   0000000000000000
        X[20]:                   0000000000000000
        X[21]:                   0000000000000000
        X[22]:                   0000000000000000
        X[23]:                   0000000000000000
        X[24]:                   0000000000000000
        X[25]:                   0000000000000000
        X[26]:                   0000000000000000
        X[27]:                   0000000000000000
        X[28]:                   0000000000000000
        FP:                      000000332118fe70
        LR:                      00000020a86b7998 (nnSdk + 0x339998) (_ZN2nn2os6detail38InternalConditionVariableImplByHorizon4WaitEPNS1_23InternalCriticalSectionE + 0x48)
        SP:                      000000332118fe50
        PC:                      00000020a870792c (nnSdk + 0x38992c)
    Stack Trace:
        ReturnAddress[00]:       00000020a86ac464 (nnSdk + 0x32e464) (_ZN2nn2os21WaitConditionVariableEPNS0_21ConditionVariableTypeEPNS0_9MutexTypeE + 0x44)
        ReturnAddress[01]:       00000020a882f184 (nnSdk + 0x4b1184) (_ZNSt3__121__libcpp_condvar_waitEPNSt13__libcxx_shim19__libcxx_shim_ver_132__libcxx_shim_condition_variableEPNS1_19__libcxx_shi + 0xc)
        ReturnAddress[02]:       00000020a87de618 (nnSdk + 0x460618) (_ZNSt3__118condition_variable4waitERNS_11unique_lockINS_5mutexEEE + 0x18)
        ReturnAddress[03]:       00000020a401a1f0 (cross2_Release.nss + 0x38161f0)
        ReturnAddress[04]:       00000020a3da7e68 (cross2_Release.nss + 0x35a3e68)
        ReturnAddress[05]:       00000020a86b24b8 (nnSdk + 0x3344b8)
        ReturnAddress[06]:       00000020a86b6984 (nnSdk + 0x338984)
        ReturnAddress[07]:       0000000000000000
    Stack Dump:                               00 01 02 03 04 05 06 07 08 09 0a 0b 0c 0d 0e 0f
                                 00332118fe50 60 a0 4c c6 3d 00 00 00 00 00 00 00 01 00 00 00
                                 00332118fe60 80 9f a5 0a 3e 00 00 00 40 a0 4c c6 3d 00 00 00
                                 00332118fe70 90 fe 18 21 33 00 00 00 64 c4 6a a8 20 00 00 00
                                 00332118fe80 00 a0 4c c6 3d 00 00 00 00 a0 4c c6 3d 00 00 00
                                 00332118fe90 a0 fe 18 21 33 00 00 00 84 f1 82 a8 20 00 00 00
                                 00332118fea0 b0 fe 18 21 33 00 00 00 18 e6 7d a8 20 00 00 00
                                 00332118feb0 60 ff 18 21 33 00 00 00 f0 a1 01 a4 20 00 00 00
                                 00332118fec0 85 52 f1 31 aa 01 00 00 40 a0 4c c6 3d 00 00 00
                                 00332118fed0 01 05 29 c7 3d 00 00 00 38 ba a5 2c 3e 00 00 00
                                 00332118fee0 01 00 00 00 00 00 00 00 01 00 00 00 00 00 00 00
                                 00332118fef0 b0 47 a3 a5 20 00 00 00 98 9f a5 0a 3e 00 00 00
                                 00332118ff00 d8 56 7b 0c 3e 00 00 00 00 00 00 00 00 00 00 00
                                 00332118ff10 00 00 00 00 00 00 00 00 00 00 00 00 00 00 00 00
                                 00332118ff20 00 00 00 00 00 00 00 00 00 00 00 00 00 00 00 00
                                 00332118ff30 00 00 00 00 00 00 00 00 00 00 00 00 00 00 00 00
                                 00332118ff40 00 00 00 00 00 00 00 00 3c 99 0b 0c 3e 00 00 00
    TLS Address:                 0000005f06617200
    TLS Dump:                                 00 01 02 03 04 05 06 07 08 09 0a 0b 0c 0d 0e 0f
                                 005f06617200 00 00 01 00 09 08 e0 03 c0 30 28 00 98 f9 18 21
                                 005f06617210 53 46 43 4f 00 00 00 00 00 00 00 00 99 5d e2 a4
                                 005f06617220 00 00 00 00 00 00 00 00 00 00 00 00 00 00 00 00
                                 005f06617230 00 00 00 00 01 00 00 00 01 00 00 00 00 00 00 00
                                 005f06617240 01 00 6e 01 06 41 28 c0 00 00 00 00 00 00 00 00
                                 005f06617250 28 00 00 00 98 f9 18 21 33 00 28 00 00 00 00 00
                                 005f06617260 00 00 00 00 00 00 00 00 00 00 00 00 00 00 00 00
                                 005f06617270 00 00 00 00 00 00 00 00 00 00 00 00 00 00 00 00
                                 005f06617280 00 00 00 00 00 00 00 00 00 00 00 00 00 00 00 00
                                 005f06617290 00 00 00 00 00 00 00 00 00 00 00 00 00 00 00 00
                                 005f066172a0 00 00 00 00 00 00 00 00 00 00 00 00 00 00 00 00
                                 005f066172b0 00 00 00 00 00 00 00 00 00 00 00 00 00 00 00 00
                                 005f066172c0 00 00 00 00 00 00 00 00 00 00 00 00 00 00 00 00
                                 005f066172d0 00 00 00 00 00 00 00 00 00 00 00 00 00 00 00 00
                                 005f066172e0 00 00 00 00 00 00 00 00 00 00 00 00 00 00 00 00
                                 005f066172f0 00 00 00 00 00 00 00 00 00 00 00 00 00 00 00 00
Threads[16]:
    Thread ID:                   0000000000000b9d
    Thread Name:                 nu::GraphicsDevice::Update
    Stack Region:                000000333a2ad000-000000333a2bd000
    Registers:
        X[00]:                   0000003df4d763f8
        X[01]:                   0000003df4d76404
        X[02]:                   00000000002a01b6
        X[03]:                   ffffffffffffffff
        X[04]:                   0000000000000000
        X[05]:                   0000000000000000
        X[06]:                   0000000000000000
        X[07]:                   0000000000000000
        X[08]:                   0000000000000000
        X[09]:                   0000000000000000
        X[10]:                   0000000000000000
        X[11]:                   0000000000000000
        X[12]:                   0000000000000000
        X[13]:                   0000000000000000
        X[14]:                   0000000000000000
        X[15]:                   0000000000000000
        X[16]:                   0000000000000000
        X[17]:                   0000000000000000
        X[18]:                   0000000000000000
        X[19]:                   0000000000000000
        X[20]:                   0000000000000000
        X[21]:                   0000000000000000
        X[22]:                   0000000000000000
        X[23]:                   0000000000000000
        X[24]:                   0000000000000000
        X[25]:                   0000000000000000
        X[26]:                   0000000000000000
        X[27]:                   0000000000000000
        X[28]:                   0000000000000000
        FP:                      000000333a2bcf00
        LR:                      00000020a86b7998 (nnSdk + 0x339998) (_ZN2nn2os6detail38InternalConditionVariableImplByHorizon4WaitEPNS1_23InternalCriticalSectionE + 0x48)
        SP:                      000000333a2bcee0
        PC:                      00000020a870792c (nnSdk + 0x38992c)
    Stack Trace:
        ReturnAddress[00]:       00000020a86ac464 (nnSdk + 0x32e464) (_ZN2nn2os21WaitConditionVariableEPNS0_21ConditionVariableTypeEPNS0_9MutexTypeE + 0x44)
        ReturnAddress[01]:       00000020a882f184 (nnSdk + 0x4b1184) (_ZNSt3__121__libcpp_condvar_waitEPNSt13__libcxx_shim19__libcxx_shim_ver_132__libcxx_shim_condition_variableEPNS1_19__libcxx_shi + 0xc)
        ReturnAddress[02]:       00000020a87de618 (nnSdk + 0x460618) (_ZNSt3__118condition_variable4waitERNS_11unique_lockINS_5mutexEEE + 0x18)
        ReturnAddress[03]:       00000020a3da2b98 (cross2_Release.nss + 0x359eb98)
        ReturnAddress[04]:       00000020a86b24b8 (nnSdk + 0x3344b8)
        ReturnAddress[05]:       00000020a86b6984 (nnSdk + 0x338984)
        ReturnAddress[06]:       0000000000000000
    Stack Dump:                               00 01 02 03 04 05 06 07 08 09 0a 0b 0c 0d 0e 0f
                                 00333a2bcee0 00 64 d7 f4 3d 00 00 00 00 00 00 00 00 00 00 00
                                 00333a2bcef0 e0 63 d7 f4 3d 00 00 00 e0 63 d7 f4 3d 00 00 00
                                 00333a2bcf00 20 cf 2b 3a 33 00 00 00 64 c4 6a a8 20 00 00 00
                                 00333a2bcf10 80 61 d7 f4 3d 00 00 00 80 61 d7 f4 3d 00 00 00
                                 00333a2bcf20 30 cf 2b 3a 33 00 00 00 84 f1 82 a8 20 00 00 00
                                 00333a2bcf30 40 cf 2b 3a 33 00 00 00 18 e6 7d a8 20 00 00 00
                                 00333a2bcf40 80 cf 2b 3a 33 00 00 00 98 2b da a3 20 00 00 00
                                 00333a2bcf50 e0 63 d7 f4 3d 00 00 00 01 00 00 00 00 00 00 00
                                 00333a2bcf60 00 00 00 00 00 00 00 00 bc 63 d7 f4 3d 00 00 00
                                 00333a2bcf70 b8 63 d7 f4 3d 00 00 00 10 62 d7 f4 3d 00 00 00
                                 00333a2bcf80 b0 cf 2b 3a 33 00 00 00 b8 24 6b a8 20 00 00 00
                                 00333a2bcf90 00 00 00 00 00 00 00 00 00 00 00 00 00 00 00 00
                                 00333a2bcfa0 00 00 00 00 00 00 00 00 10 62 d7 f4 3d 00 00 00
                                 00333a2bcfb0 d0 cf 2b 3a 33 00 00 00 84 69 6b a8 20 00 00 00
                                 00333a2bcfc0 00 00 00 00 00 00 00 00 00 00 00 00 00 00 00 00
                                 00333a2bcfd0 00 00 00 00 00 00 00 00 00 00 00 00 00 00 00 00
    TLS Address:                 0000005f06617400
    TLS Dump:                                 00 01 02 03 04 05 06 07 08 09 0a 0b 0c 0d 0e 0f
                                 005f06617400 00 00 01 00 09 08 e0 03 c0 30 18 00 c8 cd 2b 3a
                                 005f06617410 53 46 43 4f 00 00 00 00 00 00 00 00 99 5d e2 a4
                                 005f06617420 00 00 00 00 00 00 00 00 00 00 00 00 00 00 00 00
                                 005f06617430 00 00 00 00 01 00 00 00 01 00 00 00 00 00 00 00
                                 005f06617440 02 00 6e 01 05 01 18 c0 00 00 00 00 00 00 00 00
                                 005f06617450 18 00 00 00 c8 cd 2b 3a 33 00 18 00 00 00 00 00
                                 005f06617460 00 00 00 00 00 00 00 00 00 00 00 00 00 00 00 00
                                 005f06617470 00 00 00 00 00 00 00 00 00 00 00 00 00 00 00 00
                                 005f06617480 00 00 00 00 00 00 00 00 00 00 00 00 00 00 00 00
                                 005f06617490 00 00 00 00 00 00 00 00 00 00 00 00 00 00 00 00
                                 005f066174a0 00 00 00 00 00 00 00 00 00 00 00 00 00 00 00 00
                                 005f066174b0 00 00 00 00 00 00 00 00 00 00 00 00 00 00 00 00
                                 005f066174c0 00 00 00 00 00 00 00 00 00 00 00 00 00 00 00 00
                                 005f066174d0 00 00 00 00 00 00 00 00 00 00 00 00 00 00 00 00
                                 005f066174e0 00 00 00 00 00 00 00 00 00 00 00 00 00 00 00 00
                                 005f066174f0 00 00 00 00 00 00 00 00 00 00 00 00 00 00 00 00
Threads[17]:
    Thread ID:                   0000000000000b9e
    Thread Name:                 BCATCacheStorage
    Stack Region:                000000336e38f000-000000336e3cf000
    Registers:
        X[00]:                   0000003e0c97268c
        X[01]:                   0000003e0c972690
        X[02]:                   00000000002e01ae
        X[03]:                   ffffffffffffffff
        X[04]:                   0000000000000000
        X[05]:                   0000000000000000
        X[06]:                   0000000000000000
        X[07]:                   0000000000000000
        X[08]:                   0000000000000000
        X[09]:                   0000000000000000
        X[10]:                   0000000000000000
        X[11]:                   0000000000000000
        X[12]:                   0000000000000000
        X[13]:                   0000000000000000
        X[14]:                   0000000000000000
        X[15]:                   0000000000000000
        X[16]:                   0000000000000000
        X[17]:                   0000000000000000
        X[18]:                   0000000000000000
        X[19]:                   0000000000000000
        X[20]:                   0000000000000000
        X[21]:                   0000000000000000
        X[22]:                   0000000000000000
        X[23]:                   0000000000000000
        X[24]:                   0000000000000000
        X[25]:                   0000000000000000
        X[26]:                   0000000000000000
        X[27]:                   0000000000000000
        X[28]:                   0000000000000000
        FP:                      000000336e3ceeb0
        LR:                      00000020a86b7998 (nnSdk + 0x339998) (_ZN2nn2os6detail38InternalConditionVariableImplByHorizon4WaitEPNS1_23InternalCriticalSectionE + 0x48)
        SP:                      000000336e3cee90
        PC:                      00000020a870792c (nnSdk + 0x38992c)
    Stack Trace:
        ReturnAddress[00]:       00000020a86ac898 (nnSdk + 0x32e898) (_ZN2nn2os9WaitEventEPNS0_9EventTypeE + 0x48)
        ReturnAddress[01]:       00000020a3efdb7c (cross2_Release.nss + 0x36f9b7c)
        ReturnAddress[02]:       00000020a86b24b8 (nnSdk + 0x3344b8)
        ReturnAddress[03]:       00000020a86b6984 (nnSdk + 0x338984)
        ReturnAddress[04]:       0000000000000000
    Stack Dump:                               00 01 02 03 04 05 06 07 08 09 0a 0b 0c 0d 0e 0f
                                 00336e3cee90 90 26 97 0c 3e 00 00 00 38 1e 3b c8 3d 00 00 00
                                 00336e3ceea0 70 26 97 0c 3e 00 00 00 8c 26 97 0c 3e 00 00 00
                                 00336e3ceeb0 e0 ee 3c 6e 33 00 00 00 98 c8 6a a8 20 00 00 00
                                 00336e3ceec0 00 60 ec 13 3e 00 00 00 78 1e 3b c8 3d 00 00 00
                                 00336e3ceed0 38 1e 3b c8 3d 00 00 00 00 1e 3b c8 3d 00 00 00
                                 00336e3ceee0 80 ef 3c 6e 33 00 00 00 7c db ef a3 20 00 00 00
                                 00336e3ceef0 00 00 00 00 00 00 00 00 00 00 00 00 00 00 00 00
                                 00336e3cef00 d0 64 ec 13 3e 00 00 00 01 00 00 00 00 00 00 00
                                 00336e3cef10 00 40 32 1a 3e 00 00 00 50 1d 00 00 00 00 00 00
                                 00336e3cef20 00 00 00 00 00 00 00 00 64 00 00 00 00 00 00 00
                                 00336e3cef30 00 00 00 00 00 00 00 00 00 00 00 00 00 00 00 00
                                 00336e3cef40 00 00 00 00 00 00 00 00 00 00 00 00 00 00 00 00
                                 00336e3cef50 00 00 00 00 00 00 00 00 00 00 00 00 00 00 00 00
                                 00336e3cef60 00 00 00 00 00 00 00 00 bc c8 0b 0c 3e 00 00 00
                                 00336e3cef70 b8 c8 0b 0c 3e 00 00 00 10 c7 0b 0c 3e 00 00 00
                                 00336e3cef80 b0 ef 3c 6e 33 00 00 00 b8 24 6b a8 20 00 00 00
    TLS Address:                 0000005f06617600
    TLS Dump:                                 00 01 02 03 04 05 06 07 08 09 0a 0b 0c 0d 0e 0f
                                 005f06617600 06 00 00 00 08 08 e0 03 00 00 00 00 00 00 00 00
                                 005f06617610 02 00 00 00 99 00 00 00 00 00 00 00 00 00 00 00
                                 005f06617620 53 46 43 4f 00 00 00 00 00 00 00 00 40 cd 33 00
                                 005f06617630 50 1d 00 00 00 00 00 00 00 00 00 00 00 00 00 00
                                 005f06617640 00 00 00 00 00 00 00 00 00 00 00 00 00 00 00 00
                                 005f06617650 6c 69 6e 65 5f 6e 65 77 73 5f 33 30 30 31 2e 62
                                 005f06617660 69 6e 00 00 00 00 00 00 00 00 00 00 00 00 00 00
                                 005f06617670 00 00 00 00 00 00 00 00 00 00 00 00 00 00 00 00
                                 005f06617680 00 00 00 00 00 00 00 00 00 00 00 00 00 00 00 00
                                 005f06617690 00 00 00 00 00 00 00 00 00 00 00 00 00 00 00 00
                                 005f066176a0 00 00 00 00 00 00 00 00 00 00 00 00 00 00 00 00
                                 005f066176b0 00 00 00 00 00 00 00 00 00 00 00 00 00 00 00 00
                                 005f066176c0 00 00 00 00 00 00 00 00 00 00 00 00 00 00 00 00
                                 005f066176d0 00 00 00 00 00 00 00 00 00 00 00 00 00 00 00 00
                                 005f066176e0 00 00 00 00 00 00 00 00 00 00 00 00 00 00 00 00
                                 005f066176f0 00 00 00 00 00 00 00 00 00 00 00 00 00 00 00 00
Threads[18]:
    Thread ID:                   0000000000000b9f
    Stack Region:                0000003356601000-0000003356605000
    Registers:
        X[00]:                   00000020a5aad2ac
        X[01]:                   00000020a5aad2b0
        X[02]:                   00000000002e81ad
        X[03]:                   ffffffffffffffff
        X[04]:                   0000000000000000
        X[05]:                   0000000000000000
        X[06]:                   0000000000000000
        X[07]:                   0000000000000000
        X[08]:                   0000000000000000
        X[09]:                   0000000000000000
        X[10]:                   0000000000000000
        X[11]:                   0000000000000000
        X[12]:                   0000000000000000
        X[13]:                   0000000000000000
        X[14]:                   0000000000000000
        X[15]:                   0000000000000000
        X[16]:                   0000000000000000
        X[17]:                   0000000000000000
        X[18]:                   0000000000000000
        X[19]:                   0000000000000000
        X[20]:                   0000000000000000
        X[21]:                   0000000000000000
        X[22]:                   0000000000000000
        X[23]:                   0000000000000000
        X[24]:                   0000000000000000
        X[25]:                   0000000000000000
        X[26]:                   0000000000000000
        X[27]:                   0000000000000000
        X[28]:                   0000000000000000
        FP:                      0000003356604ef0
        LR:                      00000020a86b7998 (nnSdk + 0x339998) (_ZN2nn2os6detail38InternalConditionVariableImplByHorizon4WaitEPNS1_23InternalCriticalSectionE + 0x48)
        SP:                      0000003356604ed0
        PC:                      00000020a870792c (nnSdk + 0x38992c)
    Stack Trace:
        ReturnAddress[00]:       00000020a86ac898 (nnSdk + 0x32e898) (_ZN2nn2os9WaitEventEPNS0_9EventTypeE + 0x48)
        ReturnAddress[01]:       00000020a082bde4 (cross2_Release.nss + 0x27de4)
        ReturnAddress[02]:       00000020a082bc08 (cross2_Release.nss + 0x27c08)
        ReturnAddress[03]:       00000020a86b24b8 (nnSdk + 0x3344b8)
        ReturnAddress[04]:       00000020a86b6984 (nnSdk + 0x338984)
        ReturnAddress[05]:       0000000000000000
    Stack Dump:                               00 01 02 03 04 05 06 07 08 09 0a 0b 0c 0d 0e 0f
                                 003356604ed0 b0 d2 aa a5 20 00 00 00 e4 f0 82 a8 20 00 00 00
                                 003356604ee0 90 d2 aa a5 20 00 00 00 ac d2 aa a5 20 00 00 00
                                 003356604ef0 20 4f 60 56 33 00 00 00 98 c8 6a a8 20 00 00 00
                                 003356604f00 b8 d2 aa a5 20 00 00 00 00 04 f9 0c 3e 00 00 00
                                 003356604f10 00 00 00 00 00 00 00 00 80 d2 aa a5 20 00 00 00
                                 003356604f20 60 4f 60 56 33 00 00 00 e4 bd 82 a0 20 00 00 00
                                 003356604f30 00 00 00 00 00 00 00 00 00 00 00 00 00 00 00 00
                                 003356604f40 00 00 00 00 00 00 00 00 ac 01 f9 0c 3e 00 00 00
                                 003356604f50 a8 01 f9 0c 3e 00 00 00 00 00 f9 0c 3e 00 00 00
                                 003356604f60 80 4f 60 56 33 00 00 00 08 bc 82 a0 20 00 00 00
                                 003356604f70 00 00 f9 0c 3e 00 00 00 00 00 f9 0c 3e 00 00 00
                                 003356604f80 b0 4f 60 56 33 00 00 00 b8 24 6b a8 20 00 00 00
                                 003356604f90 00 00 00 00 00 00 00 00 00 00 00 00 00 00 00 00
                                 003356604fa0 00 00 00 00 00 00 00 00 00 00 f9 0c 3e 00 00 00
                                 003356604fb0 d0 4f 60 56 33 00 00 00 84 69 6b a8 20 00 00 00
                                 003356604fc0 00 00 00 00 00 00 00 00 00 00 00 00 00 00 00 00
    TLS Address:                 0000005f06617800
    TLS Dump:                                 00 01 02 03 04 05 06 07 08 09 0a 0b 0c 0d 0e 0f
                                 005f06617800 00 00 00 00 00 00 00 00 00 00 00 00 00 00 00 00
                                 005f06617810 00 00 00 00 00 00 00 00 00 00 00 00 00 00 00 00
                                 005f06617820 00 00 00 00 00 00 00 00 00 00 00 00 00 00 00 00
                                 005f06617830 00 00 00 00 00 00 00 00 00 00 00 00 00 00 00 00
                                 005f06617840 00 00 00 00 00 00 00 00 00 00 00 00 00 00 00 00
                                 005f06617850 00 00 00 00 00 00 00 00 00 00 00 00 00 00 00 00
                                 005f06617860 00 00 00 00 00 00 00 00 00 00 00 00 00 00 00 00
                                 005f06617870 00 00 00 00 00 00 00 00 00 00 00 00 00 00 00 00
                                 005f06617880 00 00 00 00 00 00 00 00 00 00 00 00 00 00 00 00
                                 005f06617890 00 00 00 00 00 00 00 00 00 00 00 00 00 00 00 00
                                 005f066178a0 00 00 00 00 00 00 00 00 00 00 00 00 00 00 00 00
                                 005f066178b0 00 00 00 00 00 00 00 00 00 00 00 00 00 00 00 00
                                 005f066178c0 00 00 00 00 00 00 00 00 00 00 00 00 00 00 00 00
                                 005f066178d0 00 00 00 00 00 00 00 00 00 00 00 00 00 00 00 00
                                 005f066178e0 00 00 00 00 00 00 00 00 00 00 00 00 00 00 00 00
                                 005f066178f0 00 00 00 00 00 00 00 00 00 00 00 00 00 00 00 00
Threads[19]:
    Thread ID:                   0000000000000ba0
    Thread Name:                 AsyncTonePreparer
    Stack Region:                0000003328a5a000-0000003328a9a000
    Registers:
        X[00]:                   0000003e11ff8a9c
        X[01]:                   0000003e11ff8aa0
        X[02]:                   00000000003001aa
        X[03]:                   ffffffffffffffff
        X[04]:                   0000000000000002
        X[05]:                   0000000000000000
        X[06]:                   0000000000000001
        X[07]:                   0000000000000000
        X[08]:                   0000000000000000
        X[09]:                   0000000000000000
        X[10]:                   0000000000000000
        X[11]:                   0000000000000000
        X[12]:                   0000000000000000
        X[13]:                   0000000000000000
        X[14]:                   0000000000000000
        X[15]:                   0000000000000000
        X[16]:                   0000000000000000
        X[17]:                   0000000000000000
        X[18]:                   0000000000000000
        X[19]:                   0000000000000000
        X[20]:                   0000000000000000
        X[21]:                   0000000000000000
        X[22]:                   0000000000000000
        X[23]:                   0000000000000000
        X[24]:                   0000000000000000
        X[25]:                   0000000000000000
        X[26]:                   0000000000000000
        X[27]:                   0000000000000000
        X[28]:                   0000000000000000
        FP:                      0000003328a99e50
        LR:                      00000020a86b7998 (nnSdk + 0x339998) (_ZN2nn2os6detail38InternalConditionVariableImplByHorizon4WaitEPNS1_23InternalCriticalSectionE + 0x48)
        SP:                      0000003328a99e30
        PC:                      00000020a870792c (nnSdk + 0x38992c)
    Stack Trace:
        ReturnAddress[00]:       00000020a86ac898 (nnSdk + 0x32e898) (_ZN2nn2os9WaitEventEPNS0_9EventTypeE + 0x48)
        ReturnAddress[01]:       00000020a2c18810 (cross2_Release.nss + 0x2414810)
        ReturnAddress[02]:       00000020a2c18780 (cross2_Release.nss + 0x2414780)
        ReturnAddress[03]:       00000020a86b24b8 (nnSdk + 0x3344b8)
        ReturnAddress[04]:       00000020a86b6984 (nnSdk + 0x338984)
        ReturnAddress[05]:       0000000000000000
    Stack Dump:                               00 01 02 03 04 05 06 07 08 09 0a 0b 0c 0d 0e 0f
                                 003328a99e30 a0 8a ff 11 3e 00 00 00 e8 f2 0b 0c 3e 00 00 00
                                 003328a99e40 80 8a ff 11 3e 00 00 00 9c 8a ff 11 3e 00 00 00
                                 003328a99e50 80 9e a9 28 33 00 00 00 98 c8 6a a8 20 00 00 00
                                 003328a99e60 58 44 29 c7 3d 00 00 00 08 9f a9 28 33 00 00 00
                                 003328a99e70 d0 f2 0b 0c 3e 00 00 00 e8 f2 0b 0c 3e 00 00 00
                                 003328a99e80 b0 9e a9 28 33 00 00 00 10 88 c1 a2 20 00 00 00
                                 003328a99e90 58 44 29 c7 3d 00 00 00 40 44 29 c7 3d 00 00 00
                                 003328a99ea0 18 9f a9 28 33 00 00 00 d0 f2 0b 0c 3e 00 00 00
                                 003328a99eb0 80 9f a9 28 33 00 00 00 80 87 c1 a2 20 00 00 00
                                 003328a99ec0 00 00 00 00 00 00 00 00 00 00 00 00 00 00 00 00
                                 003328a99ed0 50 6d 77 a5 20 00 00 00 00 85 6f 28 3e 00 00 00
                                 003328a99ee0 01 00 00 00 00 65 87 00 00 00 00 00 00 00 00 00
                                 003328a99ef0 00 00 00 00 00 00 00 00 00 00 00 00 00 00 00 00
                                 003328a99f00 00 00 00 00 00 00 00 00 00 00 00 00 00 00 00 00
                                 003328a99f10 29 08 12 35 2e 00 00 00 6c 44 f2 ea 2f 00 00 00
                                 003328a99f20 58 44 29 c7 3d 00 00 00 40 44 29 c7 3d 00 00 00
    TLS Address:                 0000005f06617a00
    TLS Dump:                                 00 01 02 03 04 05 06 07 08 09 0a 0b 0c 0d 0e 0f
                                 005f06617a00 00 00 00 00 0c 00 00 00 00 00 00 00 00 00 00 00
                                 005f06617a10 00 00 00 00 00 00 00 00 00 00 00 00 00 00 00 00
                                 005f06617a20 53 46 43 4f 00 00 00 00 00 00 00 00 eb ca d2 c4
                                 005f06617a30 00 00 00 00 00 00 00 00 00 00 00 00 00 00 00 00
                                 005f06617a40 28 51 fc 15 00 00 00 00 00 02 00 00 00 00 00 00
                                 005f06617a50 00 00 00 00 00 00 00 00 00 00 00 00 00 00 00 00
                                 005f06617a60 00 00 00 00 00 00 00 00 00 00 00 00 00 00 00 00
                                 005f06617a70 00 00 00 00 00 00 00 00 00 00 00 00 00 00 00 00
                                 005f06617a80 00 00 00 00 00 00 00 00 00 00 00 00 00 00 00 00
                                 005f06617a90 00 00 00 00 00 00 00 00 00 00 00 00 00 00 00 00
                                 005f06617aa0 00 00 00 00 00 00 00 00 00 00 00 00 00 00 00 00
                                 005f06617ab0 00 00 00 00 00 00 00 00 00 00 00 00 00 00 00 00
                                 005f06617ac0 00 00 00 00 00 00 00 00 00 00 00 00 00 00 00 00
                                 005f06617ad0 00 00 00 00 00 00 00 00 00 00 00 00 00 00 00 00
                                 005f06617ae0 00 00 00 00 00 00 00 00 00 00 00 00 00 00 00 00
                                 005f06617af0 00 00 00 00 00 00 00 00 00 00 00 00 00 00 00 00
Threads[20]:
    Thread ID:                   0000000000000ba1
    Thread Name:                 nuscFileAsyncRequest
    Stack Region:                0000003315e2d000-0000003315e35000
    Registers:
        X[00]:                   0000003e0cb1a068
        X[01]:                   0000003e0cb1a074
        X[02]:                   00000000003081a9
        X[03]:                   ffffffffffffffff
        X[04]:                   0000000000000000
        X[05]:                   0000000000000000
        X[06]:                   0000000000000000
        X[07]:                   0000000000000000
        X[08]:                   0000000000000000
        X[09]:                   0000000000000000
        X[10]:                   0000000000000000
        X[11]:                   0000000000000000
        X[12]:                   0000000000000000
        X[13]:                   0000000000000000
        X[14]:                   0000000000000000
        X[15]:                   0000000000000000
        X[16]:                   0000000000000000
        X[17]:                   0000000000000000
        X[18]:                   0000000000000000
        X[19]:                   0000000000000000
        X[20]:                   0000000000000000
        X[21]:                   0000000000000000
        X[22]:                   0000000000000000
        X[23]:                   0000000000000000
        X[24]:                   0000000000000000
        X[25]:                   0000000000000000
        X[26]:                   0000000000000000
        X[27]:                   0000000000000000
        X[28]:                   0000000000000000
        FP:                      0000003315e34ea0
        LR:                      00000020a86b7998 (nnSdk + 0x339998) (_ZN2nn2os6detail38InternalConditionVariableImplByHorizon4WaitEPNS1_23InternalCriticalSectionE + 0x48)
        SP:                      0000003315e34e80
        PC:                      00000020a870792c (nnSdk + 0x38992c)
    Stack Trace:
        ReturnAddress[00]:       00000020a86ac464 (nnSdk + 0x32e464) (_ZN2nn2os21WaitConditionVariableEPNS0_21ConditionVariableTypeEPNS0_9MutexTypeE + 0x44)
        ReturnAddress[01]:       00000020a882f184 (nnSdk + 0x4b1184) (_ZNSt3__121__libcpp_condvar_waitEPNSt13__libcxx_shim19__libcxx_shim_ver_132__libcxx_shim_condition_variableEPNS1_19__libcxx_shi + 0xc)
        ReturnAddress[02]:       00000020a87de618 (nnSdk + 0x460618) (_ZNSt3__118condition_variable4waitERNS_11unique_lockINS_5mutexEEE + 0x18)
        ReturnAddress[03]:       00000020a418a874 (cross2_Release.nss + 0x3986874)
        ReturnAddress[04]:       00000020a41a1634 (cross2_Release.nss + 0x399d634)
        ReturnAddress[05]:       00000020a86b24b8 (nnSdk + 0x3344b8)
        ReturnAddress[06]:       00000020a86b6984 (nnSdk + 0x338984)
        ReturnAddress[07]:       0000000000000000
    Stack Dump:                               00 01 02 03 04 05 06 07 08 09 0a 0b 0c 0d 0e 0f
                                 003315e34e80 00 a0 b1 0c 3e 00 00 00 14 38 57 a8 20 00 00 00
                                 003315e34e90 70 a0 b1 0c 3e 00 00 00 50 a0 b1 0c 3e 00 00 00
                                 003315e34ea0 c0 4e e3 15 33 00 00 00 64 c4 6a a8 20 00 00 00
                                 003315e34eb0 50 a0 b1 0c 3e 00 00 00 50 a0 b1 0c 3e 00 00 00
                                 003315e34ec0 d0 4e e3 15 33 00 00 00 84 f1 82 a8 20 00 00 00
                                 003315e34ed0 e0 4e e3 15 33 00 00 00 18 e6 7d a8 20 00 00 00
                                 003315e34ee0 60 4f e3 15 33 00 00 00 74 a8 18 a4 20 00 00 00
                                 003315e34ef0 01 1a 16 c8 3d 00 00 00 60 32 b2 0c 3e 00 00 00
                                 003315e34f00 50 a0 b1 0c 3e 00 00 00 01 00 00 00 00 00 00 00
                                 003315e34f10 00 00 00 00 00 00 00 00 00 00 00 00 00 00 00 00
                                 003315e34f20 00 00 00 00 00 00 00 00 00 00 00 00 00 00 00 00
                                 003315e34f30 00 00 00 00 00 00 00 00 00 00 00 00 00 00 00 00
                                 003315e34f40 00 00 00 00 00 00 00 00 34 a2 b1 0c 3e 00 00 00
                                 003315e34f50 30 a2 b1 0c 3e 00 00 00 88 a0 b1 0c 3e 00 00 00
                                 003315e34f60 80 4f e3 15 33 00 00 00 34 16 1a a4 20 00 00 00
                                 003315e34f70 88 a0 b1 0c 3e 00 00 00 88 a0 b1 0c 3e 00 00 00
    TLS Address:                 0000005f06617c00
    TLS Dump:                                 00 01 02 03 04 05 06 07 08 09 0a 0b 0c 0d 0e 0f
                                 005f06617c00 00 00 00 00 0c 00 00 00 00 00 00 00 00 00 00 00
                                 005f06617c10 00 00 00 00 00 00 00 00 00 00 00 00 00 00 00 00
                                 005f06617c20 53 46 43 4f 00 00 00 00 00 00 00 00 eb ca d2 c4
                                 005f06617c30 00 00 00 00 00 00 00 00 00 00 00 00 00 00 00 00
                                 005f06617c40 90 50 fe 15 00 00 00 00 48 ff 00 00 00 00 00 00
                                 005f06617c50 00 00 00 00 00 00 00 00 00 00 00 00 00 00 00 00
                                 005f06617c60 00 00 00 00 00 00 00 00 00 00 00 00 00 00 00 00
                                 005f06617c70 00 00 00 00 00 00 00 00 00 00 00 00 00 00 00 00
                                 005f06617c80 00 00 00 00 00 00 00 00 00 00 00 00 00 00 00 00
                                 005f06617c90 00 00 00 00 00 00 00 00 00 00 00 00 00 00 00 00
                                 005f06617ca0 00 00 00 00 00 00 00 00 00 00 00 00 00 00 00 00
                                 005f06617cb0 00 00 00 00 00 00 00 00 00 00 00 00 00 00 00 00
                                 005f06617cc0 00 00 00 00 00 00 00 00 00 00 00 00 00 00 00 00
                                 005f06617cd0 00 00 00 00 00 00 00 00 00 00 00 00 00 00 00 00
                                 005f06617ce0 00 00 00 00 00 00 00 00 00 00 00 00 00 00 00 00
                                 005f06617cf0 00 00 00 00 00 00 00 00 00 00 00 00 00 00 00 00
Threads[21]:
    Thread ID:                   0000000000000ba2
    Thread Name:                 nus3::audio update
    Stack Region:                0000003317021000-0000003317041000
    Registers:
        X[00]:                   00000000003181a7
        X[01]:                   0000005f06617e00
        X[02]:                   00000000003181a7
        X[03]:                   00000033170405c8
        X[04]:                   0000000000000b10
        X[05]:                   0000000000000000
        X[06]:                   0000005f06617e00
        X[07]:                   00000033170404b8
        X[08]:                   0000000000000000
        X[09]:                   0000000000000000
        X[10]:                   0000000000000000
        X[11]:                   0000000000000000
        X[12]:                   0000000000000000
        X[13]:                   0000000000000000
        X[14]:                   0000000000000000
        X[15]:                   0000000000000000
        X[16]:                   0000000000000000
        X[17]:                   0000000000000000
        X[18]:                   0000000000000000
        X[19]:                   0000000000000000
        X[20]:                   0000000000000000
        X[21]:                   0000000000000000
        X[22]:                   0000000000000000
        X[23]:                   0000000000000000
        X[24]:                   0000000000000000
        X[25]:                   0000000000000000
        X[26]:                   0000000000000000
        X[27]:                   0000000000000000
        X[28]:                   0000000000000000
        FP:                      0000003317040520
        LR:                      00000020a86e5684 (nnSdk + 0x367684) (_ZN2nn2sf4hipc15SendSyncRequestENS_3svc6HandleEPvm + 0x34)
        SP:                      0000003317040520
        PC:                      00000020a8707954 (nnSdk + 0x389954)
    Stack Trace:
        ReturnAddress[00]:       00000020a8411bac (nnSdk + 0x93bac) (_ZN2nn2sf4hipc6client24Hipc2ClientCoreProcessorILNS1_6detail11MessageTypeE6ENS0_4cmif6detail14CoreMethodInfoINSt3__15tupleIJNS7 + 0x15c)
        ReturnAddress[01]:       00000020a84133f0 (nnSdk + 0x953f0)
        ReturnAddress[02]:       00000020a8417ec4 (nnSdk + 0x99ec4) (_ZN2nn5audio20AppendAudioOutBufferEPNS0_8AudioOutEPNS0_14AudioOutBufferE + 0xa4)
        ReturnAddress[03]:       00000020a418f1cc (cross2_Release.nss + 0x398b1cc)
        ReturnAddress[04]:       00000020a86b24b8 (nnSdk + 0x3344b8)
        ReturnAddress[05]:       00000020a86b6984 (nnSdk + 0x338984)
        ReturnAddress[06]:       0000000000000000
    Stack Dump:                               00 01 02 03 04 05 06 07 08 09 0a 0b 0c 0d 0e 0f
                                 003317040520 00 06 04 17 33 00 00 00 ac 1b 41 a8 20 00 00 00
                                 003317040530 c0 53 13 c8 3d 00 00 00 01 00 00 00 00 00 11 00
                                 003317040540 0a 00 00 00 00 00 00 00 00 00 00 00 00 00 00 00
                                 003317040550 00 00 00 00 02 00 00 00 04 00 00 00 00 00 00 00
                                 003317040560 00 00 00 00 07 00 00 00 00 00 00 00 11 00 00 00
                                 003317040570 80 05 04 17 33 00 00 00 04 f1 82 a8 20 00 00 00
                                 003317040580 90 05 04 17 33 00 00 00 24 2f 82 a8 20 00 00 00
                                 003317040590 50 06 04 17 33 00 00 00 38 92 19 a4 20 00 00 00
                                 0033170405a0 b0 8a 5d a7 20 00 00 00 28 00 00 00 00 00 00 00
                                 0033170405b0 38 05 04 17 33 00 00 00 00 7e 61 06 5f 00 00 00
                                 0033170405c0 02 00 00 00 00 00 00 00 21 00 00 00 00 00 00 00
                                 0033170405d0 64 0b 04 17 33 00 00 00 80 00 00 00 00 00 00 00
                                 0033170405e0 04 10 2a 12 3e 00 00 00 b0 cf fd a8 20 00 00 00
                                 0033170405f0 a8 88 5d a7 20 00 00 00 b0 8a 5d a7 20 00 00 00
                                 003317040600 10 06 04 17 33 00 00 00 f0 33 41 a8 20 00 00 00
                                 003317040610 50 06 04 17 33 00 00 00 c4 7e 41 a8 20 00 00 00
    TLS Address:                 0000005f06617e00
    TLS Dump:                                 00 01 02 03 04 05 06 07 08 09 0a 0b 0c 0d 0e 0f
                                 005f06617e00 00 00 00 00 08 00 00 00 00 00 00 00 00 00 00 00
                                 005f06617e10 53 46 43 4f 00 00 00 00 00 00 00 00 a5 25 62 61
                                 005f06617e20 00 00 00 00 00 00 00 00 07 00 00 00 00 00 00 00
                                 005f06617e30 b0 8a 5d a7 20 00 00 00 30 06 04 17 33 00 08 00
                                 005f06617e40 00 00 00 00 00 00 00 00 00 00 00 00 00 00 00 00
                                 005f06617e50 00 00 00 00 00 00 00 00 00 00 00 00 00 00 00 00
                                 005f06617e60 00 00 00 00 00 00 00 00 00 00 00 00 00 00 00 00
                                 005f06617e70 00 00 00 00 00 00 00 00 00 00 00 00 00 00 00 00
                                 005f06617e80 00 00 00 00 00 00 00 00 00 00 00 00 00 00 00 00
                                 005f06617e90 00 00 00 00 00 00 00 00 00 00 00 00 00 00 00 00
                                 005f06617ea0 00 00 00 00 00 00 00 00 00 00 00 00 00 00 00 00
                                 005f06617eb0 00 00 00 00 00 00 00 00 00 00 00 00 00 00 00 00
                                 005f06617ec0 00 00 00 00 00 00 00 00 00 00 00 00 00 00 00 00
                                 005f06617ed0 00 00 00 00 00 00 00 00 00 00 00 00 00 00 00 00
                                 005f06617ee0 00 00 00 00 00 00 00 00 00 00 00 00 00 00 00 00
                                 005f06617ef0 00 00 00 00 00 00 00 00 00 00 00 00 00 00 00 00
Threads[22]:
    Thread ID:                   0000000000000ba3
    Thread Name:                 AudioDeviceChange
    Stack Region:                0000003323a68000-0000003323aa8000
    Registers:
        X[00]:                   0000003323aa7d18
        X[01]:                   0000003323aa7d1c
        X[02]:                   0000000000000001
        X[03]:                   0000000000f42363
        X[04]:                   0000000000000000
        X[05]:                   0000000000000000
        X[06]:                   0000000000000000
        X[07]:                   0000000000000000
        X[08]:                   0000000000000000
        X[09]:                   0000000000000000
        X[10]:                   0000000000000000
        X[11]:                   0000000000000000
        X[12]:                   0000000000000000
        X[13]:                   0000000000000000
        X[14]:                   0000000000000000
        X[15]:                   0000000000000000
        X[16]:                   0000000000000000
        X[17]:                   0000000000000000
        X[18]:                   0000000000000000
        X[19]:                   0000000000000000
        X[20]:                   0000000000000000
        X[21]:                   0000000000000000
        X[22]:                   0000000000000000
        X[23]:                   0000000000000000
        X[24]:                   0000000000000000
        X[25]:                   0000000000000000
        X[26]:                   0000000000000000
        X[27]:                   0000000000000000
        X[28]:                   0000000000000000
        FP:                      0000003323aa7d30
        LR:                      00000020a86b75c8 (nnSdk + 0x3395c8) (_ZN2nn2os6detail30InterProcessEventImplByHorizon9TimedWaitEjbNS_8TimeSpanE + 0x78)
        SP:                      0000003323aa7cf0
        PC:                      00000020a8707900 (nnSdk + 0x389900)
    Stack Trace:
        ReturnAddress[00]:       00000020a3f445e8 (cross2_Release.nss + 0x37405e8)
        ReturnAddress[01]:       00000020a86b24b8 (nnSdk + 0x3344b8)
        ReturnAddress[02]:       00000020a86b6984 (nnSdk + 0x338984)
        ReturnAddress[03]:       0000000000000000
    Stack Dump:                               00 01 02 03 04 05 06 07 08 09 0a 0b 0c 0d 0e 0f
                                 003323aa7cf0 18 7d aa 23 33 00 00 00 00 00 00 00 00 00 00 00
                                 003323aa7d00 00 00 00 00 00 00 00 00 d8 a6 2d 32 aa 01 00 00
                                 003323aa7d10 88 a2 a5 0a 3e 00 00 00 ff ff ff ff a5 01 34 00
                                 003323aa7d20 c8 a3 a5 0a 3e 00 00 00 80 a2 a5 0a 3e 00 00 00
                                 003323aa7d30 80 7f aa 23 33 00 00 00 e8 45 f4 a3 20 00 00 00
                                 003323aa7d40 00 00 00 00 00 00 00 00 00 00 00 00 00 00 00 00
                                 003323aa7d50 00 00 00 00 00 00 00 00 00 00 00 00 00 00 00 00
                                 003323aa7d60 00 00 00 00 00 00 00 00 00 00 00 00 00 00 00 00
                                 003323aa7d70 00 00 00 00 00 00 00 00 00 00 00 00 00 00 00 00
                                 003323aa7d80 00 00 00 00 00 00 00 00 00 00 00 00 00 00 00 00
                                 003323aa7d90 00 00 00 00 00 00 00 00 00 00 00 00 00 00 00 00
                                 003323aa7da0 00 00 00 00 00 00 00 00 00 00 00 00 00 00 00 00
                                 003323aa7db0 00 00 00 00 00 00 00 00 00 00 00 00 00 00 00 00
                                 003323aa7dc0 00 00 00 00 00 00 00 00 00 00 00 00 00 00 00 00
                                 003323aa7dd0 00 00 00 00 00 00 00 00 00 00 00 00 00 00 00 00
                                 003323aa7de0 00 00 00 00 00 00 00 00 00 00 00 00 00 00 00 00
    TLS Address:                 0000005c419c1000
    TLS Dump:                                 00 01 02 03 04 05 06 07 08 09 0a 0b 0c 0d 0e 0f
                                 005c419c1000 00 00 00 00 00 00 00 00 00 00 00 00 00 00 00 00
                                 005c419c1010 00 00 00 00 00 00 00 00 00 00 00 00 00 00 00 00
                                 005c419c1020 00 00 00 00 00 00 00 00 00 00 00 00 00 00 00 00
                                 005c419c1030 00 00 00 00 00 00 00 00 00 00 00 00 00 00 00 00
                                 005c419c1040 00 00 00 00 00 00 00 00 00 00 00 00 00 00 00 00
                                 005c419c1050 00 00 00 00 00 00 00 00 00 00 00 00 00 00 00 00
                                 005c419c1060 00 00 00 00 00 00 00 00 00 00 00 00 00 00 00 00
                                 005c419c1070 00 00 00 00 00 00 00 00 00 00 00 00 00 00 00 00
                                 005c419c1080 00 00 00 00 00 00 00 00 00 00 00 00 00 00 00 00
                                 005c419c1090 00 00 00 00 00 00 00 00 00 00 00 00 00 00 00 00
                                 005c419c10a0 00 00 00 00 00 00 00 00 00 00 00 00 00 00 00 00
                                 005c419c10b0 00 00 00 00 00 00 00 00 00 00 00 00 00 00 00 00
                                 005c419c10c0 00 00 00 00 00 00 00 00 00 00 00 00 00 00 00 00
                                 005c419c10d0 00 00 00 00 00 00 00 00 00 00 00 00 00 00 00 00
                                 005c419c10e0 00 00 00 00 00 00 00 00 00 00 00 00 00 00 00 00
                                 005c419c10f0 00 00 00 00 00 00 00 00 00 00 00 00 00 00 00 00
Threads[23]:
    Thread ID:                   0000000000000ba4
    Thread Name:                 sindou::update
    Stack Region:                000000330cf91000-000000330cfa1000
    Registers:
        X[00]:                   00000000004c4b40
        X[01]:                   000001aa3229052a
        X[02]:                   0000000000000000
        X[03]:                   0000000000000000
        X[04]:                   0000000000000000
        X[05]:                   0000000000000000
        X[06]:                   0000000000000000
        X[07]:                   0000000000000000
        X[08]:                   0000000000000000
        X[09]:                   0000000000000000
        X[10]:                   0000000000000000
        X[11]:                   0000000000000000
        X[12]:                   0000000000000000
        X[13]:                   0000000000000000
        X[14]:                   0000000000000000
        X[15]:                   0000000000000000
        X[16]:                   0000000000000000
        X[17]:                   0000000000000000
        X[18]:                   0000000000000000
        X[19]:                   0000000000000000
        X[20]:                   0000000000000000
        X[21]:                   0000000000000000
        X[22]:                   0000000000000000
        X[23]:                   0000000000000000
        X[24]:                   0000000000000000
        X[25]:                   0000000000000000
        X[26]:                   0000000000000000
        X[27]:                   0000000000000000
        X[28]:                   0000000000000000
        FP:                      000000330cfa0f80
        LR:                      00000020a418f698 (cross2_Release.nss + 0x398b698)
        SP:                      000000330cfa0f30
        PC:                      00000020a870785c (nnSdk + 0x38985c)
    Stack Trace:
        ReturnAddress[00]:       00000020a86b24b8 (nnSdk + 0x3344b8)
        ReturnAddress[01]:       00000020a86b6984 (nnSdk + 0x338984)
        ReturnAddress[02]:       0000000000000000
    Stack Dump:                               00 01 02 03 04 05 06 07 08 09 0a 0b 0c 0d 0e 0f
                                 00330cfa0f00 80 ed a9 a5 20 00 00 00 00 a0 60 a7 20 00 00 00
                                 00330cfa0f10 76 c0 36 b4 b5 56 00 00 c4 f2 a9 a5 20 00 00 00
                                 00330cfa0f20 80 0f fa 0c 33 00 00 00 5c f3 18 a4 20 00 00 00
                                 00330cfa0f30 00 00 00 00 00 00 00 00 00 00 00 00 00 00 00 00
                                 00330cfa0f40 00 00 00 00 00 00 00 00 00 00 00 00 00 00 00 00
                                 00330cfa0f50 00 00 00 00 00 00 00 00 00 00 00 00 00 00 00 00
                                 00330cfa0f60 00 00 00 00 00 00 00 00 ac 92 5f a7 20 00 00 00
                                 00330cfa0f70 a8 92 5f a7 20 00 00 00 00 91 5f a7 20 00 00 00
                                 00330cfa0f80 b0 0f fa 0c 33 00 00 00 b8 24 6b a8 20 00 00 00
                                 00330cfa0f90 00 00 00 00 00 00 00 00 00 00 00 00 00 00 00 00
                                 00330cfa0fa0 00 00 00 00 00 00 00 00 00 91 5f a7 20 00 00 00
                                 00330cfa0fb0 d0 0f fa 0c 33 00 00 00 84 69 6b a8 20 00 00 00
                                 00330cfa0fc0 00 00 00 00 00 00 00 00 00 00 00 00 00 00 00 00
                                 00330cfa0fd0 00 00 00 00 00 00 00 00 00 00 00 00 00 00 00 00
                                 00330cfa0fe0 50 24 6b a8 20 00 00 00 00 00 00 00 00 00 00 00
                                 00330cfa0ff0 00 00 00 00 00 00 00 00 00 00 00 00 00 00 00 00
    TLS Address:                 0000005c419c1200
    TLS Dump:                                 00 01 02 03 04 05 06 07 08 09 0a 0b 0c 0d 0e 0f
                                 005c419c1200 00 00 00 00 00 00 00 00 00 00 00 00 00 00 00 00
                                 005c419c1210 00 00 00 00 00 00 00 00 00 00 00 00 00 00 00 00
                                 005c419c1220 00 00 00 00 00 00 00 00 00 00 00 00 00 00 00 00
                                 005c419c1230 00 00 00 00 00 00 00 00 00 00 00 00 00 00 00 00
                                 005c419c1240 00 00 00 00 00 00 00 00 00 00 00 00 00 00 00 00
                                 005c419c1250 00 00 00 00 00 00 00 00 00 00 00 00 00 00 00 00
                                 005c419c1260 00 00 00 00 00 00 00 00 00 00 00 00 00 00 00 00
                                 005c419c1270 00 00 00 00 00 00 00 00 00 00 00 00 00 00 00 00
                                 005c419c1280 00 00 00 00 00 00 00 00 00 00 00 00 00 00 00 00
                                 005c419c1290 00 00 00 00 00 00 00 00 00 00 00 00 00 00 00 00
                                 005c419c12a0 00 00 00 00 00 00 00 00 00 00 00 00 00 00 00 00
                                 005c419c12b0 00 00 00 00 00 00 00 00 00 00 00 00 00 00 00 00
                                 005c419c12c0 00 00 00 00 00 00 00 00 00 00 00 00 00 00 00 00
                                 005c419c12d0 00 00 00 00 00 00 00 00 00 00 00 00 00 00 00 00
                                 005c419c12e0 00 00 00 00 00 00 00 00 00 00 00 00 00 00 00 00
                                 005c419c12f0 00 00 00 00 00 00 00 00 00 00 00 00 00 00 00 00
Threads[24]:
    Thread ID:                   0000000000000ba5
    Thread Name:                 L2CDynamicModuleManager::thread
    Stack Region:                000000331d25c000-000000331d29c000
    Registers:
        X[00]:                   0000003e11ffa20c
        X[01]:                   0000003e11ffa210
        X[02]:                   00000000003c01a2
        X[03]:                   ffffffffffffffff
        X[04]:                   0000000000000000
        X[05]:                   0000000000000000
        X[06]:                   000000331d29ba3c
        X[07]:                   0000000000000000
        X[08]:                   0000000000000000
        X[09]:                   0000000000000000
        X[10]:                   0000000000000000
        X[11]:                   0000000000000000
        X[12]:                   0000000000000000
        X[13]:                   0000000000000000
        X[14]:                   0000000000000000
        X[15]:                   0000000000000000
        X[16]:                   0000000000000000
        X[17]:                   0000000000000000
        X[18]:                   0000000000000000
        X[19]:                   0000000000000000
        X[20]:                   0000000000000000
        X[21]:                   0000000000000000
        X[22]:                   0000000000000000
        X[23]:                   0000000000000000
        X[24]:                   0000000000000000
        X[25]:                   0000000000000000
        X[26]:                   0000000000000000
        X[27]:                   0000000000000000
        X[28]:                   0000000000000000
        FP:                      000000331d29bdb0
        LR:                      00000020a86b7998 (nnSdk + 0x339998) (_ZN2nn2os6detail38InternalConditionVariableImplByHorizon4WaitEPNS1_23InternalCriticalSectionE + 0x48)
        SP:                      000000331d29bd90
        PC:                      00000020a870792c (nnSdk + 0x38992c)
    Stack Trace:
        ReturnAddress[00]:       00000020a86ac898 (nnSdk + 0x32e898) (_ZN2nn2os9WaitEventEPNS0_9EventTypeE + 0x48)
        ReturnAddress[01]:       00000020a2aba680 (cross2_Release.nss + 0x22b6680)
        ReturnAddress[02]:       00000020a86b24b8 (nnSdk + 0x3344b8)
        ReturnAddress[03]:       00000020a86b6984 (nnSdk + 0x338984)
        ReturnAddress[04]:       0000000000000000
    Stack Dump:                               00 01 02 03 04 05 06 07 08 09 0a 0b 0c 0d 0e 0f
                                 00331d29bd90 10 a2 ff 11 3e 00 00 00 60 bd b0 0a 3e 00 00 00
                                 00331d29bda0 f0 a1 ff 11 3e 00 00 00 0c a2 ff 11 3e 00 00 00
                                 00331d29bdb0 e0 bd 29 1d 33 00 00 00 98 c8 6a a8 20 00 00 00
                                 00331d29bdc0 00 50 b3 a5 20 00 00 00 18 00 00 00 00 00 00 00
                                 00331d29bdd0 60 bd b0 0a 3e 00 00 00 05 00 00 00 00 00 00 00
                                 00331d29bde0 80 bf 29 1d 33 00 00 00 80 a6 ab a2 20 00 00 00
                                 00331d29bdf0 11 be 29 1d 33 00 00 00 10 bd b0 0a 3e 00 00 00
                                 00331d29be00 08 bd b0 0a 3e 00 00 00 00 10 00 00 00 00 00 00
                                 00331d29be10 70 72 65 62 75 69 6c 74 3a 2f 6e 72 6f 2f 52 65
                                 00331d29be20 6c 65 61 73 65 2f 6c 75 61 32 63 70 70 5f 6d 61
                                 00331d29be30 72 69 6f 2e 6e 72 6f 00 00 72 6f 00 00 00 00 00
                                 00331d29be40 00 00 00 00 00 00 00 00 00 00 00 00 00 00 00 00
                                 00331d29be50 00 00 00 00 00 00 00 00 00 00 00 00 00 00 00 00
                                 00331d29be60 00 00 00 00 00 00 00 00 00 00 00 00 00 00 00 00
                                 00331d29be70 00 00 00 00 00 00 00 00 00 00 00 00 00 00 00 00
                                 00331d29be80 00 00 00 00 00 00 00 00 00 00 00 00 00 00 00 00
    TLS Address:                 0000005c419c1400
    TLS Dump:                                 00 01 02 03 04 05 06 07 08 09 0a 0b 0c 0d 0e 0f
                                 005c419c1400 00 00 00 00 08 00 00 00 01 00 00 00 8f 00 00 00
                                 005c419c1410 53 46 43 4f 00 00 00 00 00 00 00 00 a9 55 2c a5
                                 005c419c1420 53 46 43 49 01 00 00 00 01 00 00 00 00 00 00 00
                                 005c419c1430 00 00 00 00 00 00 00 00 00 20 c3 9d 31 00 00 00
                                 005c419c1440 00 c0 12 00 00 00 00 00 00 10 e6 13 3e 00 00 00
                                 005c419c1450 00 10 00 00 00 00 00 00 00 00 00 00 00 00 00 00
                                 005c419c1460 00 00 00 00 00 00 00 00 00 00 00 00 00 00 00 00
                                 005c419c1470 00 00 00 00 00 00 00 00 00 00 00 00 00 00 00 00
                                 005c419c1480 00 00 00 00 00 00 00 00 00 00 00 00 00 00 00 00
                                 005c419c1490 00 00 00 00 00 00 00 00 00 00 00 00 00 00 00 00
                                 005c419c14a0 00 00 00 00 00 00 00 00 00 00 00 00 00 00 00 00
                                 005c419c14b0 00 00 00 00 00 00 00 00 00 00 00 00 00 00 00 00
                                 005c419c14c0 00 00 00 00 00 00 00 00 00 00 00 00 00 00 00 00
                                 005c419c14d0 00 00 00 00 00 00 00 00 00 00 00 00 00 00 00 00
                                 005c419c14e0 00 00 00 00 00 00 00 00 00 00 00 00 00 00 00 00
                                 005c419c14f0 00 00 00 00 00 00 00 00 00 00 00 00 00 00 00 00
Threads[25]:
    Thread ID:                   0000000000000ba6
    Thread Name:                 SaveStorage
    Stack Region:                0000003345cbf000-0000003345cff000
    Registers:
        X[00]:                   0000003e11ffd3bc
        X[01]:                   0000003e11ffd3c0
        X[02]:                   00000000003e019d
        X[03]:                   ffffffffffffffff
        X[04]:                   0000000000000000
        X[05]:                   0000000000000000
        X[06]:                   0000000000000000
        X[07]:                   0000000000000000
        X[08]:                   0000000000000000
        X[09]:                   0000000000000000
        X[10]:                   0000000000000000
        X[11]:                   0000000000000000
        X[12]:                   0000000000000000
        X[13]:                   0000000000000000
        X[14]:                   0000000000000000
        X[15]:                   0000000000000000
        X[16]:                   0000000000000000
        X[17]:                   0000000000000000
        X[18]:                   0000000000000000
        X[19]:                   0000000000000000
        X[20]:                   0000000000000000
        X[21]:                   0000000000000000
        X[22]:                   0000000000000000
        X[23]:                   0000000000000000
        X[24]:                   0000000000000000
        X[25]:                   0000000000000000
        X[26]:                   0000000000000000
        X[27]:                   0000000000000000
        X[28]:                   0000000000000000
        FP:                      0000003345cfeef0
        LR:                      00000020a86b7998 (nnSdk + 0x339998) (_ZN2nn2os6detail38InternalConditionVariableImplByHorizon4WaitEPNS1_23InternalCriticalSectionE + 0x48)
        SP:                      0000003345cfeed0
        PC:                      00000020a870792c (nnSdk + 0x38992c)
    Stack Trace:
        ReturnAddress[00]:       00000020a86ac898 (nnSdk + 0x32e898) (_ZN2nn2os9WaitEventEPNS0_9EventTypeE + 0x48)
        ReturnAddress[01]:       00000020a3f25b50 (cross2_Release.nss + 0x3721b50)
        ReturnAddress[02]:       00000020a86b24b8 (nnSdk + 0x3344b8)
        ReturnAddress[03]:       00000020a86b6984 (nnSdk + 0x338984)
        ReturnAddress[04]:       0000000000000000
    Stack Dump:                               00 01 02 03 04 05 06 07 08 09 0a 0b 0c 0d 0e 0f
                                 003345cfeed0 c0 d3 ff 11 3e 00 00 00 90 54 6d c0 3d 00 00 00
                                 003345cfeee0 a0 d3 ff 11 3e 00 00 00 bc d3 ff 11 3e 00 00 00
                                 003345cfeef0 20 ef cf 45 33 00 00 00 98 c8 6a a8 20 00 00 00
                                 003345cfef00 c5 9d 1c 81 00 00 00 00 60 54 6d c0 3d 00 00 00
                                 003345cfef10 b0 e0 13 a6 20 00 00 00 90 54 6d c0 3d 00 00 00
                                 003345cfef20 80 ef cf 45 33 00 00 00 50 5b f2 a3 20 00 00 00
                                 003345cfef30 00 00 00 00 00 00 00 00 00 00 00 00 00 00 00 00
                                 003345cfef40 00 00 00 00 00 00 00 00 00 00 00 00 00 00 00 00
                                 003345cfef50 00 00 00 00 00 00 00 00 00 00 00 00 00 00 00 00
                                 003345cfef60 00 00 00 00 00 00 00 00 bc f3 12 12 3e 00 00 00
                                 003345cfef70 b8 f3 12 12 3e 00 00 00 10 f2 12 12 3e 00 00 00
                                 003345cfef80 b0 ef cf 45 33 00 00 00 b8 24 6b a8 20 00 00 00
                                 003345cfef90 00 00 00 00 00 00 00 00 00 00 00 00 00 00 00 00
                                 003345cfefa0 00 00 00 00 00 00 00 00 10 f2 12 12 3e 00 00 00
                                 003345cfefb0 d0 ef cf 45 33 00 00 00 84 69 6b a8 20 00 00 00
                                 003345cfefc0 00 00 00 00 00 00 00 00 00 00 00 00 00 00 00 00
    TLS Address:                 0000005c419c1600
    TLS Dump:                                 00 01 02 03 04 05 06 07 08 09 0a 0b 0c 0d 0e 0f
                                 005c419c1600 00 00 00 00 0c 00 00 00 00 00 00 00 00 00 00 00
                                 005c419c1610 00 00 00 00 00 00 00 00 00 00 00 00 00 00 00 00
                                 005c419c1620 53 46 43 4f 00 00 00 00 00 00 00 00 e7 59 ea d4
                                 005c419c1630 00 00 00 00 00 00 00 00 01 00 00 00 00 00 00 00
                                 005c419c1640 01 00 00 00 00 00 00 00 28 45 00 00 00 00 00 00
                                 005c419c1650 9c 18 55 00 00 00 00 00 00 00 00 00 00 00 00 00
                                 005c419c1660 00 00 00 00 00 00 00 00 00 00 00 00 00 00 00 00
                                 005c419c1670 00 00 00 00 00 00 00 00 00 00 00 00 00 00 00 00
                                 005c419c1680 00 00 00 00 00 00 00 00 00 00 00 00 00 00 00 00
                                 005c419c1690 00 00 00 00 00 00 00 00 00 00 00 00 00 00 00 00
                                 005c419c16a0 00 00 00 00 00 00 00 00 00 00 00 00 00 00 00 00
                                 005c419c16b0 00 00 00 00 00 00 00 00 00 00 00 00 00 00 00 00
                                 005c419c16c0 00 00 00 00 00 00 00 00 00 00 00 00 00 00 00 00
                                 005c419c16d0 00 00 00 00 00 00 00 00 00 00 00 00 00 00 00 00
                                 005c419c16e0 00 00 00 00 00 00 00 00 00 00 00 00 00 00 00 00
                                 005c419c16f0 00 00 00 00 00 00 00 00 00 00 00 00 00 00 00 00
Threads[26]:
    Thread ID:                   0000000000000bb8
    Thread Name:                 NetSystem
    Stack Region:                000000336ae1e000-000000336ae5e000
    Registers:
        X[00]:                   00000000004c4b40
        X[01]:                   0000003de9f6a6b0
        X[02]:                   0000003dea62fa08
        X[03]:                   000000336ae5ded4
        X[04]:                   0000000000200000
        X[05]:                   0000000000000000
        X[06]:                   0000000000000000
        X[07]:                   0000000000000000
        X[08]:                   0000000000000000
        X[09]:                   0000000000000000
        X[10]:                   0000000000000000
        X[11]:                   0000000000000000
        X[12]:                   0000000000000000
        X[13]:                   0000000000000000
        X[14]:                   0000000000000000
        X[15]:                   0000000000000000
        X[16]:                   0000000000000000
        X[17]:                   0000000000000000
        X[18]:                   0000000000000000
        X[19]:                   0000000000000000
        X[20]:                   0000000000000000
        X[21]:                   0000000000000000
        X[22]:                   0000000000000000
        X[23]:                   0000000000000000
        X[24]:                   0000000000000000
        X[25]:                   0000000000000000
        X[26]:                   0000000000000000
        X[27]:                   0000000000000000
        X[28]:                   0000000000000000
        FP:                      000000336ae5df80
        LR:                      00000020a3f11ab4 (cross2_Release.nss + 0x370dab4)
        SP:                      000000336ae5dd70
        PC:                      00000020a870785c (nnSdk + 0x38985c)
    Stack Trace:
        ReturnAddress[00]:       00000020a86b24b8 (nnSdk + 0x3344b8)
        ReturnAddress[01]:       00000020a86b6984 (nnSdk + 0x338984)
        ReturnAddress[02]:       0000000000000000
    Stack Dump:                               00 01 02 03 04 05 06 07 08 09 0a 0b 0c 0d 0e 0f
                                 00336ae5dd70 fc de e5 6a 33 00 00 00 e4 de e5 6a 33 00 00 00
                                 00336ae5dd80 c8 5b 69 ef 3d 00 00 00 d0 7b 69 ef 3d 00 00 00
                                 00336ae5dd90 28 de ab ef 3d 00 00 00 2c 01 00 00 00 00 00 00
                                 00336ae5dda0 94 de e5 6a 33 00 00 00 e0 9b 89 ef 3d 00 00 00
                                 00336ae5ddb0 e8 9b a9 ef 3d 00 00 00 00 90 31 c2 3d 00 00 00
                                 00336ae5ddc0 e0 9b a9 ef 3d 00 00 00 e8 9b ab ef 3d 00 00 00
                                 00336ae5ddd0 8c de e5 6a 33 00 00 00 40 90 31 c2 3d 00 00 00
                                 00336ae5dde0 e0 ae 31 c2 3d 00 00 00 d8 ac 31 c2 3d 00 00 00
                                 00336ae5ddf0 d0 aa 31 c2 3d 00 00 00 c8 a8 31 c2 3d 00 00 00
                                 00336ae5de00 c0 a6 31 c2 3d 00 00 00 b8 a4 31 c2 3d 00 00 00
                                 00336ae5de10 b0 a2 31 c2 3d 00 00 00 a8 a0 31 c2 3d 00 00 00
                                 00336ae5de20 a0 9e 31 c2 3d 00 00 00 98 9c 31 c2 3d 00 00 00
                                 00336ae5de30 90 9a 31 c2 3d 00 00 00 88 98 31 c2 3d 00 00 00
                                 00336ae5de40 80 96 31 c2 3d 00 00 00 78 94 31 c2 3d 00 00 00
                                 00336ae5de50 70 92 31 c2 3d 00 00 00 68 90 31 c2 3d 00 00 00
                                 00336ae5de60 f0 db ab ef 3d 00 00 00 a0 a0 31 c2 3d 00 00 00
    TLS Address:                 0000005fcf084400
    TLS Dump:                                 00 01 02 03 04 05 06 07 08 09 0a 0b 0c 0d 0e 0f
                                 005fcf084400 00 00 00 00 0e 08 e0 03 00 00 00 00 00 00 00 00
                                 005fcf084410 00 00 00 00 00 00 00 00 00 00 00 00 00 00 00 00
                                 005fcf084420 53 46 43 4f 00 00 00 00 00 00 00 00 91 ab e3 ac
                                 005fcf084430 00 00 00 00 00 00 00 00 00 00 00 00 00 00 00 00
                                 005fcf084440 03 00 00 00 ff ff 00 00 20 00 00 00 00 00 00 00
                                 005fcf084450 00 00 00 00 00 00 00 00 00 00 00 00 00 00 00 00
                                 005fcf084460 00 00 00 00 00 00 00 00 00 00 00 00 00 00 00 00
                                 005fcf084470 00 00 00 00 00 00 00 00 00 00 00 00 00 00 00 00
                                 005fcf084480 00 00 00 00 00 00 00 00 00 00 00 00 00 00 00 00
                                 005fcf084490 00 00 00 00 00 00 00 00 00 00 00 00 00 00 00 00
                                 005fcf0844a0 00 00 00 00 00 00 00 00 00 00 00 00 00 00 00 00
                                 005fcf0844b0 00 00 00 00 00 00 00 00 00 00 00 00 00 00 00 00
                                 005fcf0844c0 00 00 00 00 00 00 00 00 00 00 00 00 00 00 00 00
                                 005fcf0844d0 00 00 00 00 00 00 00 00 00 00 00 00 00 00 00 00
                                 005fcf0844e0 00 00 00 00 00 00 00 00 00 00 00 00 00 00 00 00
                                 005fcf0844f0 00 00 00 00 00 00 00 00 00 00 00 00 00 00 00 00
Threads[27]:
    Thread ID:                   0000000000000bb9
    Thread Name:                 NEX TransportBufferThread(send)
    Stack Region:                000000332c1d2000-000000332c1e2000
    Registers:
        X[00]:                   0000003def1d2310
        X[01]:                   0000003def19f094
        X[02]:                   0000000000ca818c
        X[03]:                   ffffffffffffffff
        X[04]:                   0000000000000000
        X[05]:                   0000000000000000
        X[06]:                   0000000000000000
        X[07]:                   0000000000000000
        X[08]:                   0000000000000000
        X[09]:                   0000000000000000
        X[10]:                   0000000000000000
        X[11]:                   0000000000000000
        X[12]:                   0000000000000000
        X[13]:                   0000000000000000
        X[14]:                   0000000000000000
        X[15]:                   0000000000000000
        X[16]:                   0000000000000000
        X[17]:                   0000000000000000
        X[18]:                   0000000000000000
        X[19]:                   0000000000000000
        X[20]:                   0000000000000000
        X[21]:                   0000000000000000
        X[22]:                   0000000000000000
        X[23]:                   0000000000000000
        X[24]:                   0000000000000000
        X[25]:                   0000000000000000
        X[26]:                   0000000000000000
        X[27]:                   0000000000000000
        X[28]:                   0000000000000000
        FP:                      000000332c1e1ec0
        LR:                      00000020a86b7998 (nnSdk + 0x339998) (_ZN2nn2os6detail38InternalConditionVariableImplByHorizon4WaitEPNS1_23InternalCriticalSectionE + 0x48)
        SP:                      000000332c1e1ea0
        PC:                      00000020a870792c (nnSdk + 0x38992c)
    Stack Trace:
        ReturnAddress[00]:       00000020a86ac464 (nnSdk + 0x32e464) (_ZN2nn2os21WaitConditionVariableEPNS0_21ConditionVariableTypeEPNS0_9MutexTypeE + 0x44)
        ReturnAddress[01]:       00000020a09b8478 (cross2_Release.nss + 0x1b4478)
        ReturnAddress[02]:       00000020a09fa7fc (cross2_Release.nss + 0x1f67fc)
        ReturnAddress[03]:       00000020a09b65e4 (cross2_Release.nss + 0x1b25e4)
        ReturnAddress[04]:       00000020a86b24b8 (nnSdk + 0x3344b8)
        ReturnAddress[05]:       00000020a86b6984 (nnSdk + 0x338984)
        ReturnAddress[06]:       0000000000000000
    Stack Dump:                               00 01 02 03 04 05 06 07 08 09 0a 0b 0c 0d 0e 0f
                                 00332c1e1ea0 d8 22 1d ef 3d 00 00 00 00 00 00 00 00 00 00 00
                                 00332c1e1eb0 e8 22 1d ef 3d 00 00 00 f8 22 1d ef 3d 00 00 00
                                 00332c1e1ec0 e0 1e 1e 2c 33 00 00 00 64 c4 6a a8 20 00 00 00
                                 00332c1e1ed0 e0 22 1d ef 3d 00 00 00 08 21 1d ef 3d 00 00 00
                                 00332c1e1ee0 00 1f 1e 2c 33 00 00 00 78 84 9b a0 20 00 00 00
                                 00332c1e1ef0 10 20 1d ef 3d 00 00 00 10 20 1d ef 3d 00 00 00
                                 00332c1e1f00 50 1f 1e 2c 33 00 00 00 fc a7 9f a0 20 00 00 00
                                 00332c1e1f10 00 00 00 00 00 00 00 00 08 00 00 00 00 00 00 00
                                 00332c1e1f20 00 00 00 00 00 00 00 00 00 00 00 00 00 00 00 00
                                 00332c1e1f30 00 00 00 00 00 00 00 00 bc 91 1e ef 3d 00 00 00
                                 00332c1e1f40 0c 11 ab a5 20 00 00 00 30 a1 14 ef 3d 00 00 00
                                 00332c1e1f50 80 1f 1e 2c 33 00 00 00 e4 65 9b a0 20 00 00 00
                                 00332c1e1f60 00 00 00 00 00 00 00 00 30 a1 14 ef 3d 00 00 00
                                 00332c1e1f70 b8 91 1e ef 3d 00 00 00 10 90 1e ef 3d 00 00 00
                                 00332c1e1f80 b0 1f 1e 2c 33 00 00 00 b8 24 6b a8 20 00 00 00
                                 00332c1e1f90 00 00 00 00 00 00 00 00 00 00 00 00 00 00 00 00
    TLS Address:                 0000005fcf084600
    TLS Dump:                                 00 01 02 03 04 05 06 07 08 09 0a 0b 0c 0d 0e 0f
                                 005fcf084600 00 00 00 00 0d 00 00 00 00 00 00 00 00 00 00 00
                                 005fcf084610 00 00 00 00 00 00 00 00 00 00 00 00 00 00 00 00
                                 005fcf084620 53 46 43 4f 00 00 00 00 00 00 00 00 aa d9 b8 a9
                                 005fcf084630 12 00 00 00 00 00 00 00 00 00 00 00 00 00 00 00
                                 005fcf084640 00 00 00 00 00 00 00 00 00 00 00 00 00 00 00 00
                                 005fcf084650 00 00 00 00 00 00 00 00 00 00 00 00 00 00 00 00
                                 005fcf084660 00 00 00 00 00 00 00 00 00 00 00 00 00 00 00 00
                                 005fcf084670 00 00 00 00 00 00 00 00 00 00 00 00 00 00 00 00
                                 005fcf084680 00 00 00 00 00 00 00 00 00 00 00 00 00 00 00 00
                                 005fcf084690 00 00 00 00 00 00 00 00 00 00 00 00 00 00 00 00
                                 005fcf0846a0 00 00 00 00 00 00 00 00 00 00 00 00 00 00 00 00
                                 005fcf0846b0 00 00 00 00 00 00 00 00 00 00 00 00 00 00 00 00
                                 005fcf0846c0 00 00 00 00 00 00 00 00 00 00 00 00 00 00 00 00
                                 005fcf0846d0 00 00 00 00 00 00 00 00 00 00 00 00 00 00 00 00
                                 005fcf0846e0 00 00 00 00 00 00 00 00 00 00 00 00 00 00 00 00
                                 005fcf0846f0 00 00 00 00 00 00 00 00 00 00 00 00 00 00 00 00
Threads[28]:
    Thread ID:                   0000000000000bbb
    Thread Name:                 NEX TransportBufferThread(recv 
    Stack Region:                000000335c4a3000-000000335c4b3000
    Registers:
        X[00]:                   00000000001481dd
        X[01]:                   0000005fcf084800
        X[02]:                   00000000001481dd
        X[03]:                   000000335c4b29c0
        X[04]:                   0000000000000fe0
        X[05]:                   0000000000000019
        X[06]:                   0000005fcf084800
        X[07]:                   0000000000000001
        X[08]:                   0000000000000000
        X[09]:                   0000000000000000
        X[10]:                   0000000000000000
        X[11]:                   0000000000000000
        X[12]:                   0000000000000000
        X[13]:                   0000000000000000
        X[14]:                   0000000000000000
        X[15]:                   0000000000000000
        X[16]:                   0000000000000000
        X[17]:                   0000000000000000
        X[18]:                   0000000000000000
        X[19]:                   0000000000000000
        X[20]:                   0000000000000000
        X[21]:                   0000000000000000
        X[22]:                   0000000000000000
        X[23]:                   0000000000000000
        X[24]:                   0000000000000000
        X[25]:                   0000000000000000
        X[26]:                   0000000000000000
        X[27]:                   0000000000000000
        X[28]:                   0000000000000000
        FP:                      000000335c4b2930
        LR:                      00000020a86e5684 (nnSdk + 0x367684) (_ZN2nn2sf4hipc15SendSyncRequestENS_3svc6HandleEPvm + 0x34)
        SP:                      000000335c4b2930
        PC:                      00000020a8707954 (nnSdk + 0x389954)
    Stack Trace:
        ReturnAddress[00]:       00000020a86f9160 (nnSdk + 0x37b160) (_ZN2nn2sf4cmif6client34CmifDomainProxyClientCoreProcessorINS0_4hipc6client38Hipc2ClientSessionManagedProxyKindBaseINS5_18Hipc2P + 0x160)
        ReturnAddress[01]:       00000020a86f8160 (nnSdk + 0x37a160)
        ReturnAddress[02]:       00000020a86f2928 (nnSdk + 0x374928) (_ZN2nn6socket6detail4PollEP6pollfdmi + 0xa8)
        ReturnAddress[03]:       00000020a09c1874 (cross2_Release.nss + 0x1bd874)
        ReturnAddress[04]:       00000020a09c2a7c (cross2_Release.nss + 0x1bea7c)
        ReturnAddress[05]:       00000020a09fb564 (cross2_Release.nss + 0x1f7564)
        ReturnAddress[06]:       00000020a09fb76c (cross2_Release.nss + 0x1f776c)
        ReturnAddress[07]:       00000020a09b65e4 (cross2_Release.nss + 0x1b25e4)
        ReturnAddress[08]:       00000020a86b24b8 (nnSdk + 0x3344b8)
        ReturnAddress[09]:       00000020a86b6984 (nnSdk + 0x338984)
        ReturnAddress[10]:       0000000000000000
    Stack Dump:                               00 01 02 03 04 05 06 07 08 09 0a 0b 0c 0d 0e 0f
                                 00335c4b2930 50 2a 4b 5c 33 00 00 00 60 91 6f a8 20 00 00 00
                                 00335c4b2940 72 ad 08 00 00 00 00 00 a4 2a 4b 5c 33 00 00 00
                                 00335c4b2950 a0 2a 4b 5c 33 00 00 00 01 00 00 00 00 00 11 01
                                 00335c4b2960 0f 0c 00 00 00 00 00 00 00 00 00 00 00 00 00 00
                                 00335c4b2970 00 00 00 00 02 00 00 00 04 00 00 00 07 00 00 00
                                 00335c4b2980 00 00 00 00 0a 00 00 00 19 00 00 00 1b 00 00 00
                                 00335c4b2990 00 00 00 00 00 00 00 00 00 00 00 00 00 00 00 00
                                 00335c4b29a0 00 00 00 00 02 00 00 00 00 00 00 00 00 00 00 00
                                 00335c4b29b0 00 00 00 00 04 00 00 00 12 00 00 00 14 00 00 00
                                 00335c4b29c0 21 00 00 00 22 00 00 00 d0 2a 4b 5c 33 00 00 00
                                 00335c4b29d0 08 00 00 00 00 00 00 00 d0 2a 4b 5c 33 00 00 00
                                 00335c4b29e0 08 00 00 00 00 00 00 00 58 29 4b 5c 33 00 00 00
                                 00335c4b29f0 00 48 08 cf 5f 00 00 00 00 00 00 00 00 00 00 00
                                 00335c4b2a00 48 2d 4b 5c 33 00 00 00 00 00 00 00 00 00 00 00
                                 00335c4b2a10 01 00 00 00 00 00 00 00 04 00 00 00 00 00 00 00
                                 00335c4b2a20 60 2d 4b 5c 33 00 00 00 dc 2a 4b 5c 33 00 00 00
    TLS Address:                 0000005fcf084800
    TLS Dump:                                 00 01 02 03 04 05 06 07 08 09 0a 0b 0c 0d 0e 0f
                                 005fcf084800 00 00 01 00 0e 08 e0 03 c0 30 08 00 d0 2a 4b 5c
                                 005fcf084810 00 00 00 00 00 00 00 00 00 00 00 00 00 00 00 00
                                 005fcf084820 53 46 43 4f 00 00 00 00 00 00 00 00 91 ab e3 ac
                                 005fcf084830 00 00 00 00 00 00 00 00 00 00 00 00 00 00 00 00
                                 005fcf084840 00 00 00 00 00 00 00 00 06 00 00 00 00 00 00 00
                                 005fcf084850 01 00 00 00 64 00 00 00 00 00 00 00 00 00 00 00
                                 005fcf084860 08 00 00 00 d0 2a 4b 5c 33 00 08 00 00 00 00 00
                                 005fcf084870 00 00 00 00 00 00 00 00 00 00 00 00 00 00 00 00
                                 005fcf084880 00 00 00 00 00 00 00 00 00 00 00 00 00 00 00 00
                                 005fcf084890 00 00 00 00 00 00 00 00 00 00 00 00 00 00 00 00
                                 005fcf0848a0 00 00 00 00 00 00 00 00 00 00 00 00 00 00 00 00
                                 005fcf0848b0 00 00 00 00 00 00 00 00 00 00 00 00 00 00 00 00
                                 005fcf0848c0 00 00 00 00 00 00 00 00 00 00 00 00 00 00 00 00
                                 005fcf0848d0 00 00 00 00 00 00 00 00 00 00 00 00 00 00 00 00
                                 005fcf0848e0 00 00 00 00 00 00 00 00 00 00 00 00 00 00 00 00
                                 005fcf0848f0 00 00 00 00 00 00 00 00 00 00 00 00 00 00 00 00
Threads[29]:
    Thread ID:                   0000000000000bd9
    Thread Name:                 Pia BackgroundScheduler
    Stack Region:                0000003318fbd000-0000003318fc2000
    Registers:
        X[00]:                   0000003de9f6a894
        X[01]:                   0000003de9f6a898
        X[02]:                   0000000000ef0190
        X[03]:                   ffffffffffffffff
        X[04]:                   0000000000000000
        X[05]:                   0000000000000000
        X[06]:                   0000000000000000
        X[07]:                   0000000000000000
        X[08]:                   0000000000000000
        X[09]:                   0000000000000000
        X[10]:                   0000000000000000
        X[11]:                   0000000000000000
        X[12]:                   0000000000000000
        X[13]:                   0000000000000000
        X[14]:                   0000000000000000
        X[15]:                   0000000000000000
        X[16]:                   0000000000000000
        X[17]:                   0000000000000000
        X[18]:                   0000000000000000
        X[19]:                   0000000000000000
        X[20]:                   0000000000000000
        X[21]:                   0000000000000000
        X[22]:                   0000000000000000
        X[23]:                   0000000000000000
        X[24]:                   0000000000000000
        X[25]:                   0000000000000000
        X[26]:                   0000000000000000
        X[27]:                   0000000000000000
        X[28]:                   0000000000000000
        FP:                      0000003318fc1ec0
        LR:                      00000020a86b7998 (nnSdk + 0x339998) (_ZN2nn2os6detail38InternalConditionVariableImplByHorizon4WaitEPNS1_23InternalCriticalSectionE + 0x48)
        SP:                      0000003318fc1ea0
        PC:                      00000020a870792c (nnSdk + 0x38992c)
    Stack Trace:
        ReturnAddress[00]:       00000020a86ac898 (nnSdk + 0x32e898) (_ZN2nn2os9WaitEventEPNS0_9EventTypeE + 0x48)
        ReturnAddress[01]:       00000020a08baddc (cross2_Release.nss + 0xb6ddc)
        ReturnAddress[02]:       00000020a093f620 (cross2_Release.nss + 0x13b620)
        ReturnAddress[03]:       00000020a094008c (cross2_Release.nss + 0x13c08c)
        ReturnAddress[04]:       00000020a86b24b8 (nnSdk + 0x3344b8)
        ReturnAddress[05]:       00000020a86b6984 (nnSdk + 0x338984)
        ReturnAddress[06]:       0000000000000000
    Stack Dump:                               00 01 02 03 04 05 06 07 08 09 0a 0b 0c 0d 0e 0f
                                 003318fc1ea0 98 a8 f6 e9 3d 00 00 00 78 26 63 ea 3d 00 00 00
                                 003318fc1eb0 78 a8 f6 e9 3d 00 00 00 94 a8 f6 e9 3d 00 00 00
                                 003318fc1ec0 f0 1e fc 18 33 00 00 00 98 c8 6a a8 20 00 00 00
                                 003318fc1ed0 a8 a8 f6 e9 3d 00 00 00 38 a7 f6 e9 3d 00 00 00
                                 003318fc1ee0 58 a7 f6 e9 3d 00 00 00 f0 a6 f6 e9 3d 00 00 00
                                 003318fc1ef0 40 1f fc 18 33 00 00 00 dc ad 8b a0 20 00 00 00
                                 003318fc1f00 00 00 00 00 00 00 00 00 43 4d 23 f6 a8 01 00 00
                                 003318fc1f10 00 00 00 00 00 00 00 00 00 00 00 00 00 00 00 00
                                 003318fc1f20 00 00 00 00 00 00 00 00 cc 01 f7 e9 3d 00 00 00
                                 003318fc1f30 88 a7 f6 e9 3d 00 00 00 58 a7 f6 e9 3d 00 00 00
                                 003318fc1f40 60 1f fc 18 33 00 00 00 20 f6 93 a0 20 00 00 00
                                 003318fc1f50 1e 00 00 00 00 00 00 00 58 a7 f6 e9 3d 00 00 00
                                 003318fc1f60 80 1f fc 18 33 00 00 00 8c 00 94 a0 20 00 00 00
                                 003318fc1f70 c8 01 f7 e9 3d 00 00 00 20 00 f7 e9 3d 00 00 00
                                 003318fc1f80 b0 1f fc 18 33 00 00 00 b8 24 6b a8 20 00 00 00
                                 003318fc1f90 00 00 00 00 00 00 00 00 00 00 00 00 00 00 00 00
    TLS Address:                 0000005c419c1a00
    TLS Dump:                                 00 01 02 03 04 05 06 07 08 09 0a 0b 0c 0d 0e 0f
                                 005c419c1a00 00 00 00 00 0c 08 e0 03 00 00 00 00 00 00 00 00
                                 005c419c1a10 00 00 00 00 00 00 00 00 00 00 00 00 00 00 00 00
                                 005c419c1a20 53 46 43 4f 00 00 00 00 00 00 00 00 7a c5 9f e8
                                 005c419c1a30 00 00 00 00 00 00 00 00 00 00 00 00 00 00 00 00
                                 005c419c1a40 53 46 43 49 01 00 00 00 ce 29 00 00 00 00 00 00
                                 005c419c1a50 b6 a6 11 0a a1 a5 00 10 8b 7f 97 82 a1 c7 c8 b0
                                 005c419c1a60 00 00 00 00 00 00 00 00 00 00 00 00 00 00 00 00
                                 005c419c1a70 00 00 00 00 00 00 00 00 00 00 00 00 00 00 00 00
                                 005c419c1a80 00 00 00 00 00 00 00 00 00 00 00 00 00 00 00 00
                                 005c419c1a90 00 00 00 00 00 00 00 00 00 00 00 00 00 00 00 00
                                 005c419c1aa0 00 00 00 00 00 00 00 00 00 00 00 00 00 00 00 00
                                 005c419c1ab0 00 00 00 00 00 00 00 00 00 00 00 00 00 00 00 00
                                 005c419c1ac0 00 00 00 00 00 00 00 00 00 00 00 00 00 00 00 00
                                 005c419c1ad0 00 00 00 00 00 00 00 00 00 00 00 00 00 00 00 00
                                 005c419c1ae0 00 00 00 00 00 00 00 00 00 00 00 00 00 00 00 00
                                 005c419c1af0 00 00 00 00 00 00 00 00 00 00 00 00 00 00 00 00
Threads[30]:
    Thread ID:                   0000000000000bda
    Thread Name:                 Pia ReceiveThreadStream
    Stack Region:                0000003337225000-0000003337229000
    Registers:
        X[00]:                   0000003de9f784ec
        X[01]:                   0000003de9f784f0
        X[02]:                   0000000000ef8198
        X[03]:                   00000000004c4aa3
        X[04]:                   0000000000000000
        X[05]:                   0000000000000000
        X[06]:                   0000000000000000
        X[07]:                   0000000000000000
        X[08]:                   0000000000000000
        X[09]:                   0000000000000000
        X[10]:                   0000000000000000
        X[11]:                   0000000000000000
        X[12]:                   0000000000000000
        X[13]:                   0000000000000000
        X[14]:                   0000000000000000
        X[15]:                   0000000000000000
        X[16]:                   0000000000000000
        X[17]:                   0000000000000000
        X[18]:                   0000000000000000
        X[19]:                   0000000000000000
        X[20]:                   0000000000000000
        X[21]:                   0000000000000000
        X[22]:                   0000000000000000
        X[23]:                   0000000000000000
        X[24]:                   0000000000000000
        X[25]:                   0000000000000000
        X[26]:                   0000000000000000
        X[27]:                   0000000000000000
        X[28]:                   0000000000000000
        FP:                      0000003337228e70
        LR:                      00000020a86b7a54 (nnSdk + 0x339a54) (_ZN2nn2os6detail38InternalConditionVariableImplByHorizon9TimedWaitEPNS1_23InternalCriticalSectionERKNS1_13TimeoutHelperE + 0x64)
        SP:                      0000003337228e40
        PC:                      00000020a870792c (nnSdk + 0x38992c)
    Stack Trace:
        ReturnAddress[00]:       00000020a86ac9ac (nnSdk + 0x32e9ac) (_ZN2nn2os14TimedWaitEventEPNS0_9EventTypeENS_8TimeSpanE + 0x8c)
        ReturnAddress[01]:       00000020a0968ae4 (cross2_Release.nss + 0x164ae4)
        ReturnAddress[02]:       00000020a093f620 (cross2_Release.nss + 0x13b620)
        ReturnAddress[03]:       00000020a094008c (cross2_Release.nss + 0x13c08c)
        ReturnAddress[04]:       00000020a86b24b8 (nnSdk + 0x3344b8)
        ReturnAddress[05]:       00000020a86b6984 (nnSdk + 0x338984)
        ReturnAddress[06]:       0000000000000000
    Stack Dump:                               00 01 02 03 04 05 06 07 08 09 0a 0b 0c 0d 0e 0f
                                 003337228e40 64 8e 22 37 33 00 00 00 d8 8e 22 37 33 00 00 00
                                 003337228e50 00 00 00 00 00 00 00 00 f0 84 f7 e9 3d 00 00 00
                                 003337228e60 ec 84 f7 e9 3d 00 00 00 d0 84 f7 e9 3d 00 00 00
                                 003337228e70 b0 8e 22 37 33 00 00 00 ac c9 6a a8 20 00 00 00
                                 003337228e80 48 c1 c9 a4 20 00 00 00 32 2f 2a 32 aa 01 00 00
                                 003337228e90 cc 8e 22 37 33 00 00 00 b0 84 f7 e9 3d 00 00 00
                                 003337228ea0 60 89 f7 e9 3d 00 00 00 58 84 f7 e9 3d 00 00 00
                                 003337228eb0 40 8f 22 37 33 00 00 00 e4 8a 96 a0 20 00 00 00
                                 003337228ec0 00 85 f7 e9 3d 00 00 00 09 2c 00 00 01 00 00 00
                                 003337228ed0 00 00 00 00 00 00 00 00 09 2c 00 00 01 00 00 00
                                 003337228ee0 00 00 00 00 3d 00 00 00 00 00 00 00 3d 00 00 00
                                 003337228ef0 00 00 00 00 00 00 00 00 00 00 00 00 00 00 00 00
                                 003337228f00 00 00 00 00 00 00 00 00 00 00 00 00 00 00 00 00
                                 003337228f10 00 00 00 00 00 00 00 00 00 00 00 00 00 00 00 00
                                 003337228f20 00 00 00 00 00 00 00 00 cc d1 f7 e9 3d 00 00 00
                                 003337228f30 90 89 f7 e9 3d 00 00 00 60 89 f7 e9 3d 00 00 00
    TLS Address:                 0000005c419c1c00
    TLS Dump:                                 00 01 02 03 04 05 06 07 08 09 0a 0b 0c 0d 0e 0f
                                 005c419c1c00 00 00 02 00 0f 08 e0 03 c0 d0 c0 05 c0 70 f8 e9
                                 005c419c1c10 c1 30 10 00 10 8c 22 37 00 00 00 00 00 00 00 00
                                 005c419c1c20 00 00 00 00 00 00 00 00 00 00 00 00 00 00 00 00
                                 005c419c1c30 53 46 43 4f 00 00 00 00 00 00 00 00 91 ab e3 ac
                                 005c419c1c40 ff ff ff ff 0b 00 00 00 00 00 00 00 00 00 00 00
                                 005c419c1c50 00 00 00 00 00 00 00 00 c0 05 10 00 c0 70 f8 e9
                                 005c419c1c60 3d 00 c0 05 10 8c 22 37 33 00 10 00 00 00 00 00
                                 005c419c1c70 00 00 00 00 00 00 00 00 00 00 00 00 00 00 00 00
                                 005c419c1c80 00 00 00 00 00 00 00 00 00 00 00 00 00 00 00 00
                                 005c419c1c90 00 00 00 00 00 00 00 00 00 00 00 00 00 00 00 00
                                 005c419c1ca0 00 00 00 00 00 00 00 00 00 00 00 00 00 00 00 00
                                 005c419c1cb0 00 00 00 00 00 00 00 00 00 00 00 00 00 00 00 00
                                 005c419c1cc0 00 00 00 00 00 00 00 00 00 00 00 00 00 00 00 00
                                 005c419c1cd0 00 00 00 00 00 00 00 00 00 00 00 00 00 00 00 00
                                 005c419c1ce0 00 00 00 00 00 00 00 00 00 00 00 00 00 00 00 00
                                 005c419c1cf0 00 00 00 00 00 00 00 00 00 00 00 00 00 00 00 00
Threads[31]:
    Thread ID:                   0000000000000bdb
    Thread Name:                 Pia SendThreadStream
    Stack Region:                0000003315e6e000-0000003315e72000
    Registers:
        X[00]:                   0000003de9fe2cf4
        X[01]:                   0000003de9fe2cf8
        X[02]:                   0000000000f00193
        X[03]:                   00000000004c499f
        X[04]:                   0000000000000000
        X[05]:                   0000000000000000
        X[06]:                   0000000000000000
        X[07]:                   0000000000000000
        X[08]:                   0000000000000000
        X[09]:                   0000000000000000
        X[10]:                   0000000000000000
        X[11]:                   0000000000000000
        X[12]:                   0000000000000000
        X[13]:                   0000000000000000
        X[14]:                   0000000000000000
        X[15]:                   0000000000000000
        X[16]:                   0000000000000000
        X[17]:                   0000000000000000
        X[18]:                   0000000000000000
        X[19]:                   0000000000000000
        X[20]:                   0000000000000000
        X[21]:                   0000000000000000
        X[22]:                   0000000000000000
        X[23]:                   0000000000000000
        X[24]:                   0000000000000000
        X[25]:                   0000000000000000
        X[26]:                   0000000000000000
        X[27]:                   0000000000000000
        X[28]:                   0000000000000000
        FP:                      0000003315e71e70
        LR:                      00000020a86b7a54 (nnSdk + 0x339a54) (_ZN2nn2os6detail38InternalConditionVariableImplByHorizon9TimedWaitEPNS1_23InternalCriticalSectionERKNS1_13TimeoutHelperE + 0x64)
        SP:                      0000003315e71e40
        PC:                      00000020a870792c (nnSdk + 0x38992c)
    Stack Trace:
        ReturnAddress[00]:       00000020a86ac9ac (nnSdk + 0x32e9ac) (_ZN2nn2os14TimedWaitEventEPNS0_9EventTypeENS_8TimeSpanE + 0x8c)
        ReturnAddress[01]:       00000020a0968ae4 (cross2_Release.nss + 0x164ae4)
        ReturnAddress[02]:       00000020a093f620 (cross2_Release.nss + 0x13b620)
        ReturnAddress[03]:       00000020a094008c (cross2_Release.nss + 0x13c08c)
        ReturnAddress[04]:       00000020a86b24b8 (nnSdk + 0x3344b8)
        ReturnAddress[05]:       00000020a86b6984 (nnSdk + 0x338984)
        ReturnAddress[06]:       0000000000000000
    Stack Dump:                               00 01 02 03 04 05 06 07 08 09 0a 0b 0c 0d 0e 0f
                                 003315e71e40 00 00 00 00 00 00 00 00 09 2c 00 00 01 00 00 00
                                 003315e71e50 00 00 00 00 00 00 00 00 f8 2c fe e9 3d 00 00 00
                                 003315e71e60 f4 2c fe e9 3d 00 00 00 d8 2c fe e9 3d 00 00 00
                                 003315e71e70 b0 1e e7 15 33 00 00 00 ac c9 6a a8 20 00 00 00
                                 003315e71e80 00 f8 24 01 00 00 00 00 f6 ee 29 32 aa 01 00 00
                                 003315e71e90 cc 1e e7 15 33 00 00 00 b8 2c fe e9 3d 00 00 00
                                 003315e71ea0 68 31 fe e9 3d 00 00 00 60 2c fe e9 3d 00 00 00
                                 003315e71eb0 40 1f e7 15 33 00 00 00 e4 8a 96 a0 20 00 00 00
                                 003315e71ec0 08 2d fe e9 3d 00 00 00 09 2c 00 00 01 00 00 00
                                 003315e71ed0 00 00 00 00 00 00 00 00 09 2c 00 00 01 00 00 00
                                 003315e71ee0 00 00 00 00 3d 00 00 00 00 00 00 00 3d 00 00 00
                                 003315e71ef0 00 00 00 00 00 00 00 00 00 00 00 00 00 00 00 00
                                 003315e71f00 00 00 00 00 00 00 00 00 00 00 00 00 00 00 00 00
                                 003315e71f10 00 00 00 00 00 00 00 00 00 00 00 00 00 00 00 00
                                 003315e71f20 00 00 00 00 00 00 00 00 cc 81 fe e9 3d 00 00 00
                                 003315e71f30 98 31 fe e9 3d 00 00 00 68 31 fe e9 3d 00 00 00
    TLS Address:                 0000005c419c1e00
    TLS Dump:                                 00 01 02 03 04 05 06 07 08 09 0a 0b 0c 0d 0e 0f
                                 005c419c1e00 00 00 00 00 0e 08 e0 03 00 00 00 00 00 00 00 00
                                 005c419c1e10 00 00 00 00 00 00 00 00 00 00 00 00 00 00 00 00
                                 005c419c1e20 53 46 43 4f 00 00 00 00 00 00 00 00 91 ab e3 ac
                                 005c419c1e30 40 00 00 00 00 00 00 00 00 00 00 00 00 00 00 00
                                 005c419c1e40 53 46 43 49 01 00 00 00 0b 00 00 00 00 00 00 00
                                 005c419c1e50 03 00 00 00 00 00 00 00 00 00 00 00 00 00 00 00
                                 005c419c1e60 00 00 00 00 00 00 00 00 00 00 00 00 00 00 00 00
                                 005c419c1e70 00 00 00 00 00 00 00 00 00 00 00 00 00 00 00 00
                                 005c419c1e80 00 00 00 00 00 00 00 00 00 00 00 00 00 00 00 00
                                 005c419c1e90 00 00 00 00 00 00 00 00 00 00 00 00 00 00 00 00
                                 005c419c1ea0 00 00 00 00 00 00 00 00 00 00 00 00 00 00 00 00
                                 005c419c1eb0 00 00 00 00 00 00 00 00 00 00 00 00 00 00 00 00
                                 005c419c1ec0 00 00 00 00 00 00 00 00 00 00 00 00 00 00 00 00
                                 005c419c1ed0 00 00 00 00 00 00 00 00 00 00 00 00 00 00 00 00
                                 005c419c1ee0 00 00 00 00 00 00 00 00 00 00 00 00 00 00 00 00
                                 005c419c1ef0 00 00 00 00 00 00 00 00 00 00 00 00 00 00 00 00
Threads[32]:
    Thread ID:                   0000000000000be0
    Thread Name:                 nus3::nopus decode
    Stack Region:                0000003328c28000-0000003328c30000
    Registers:
        X[00]:                   00000000000f4240
        X[01]:                   0000000000000000
        X[02]:                   0000000000000000
        X[03]:                   0000000000000000
        X[04]:                   0000000000000000
        X[05]:                   0000000000000000
        X[06]:                   0000000000000000
        X[07]:                   0000000000000000
        X[08]:                   0000000000000000
        X[09]:                   0000000000000000
        X[10]:                   0000000000000000
        X[11]:                   0000000000000000
        X[12]:                   0000000000000000
        X[13]:                   0000000000000000
        X[14]:                   0000000000000000
        X[15]:                   0000000000000000
        X[16]:                   0000000000000000
        X[17]:                   0000000000000000
        X[18]:                   0000000000000000
        X[19]:                   0000000000000000
        X[20]:                   0000000000000000
        X[21]:                   0000000000000000
        X[22]:                   0000000000000000
        X[23]:                   0000000000000000
        X[24]:                   0000000000000000
        X[25]:                   0000000000000000
        X[26]:                   0000000000000000
        X[27]:                   0000000000000000
        X[28]:                   0000000000000000
        FP:                      0000003328c2ff60
        LR:                      00000020a4198b50 (cross2_Release.nss + 0x3994b50)
        SP:                      0000003328c2fe20
        PC:                      00000020a870785c (nnSdk + 0x38985c)
    Stack Trace:
        ReturnAddress[00]:       00000020a41a1634 (cross2_Release.nss + 0x399d634)
        ReturnAddress[01]:       00000020a86b24b8 (nnSdk + 0x3344b8)
        ReturnAddress[02]:       00000020a86b6984 (nnSdk + 0x338984)
        ReturnAddress[03]:       0000000000000000
    Stack Dump:                               00 01 02 03 04 05 06 07 08 09 0a 0b 0c 0d 0e 0f
                                 003328c2fe20 88 53 82 16 3e 00 00 00 a0 53 82 16 3e 00 00 00
                                 003328c2fe30 14 53 82 16 3e 00 00 00 fc 52 82 16 3e 00 00 00
                                 003328c2fe40 f8 52 82 16 3e 00 00 00 08 53 82 16 3e 00 00 00
                                 003328c2fe50 90 53 82 16 3e 00 00 00 2c 53 82 16 3e 00 00 00
                                 003328c2fe60 9a 53 82 16 3e 00 00 00 c0 52 82 16 3e 00 00 00
                                 003328c2fe70 10 53 82 16 3e 00 00 00 04 53 82 16 3e 00 00 00
                                 003328c2fe80 bc 52 82 16 3e 00 00 00 24 53 82 16 3e 00 00 00
                                 003328c2fe90 f0 52 82 16 3e 00 00 00 a4 53 82 16 3e 00 00 00
                                 003328c2fea0 18 53 82 16 3e 00 00 00 8e 53 82 16 3e 00 00 00
                                 003328c2feb0 a8 53 82 16 3e 00 00 00 00 00 00 00 00 00 00 00
                                 003328c2fec0 38 53 82 16 3e 00 00 00 e8 52 82 16 3e 00 00 00
                                 003328c2fed0 d8 52 82 16 3e 00 00 00 ec 52 82 16 3e 00 00 00
                                 003328c2fee0 78 53 82 16 3e 00 00 00 98 53 82 16 3e 00 00 00
                                 003328c2fef0 e0 52 82 16 3e 00 00 00 00 00 00 00 c0 03 00 00
                                 003328c2ff00 a8 00 00 00 00 00 00 00 00 00 00 00 00 00 00 00
                                 003328c2ff10 00 00 00 00 00 00 00 00 00 00 00 00 00 00 00 00
    TLS Address:                 0000005c419c1800
    TLS Dump:                                 00 01 02 03 04 05 06 07 08 09 0a 0b 0c 0d 0e 0f
                                 005c419c1800 00 00 00 00 0c 08 e0 03 00 00 00 00 00 00 00 00
                                 005c419c1810 53 46 43 4f 00 00 00 00 00 00 00 00 01 97 b0 7a
                                 005c419c1820 a8 00 00 00 c0 03 00 00 6c 03 00 00 00 00 00 00
                                 005c419c1830 00 00 00 00 00 00 00 00 00 00 00 00 00 00 00 00
                                 005c419c1840 00 00 00 00 00 00 00 00 00 00 00 00 00 00 00 00
                                 005c419c1850 00 00 00 00 00 00 00 00 00 00 00 00 00 00 00 00
                                 005c419c1860 00 00 00 00 00 00 00 00 00 00 00 00 00 00 00 00
                                 005c419c1870 00 00 00 00 00 00 00 00 00 00 00 00 00 00 00 00
                                 005c419c1880 00 00 00 00 00 00 00 00 00 00 00 00 00 00 00 00
                                 005c419c1890 00 00 00 00 00 00 00 00 00 00 00 00 00 00 00 00
                                 005c419c18a0 00 00 00 00 00 00 00 00 00 00 00 00 00 00 00 00
                                 005c419c18b0 00 00 00 00 00 00 00 00 00 00 00 00 00 00 00 00
                                 005c419c18c0 00 00 00 00 00 00 00 00 00 00 00 00 00 00 00 00
                                 005c419c18d0 00 00 00 00 00 00 00 00 00 00 00 00 00 00 00 00
                                 005c419c18e0 00 00 00 00 00 00 00 00 00 00 00 00 00 00 00 00
                                 005c419c18f0 00 00 00 00 00 00 00 00 00 00 00 00 00 00 00 00
