Atmosphère Crash Report (v1.7):
Result:                          0x0 (2000-0000)

Process Info:
    Process Name:                Application
    Program ID:                  01006a800016e000
    Process ID:                  00000000000000af
    Process Flags:               00000077
    User Exception Address:      0000002d79f06000
Exception Info:
    Type:                        User Break
    Address:                     00000015f0d07998 (nnSdk + 0x389998)
    Break Reason:                0x0
    Break Address:               0000005962241ef8
    Break Size:                  0x4
Crashed Thread Info:
    Thread ID:                   0000000000001a4f
    Thread Name:                 NxSystemThread
    Stack Region:                0000005962241000-0000005962242000
    Registers:
        X[00]:                   0000000000000000
        X[01]:                   0000005962241ef8
        X[02]:                   0000000000000004
        X[03]:                   0000000000000000
        X[04]:                   0000000000000000
        X[05]:                   0000000000000000
        X[06]:                   0000000000000000
        X[07]:                   0000000000000000
        X[08]:                   0000000000000000
        X[09]:                   0000000000000000
        X[10]:                   0000000000000000
        X[11]:                   0000000000000000
        X[12]:                   0000000000000000
        X[13]:                   0000000000000000
        X[14]:                   0000000000000000
        X[15]:                   0000000000000000
        X[16]:                   0000000000000000
        X[17]:                   0000000000000000
        X[18]:                   0000000000000000
        X[19]:                   0000000000000000
        X[20]:                   0000000000000000
        X[21]:                   0000000000000000
        X[22]:                   0000000000000000
        X[23]:                   0000000000000000
        X[24]:                   0000000000000000
        X[25]:                   0000000000000000
        X[26]:                   0000000000000000
        X[27]:                   0000000000000000
        X[28]:                   0000000000000000
        FP:                      0000005962241d50
        LR:                      00000015f0b01ad8 (nnSdk + 0x183ad8) (_ZN2nn4diag6detail5AbortEPKNS_6ResultE + 0x18)
        SP:                      0000005962241d50
        PC:                      00000015f0d07994 (nnSdk + 0x389994)
    Stack Trace:
        ReturnAddress[00]:       00000015f0b004a0 (nnSdk + 0x1824a0) (_ZN2nn4diag6detail9AbortImplEPKcS3_S3_iPKNS_6ResultEPKNS_2os17UserExceptionInfoES3_z + 0x0)
        ReturnAddress[01]:       00000015f0b00564 (nnSdk + 0x182564)
        ReturnAddress[02]:       00000015f0b00600 (nnSdk + 0x182600) (_ZN2nn4diag6detail18OnAssertionFailureENS0_13AssertionTypeEPKcS4_S4_iS4_z + 0x0)
        ReturnAddress[03]:       00000015f0cabfc8 (nnSdk + 0x32dfc8)
        ReturnAddress[04]:       00000015f0cb05ac (nnSdk + 0x3325ac)
        ReturnAddress[05]:       00000015f0cb055c (nnSdk + 0x33255c)
        ReturnAddress[06]:       00000015f0cb054c (nnSdk + 0x33254c)
        ReturnAddress[07]:       00000015f0cb24b8 (nnSdk + 0x3344b8)
        ReturnAddress[08]:       00000015f0cb6984 (nnSdk + 0x338984)
        ReturnAddress[09]:       0000000000000000
    Stack Dump:                               00 01 02 03 04 05 06 07 08 09 0a 0b 0c 0d 0e 0f
                                 005962241d50 20 1e 24 62 59 00 00 00 a0 04 b0 f0 15 00 00 00
                                 005962241d60 03 00 00 00 00 00 00 00 d0 1d 24 62 59 00 00 00
                                 005962241d70 2e cd 36 f1 15 00 00 00 2e cd 36 f1 15 00 00 00
                                 005962241d80 2e cd 36 f1 15 00 00 00 00 00 00 00 00 00 00 00
                                 005962241d90 00 00 00 00 00 00 00 00 00 00 00 00 00 00 00 00
                                 005962241da0 03 00 00 00 00 00 00 00 d0 1d 24 62 59 00 00 00
                                 005962241db0 2e cd 36 f1 15 00 00 00 2e cd 36 f1 15 00 00 00
                                 005962241dc0 2e cd 36 f1 15 00 00 00 00 00 00 00 00 00 00 00
                                 005962241dd0 2e cd 36 f1 15 00 00 00 c0 1e 24 62 59 00 00 00
                                 005962241de0 00 00 00 00 00 00 00 00 90 bf ca f0 15 00 00 00
                                 005962241df0 50 82 64 f1 15 00 00 00 00 7c 64 f1 15 00 00 00
                                 005962241e00 f8 81 64 f1 15 00 00 00 28 82 64 f1 15 00 00 00
                                 005962241e10 c0 81 64 f1 15 00 00 00 c8 81 64 f1 15 00 00 00
                                 005962241e20 e0 1e 24 62 59 00 00 00 64 05 b0 f0 15 00 00 00
                                 005962241e30 00 00 00 00 00 00 00 00 00 00 00 00 00 00 00 00
                                 005962241e40 00 00 00 00 00 00 00 00 00 00 00 00 00 00 00 00
    TLS Address:                 0000002d79f06400
    TLS Dump:                                 00 01 02 03 04 05 06 07 08 09 0a 0b 0c 0d 0e 0f
                                 002d79f06400 00 00 00 00 0c 00 00 00 00 00 00 00 00 00 00 00
                                 002d79f06410 00 00 00 00 00 00 00 00 00 00 00 00 00 00 00 00
                                 002d79f06420 53 46 43 4f 00 00 00 00 00 00 00 00 0e 61 f9 21
                                 002d79f06430 00 00 00 00 00 00 00 00 00 00 00 00 00 00 00 00
                                 002d79f06440 00 00 00 00 00 00 00 00 00 00 00 00 00 00 00 00
                                 002d79f06450 00 00 00 00 00 00 00 00 00 00 00 00 00 00 00 00
                                 002d79f06460 00 00 00 00 00 00 00 00 00 00 00 00 00 00 00 00
                                 002d79f06470 00 00 00 00 00 00 00 00 00 00 00 00 00 00 00 00
                                 002d79f06480 00 00 00 00 00 00 00 00 00 00 00 00 00 00 00 00
                                 002d79f06490 00 00 00 00 00 00 00 00 00 00 00 00 00 00 00 00
                                 002d79f064a0 00 00 00 00 00 00 00 00 00 00 00 00 00 00 00 00
                                 002d79f064b0 00 00 00 00 00 00 00 00 00 00 00 00 00 00 00 00
                                 002d79f064c0 00 00 00 00 00 00 00 00 00 00 00 00 00 00 00 00
                                 002d79f064d0 00 00 00 00 00 00 00 00 00 00 00 00 00 00 00 00
                                 002d79f064e0 00 00 00 00 00 00 00 00 00 00 00 00 00 00 00 00
                                 002d79f064f0 00 00 00 00 00 00 00 00 00 00 00 00 00 00 00 00
Module Info:
    Number of Modules:           10
    Module 00:
        Address:                 00000015e8ddc000-00000015e8e00000
        Name:                    [00000000]
        Module Id:               0000000000000000000000000000000000000000000000000000000000000000
    Module 01:
        Address:                 00000015e8e00000-00000015e8e02000
        Name:                    nnrtld
        Module Id:               285183CAC95179371CC22CEC3723F882E1589659000000000000000000000000
    Module 02:
        Address:                 00000015e8e04000-00000015ec7cc000
        Name:                    cross2_Release.nss
        Module Id:               3EAE0063B12FD81E99FB5980BA56297049EA94F9000000000000000000000000
    Module 03:
        Address:                 00000015f024b000-00000015f05b8000
        Name:                    multimedia
        Module Id:               60C6EDBBFCEBD4176CC301D5D9CB5A6F094F9360000000000000000000000000
    Module 04:
        Address:                 00000015f0960000-00000015f0971000
        Name:                    Skyline
        Module Id:               84F953E76E1E2E976B0C1540F615449D25DA5BF3000000000000000000000000
    Module 05:
        Address:                 00000015f097e000-00000015f0ebf000
        Name:                    nnSdk
        Module Id:               5FD4F531C1195E9E5510C9E73F22CD39612839F8000000000000000000000000
    Module 06:
        Address:                 0000000008000000-0000000008064000
        Name:                    [00000000]
        Module Id:               0000000000000000000000000000000000000000000000000000000000000000
    Module 07:
        Address:                 0000003826f48000-00000038270c4000
        Name:                    arcropolis
        Module Id:               0000000000000000000000000000000000000000000000000000000000000000
    Module 08:
        Address:                 000000521a320000-000000521a336000
        Name:                    ssbu-pia-manager-impl
        Module Id:               0000000000000000000000000000000000000000000000000000000000000000
    Module 09:
        Address:                 00000000144dc000-0000000014660000
        Name:                    training_modpack
        Module Id:               0000000000000000000000000000000000000000000000000000000000000000
Thread Report:
Number of Threads:               30
Threads[00]:
    Thread ID:                   0000000000001a4d
    Thread Name:                 MainThread
    Stack Region:                00000059260e1000-00000059261e1000
    Registers:
        X[00]:                   00000059261ddc98
        X[01]:                   00000059261ddc9c
        X[02]:                   0000000000000001
        X[03]:                   0000000005f5dfc7
        X[04]:                   0000000000000000
        X[05]:                   0000000000000000
        X[06]:                   0000000000000000
        X[07]:                   0000000000000000
        X[08]:                   0000000000000000
        X[09]:                   0000000000000000
        X[10]:                   0000000000000000
        X[11]:                   0000000000000000
        X[12]:                   0000000000000000
        X[13]:                   0000000000000000
        X[14]:                   0000000000000000
        X[15]:                   0000000000000000
        X[16]:                   0000000000000000
        X[17]:                   0000000000000000
        X[18]:                   0000000000000000
        X[19]:                   0000000000000000
        X[20]:                   0000000000000000
        X[21]:                   0000000000000000
        X[22]:                   0000000000000000
        X[23]:                   0000000000000000
        X[24]:                   0000000000000000
        X[25]:                   0000000000000000
        X[26]:                   0000000000000000
        X[27]:                   0000000000000000
        X[28]:                   0000000000000000
        FP:                      00000059261ddcb0
        LR:                      00000015f0cb75c8 (nnSdk + 0x3395c8) (_ZN2nn2os6detail30InterProcessEventImplByHorizon9TimedWaitEjbNS_8TimeSpanE + 0x78)
        SP:                      00000059261ddc70
        PC:                      00000015f0d07900 (nnSdk + 0x389900)
    Stack Trace:
        ReturnAddress[00]:       00000015f0d4cf70 (nnSdk + 0x3cef70) (NvOsEventWait + 0x40)
        ReturnAddress[01]:       00000015f0d54608 (nnSdk + 0x3d6608)
        ReturnAddress[02]:       00000015f0d9e694 (nnSdk + 0x420694)
        ReturnAddress[03]:       00000015f0da5154 (nnSdk + 0x427154)
        ReturnAddress[04]:       00000015ec673d38 (cross2_Release.nss + 0x386fd38)
        ReturnAddress[05]:       0000000008004b18 ([00000000] + 0x4b18)
        ReturnAddress[06]:       00000015e90c9cf0 (cross2_Release.nss + 0x2c5cf0)
        ReturnAddress[07]:       00000015f0c1ba2c (nnSdk + 0x29da2c) (_ZN2nn4init5StartEmmPFvvES2_ + 0x4c)
        ReturnAddress[08]:       00000015e8e000c0 (nnrtld + 0xc0)
    Stack Dump:                               00 01 02 03 04 05 06 07 08 09 0a 0b 0c 0d 0e 0f
                                 0059261ddc70 98 dc 1d 26 59 00 00 00 64 00 00 00 00 00 00 00
                                 0059261ddc80 c0 dc 1d 26 59 00 00 00 52 3b 82 f7 56 04 00 00
                                 0059261ddc90 3d 19 d0 0e 00 00 00 00 e0 dc 1d 26 c6 01 26 00
                                 0059261ddca0 60 dd 1d 26 59 00 00 00 64 00 00 00 00 00 00 00
                                 0059261ddcb0 c0 dc 1d 26 59 00 00 00 70 cf d4 f0 15 00 00 00
                                 0059261ddcc0 50 dd 1d 26 59 00 00 00 08 46 d5 f0 15 00 00 00
                                 0059261ddcd0 1c 00 04 c0 1f 00 04 c0 70 c3 66 f1 15 00 00 00
                                 0059261ddce0 1a 00 00 00 1f b1 88 00 64 00 00 00 a0 01 00 00
                                 0059261ddcf0 00 00 00 00 00 00 00 00 00 00 00 00 00 00 00 00
                                 0059261ddd00 a0 86 01 00 00 00 00 00 d0 d0 66 f1 15 00 00 00
                                 0059261ddd10 00 10 7c 83 6c 00 00 00 31 cf 03 00 00 00 00 00
                                 0059261ddd20 ad 2b 58 28 71 89 41 00 c3 94 e2 dc 39 00 00 00
                                 0059261ddd30 a0 dd 1d 26 59 00 00 00 18 24 e7 82 6c 00 00 00
                                 0059261ddd40 00 00 00 00 00 00 00 00 00 e1 f5 05 00 00 00 00
                                 0059261ddd50 f0 dd 1d 26 59 00 00 00 94 e6 d9 f0 15 00 00 00
                                 0059261ddd60 48 df 58 f1 15 00 00 00 03 00 00 00 01 00 00 00
    TLS Address:                 0000002d79f06200
    TLS Dump:                                 00 01 02 03 04 05 06 07 08 09 0a 0b 0c 0d 0e 0f
                                 002d79f06200 00 00 01 00 09 08 e0 03 40 91 10 00 e0 dc 1d 26
                                 002d79f06210 53 46 43 4f 00 00 00 00 00 00 00 00 99 5d e2 a4
                                 002d79f06220 05 00 00 00 00 00 00 00 00 00 00 00 00 00 00 00
                                 002d79f06230 00 00 00 00 01 00 00 00 01 00 00 00 00 00 00 00
                                 002d79f06240 05 00 e2 01 1e 00 10 c0 00 00 00 00 00 00 00 00
                                 002d79f06250 10 00 e2 01 e0 dc 1d 26 59 00 10 00 00 00 00 00
                                 002d79f06260 00 00 00 00 18 00 00 00 30 d8 1d 26 59 00 18 00
                                 002d79f06270 00 00 00 00 00 00 00 00 03 0d 08 00 00 04 0a 00
                                 002d79f06280 08 04 0a 00 04 02 14 00 00 00 00 00 00 00 00 00
                                 002d79f06290 00 00 00 00 00 00 00 00 00 00 00 00 00 00 00 00
                                 002d79f062a0 00 00 00 00 00 00 00 00 00 00 00 00 00 00 00 00
                                 002d79f062b0 00 00 00 00 00 00 00 00 00 00 00 00 00 00 00 00
                                 002d79f062c0 00 00 00 00 00 00 00 00 00 00 00 00 00 00 00 00
                                 002d79f062d0 00 00 00 00 00 00 00 00 00 00 00 00 00 00 00 00
                                 002d79f062e0 00 00 00 00 00 00 00 00 00 00 00 00 00 00 00 00
                                 002d79f062f0 00 00 00 00 00 00 00 00 00 00 00 00 00 00 00 00
Threads[01]:
    Thread ID:                   0000000000001a4f
    Thread Name:                 NxSystemThread
    Stack Region:                0000005962241000-0000005962242000
    Registers:
        X[00]:                   0000000000000000
        X[01]:                   0000005962241ef8
        X[02]:                   0000000000000004
        X[03]:                   0000000000000000
        X[04]:                   0000000000000000
        X[05]:                   0000000000000000
        X[06]:                   0000000000000000
        X[07]:                   0000000000000000
        X[08]:                   0000000000000000
        X[09]:                   0000000000000000
        X[10]:                   0000000000000000
        X[11]:                   0000000000000000
        X[12]:                   0000000000000000
        X[13]:                   0000000000000000
        X[14]:                   0000000000000000
        X[15]:                   0000000000000000
        X[16]:                   0000000000000000
        X[17]:                   0000000000000000
        X[18]:                   0000000000000000
        X[19]:                   0000000000000000
        X[20]:                   0000000000000000
        X[21]:                   0000000000000000
        X[22]:                   0000000000000000
        X[23]:                   0000000000000000
        X[24]:                   0000000000000000
        X[25]:                   0000000000000000
        X[26]:                   0000000000000000
        X[27]:                   0000000000000000
        X[28]:                   0000000000000000
        FP:                      0000005962241d50
        LR:                      00000015f0b01ad8 (nnSdk + 0x183ad8) (_ZN2nn4diag6detail5AbortEPKNS_6ResultE + 0x18)
        SP:                      0000005962241d50
        PC:                      00000015f0d07994 (nnSdk + 0x389994)
    Stack Trace:
        ReturnAddress[00]:       00000015f0b004a0 (nnSdk + 0x1824a0) (_ZN2nn4diag6detail9AbortImplEPKcS3_S3_iPKNS_6ResultEPKNS_2os17UserExceptionInfoES3_z + 0x0)
        ReturnAddress[01]:       00000015f0b00564 (nnSdk + 0x182564)
        ReturnAddress[02]:       00000015f0b00600 (nnSdk + 0x182600) (_ZN2nn4diag6detail18OnAssertionFailureENS0_13AssertionTypeEPKcS4_S4_iS4_z + 0x0)
        ReturnAddress[03]:       00000015f0cabfc8 (nnSdk + 0x32dfc8)
        ReturnAddress[04]:       00000015f0cb05ac (nnSdk + 0x3325ac)
        ReturnAddress[05]:       00000015f0cb055c (nnSdk + 0x33255c)
        ReturnAddress[06]:       00000015f0cb054c (nnSdk + 0x33254c)
        ReturnAddress[07]:       00000015f0cb24b8 (nnSdk + 0x3344b8)
        ReturnAddress[08]:       00000015f0cb6984 (nnSdk + 0x338984)
        ReturnAddress[09]:       0000000000000000
    Stack Dump:                               00 01 02 03 04 05 06 07 08 09 0a 0b 0c 0d 0e 0f
                                 005962241d50 20 1e 24 62 59 00 00 00 a0 04 b0 f0 15 00 00 00
                                 005962241d60 03 00 00 00 00 00 00 00 d0 1d 24 62 59 00 00 00
                                 005962241d70 2e cd 36 f1 15 00 00 00 2e cd 36 f1 15 00 00 00
                                 005962241d80 2e cd 36 f1 15 00 00 00 00 00 00 00 00 00 00 00
                                 005962241d90 00 00 00 00 00 00 00 00 00 00 00 00 00 00 00 00
                                 005962241da0 03 00 00 00 00 00 00 00 d0 1d 24 62 59 00 00 00
                                 005962241db0 2e cd 36 f1 15 00 00 00 2e cd 36 f1 15 00 00 00
                                 005962241dc0 2e cd 36 f1 15 00 00 00 00 00 00 00 00 00 00 00
                                 005962241dd0 2e cd 36 f1 15 00 00 00 c0 1e 24 62 59 00 00 00
                                 005962241de0 00 00 00 00 00 00 00 00 90 bf ca f0 15 00 00 00
                                 005962241df0 50 82 64 f1 15 00 00 00 00 7c 64 f1 15 00 00 00
                                 005962241e00 f8 81 64 f1 15 00 00 00 28 82 64 f1 15 00 00 00
                                 005962241e10 c0 81 64 f1 15 00 00 00 c8 81 64 f1 15 00 00 00
                                 005962241e20 e0 1e 24 62 59 00 00 00 64 05 b0 f0 15 00 00 00
                                 005962241e30 00 00 00 00 00 00 00 00 00 00 00 00 00 00 00 00
                                 005962241e40 00 00 00 00 00 00 00 00 00 00 00 00 00 00 00 00
    TLS Address:                 0000002d79f06400
    TLS Dump:                                 00 01 02 03 04 05 06 07 08 09 0a 0b 0c 0d 0e 0f
                                 002d79f06400 00 00 00 00 0c 00 00 00 00 00 00 00 00 00 00 00
                                 002d79f06410 00 00 00 00 00 00 00 00 00 00 00 00 00 00 00 00
                                 002d79f06420 53 46 43 4f 00 00 00 00 00 00 00 00 0e 61 f9 21
                                 002d79f06430 00 00 00 00 00 00 00 00 00 00 00 00 00 00 00 00
                                 002d79f06440 00 00 00 00 00 00 00 00 00 00 00 00 00 00 00 00
                                 002d79f06450 00 00 00 00 00 00 00 00 00 00 00 00 00 00 00 00
                                 002d79f06460 00 00 00 00 00 00 00 00 00 00 00 00 00 00 00 00
                                 002d79f06470 00 00 00 00 00 00 00 00 00 00 00 00 00 00 00 00
                                 002d79f06480 00 00 00 00 00 00 00 00 00 00 00 00 00 00 00 00
                                 002d79f06490 00 00 00 00 00 00 00 00 00 00 00 00 00 00 00 00
                                 002d79f064a0 00 00 00 00 00 00 00 00 00 00 00 00 00 00 00 00
                                 002d79f064b0 00 00 00 00 00 00 00 00 00 00 00 00 00 00 00 00
                                 002d79f064c0 00 00 00 00 00 00 00 00 00 00 00 00 00 00 00 00
                                 002d79f064d0 00 00 00 00 00 00 00 00 00 00 00 00 00 00 00 00
                                 002d79f064e0 00 00 00 00 00 00 00 00 00 00 00 00 00 00 00 00
                                 002d79f064f0 00 00 00 00 00 00 00 00 00 00 00 00 00 00 00 00
Threads[02]:
    Thread ID:                   0000000000001a50
    Thread Name:                 <UNKNOWN>
    Stack Region:                0000005931177000-00000059311b7000
    Registers:
        X[00]:                   00000059311b6ef8
        X[01]:                   00000059311b6efc
        X[02]:                   0000000000000001
        X[03]:                   ffffffffffffffff
        X[04]:                   0000000000000000
        X[05]:                   0000000000000000
        X[06]:                   0000000000000000
        X[07]:                   0000000000000000
        X[08]:                   0000000000000000
        X[09]:                   0000000000000000
        X[10]:                   0000000000000000
        X[11]:                   0000000000000000
        X[12]:                   0000000000000000
        X[13]:                   0000000000000000
        X[14]:                   0000000000000000
        X[15]:                   0000000000000000
        X[16]:                   0000000000000000
        X[17]:                   0000000000000000
        X[18]:                   0000000000000000
        X[19]:                   0000000000000000
        X[20]:                   0000000000000000
        X[21]:                   0000000000000000
        X[22]:                   0000000000000000
        X[23]:                   0000000000000000
        X[24]:                   0000000000000000
        X[25]:                   0000000000000000
        X[26]:                   0000000000000000
        X[27]:                   0000000000000000
        X[28]:                   0000000000000000
        FP:                      00000059311b6f10
        LR:                      00000015f0cb7498 (nnSdk + 0x339498) (_ZN2nn2os6detail30InterProcessEventImplByHorizon4WaitEjb + 0x88)
        SP:                      00000059311b6ee0
        PC:                      00000015f0d07900 (nnSdk + 0x389900)
    Stack Trace:
        ReturnAddress[00]:       00000015ec55898c (cross2_Release.nss + 0x375498c)
        ReturnAddress[01]:       00000015f0cb24b8 (nnSdk + 0x3344b8)
        ReturnAddress[02]:       00000015f0cb6984 (nnSdk + 0x338984)
        ReturnAddress[03]:       0000000000000000
    Stack Dump:                               00 01 02 03 04 05 06 07 08 09 0a 0b 0c 0d 0e 0f
                                 0059311b6ee0 f8 6e 1b 31 59 00 00 00 28 6f 1b 31 59 00 00 00
                                 0059311b6ef0 10 6f 1b 31 59 00 00 00 bc a7 ca f0 f7 01 05 00
                                 0059311b6f00 06 00 00 00 00 00 00 00 f0 e4 73 ee 15 00 00 00
                                 0059311b6f10 80 6f 1b 31 59 00 00 00 8c 89 55 ec 15 00 00 00
                                 0059311b6f20 00 00 00 00 00 00 00 00 1e 00 00 00 01 00 00 00
                                 0059311b6f30 00 00 00 00 00 00 00 00 00 00 00 00 00 00 00 00
                                 0059311b6f40 00 00 00 00 00 00 00 00 00 00 00 00 00 00 00 00
                                 0059311b6f50 00 00 00 00 00 00 00 00 00 00 00 00 00 00 00 00
                                 0059311b6f60 00 00 00 00 00 00 00 00 bc 09 95 80 6c 00 00 00
                                 0059311b6f70 b8 09 95 80 6c 00 00 00 10 08 95 80 6c 00 00 00
                                 0059311b6f80 b0 6f 1b 31 59 00 00 00 b8 24 cb f0 15 00 00 00
                                 0059311b6f90 00 00 00 00 00 00 00 00 00 00 00 00 00 00 00 00
                                 0059311b6fa0 00 00 00 00 00 00 00 00 10 08 95 80 6c 00 00 00
                                 0059311b6fb0 d0 6f 1b 31 59 00 00 00 84 69 cb f0 15 00 00 00
                                 0059311b6fc0 00 00 00 00 00 00 00 00 00 00 00 00 00 00 00 00
                                 0059311b6fd0 00 00 00 00 00 00 00 00 00 00 00 00 00 00 00 00
    TLS Address:                 0000002d79f06600
    TLS Dump:                                 00 01 02 03 04 05 06 07 08 09 0a 0b 0c 0d 0e 0f
                                 002d79f06600 00 00 00 00 0d 00 00 00 00 00 00 00 00 00 00 00
                                 002d79f06610 00 00 00 00 00 00 00 00 00 00 00 00 00 00 00 00
                                 002d79f06620 53 46 43 4f 00 00 00 00 00 00 00 00 77 7d f2 32
                                 002d79f06630 01 00 00 00 00 00 00 00 00 00 00 00 00 00 00 00
                                 002d79f06640 00 00 00 00 00 00 00 00 00 00 00 00 00 00 00 00
                                 002d79f06650 00 00 00 00 00 00 00 00 00 00 00 00 00 00 00 00
                                 002d79f06660 00 00 00 00 00 00 00 00 00 00 00 00 00 00 00 00
                                 002d79f06670 00 00 00 00 00 00 00 00 00 00 00 00 00 00 00 00
                                 002d79f06680 00 00 00 00 00 00 00 00 00 00 00 00 00 00 00 00
                                 002d79f06690 00 00 00 00 00 00 00 00 00 00 00 00 00 00 00 00
                                 002d79f066a0 00 00 00 00 00 00 00 00 00 00 00 00 00 00 00 00
                                 002d79f066b0 00 00 00 00 00 00 00 00 00 00 00 00 00 00 00 00
                                 002d79f066c0 00 00 00 00 00 00 00 00 00 00 00 00 00 00 00 00
                                 002d79f066d0 00 00 00 00 00 00 00 00 00 00 00 00 00 00 00 00
                                 002d79f066e0 00 00 00 00 00 00 00 00 00 00 00 00 00 00 00 00
                                 002d79f066f0 00 00 00 00 00 00 00 00 00 00 00 00 00 00 00 00
Threads[03]:
    Thread ID:                   0000000000001a51
    Thread Name:                 Thread_0x00000015F096BDAC
    Stack Region:                0000005901385000-0000005901395000
    Registers:
        X[00]:                   0000006c80950a40
        X[01]:                   0000006c80950a48
        X[02]:                   00000000000d01ec
        X[03]:                   0000000000989169
        X[04]:                   0000000000000000
        X[05]:                   0000000000000000
        X[06]:                   0000000000000000
        X[07]:                   0000000000000000
        X[08]:                   0000000000000000
        X[09]:                   0000000000000000
        X[10]:                   0000000000000000
        X[11]:                   0000000000000000
        X[12]:                   0000000000000000
        X[13]:                   0000000000000000
        X[14]:                   0000000000000000
        X[15]:                   0000000000000000
        X[16]:                   0000000000000000
        X[17]:                   0000000000000000
        X[18]:                   0000000000000000
        X[19]:                   0000000000000000
        X[20]:                   0000000000000000
        X[21]:                   0000000000000000
        X[22]:                   0000000000000000
        X[23]:                   0000000000000000
        X[24]:                   0000000000000000
        X[25]:                   0000000000000000
        X[26]:                   0000000000000000
        X[27]:                   0000000000000000
        X[28]:                   0000000000000000
        FP:                      0000005901394eb0
        LR:                      00000015f0cb7a54 (nnSdk + 0x339a54) (_ZN2nn2os6detail38InternalConditionVariableImplByHorizon9TimedWaitEPNS1_23InternalCriticalSectionERKNS1_13TimeoutHelperE + 0x64)
        SP:                      0000005901394e80
        PC:                      00000015f0d0792c (nnSdk + 0x38992c)
    Stack Trace:
        ReturnAddress[00]:       00000015f0cae550 (nnSdk + 0x330550) (_ZN2nn2os24TimedReceiveMessageQueueEPmPNS0_16MessageQueueTypeENS_8TimeSpanE + 0x100)
        ReturnAddress[01]:       00000015f096c044 (Skyline + 0xc044)
        ReturnAddress[02]:       00000015f0cb6984 (nnSdk + 0x338984)
        ReturnAddress[03]:       0000000000000000
    Stack Dump:                               00 01 02 03 04 05 06 07 08 09 0a 0b 0c 0d 0e 0f
                                 005901394e80 00 00 00 00 00 00 00 00 00 00 00 00 00 00 00 00
                                 005901394e90 48 0a 95 80 6c 00 00 00 50 4f 39 01 59 00 00 00
                                 005901394ea0 40 0a 95 80 6c 00 00 00 08 0a 95 80 6c 00 00 00
                                 005901394eb0 f0 4e 39 01 59 00 00 00 50 e5 ca f0 15 00 00 00
                                 005901394ec0 30 1c 28 80 6c 00 00 00 14 9d 71 f7 56 04 00 00
                                 005901394ed0 00 00 00 00 00 00 00 00 fc 0b 95 80 6c 00 00 00
                                 005901394ee0 f8 0b 95 80 6c 00 00 00 00 0a 95 80 6c 00 00 00
                                 005901394ef0 b0 4f 39 01 59 00 00 00 44 c0 96 f0 15 00 00 00
                                 005901394f00 04 bf 96 f0 15 00 00 00 c8 1d 28 80 6c 00 00 00
                                 005901394f10 08 1c 28 80 6c 00 00 00 80 96 98 00 00 00 00 00
                                 005901394f20 50 4f 39 01 59 00 00 00 00 0a 95 80 6c 00 00 00
                                 005901394f30 c4 bd 96 f0 15 00 00 00 50 0a 95 80 6c 00 00 00
                                 005901394f40 00 00 00 00 00 00 00 00 00 0a 95 80 6c 00 00 00
                                 005901394f50 80 0a 72 80 6c 00 00 00 00 00 2f 80 6c 00 00 00
                                 005901394f60 b8 24 cb f0 15 00 00 00 00 00 00 00 00 00 00 00
                                 005901394f70 f8 0b 95 80 6c 00 00 00 00 0a 95 80 6c 00 00 00
    TLS Address:                 0000002d79f06800
    TLS Dump:                                 00 01 02 03 04 05 06 07 08 09 0a 0b 0c 0d 0e 0f
                                 002d79f06800 00 00 00 00 0c 00 00 00 00 00 00 00 00 00 00 00
                                 002d79f06810 00 00 00 00 00 00 00 00 00 00 00 00 00 00 00 00
                                 002d79f06820 53 46 43 4f 00 00 00 00 02 02 00 00 e7 59 ea d4
                                 002d79f06830 00 00 00 00 00 00 00 00 00 00 00 00 00 00 00 00
                                 002d79f06840 00 00 00 00 00 00 00 00 36 00 00 00 00 00 00 00
                                 002d79f06850 20 00 00 00 00 00 00 00 00 40 77 1b 00 10 5e 5f
                                 002d79f06860 72 75 6e 74 69 6d 65 00 00 00 00 00 00 00 00 00
                                 002d79f06870 00 00 00 00 00 00 00 00 00 00 00 00 00 00 00 00
                                 002d79f06880 00 00 00 00 00 00 00 00 00 00 00 00 00 00 00 00
                                 002d79f06890 00 00 00 00 00 00 00 00 00 00 00 00 00 00 00 00
                                 002d79f068a0 00 00 00 00 00 00 00 00 00 00 00 00 00 00 00 00
                                 002d79f068b0 00 00 00 00 00 00 00 00 00 00 00 00 00 00 00 00
                                 002d79f068c0 00 00 00 00 00 00 00 00 00 00 00 00 00 00 00 00
                                 002d79f068d0 00 00 00 00 00 00 00 00 00 00 00 00 00 00 00 00
                                 002d79f068e0 00 00 00 00 00 00 00 00 00 00 00 00 00 00 00 00
                                 002d79f068f0 00 00 00 00 00 00 00 00 00 00 00 00 00 00 00 00
Threads[04]:
    Thread ID:                   0000000000001a53
    Thread Name:                 Thread_0x00000015F0964E5C
    Stack Region:                0000005918775000-0000005918778000
    Registers:
        X[00]:                   0000000005f5e100
        X[01]:                   0000000000000000
        X[02]:                   0000000000000000
        X[03]:                   0000000000000000
        X[04]:                   0000000000000000
        X[05]:                   0000000000000000
        X[06]:                   0000000000000000
        X[07]:                   0000000000000000
        X[08]:                   0000000000000000
        X[09]:                   0000000000000000
        X[10]:                   0000000000000000
        X[11]:                   0000000000000000
        X[12]:                   0000000000000000
        X[13]:                   0000000000000000
        X[14]:                   0000000000000000
        X[15]:                   0000000000000000
        X[16]:                   0000000000000000
        X[17]:                   0000000000000000
        X[18]:                   0000000000000000
        X[19]:                   0000000000000000
        X[20]:                   0000000000000000
        X[21]:                   0000000000000000
        X[22]:                   0000000000000000
        X[23]:                   0000000000000000
        X[24]:                   0000000000000000
        X[25]:                   0000000000000000
        X[26]:                   0000000000000000
        X[27]:                   0000000000000000
        X[28]:                   0000000000000000
        FP:                      0000005918777fb0
        LR:                      00000015f0964ee4 (Skyline + 0x4ee4)
        SP:                      0000005918777f40
        PC:                      00000015f0d0785c (nnSdk + 0x38985c)
    Stack Trace:
        ReturnAddress[00]:       00000015f0cb6984 (nnSdk + 0x338984)
        ReturnAddress[01]:       0000000000000000
    Stack Dump:                               00 01 02 03 04 05 06 07 08 09 0a 0b 0c 0d 0e 0f
                                 005918777f00 b0 7f 77 18 59 00 00 00 00 00 72 80 6c 00 00 00
                                 005918777f10 d0 4e 96 f0 15 00 00 00 00 00 72 80 6c 00 00 00
                                 005918777f20 00 00 00 00 00 00 00 00 00 e1 f5 05 00 00 00 00
                                 005918777f30 b0 7f 77 18 59 00 00 00 00 e1 f5 05 00 00 00 00
                                 005918777f40 b8 24 cb f0 15 00 00 00 c0 01 d5 80 6c 00 00 00
                                 005918777f50 00 00 00 00 00 00 00 00 00 00 72 80 6c 00 00 00
                                 005918777f60 00 00 00 00 00 00 00 00 78 7f 77 18 59 00 00 00
                                 005918777f70 09 00 00 00 00 00 00 00 54 63 70 4c 6f 67 67 65
                                 005918777f80 72 00 77 18 59 00 00 00 00 00 72 80 6c 00 00 00
                                 005918777f90 00 00 00 00 00 00 00 00 00 00 00 00 00 00 00 00
                                 005918777fa0 00 00 00 00 00 00 00 00 c0 01 d5 80 6c 00 00 00
                                 005918777fb0 d0 7f 77 18 59 00 00 00 84 69 cb f0 15 00 00 00
                                 005918777fc0 00 00 00 00 00 00 00 00 00 00 00 00 00 00 00 00
                                 005918777fd0 00 00 00 00 00 00 00 00 00 00 00 00 00 00 00 00
                                 005918777fe0 50 24 cb f0 15 00 00 00 00 00 00 00 00 00 00 00
                                 005918777ff0 00 00 00 00 00 00 00 00 00 00 00 00 00 00 00 00
    TLS Address:                 0000002d79f06c00
    TLS Dump:                                 00 01 02 03 04 05 06 07 08 09 0a 0b 0c 0d 0e 0f
                                 002d79f06c00 00 00 00 00 0e 08 e0 03 00 00 00 00 00 00 00 00
                                 002d79f06c10 00 00 00 00 00 00 00 00 00 00 00 00 00 00 00 00
                                 002d79f06c20 53 46 43 4f 00 00 00 00 00 00 00 00 91 ab e3 ac
                                 002d79f06c30 ff ff ff ff 6b 00 00 00 00 00 00 00 00 00 00 00
                                 002d79f06c40 00 00 00 00 00 00 00 00 00 00 00 00 00 00 00 00
                                 002d79f06c50 00 00 00 00 00 00 00 00 00 00 00 00 00 00 00 00
                                 002d79f06c60 00 00 00 00 00 00 00 00 00 00 00 00 00 00 00 00
                                 002d79f06c70 00 00 00 00 00 00 00 00 00 00 00 00 00 00 00 00
                                 002d79f06c80 00 00 00 00 00 00 00 00 00 00 00 00 00 00 00 00
                                 002d79f06c90 00 00 00 00 00 00 00 00 00 00 00 00 00 00 00 00
                                 002d79f06ca0 00 00 00 00 00 00 00 00 00 00 00 00 00 00 00 00
                                 002d79f06cb0 00 00 00 00 00 00 00 00 00 00 00 00 00 00 00 00
                                 002d79f06cc0 00 00 00 00 00 00 00 00 00 00 00 00 00 00 00 00
                                 002d79f06cd0 00 00 00 00 00 00 00 00 00 00 00 00 00 00 00 00
                                 002d79f06ce0 00 00 00 00 00 00 00 00 00 00 00 00 00 00 00 00
                                 002d79f06cf0 00 00 00 00 00 00 00 00 00 00 00 00 00 00 00 00
Threads[05]:
    Thread ID:                   0000000000001a58
    Thread Name:                 Thread_0x00000015F0E97670
    Stack Region:                000000593df71000-000000593e171000
    Registers:
        X[00]:                   0000000001312d00
        X[01]:                   0000000001312d00
        X[02]:                   0000000000000004
        X[03]:                   0000000000000000
        X[04]:                   0000000000000000
        X[05]:                   0000000000000000
        X[06]:                   0000000000000000
        X[07]:                   0000000000000000
        X[08]:                   0000000000000000
        X[09]:                   0000000000000000
        X[10]:                   0000000000000000
        X[11]:                   0000000000000000
        X[12]:                   0000000000000000
        X[13]:                   0000000000000000
        X[14]:                   0000000000000000
        X[15]:                   0000000000000000
        X[16]:                   0000000000000000
        X[17]:                   0000000000000000
        X[18]:                   0000000000000000
        X[19]:                   0000000000000000
        X[20]:                   0000000000000000
        X[21]:                   0000000000000000
        X[22]:                   0000000000000000
        X[23]:                   0000000000000000
        X[24]:                   0000000000000000
        X[25]:                   0000000000000000
        X[26]:                   0000000000000000
        X[27]:                   0000000000000000
        X[28]:                   0000000000000000
        FP:                      000000593e170e90
        LR:                      0000003826f6da68 (arcropolis + 0x25a68)
        SP:                      000000593e170e90
        PC:                      00000015f0d0785c (nnSdk + 0x38985c)
    Stack Trace:
        ReturnAddress[00]:       0000003827160098
        ReturnAddress[01]:       0000000000000008
    Stack Dump:                               00 01 02 03 04 05 06 07 08 09 0a 0b 0c 0d 0e 0f
                                 00593e170e90 a0 00 16 27 38 00 00 00 98 00 16 27 38 00 00 00
                                 00593e170ea0 04 00 00 00 00 00 00 00 04 00 00 00 00 00 00 00
                                 00593e170eb0 00 00 00 00 00 00 00 00 04 00 00 00 00 00 00 00
                                 00593e170ec0 80 0f 17 3e 59 00 00 00 74 bf fb 26 38 00 00 00
                                 00593e170ed0 00 00 00 00 00 00 00 00 00 00 00 00 00 00 00 00
                                 00593e170ee0 00 00 00 00 00 00 00 00 00 00 00 00 00 00 00 00
                                 00593e170ef0 00 00 00 00 00 00 00 00 00 00 00 00 00 00 00 00
                                 00593e170f00 00 00 00 00 00 00 00 00 30 14 16 27 38 00 00 00
                                 00593e170f10 e0 00 cb 82 6c 00 00 00 80 00 dd 80 6c 00 00 00
                                 00593e170f20 00 00 00 00 00 00 00 00 00 00 00 00 00 00 00 00
                                 00593e170f30 0c cf 08 27 38 00 00 00 00 00 00 00 00 00 00 00
                                 00593e170f40 80 00 dd 80 6c 00 00 00 20 00 ad 82 6c 00 00 00
                                 00593e170f50 d0 76 e9 f0 15 00 00 00 ac 61 ee 84 6c 00 00 00
                                 00593e170f60 78 1e 5a f1 15 00 00 00 c0 61 ee 84 6c 00 00 00
                                 00593e170f70 a8 61 ee 84 6c 00 00 00 00 60 ee 84 6c 00 00 00
                                 00593e170f80 b0 0f 17 3e 59 00 00 00 b8 24 cb f0 15 00 00 00
    TLS Address:                 00000037d27b4000
    TLS Dump:                                 00 01 02 03 04 05 06 07 08 09 0a 0b 0c 0d 0e 0f
                                 0037d27b4000 00 00 00 00 00 00 00 00 00 00 00 00 00 00 00 00
                                 0037d27b4010 00 00 00 00 00 00 00 00 00 00 00 00 00 00 00 00
                                 0037d27b4020 00 00 00 00 00 00 00 00 00 00 00 00 00 00 00 00
                                 0037d27b4030 00 00 00 00 00 00 00 00 00 00 00 00 00 00 00 00
                                 0037d27b4040 00 00 00 00 00 00 00 00 00 00 00 00 00 00 00 00
                                 0037d27b4050 00 00 00 00 00 00 00 00 00 00 00 00 00 00 00 00
                                 0037d27b4060 00 00 00 00 00 00 00 00 00 00 00 00 00 00 00 00
                                 0037d27b4070 00 00 00 00 00 00 00 00 00 00 00 00 00 00 00 00
                                 0037d27b4080 00 00 00 00 00 00 00 00 00 00 00 00 00 00 00 00
                                 0037d27b4090 00 00 00 00 00 00 00 00 00 00 00 00 00 00 00 00
                                 0037d27b40a0 00 00 00 00 00 00 00 00 00 00 00 00 00 00 00 00
                                 0037d27b40b0 00 00 00 00 00 00 00 00 00 00 00 00 00 00 00 00
                                 0037d27b40c0 00 00 00 00 00 00 00 00 00 00 00 00 00 00 00 00
                                 0037d27b40d0 00 00 00 00 00 00 00 00 00 00 00 00 00 00 00 00
                                 0037d27b40e0 00 00 00 00 00 00 00 00 00 00 00 00 00 00 00 00
                                 0037d27b40f0 00 00 00 00 00 00 00 00 00 00 00 00 00 00 00 00
Threads[06]:
    Thread ID:                   0000000000001a59
    Thread Name:                 Thread_0x00000015F0E97670
    Stack Region:                000000593da81000-000000593da95000
    Registers:
        X[00]:                   0000006c82c80048
        X[01]:                   0000006c82c80014
        X[02]:                   00000000001b81d1
        X[03]:                   ffffffffffffffff
        X[04]:                   0000000000000000
        X[05]:                   0000000000000000
        X[06]:                   0000000000000000
        X[07]:                   0000000000000000
        X[08]:                   0000000000000000
        X[09]:                   0000000000000000
        X[10]:                   0000000000000000
        X[11]:                   0000000000000000
        X[12]:                   0000000000000000
        X[13]:                   0000000000000000
        X[14]:                   0000000000000000
        X[15]:                   0000000000000000
        X[16]:                   0000000000000000
        X[17]:                   0000000000000000
        X[18]:                   0000000000000000
        X[19]:                   0000000000000000
        X[20]:                   0000000000000000
        X[21]:                   0000000000000000
        X[22]:                   0000000000000000
        X[23]:                   0000000000000000
        X[24]:                   0000000000000000
        X[25]:                   0000000000000000
        X[26]:                   0000000000000000
        X[27]:                   0000000000000000
        X[28]:                   0000000000000000
        FP:                      000000593da94ed0
        LR:                      00000015f0cb7998 (nnSdk + 0x339998) (_ZN2nn2os6detail38InternalConditionVariableImplByHorizon4WaitEPNS1_23InternalCriticalSectionE + 0x48)
        SP:                      000000593da94eb0
        PC:                      00000015f0d0792c (nnSdk + 0x38992c)
    Stack Trace:
        ReturnAddress[00]:       00000015f0cac464 (nnSdk + 0x32e464) (_ZN2nn2os21WaitConditionVariableEPNS0_21ConditionVariableTypeEPNS0_9MutexTypeE + 0x44)
        ReturnAddress[01]:       00000015f0e97ebc (nnSdk + 0x519ebc) (__nnmusl_WaitConditionVariable + 0xc)
        ReturnAddress[02]:       00000015f0e98404 (nnSdk + 0x51a404) (__nx_pthread_detached_worker_start + 0x5c)
        ReturnAddress[03]:       00000015f0e976d0 (nnSdk + 0x5196d0)
        ReturnAddress[04]:       00000015f0cb24b8 (nnSdk + 0x3344b8)
        ReturnAddress[05]:       00000015f0cb6984 (nnSdk + 0x338984)
        ReturnAddress[06]:       0000000000000000
    Stack Dump:                               00 01 02 03 04 05 06 07 08 09 0a 0b 0c 0d 0e 0f
                                 00593da94eb0 00 00 c8 82 6c 00 00 00 00 00 00 00 00 00 00 00
                                 00593da94ec0 50 00 c8 82 6c 00 00 00 30 00 c8 82 6c 00 00 00
                                 00593da94ed0 f0 4e a9 3d 59 00 00 00 64 c4 ca f0 15 00 00 00
                                 00593da94ee0 30 00 c8 82 6c 00 00 00 30 00 c8 82 6c 00 00 00
                                 00593da94ef0 00 4f a9 3d 59 00 00 00 bc 7e e9 f0 15 00 00 00
                                 00593da94f00 60 4f a9 3d 59 00 00 00 04 84 e9 f0 15 00 00 00
                                 00593da94f10 00 00 00 00 00 00 00 00 00 00 00 00 00 00 00 00
                                 00593da94f20 00 00 00 00 00 00 00 00 00 00 00 00 00 00 00 00
                                 00593da94f30 00 00 00 00 00 00 00 00 00 00 00 00 00 00 00 00
                                 00593da94f40 00 00 00 00 00 00 00 00 ac 41 c4 83 6c 00 00 00
                                 00593da94f50 78 1e 5a f1 15 00 00 00 c0 41 c4 83 6c 00 00 00
                                 00593da94f60 80 4f a9 3d 59 00 00 00 d0 76 e9 f0 15 00 00 00
                                 00593da94f70 a8 41 c4 83 6c 00 00 00 00 40 c4 83 6c 00 00 00
                                 00593da94f80 b0 4f a9 3d 59 00 00 00 b8 24 cb f0 15 00 00 00
                                 00593da94f90 00 00 00 00 00 00 00 00 00 00 00 00 00 00 00 00
                                 00593da94fa0 00 00 00 00 00 00 00 00 00 40 c4 83 6c 00 00 00
    TLS Address:                 00000037d27b4200
    TLS Dump:                                 00 01 02 03 04 05 06 07 08 09 0a 0b 0c 0d 0e 0f
                                 0037d27b4200 00 00 00 00 00 00 00 00 00 00 00 00 00 00 00 00
                                 0037d27b4210 00 00 00 00 00 00 00 00 00 00 00 00 00 00 00 00
                                 0037d27b4220 00 00 00 00 00 00 00 00 00 00 00 00 00 00 00 00
                                 0037d27b4230 00 00 00 00 00 00 00 00 00 00 00 00 00 00 00 00
                                 0037d27b4240 00 00 00 00 00 00 00 00 00 00 00 00 00 00 00 00
                                 0037d27b4250 00 00 00 00 00 00 00 00 00 00 00 00 00 00 00 00
                                 0037d27b4260 00 00 00 00 00 00 00 00 00 00 00 00 00 00 00 00
                                 0037d27b4270 00 00 00 00 00 00 00 00 00 00 00 00 00 00 00 00
                                 0037d27b4280 00 00 00 00 00 00 00 00 00 00 00 00 00 00 00 00
                                 0037d27b4290 00 00 00 00 00 00 00 00 00 00 00 00 00 00 00 00
                                 0037d27b42a0 00 00 00 00 00 00 00 00 00 00 00 00 00 00 00 00
                                 0037d27b42b0 00 00 00 00 00 00 00 00 00 00 00 00 00 00 00 00
                                 0037d27b42c0 00 00 00 00 00 00 00 00 00 00 00 00 00 00 00 00
                                 0037d27b42d0 00 00 00 00 00 00 00 00 00 00 00 00 00 00 00 00
                                 0037d27b42e0 00 00 00 00 00 00 00 00 00 00 00 00 00 00 00 00
                                 0037d27b42f0 00 00 00 00 00 00 00 00 00 00 00 00 00 00 00 00
Threads[07]:
    Thread ID:                   0000000000001a5b
    Thread Name:                 Thread_0x00000015F0E97670
    Stack Region:                00000059524ed000-00000059526ed000
    Registers:
        X[00]:                   0000000077359400
        X[01]:                   0000000000000011
        X[02]:                   0000000000000000
        X[03]:                   0000000000000000
        X[04]:                   0000000000000000
        X[05]:                   0000000000000000
        X[06]:                   0000000000000000
        X[07]:                   0000000000000000
        X[08]:                   0000000000000000
        X[09]:                   0000000000000000
        X[10]:                   0000000000000000
        X[11]:                   0000000000000000
        X[12]:                   0000000000000000
        X[13]:                   0000000000000000
        X[14]:                   0000000000000000
        X[15]:                   0000000000000000
        X[16]:                   0000000000000000
        X[17]:                   0000000000000000
        X[18]:                   0000000000000000
        X[19]:                   0000000000000000
        X[20]:                   0000000000000000
        X[21]:                   0000000000000000
        X[22]:                   0000000000000000
        X[23]:                   0000000000000000
        X[24]:                   0000000000000000
        X[25]:                   0000000000000000
        X[26]:                   0000000000000000
        X[27]:                   0000000000000000
        X[28]:                   0000000000000000
        FP:                      00000059526eced8
        LR:                      000000521a32a73c (ssbu-pia-manager-impl + 0xa73c)
        SP:                      00000059526ecdb0
        PC:                      00000015f0d0785c (nnSdk + 0x38985c)
    Stack Trace:
        ReturnAddress[00]:       00000059526ecf80
        ReturnAddress[01]:       0000006c855f2000
        ReturnAddress[02]:       0000006c852b2000
        ReturnAddress[03]:       0000006c83c44000
        ReturnAddress[04]:       0000006c84ee6000
        ReturnAddress[05]:       0000006c80d501c0
        ReturnAddress[06]:       0000006c80d50000
        ReturnAddress[07]:       0000006c80950a50
        ReturnAddress[08]:       0000006c80950810
        ReturnAddress[09]:       00000015f1648000
        ReturnAddress[10]:       00000015f164a088
        ReturnAddress[11]:       00000015f164a250
        ReturnAddress[12]:       0000006cd732c690
        ReturnAddress[13]:       0000006cd730e910
        ReturnAddress[14]:       00000015efbf9100
        ReturnAddress[15]:       0000006cd730d790
        ReturnAddress[16]:       00000015efbd8cc0
        ReturnAddress[17]:       0000006cd74aa088
        ReturnAddress[18]:       0000006cd730c890
        ReturnAddress[19]:       0000006cd7824000
        ReturnAddress[20]:       0000006cd7309b90
        ReturnAddress[21]:       0000006cbf7c7710
        ReturnAddress[22]:       0000006cd7304910
        ReturnAddress[23]:       0000006cd7304690
        ReturnAddress[24]:       0000006c809a2de0
        ReturnAddress[25]:       0000006c80955810
        ReturnAddress[26]:       0000006c80955590
        ReturnAddress[27]:       0000006c80955310
        ReturnAddress[28]:       0000006c80954b90
        ReturnAddress[29]:       0000006c80954910
        ReturnAddress[30]:       0000006c80954690
        ReturnAddress[31]:       0000006c80954410
    Stack Dump:                               00 01 02 03 04 05 06 07 08 09 0a 0b 0c 0d 0e 0f
                                 0059526ecdb0 00 00 00 00 00 00 00 00 d0 cd 6e 52 59 00 00 00
                                 0059526ecdc0 a0 ce 6e 52 59 00 00 00 00 00 00 00 00 00 00 00
                                 0059526ecdd0 00 00 00 00 00 00 00 00 00 00 00 00 00 00 00 00
                                 0059526ecde0 00 00 00 00 00 00 00 00 00 00 00 00 00 00 00 00
                                 0059526ecdf0 01 11 73 ec 15 00 00 00 3c 34 33 1a 52 00 00 00
                                 0059526ece00 80 d6 33 1a 52 00 00 00 00 20 2b 85 6c 00 00 00
                                 0059526ece10 00 00 00 00 00 00 00 00 b0 ce 6e 52 59 00 00 00
                                 0059526ece20 50 ce 6e 52 59 00 00 00 80 ce 6e 52 59 00 00 00
                                 0059526ece30 10 00 00 00 00 00 00 00 7c f5 72 ec 00 00 00 00
                                 0059526ece40 c0 ce 6e 52 59 00 00 00 60 1d 73 ec 15 00 00 00
                                 0059526ece50 a8 ce 6e 52 59 00 00 00 01 00 00 00 00 00 00 00
                                 0059526ece60 10 00 00 00 00 00 00 00 10 00 00 00 00 00 00 00
                                 0059526ece70 00 01 dd 80 fe ff ff ff ff ff ff ff 6c 00 00 00
                                 0059526ece80 00 01 00 01 01 00 00 00 01 00 00 00 00 00 00 00
                                 0059526ece90 00 00 00 00 00 00 00 00 d2 df 16 ed 15 00 00 00
                                 0059526ecea0 e0 2e 62 83 6c 00 00 00 00 00 00 00 00 00 00 00
    TLS Address:                 00000037d27b4400
    TLS Dump:                                 00 01 02 03 04 05 06 07 08 09 0a 0b 0c 0d 0e 0f
                                 0037d27b4400 00 00 00 00 00 00 00 00 00 00 00 00 00 00 00 00
                                 0037d27b4410 00 00 00 00 00 00 00 00 00 00 00 00 00 00 00 00
                                 0037d27b4420 00 00 00 00 00 00 00 00 00 00 00 00 00 00 00 00
                                 0037d27b4430 00 00 00 00 00 00 00 00 00 00 00 00 00 00 00 00
                                 0037d27b4440 00 00 00 00 00 00 00 00 00 00 00 00 00 00 00 00
                                 0037d27b4450 00 00 00 00 00 00 00 00 00 00 00 00 00 00 00 00
                                 0037d27b4460 00 00 00 00 00 00 00 00 00 00 00 00 00 00 00 00
                                 0037d27b4470 00 00 00 00 00 00 00 00 00 00 00 00 00 00 00 00
                                 0037d27b4480 00 00 00 00 00 00 00 00 00 00 00 00 00 00 00 00
                                 0037d27b4490 00 00 00 00 00 00 00 00 00 00 00 00 00 00 00 00
                                 0037d27b44a0 00 00 00 00 00 00 00 00 00 00 00 00 00 00 00 00
                                 0037d27b44b0 00 00 00 00 00 00 00 00 00 00 00 00 00 00 00 00
                                 0037d27b44c0 00 00 00 00 00 00 00 00 00 00 00 00 00 00 00 00
                                 0037d27b44d0 00 00 00 00 00 00 00 00 00 00 00 00 00 00 00 00
                                 0037d27b44e0 00 00 00 00 00 00 00 00 00 00 00 00 00 00 00 00
                                 0037d27b44f0 00 00 00 00 00 00 00 00 00 00 00 00 00 00 00 00
Threads[08]:
    Thread ID:                   0000000000001a60
    Thread Name:                 Thread_0x00000015F0E97670
    Stack Region:                00000058fd867000-00000058fda67000
    Registers:
        X[00]:                   00000002540be400
        X[01]:                   0000000000000000
        X[02]:                   0000000000000000
        X[03]:                   0000000000000000
        X[04]:                   0000000000000000
        X[05]:                   0000000000000000
        X[06]:                   0000000000000000
        X[07]:                   0000000000000000
        X[08]:                   0000000000000000
        X[09]:                   0000000000000000
        X[10]:                   0000000000000000
        X[11]:                   0000000000000000
        X[12]:                   0000000000000000
        X[13]:                   0000000000000000
        X[14]:                   0000000000000000
        X[15]:                   0000000000000000
        X[16]:                   0000000000000000
        X[17]:                   0000000000000000
        X[18]:                   0000000000000000
        X[19]:                   0000000000000000
        X[20]:                   0000000000000000
        X[21]:                   0000000000000000
        X[22]:                   0000000000000000
        X[23]:                   0000000000000000
        X[24]:                   0000000000000000
        X[25]:                   0000000000000000
        X[26]:                   0000000000000000
        X[27]:                   0000000000000000
        X[28]:                   0000000000000000
        FP:                      0000006cbf7e3330
        LR:                      000000001461a104 (training_modpack + 0x13e104)
        SP:                      00000058fda66850
        PC:                      00000015f0d0785c (nnSdk + 0x38985c)
    Stack Trace:
        ReturnAddress[00]:       0000006cdc567d80
    Stack Dump:                               00 01 02 03 04 05 06 07 08 09 0a 0b 0c 0d 0e 0f
                                 0058fda66850 00 00 00 00 00 00 00 00 92 6d a6 fd 58 00 00 00
                                 0058fda66860 02 00 00 00 00 00 00 00 00 00 00 00 00 00 00 00
                                 0058fda66870 a5 6d a6 fd 58 00 00 00 c0 9d 72 c0 6c 00 00 00
                                 0058fda66880 00 00 00 00 00 00 00 00 00 00 00 00 00 00 00 80
                                 0058fda66890 00 00 00 00 00 00 00 00 b0 69 a6 fd 58 00 00 00
                                 0058fda668a0 80 69 a6 fd 58 00 00 00 93 6d a6 fd 58 00 00 00
                                 0058fda668b0 00 93 8a ef 6c 00 00 00 09 00 00 00 00 00 00 00
                                 0058fda668c0 20 00 00 00 00 00 00 00 c0 9c 72 c0 6c 00 00 00
                                 0058fda668d0 20 00 00 00 00 00 00 00 20 00 00 00 00 00 00 00
                                 0058fda668e0 e0 a4 2b c0 6c 00 00 00 20 00 00 00 00 00 00 00
                                 0058fda668f0 40 00 00 00 00 00 00 00 c0 bc 19 00 6d 00 00 00
                                 0058fda66900 40 00 00 00 00 00 00 00 e8 35 00 00 00 00 00 00
                                 0058fda66910 00 c0 d9 f7 6c 00 00 00 ff 1a 00 00 00 00 00 00
                                 0058fda66920 14 00 00 00 00 00 00 00 20 9c 72 c0 6c 00 00 00
                                 0058fda66930 14 00 00 00 00 00 00 00 06 00 00 00 00 00 00 00
                                 0058fda66940 c0 93 8a ef 6c 00 00 00 06 00 00 00 00 00 00 00
    TLS Address:                 00000037d27b4600
    TLS Dump:                                 00 01 02 03 04 05 06 07 08 09 0a 0b 0c 0d 0e 0f
                                 0037d27b4600 06 00 00 00 08 00 00 00 00 00 00 00 00 00 00 00
                                 0037d27b4610 02 00 00 00 04 00 00 00 00 00 00 00 00 00 00 00
                                 0037d27b4620 53 46 43 4f 00 00 00 00 00 00 00 00 0c 8b df 46
                                 0037d27b4630 00 00 00 00 00 00 00 00 00 00 00 00 00 00 00 00
                                 0037d27b4640 09 00 00 00 ff ff 00 00 06 10 00 00 00 00 00 00
                                 0037d27b4650 f8 44 bf 81 18 00 00 c0 00 00 00 00 00 00 00 00
                                 0037d27b4660 53 46 43 49 01 00 00 00 0c 00 00 00 00 00 00 00
                                 0037d27b4670 01 00 00 00 00 00 00 00 00 00 00 00 00 00 00 00
                                 0037d27b4680 00 00 00 00 00 00 00 00 00 00 00 00 00 00 00 00
                                 0037d27b4690 00 00 00 00 00 00 00 00 00 00 00 00 00 00 00 00
                                 0037d27b46a0 00 00 00 00 00 00 00 00 00 00 00 00 00 00 00 00
                                 0037d27b46b0 00 00 00 00 00 00 00 00 00 00 00 00 00 00 00 00
                                 0037d27b46c0 00 00 00 00 00 00 00 00 00 00 00 00 00 00 00 00
                                 0037d27b46d0 00 00 00 00 00 00 00 00 00 00 00 00 00 00 00 00
                                 0037d27b46e0 00 00 00 00 00 00 00 00 00 00 00 00 00 00 00 00
                                 0037d27b46f0 00 00 00 00 00 00 00 00 00 00 00 00 00 00 00 00
Threads[09]:
    Thread ID:                   0000000000001a61
    Thread Name:                 TaskWorker1
    Registers:
        X[00]:                   0000006c8bb80148
        X[01]:                   0000000000000002
        X[02]:                   0000000000000001
        X[03]:                   ffffffffffffffff
        X[04]:                   0000000000000000
        X[05]:                   0000000000000000
        X[06]:                   0000000000000000
        X[07]:                   0000000000000000
        X[08]:                   0000000000000000
        X[09]:                   0000000000000000
        X[10]:                   0000000000000000
        X[11]:                   0000000000000000
        X[12]:                   0000000000000000
        X[13]:                   0000000000000000
        X[14]:                   0000000000000000
        X[15]:                   0000000000000000
        X[16]:                   0000000000000000
        X[17]:                   0000000000000000
        X[18]:                   0000000000000000
        X[19]:                   0000000000000000
        X[20]:                   0000000000000000
        X[21]:                   0000000000000000
        X[22]:                   0000000000000000
        X[23]:                   0000000000000000
        X[24]:                   0000000000000000
        X[25]:                   0000000000000000
        X[26]:                   0000000000000000
        X[27]:                   0000000000000000
        X[28]:                   0000000000000000
        FP:                      0000006c8ba7fed0
        LR:                      00000015f0cacc88 (nnSdk + 0x32ec88) (_ZN2nn2os6detail18WaitLightEventImplEPNS0_14LightEventTypeE + 0x88)
        SP:                      0000006c8ba7fea0
        PC:                      00000015f0d07a24 (nnSdk + 0x389a24)
    Stack Trace:
        ReturnAddress[00]:       00000015ec34e5ac (cross2_Release.nss + 0x354a5ac)
        ReturnAddress[01]:       00000015ec340f68 (cross2_Release.nss + 0x353cf68)
        ReturnAddress[02]:       00000015ec5d052c (cross2_Release.nss + 0x37cc52c)
        ReturnAddress[03]:       00000015f0cb5f28 (nnSdk + 0x337f28) (_ZN2nn2os6detail17CallFiberFunctionEPFPNS0_9FiberTypeEPvES4_ + 0x14)
    TLS Address:                 00000037d27b4800
    TLS Dump:                                 00 01 02 03 04 05 06 07 08 09 0a 0b 0c 0d 0e 0f
                                 0037d27b4800 00 00 01 00 09 08 e0 03 80 c1 18 00 c8 fc a7 8b
                                 0037d27b4810 53 46 43 4f 00 00 00 00 00 00 00 00 99 5d e2 a4
                                 0037d27b4820 00 00 00 00 00 00 00 00 00 00 00 00 00 00 00 00
                                 0037d27b4830 00 00 00 00 01 00 00 00 01 00 00 00 00 00 00 00
                                 0037d27b4840 02 00 e2 01 05 01 18 c0 00 00 00 00 00 00 00 00
                                 0037d27b4850 18 00 00 00 c8 fc a7 8b 6c 00 18 00 00 00 00 00
                                 0037d27b4860 00 00 00 00 00 00 00 00 00 00 00 00 00 00 00 00
                                 0037d27b4870 00 00 00 00 00 00 00 00 00 00 00 00 00 00 00 00
                                 0037d27b4880 00 00 00 00 00 00 00 00 00 00 00 00 00 00 00 00
                                 0037d27b4890 00 00 00 00 00 00 00 00 00 00 00 00 00 00 00 00
                                 0037d27b48a0 00 00 00 00 00 00 00 00 00 00 00 00 00 00 00 00
                                 0037d27b48b0 00 00 00 00 00 00 00 00 00 00 00 00 00 00 00 00
                                 0037d27b48c0 00 00 00 00 00 00 00 00 00 00 00 00 00 00 00 00
                                 0037d27b48d0 00 00 00 00 00 00 00 00 00 00 00 00 00 00 00 00
                                 0037d27b48e0 00 00 00 00 00 00 00 00 00 00 00 00 00 00 00 00
                                 0037d27b48f0 00 00 00 00 00 00 00 00 00 00 00 00 00 00 00 00
Threads[10]:
    Thread ID:                   0000000000001a62
    Thread Name:                 TaskWorker2
    Registers:
        X[00]:                   0000006c8bbb0148
        X[01]:                   0000000000000002
        X[02]:                   0000000000000001
        X[03]:                   ffffffffffffffff
        X[04]:                   0000000544260070
        X[05]:                   0000000000000000
        X[06]:                   0000000000000000
        X[07]:                   0000000000000020
        X[08]:                   0000000000000000
        X[09]:                   0000000000000000
        X[10]:                   0000000000000000
        X[11]:                   0000000000000000
        X[12]:                   0000000000000000
        X[13]:                   0000000000000000
        X[14]:                   0000000000000000
        X[15]:                   0000000000000000
        X[16]:                   0000000000000000
        X[17]:                   0000000000000000
        X[18]:                   0000000000000000
        X[19]:                   0000000000000000
        X[20]:                   0000000000000000
        X[21]:                   0000000000000000
        X[22]:                   0000000000000000
        X[23]:                   0000000000000000
        X[24]:                   0000000000000000
        X[25]:                   0000000000000000
        X[26]:                   0000000000000000
        X[27]:                   0000000000000000
        X[28]:                   0000000000000000
        FP:                      0000006c8bbffed0
        LR:                      00000015f0cacc88 (nnSdk + 0x32ec88) (_ZN2nn2os6detail18WaitLightEventImplEPNS0_14LightEventTypeE + 0x88)
        SP:                      0000006c8bbffea0
        PC:                      00000015f0d07a24 (nnSdk + 0x389a24)
    Stack Trace:
        ReturnAddress[00]:       00000015ec34e5ac (cross2_Release.nss + 0x354a5ac)
        ReturnAddress[01]:       00000015ec340f68 (cross2_Release.nss + 0x353cf68)
        ReturnAddress[02]:       00000015ec5d052c (cross2_Release.nss + 0x37cc52c)
        ReturnAddress[03]:       00000015f0cb5f28 (nnSdk + 0x337f28) (_ZN2nn2os6detail17CallFiberFunctionEPFPNS0_9FiberTypeEPvES4_ + 0x14)
    TLS Address:                 00000037d27b4a00
    TLS Dump:                                 00 01 02 03 04 05 06 07 08 09 0a 0b 0c 0d 0e 0f
                                 0037d27b4a00 00 00 00 00 00 00 00 00 00 00 00 00 00 00 00 00
                                 0037d27b4a10 00 00 00 00 00 00 00 00 00 00 00 00 00 00 00 00
                                 0037d27b4a20 00 00 00 00 00 00 00 00 00 00 00 00 00 00 00 00
                                 0037d27b4a30 00 00 00 00 00 00 00 00 00 00 00 00 00 00 00 00
                                 0037d27b4a40 00 00 00 00 00 00 00 00 00 00 00 00 00 00 00 00
                                 0037d27b4a50 00 00 00 00 00 00 00 00 00 00 00 00 00 00 00 00
                                 0037d27b4a60 00 00 00 00 00 00 00 00 00 00 00 00 00 00 00 00
                                 0037d27b4a70 00 00 00 00 00 00 00 00 00 00 00 00 00 00 00 00
                                 0037d27b4a80 00 00 00 00 00 00 00 00 00 00 00 00 00 00 00 00
                                 0037d27b4a90 00 00 00 00 00 00 00 00 00 00 00 00 00 00 00 00
                                 0037d27b4aa0 00 00 00 00 00 00 00 00 00 00 00 00 00 00 00 00
                                 0037d27b4ab0 00 00 00 00 00 00 00 00 00 00 00 00 00 00 00 00
                                 0037d27b4ac0 00 00 00 00 00 00 00 00 00 00 00 00 00 00 00 00
                                 0037d27b4ad0 00 00 00 00 00 00 00 00 00 00 00 00 00 00 00 00
                                 0037d27b4ae0 00 00 00 00 00 00 00 00 00 00 00 00 00 00 00 00
                                 0037d27b4af0 00 00 00 00 00 00 00 00 00 00 00 00 00 00 00 00
Threads[11]:
    Thread ID:                   0000000000001a63
    Thread Name:                 TaskWorker0
    Registers:
        X[00]:                   0000006c8092b248
        X[01]:                   0000000000000002
        X[02]:                   0000000000000001
        X[03]:                   ffffffffffffffff
        X[04]:                   0000000000000000
        X[05]:                   0000000000000000
        X[06]:                   0000000000000000
        X[07]:                   0000000000000000
        X[08]:                   0000000000000000
        X[09]:                   0000000000000000
        X[10]:                   0000000000000000
        X[11]:                   0000000000000000
        X[12]:                   0000000000000000
        X[13]:                   0000000000000000
        X[14]:                   0000000000000000
        X[15]:                   0000000000000000
        X[16]:                   0000000000000000
        X[17]:                   0000000000000000
        X[18]:                   0000000000000000
        X[19]:                   0000000000000000
        X[20]:                   0000000000000000
        X[21]:                   0000000000000000
        X[22]:                   0000000000000000
        X[23]:                   0000000000000000
        X[24]:                   0000000000000000
        X[25]:                   0000000000000000
        X[26]:                   0000000000000000
        X[27]:                   0000000000000000
        X[28]:                   0000000000000000
        FP:                      0000006c8c168250
        LR:                      00000015f0cacc88 (nnSdk + 0x32ec88) (_ZN2nn2os6detail18WaitLightEventImplEPNS0_14LightEventTypeE + 0x88)
        SP:                      0000006c8c168220
        PC:                      00000015f0d07a24 (nnSdk + 0x389a24)
    Stack Trace:
        ReturnAddress[00]:       00000015ec34e5ac (cross2_Release.nss + 0x354a5ac)
        ReturnAddress[01]:       00000015ec340f68 (cross2_Release.nss + 0x353cf68)
        ReturnAddress[02]:       00000015ec5d052c (cross2_Release.nss + 0x37cc52c)
        ReturnAddress[03]:       00000015f0cb5f28 (nnSdk + 0x337f28) (_ZN2nn2os6detail17CallFiberFunctionEPFPNS0_9FiberTypeEPvES4_ + 0x14)
    TLS Address:                 00000037d27b4c00
    TLS Dump:                                 00 01 02 03 04 05 06 07 08 09 0a 0b 0c 0d 0e 0f
                                 0037d27b4c00 00 00 00 00 0c 08 e0 83 02 00 00 00 87 01 00 01
                                 0037d27b4c10 00 00 00 00 00 00 00 00 00 00 00 00 00 00 00 00
                                 0037d27b4c20 53 46 43 4f 00 00 00 00 00 00 00 00 6a 01 3b d6
                                 0037d27b4c30 00 00 00 00 00 00 00 00 00 00 00 00 00 00 00 00
                                 0037d27b4c40 af 00 00 00 00 00 00 00 00 00 00 00 00 00 00 00
                                 0037d27b4c50 28 00 00 00 d8 6e 16 8c 6c 00 28 00 00 00 00 00
                                 0037d27b4c60 00 00 00 00 00 00 00 00 00 00 00 00 00 00 00 00
                                 0037d27b4c70 00 00 00 00 00 00 00 00 00 00 00 00 00 00 00 00
                                 0037d27b4c80 00 00 00 00 00 00 00 00 00 00 00 00 00 00 00 00
                                 0037d27b4c90 00 00 00 00 00 00 00 00 00 00 00 00 00 00 00 00
                                 0037d27b4ca0 00 00 00 00 00 00 00 00 00 00 00 00 00 00 00 00
                                 0037d27b4cb0 00 00 00 00 00 00 00 00 00 00 00 00 00 00 00 00
                                 0037d27b4cc0 00 00 00 00 00 00 00 00 00 00 00 00 00 00 00 00
                                 0037d27b4cd0 00 00 00 00 00 00 00 00 00 00 00 00 00 00 00 00
                                 0037d27b4ce0 00 00 00 00 00 00 00 00 00 00 00 00 00 00 00 00
                                 0037d27b4cf0 00 00 00 00 00 00 00 00 00 00 00 00 00 00 00 00
Threads[12]:
    Thread ID:                   0000000000001a64
    Thread Name:                 TaskWorker1
    Registers:
        X[00]:                   0000006c8bb89748
        X[01]:                   0000000000000002
        X[02]:                   0000000000000001
        X[03]:                   ffffffffffffffff
        X[04]:                   0000000000000000
        X[05]:                   0000000000000000
        X[06]:                   0000000000000000
        X[07]:                   0000000000000000
        X[08]:                   0000000000000000
        X[09]:                   0000000000000000
        X[10]:                   0000000000000000
        X[11]:                   0000000000000000
        X[12]:                   0000000000000000
        X[13]:                   0000000000000000
        X[14]:                   0000000000000000
        X[15]:                   0000000000000000
        X[16]:                   0000000000000000
        X[17]:                   0000000000000000
        X[18]:                   0000000000000000
        X[19]:                   0000000000000000
        X[20]:                   0000000000000000
        X[21]:                   0000000000000000
        X[22]:                   0000000000000000
        X[23]:                   0000000000000000
        X[24]:                   0000000000000000
        X[25]:                   0000000000000000
        X[26]:                   0000000000000000
        X[27]:                   0000000000000000
        X[28]:                   0000000000000000
        FP:                      0000006c8ca978d0
        LR:                      00000015f0cacc88 (nnSdk + 0x32ec88) (_ZN2nn2os6detail18WaitLightEventImplEPNS0_14LightEventTypeE + 0x88)
        SP:                      0000006c8ca978a0
        PC:                      00000015f0d07a24 (nnSdk + 0x389a24)
    Stack Trace:
        ReturnAddress[00]:       00000015ec34e5ac (cross2_Release.nss + 0x354a5ac)
        ReturnAddress[01]:       00000015ec340f68 (cross2_Release.nss + 0x353cf68)
        ReturnAddress[02]:       00000015ec5d052c (cross2_Release.nss + 0x37cc52c)
        ReturnAddress[03]:       00000015f0cb5f28 (nnSdk + 0x337f28) (_ZN2nn2os6detail17CallFiberFunctionEPFPNS0_9FiberTypeEPvES4_ + 0x14)
    TLS Address:                 00000037d27b4e00
    TLS Dump:                                 00 01 02 03 04 05 06 07 08 09 0a 0b 0c 0d 0e 0f
                                 0037d27b4e00 00 00 01 00 09 08 e0 03 80 c1 28 00 58 65 a9 8c
                                 0037d27b4e10 53 46 43 4f 00 00 00 00 00 00 00 00 99 5d e2 a4
                                 0037d27b4e20 00 00 00 00 00 00 00 00 00 00 00 00 00 00 00 00
                                 0037d27b4e30 00 00 00 00 01 00 00 00 01 00 00 00 00 00 00 00
                                 0037d27b4e40 01 00 e2 01 06 41 28 c0 00 00 00 00 00 00 00 00
                                 0037d27b4e50 28 00 00 00 58 65 a9 8c 6c 00 28 00 00 00 00 00
                                 0037d27b4e60 00 00 00 00 00 00 00 00 00 00 00 00 00 00 00 00
                                 0037d27b4e70 00 00 00 00 00 00 00 00 00 00 00 00 00 00 00 00
                                 0037d27b4e80 00 00 00 00 00 00 00 00 00 00 00 00 00 00 00 00
                                 0037d27b4e90 00 00 00 00 00 00 00 00 00 00 00 00 00 00 00 00
                                 0037d27b4ea0 00 00 00 00 00 00 00 00 00 00 00 00 00 00 00 00
                                 0037d27b4eb0 00 00 00 00 00 00 00 00 00 00 00 00 00 00 00 00
                                 0037d27b4ec0 00 00 00 00 00 00 00 00 00 00 00 00 00 00 00 00
                                 0037d27b4ed0 00 00 00 00 00 00 00 00 00 00 00 00 00 00 00 00
                                 0037d27b4ee0 00 00 00 00 00 00 00 00 00 00 00 00 00 00 00 00
                                 0037d27b4ef0 00 00 00 00 00 00 00 00 00 00 00 00 00 00 00 00
Threads[13]:
    Thread ID:                   0000000000001a65
    Thread Name:                 TaskWorker2
    Registers:
        X[00]:                   0000006c8bbb9748
        X[01]:                   0000000000000002
        X[02]:                   0000000000000001
        X[03]:                   ffffffffffffffff
        X[04]:                   0000000000000000
        X[05]:                   0000000000000000
        X[06]:                   0000000000000001
        X[07]:                   0000000000000780
        X[08]:                   0000000000000000
        X[09]:                   0000000000000000
        X[10]:                   0000000000000000
        X[11]:                   0000000000000000
        X[12]:                   0000000000000000
        X[13]:                   0000000000000000
        X[14]:                   0000000000000000
        X[15]:                   0000000000000000
        X[16]:                   0000000000000000
        X[17]:                   0000000000000000
        X[18]:                   0000000000000000
        X[19]:                   0000000000000000
        X[20]:                   0000000000000000
        X[21]:                   0000000000000000
        X[22]:                   0000000000000000
        X[23]:                   0000000000000000
        X[24]:                   0000000000000000
        X[25]:                   0000000000000000
        X[26]:                   0000000000000000
        X[27]:                   0000000000000000
        X[28]:                   0000000000000000
        FP:                      0000006c8cbb6f90
        LR:                      00000015f0cacc88 (nnSdk + 0x32ec88) (_ZN2nn2os6detail18WaitLightEventImplEPNS0_14LightEventTypeE + 0x88)
        SP:                      0000006c8cbb6f60
        PC:                      00000015f0d07a24 (nnSdk + 0x389a24)
    Stack Trace:
        ReturnAddress[00]:       00000015ec34e5ac (cross2_Release.nss + 0x354a5ac)
        ReturnAddress[01]:       00000015ec340f68 (cross2_Release.nss + 0x353cf68)
        ReturnAddress[02]:       00000015ec5d052c (cross2_Release.nss + 0x37cc52c)
        ReturnAddress[03]:       00000015f0cb5f28 (nnSdk + 0x337f28) (_ZN2nn2os6detail17CallFiberFunctionEPFPNS0_9FiberTypeEPvES4_ + 0x14)
    TLS Address:                 0000003c45306000
    TLS Dump:                                 00 01 02 03 04 05 06 07 08 09 0a 0b 0c 0d 0e 0f
                                 003c45306000 00 00 01 00 09 08 e0 03 80 c1 18 00 f8 5f bb 8c
                                 003c45306010 53 46 43 4f 00 00 00 00 00 00 00 00 99 5d e2 a4
                                 003c45306020 00 00 00 00 00 00 00 00 00 00 00 00 00 00 00 00
                                 003c45306030 00 00 00 00 01 00 00 00 01 00 00 00 00 00 00 00
                                 003c45306040 02 00 e2 01 05 01 18 c0 0b 00 00 00 00 00 00 00
                                 003c45306050 18 00 e2 01 f8 5f bb 8c 6c 00 18 00 00 00 00 00
                                 003c45306060 00 00 00 00 18 00 00 00 90 5d bb 8c 6c 00 18 00
                                 003c45306070 00 00 00 00 00 00 00 00 00 00 00 00 00 00 00 00
                                 003c45306080 00 00 00 00 00 00 00 00 00 00 00 00 00 00 00 00
                                 003c45306090 00 00 00 00 00 00 00 00 00 00 00 00 00 00 00 00
                                 003c453060a0 00 00 00 00 00 00 00 00 00 00 00 00 00 00 00 00
                                 003c453060b0 00 00 00 00 00 00 00 00 00 00 00 00 00 00 00 00
                                 003c453060c0 00 00 00 00 00 00 00 00 00 00 00 00 00 00 00 00
                                 003c453060d0 00 00 00 00 00 00 00 00 00 00 00 00 00 00 00 00
                                 003c453060e0 00 00 00 00 00 00 00 00 00 00 00 00 00 00 00 00
                                 003c453060f0 00 00 00 00 00 00 00 00 00 00 00 00 00 00 00 00
Threads[14]:
    Thread ID:                   0000000000001a66
    Thread Name:                 ResUpdateThread
    Stack Region:                00000059008d5000-0000005900915000
    Registers:
        X[00]:                   0000000000f42400
        X[01]:                   0000000000000000
        X[02]:                   0000000000000000
        X[03]:                   0000000000000000
        X[04]:                   0000000000000000
        X[05]:                   0000000000000000
        X[06]:                   0000000000000000
        X[07]:                   0000000000000000
        X[08]:                   0000000000000000
        X[09]:                   0000000000000000
        X[10]:                   0000000000000000
        X[11]:                   0000000000000000
        X[12]:                   0000000000000000
        X[13]:                   0000000000000000
        X[14]:                   0000000000000000
        X[15]:                   0000000000000000
        X[16]:                   0000000000000000
        X[17]:                   0000000000000000
        X[18]:                   0000000000000000
        X[19]:                   0000000000000000
        X[20]:                   0000000000000000
        X[21]:                   0000000000000000
        X[22]:                   0000000000000000
        X[23]:                   0000000000000000
        X[24]:                   0000000000000000
        X[25]:                   0000000000000000
        X[26]:                   0000000000000000
        X[27]:                   0000000000000000
        X[28]:                   0000000000000000
        FP:                      0000005900914f80
        LR:                      00000015ec347070 (cross2_Release.nss + 0x3543070)
        SP:                      0000005900914f50
        PC:                      00000015f0d0785c (nnSdk + 0x38985c)
    Stack Trace:
        ReturnAddress[00]:       00000015f0cb24b8 (nnSdk + 0x3344b8)
        ReturnAddress[01]:       00000015f0cb6984 (nnSdk + 0x338984)
        ReturnAddress[02]:       0000000000000000
    Stack Dump:                               00 01 02 03 04 05 06 07 08 09 0a 0b 0c 0d 0e 0f
                                 005900914f00 40 87 6c 80 6c 00 00 00 5c 87 6c 80 6c 00 00 00
                                 005900914f10 40 4f 91 00 59 00 00 00 90 c7 ca f0 15 00 00 00
                                 005900914f20 80 8f c2 83 6c 00 00 00 04 f1 e2 f0 15 00 00 00
                                 005900914f30 00 24 f4 00 00 00 00 00 00 00 00 00 6c 00 00 00
                                 005900914f40 80 4f 91 00 59 00 00 00 64 70 34 ec 15 00 00 00
                                 005900914f50 00 00 00 00 00 00 00 00 00 00 00 00 00 00 00 00
                                 005900914f60 00 00 00 00 00 00 00 00 bc 54 95 80 6c 00 00 00
                                 005900914f70 b8 54 95 80 6c 00 00 00 10 53 95 80 6c 00 00 00
                                 005900914f80 b0 4f 91 00 59 00 00 00 b8 24 cb f0 15 00 00 00
                                 005900914f90 00 00 00 00 00 00 00 00 00 00 00 00 00 00 00 00
                                 005900914fa0 00 00 00 00 00 00 00 00 10 53 95 80 6c 00 00 00
                                 005900914fb0 d0 4f 91 00 59 00 00 00 84 69 cb f0 15 00 00 00
                                 005900914fc0 00 00 00 00 00 00 00 00 00 00 00 00 00 00 00 00
                                 005900914fd0 00 00 00 00 00 00 00 00 00 00 00 00 00 00 00 00
                                 005900914fe0 50 24 cb f0 15 00 00 00 00 00 00 00 00 00 00 00
                                 005900914ff0 00 00 00 00 00 00 00 00 00 00 00 00 00 00 00 00
    TLS Address:                 0000003c45306200
    TLS Dump:                                 00 01 02 03 04 05 06 07 08 09 0a 0b 0c 0d 0e 0f
                                 003c45306200 00 00 00 00 00 00 00 00 00 00 00 00 00 00 00 00
                                 003c45306210 00 00 00 00 00 00 00 00 00 00 00 00 00 00 00 00
                                 003c45306220 00 00 00 00 00 00 00 00 00 00 00 00 00 00 00 00
                                 003c45306230 00 00 00 00 00 00 00 00 00 00 00 00 00 00 00 00
                                 003c45306240 00 00 00 00 00 00 00 00 00 00 00 00 00 00 00 00
                                 003c45306250 00 00 00 00 00 00 00 00 00 00 00 00 00 00 00 00
                                 003c45306260 00 00 00 00 00 00 00 00 00 00 00 00 00 00 00 00
                                 003c45306270 00 00 00 00 00 00 00 00 00 00 00 00 00 00 00 00
                                 003c45306280 00 00 00 00 00 00 00 00 00 00 00 00 00 00 00 00
                                 003c45306290 00 00 00 00 00 00 00 00 00 00 00 00 00 00 00 00
                                 003c453062a0 00 00 00 00 00 00 00 00 00 00 00 00 00 00 00 00
                                 003c453062b0 00 00 00 00 00 00 00 00 00 00 00 00 00 00 00 00
                                 003c453062c0 00 00 00 00 00 00 00 00 00 00 00 00 00 00 00 00
                                 003c453062d0 00 00 00 00 00 00 00 00 00 00 00 00 00 00 00 00
                                 003c453062e0 00 00 00 00 00 00 00 00 00 00 00 00 00 00 00 00
                                 003c453062f0 00 00 00 00 00 00 00 00 00 00 00 00 00 00 00 00
Threads[15]:
    Thread ID:                   0000000000001a67
    Thread Name:                 ResLoadingThread
    Stack Region:                000000590ec4c000-000000590ec8c000
    Registers:
        X[00]:                   0000006c806c884c
        X[01]:                   0000006c806c8850
        X[02]:                   00000000002981bf
        X[03]:                   ffffffffffffffff
        X[04]:                   0000000000000000
        X[05]:                   0000000000000000
        X[06]:                   0000000000000000
        X[07]:                   0000000000000000
        X[08]:                   0000000000000000
        X[09]:                   0000000000000000
        X[10]:                   0000000000000000
        X[11]:                   0000000000000000
        X[12]:                   0000000000000000
        X[13]:                   0000000000000000
        X[14]:                   0000000000000000
        X[15]:                   0000000000000000
        X[16]:                   0000000000000000
        X[17]:                   0000000000000000
        X[18]:                   0000000000000000
        X[19]:                   0000000000000000
        X[20]:                   0000000000000000
        X[21]:                   0000000000000000
        X[22]:                   0000000000000000
        X[23]:                   0000000000000000
        X[24]:                   0000000000000000
        X[25]:                   0000000000000000
        X[26]:                   0000000000000000
        X[27]:                   0000000000000000
        X[28]:                   0000000000000000
        FP:                      000000590ec8bdb0
        LR:                      00000015f0cb7998 (nnSdk + 0x339998) (_ZN2nn2os6detail38InternalConditionVariableImplByHorizon4WaitEPNS1_23InternalCriticalSectionE + 0x48)
        SP:                      000000590ec8bd90
        PC:                      00000015f0d0792c (nnSdk + 0x38992c)
    Stack Trace:
        ReturnAddress[00]:       00000015f0caf638 (nnSdk + 0x331638) (_ZN2nn2os16AcquireSemaphoreEPNS0_13SemaphoreTypeE + 0x38)
        ReturnAddress[01]:       00000015ec3479b8 (cross2_Release.nss + 0x35439b8)
        ReturnAddress[02]:       00000015f0cb24b8 (nnSdk + 0x3344b8)
        ReturnAddress[03]:       00000015f0cb6984 (nnSdk + 0x338984)
        ReturnAddress[04]:       0000000000000000
    Stack Dump:                               00 01 02 03 04 05 06 07 08 09 0a 0b 0c 0d 0e 0f
                                 00590ec8bd90 50 88 6c 80 6c 00 00 00 68 39 b7 f0 15 00 00 00
                                 00590ec8bda0 30 88 6c 80 6c 00 00 00 4c 88 6c 80 6c 00 00 00
                                 00590ec8bdb0 e0 bd c8 0e 59 00 00 00 38 f6 ca f0 15 00 00 00
                                 00590ec8bdc0 97 02 00 00 00 00 00 00 48 f4 17 19 04 00 00 00
                                 00590ec8bdd0 32 3c 09 00 00 00 00 00 80 4d 95 80 6c 00 00 00
                                 00590ec8bde0 80 bf c8 0e 59 00 00 00 b8 79 34 ec 15 00 00 00
                                 00590ec8bdf0 00 00 00 00 00 00 00 00 95 52 ff 97 6c 00 00 00
                                 00590ec8be00 40 4e 95 80 6c 00 00 00 28 4e 95 80 6c 00 00 00
                                 00590ec8be10 10 4e 95 80 6c 00 00 00 f8 4d 95 80 6c 00 00 00
                                 00590ec8be20 e0 4d 95 80 6c 00 00 00 e8 be c8 0e 59 00 00 00
                                 00590ec8be30 d0 be c8 0e 59 00 00 00 b8 be c8 0e 59 00 00 00
                                 00590ec8be40 a0 be c8 0e 59 00 00 00 f0 be c8 0e 59 00 00 00
                                 00590ec8be50 d8 be c8 0e 59 00 00 00 c0 be c8 0e 59 00 00 00
                                 00590ec8be60 a8 be c8 0e 59 00 00 00 90 be c8 0e 59 00 00 00
                                 00590ec8be70 02 00 00 00 00 00 00 00 b8 be c8 0e 59 00 00 00
                                 00590ec8be80 c0 be c8 0e 59 00 00 00 00 00 00 00 00 00 00 00
    TLS Address:                 0000003c45306400
    TLS Dump:                                 00 01 02 03 04 05 06 07 08 09 0a 0b 0c 0d 0e 0f
                                 003c45306400 00 00 00 00 0c 00 00 00 00 00 00 00 00 00 00 00
                                 003c45306410 00 00 00 00 00 00 00 00 00 00 00 00 00 00 00 00
                                 003c45306420 53 46 43 4f 00 00 00 00 00 00 00 00 eb ca d2 c4
                                 003c45306430 00 00 00 00 00 00 00 00 00 00 00 00 00 00 00 00
                                 003c45306440 28 ff 1b 9e 03 00 00 00 97 02 00 00 00 00 00 00
                                 003c45306450 00 00 00 00 00 00 00 00 00 00 00 00 00 00 00 00
                                 003c45306460 00 00 00 00 00 00 00 00 00 00 00 00 00 00 00 00
                                 003c45306470 00 00 00 00 00 00 00 00 00 00 00 00 00 00 00 00
                                 003c45306480 00 00 00 00 00 00 00 00 00 00 00 00 00 00 00 00
                                 003c45306490 00 00 00 00 00 00 00 00 00 00 00 00 00 00 00 00
                                 003c453064a0 00 00 00 00 00 00 00 00 00 00 00 00 00 00 00 00
                                 003c453064b0 00 00 00 00 00 00 00 00 00 00 00 00 00 00 00 00
                                 003c453064c0 00 00 00 00 00 00 00 00 00 00 00 00 00 00 00 00
                                 003c453064d0 00 00 00 00 00 00 00 00 00 00 00 00 00 00 00 00
                                 003c453064e0 00 00 00 00 00 00 00 00 00 00 00 00 00 00 00 00
                                 003c453064f0 00 00 00 00 00 00 00 00 00 00 00 00 00 00 00 00
Threads[16]:
    Thread ID:                   0000000000001a68
    Thread Name:                 ResInflateThread
    Stack Region:                00000058ef0f8000-00000058ef138000
    Registers:
        X[00]:                   0000000000000000
        X[01]:                   0000000000000000
        X[02]:                   0000000000002193
        X[03]:                   00000000fffffff2
        X[04]:                   0000006d1523db48
        X[05]:                   0000006d1501db40
        X[06]:                   0000006cf0e0703c
        X[07]:                   0000000000008eb4
        X[08]:                   0000006c8c1f7a64
        X[09]:                   0000006c8c1f843f
        X[10]:                   0000000000000005
        X[11]:                   0000000000000001
        X[12]:                   000000000000000e
        X[13]:                   0000000000000010
        X[14]:                   0000000000000000
        X[15]:                   bc3c003bcbae0c32
        X[16]:                   000000000000003b
        X[17]:                   000000000000003f
        X[18]:                   0000000000000000
        X[19]:                   0000006d1507db40
        X[20]:                   0000006d1523db50
        X[21]:                   0000006c8c1f7a3f
        X[22]:                   0000006d15097c64
        X[23]:                   0000000000000676
        X[24]:                   0000000000006190
        X[25]:                   0000006d15097c64
        X[26]:                   000000000000001c
        X[27]:                   0000000000000017
        X[28]:                   0000006cf0e10084
        FP:                      00000058ef137b50
        LR:                      00000015ec7a69b4 (cross2_Release.nss + 0x39a29b4)
        SP:                      00000058ef137930
        PC:                      00000015ec7a5f68 (cross2_Release.nss + 0x39a1f68)
    Stack Trace:
        ReturnAddress[00]:       00000015ec7a515c (cross2_Release.nss + 0x39a115c)
        ReturnAddress[01]:       00000015ec7a8a9c (cross2_Release.nss + 0x39a4a9c)
        ReturnAddress[02]:       0000003826f97f24 (arcropolis + 0x4ff24) (inflate_dir_file + 0xdc)
        ReturnAddress[03]:       00000015f0cb24b8 (nnSdk + 0x3344b8)
        ReturnAddress[04]:       00000015f0cb6984 (nnSdk + 0x338984)
        ReturnAddress[05]:       0000000000000000
    Stack Dump:                               00 01 02 03 04 05 06 07 08 09 0a 0b 0c 0d 0e 0f
                                 0058ef137930 40 db ff 14 6d 00 00 00 c8 dd 29 80 6c 00 00 00
                                 0058ef137940 c0 fe 1c 8c 00 00 00 00 08 00 00 00 00 00 00 00
                                 0058ef137950 00 00 28 00 00 00 00 00 00 00 00 00 00 00 00 00
                                 0058ef137960 11 2e 2b 8c 6c 00 00 00 08 dc 29 80 6c 00 00 00
                                 0058ef137970 00 00 e0 f0 6c 00 00 00 10 00 24 00 00 00 00 00
                                 0058ef137980 d0 79 13 ef 58 00 00 00 3f db 23 15 6d 00 00 00
                                 0058ef137990 43 db 23 15 6d 00 00 00 84 00 e1 f0 6c 00 00 00
                                 0058ef1379a0 40 db 01 15 6d 00 00 00 48 db 23 15 6d 00 00 00
                                 0058ef1379b0 00 00 00 00 00 00 00 00 3c 70 e0 f0 6c 00 00 00
                                 0058ef1379c0 40 db 01 15 6d 00 00 00 8c 95 e4 5d 74 27 ac 53
                                 0058ef1379d0 05 00 00 00 b3 00 08 00 3f 84 1f 8c 6c 00 00 00
                                 0058ef1379e0 5c 7a 1f 8c 6c 00 00 00 64 7a 1f 8c 6c 00 00 00
                                 0058ef1379f0 74 01 00 00 00 00 00 00 28 00 e0 f0 6c 00 00 00
                                 0058ef137a00 fb 00 00 00 00 00 00 00 30 10 e0 f0 6c 00 00 00
                                 0058ef137a10 3a 00 00 00 00 00 00 00 38 18 e0 f0 6c 00 00 00
                                 0058ef137a20 90 61 00 00 00 00 00 00 08 0c 00 00 00 00 00 00
    TLS Address:                 0000003c45306600
    TLS Dump:                                 00 01 02 03 04 05 06 07 08 09 0a 0b 0c 0d 0e 0f
                                 003c45306600 00 00 00 00 00 00 00 00 00 00 00 00 00 00 00 00
                                 003c45306610 00 00 00 00 00 00 00 00 00 00 00 00 00 00 00 00
                                 003c45306620 00 00 00 00 00 00 00 00 00 00 00 00 00 00 00 00
                                 003c45306630 00 00 00 00 00 00 00 00 00 00 00 00 00 00 00 00
                                 003c45306640 00 00 00 00 00 00 00 00 00 00 00 00 00 00 00 00
                                 003c45306650 00 00 00 00 00 00 00 00 00 00 00 00 00 00 00 00
                                 003c45306660 00 00 00 00 00 00 00 00 00 00 00 00 00 00 00 00
                                 003c45306670 00 00 00 00 00 00 00 00 00 00 00 00 00 00 00 00
                                 003c45306680 00 00 00 00 00 00 00 00 00 00 00 00 00 00 00 00
                                 003c45306690 00 00 00 00 00 00 00 00 00 00 00 00 00 00 00 00
                                 003c453066a0 00 00 00 00 00 00 00 00 00 00 00 00 00 00 00 00
                                 003c453066b0 00 00 00 00 00 00 00 00 00 00 00 00 00 00 00 00
                                 003c453066c0 00 00 00 00 00 00 00 00 00 00 00 00 00 00 00 00
                                 003c453066d0 00 00 00 00 00 00 00 00 00 00 00 00 00 00 00 00
                                 003c453066e0 00 00 00 00 00 00 00 00 00 00 00 00 00 00 00 00
                                 003c453066f0 00 00 00 00 00 00 00 00 00 00 00 00 00 00 00 00
Threads[17]:
    Thread ID:                   0000000000001a6a
    Thread Name:                 VSync Count Thread
    Stack Region:                00000058f9ab2000-00000058f9af2000
    Registers:
        X[00]:                   00000058f9af1f38
        X[01]:                   00000058f9af1f3c
        X[02]:                   0000000000000001
        X[03]:                   ffffffffffffffff
        X[04]:                   0000000000000000
        X[05]:                   0000000000000000
        X[06]:                   0000000000000000
        X[07]:                   0000000000000000
        X[08]:                   0000000000000000
        X[09]:                   0000000000000000
        X[10]:                   0000000000000000
        X[11]:                   0000000000000000
        X[12]:                   0000000000000000
        X[13]:                   0000000000000000
        X[14]:                   0000000000000000
        X[15]:                   0000000000000000
        X[16]:                   0000000000000000
        X[17]:                   0000000000000000
        X[18]:                   0000000000000000
        X[19]:                   0000000000000000
        X[20]:                   0000000000000000
        X[21]:                   0000000000000000
        X[22]:                   0000000000000000
        X[23]:                   0000000000000000
        X[24]:                   0000000000000000
        X[25]:                   0000000000000000
        X[26]:                   0000000000000000
        X[27]:                   0000000000000000
        X[28]:                   0000000000000000
        FP:                      00000058f9af1f50
        LR:                      00000015f0cb7444 (nnSdk + 0x339444) (_ZN2nn2os6detail30InterProcessEventImplByHorizon4WaitEjb + 0x34)
        SP:                      00000058f9af1f20
        PC:                      00000015f0d07900 (nnSdk + 0x389900)
    Stack Trace:
        ReturnAddress[00]:       00000015ec614a64 (cross2_Release.nss + 0x3810a64)
        ReturnAddress[01]:       00000015f0cb24b8 (nnSdk + 0x3344b8)
        ReturnAddress[02]:       00000015f0cb6984 (nnSdk + 0x338984)
        ReturnAddress[03]:       0000000000000000
    Stack Dump:                               00 01 02 03 04 05 06 07 08 09 0a 0b 0c 0d 0e 0f
                                 0058f9af1f00 00 00 00 00 00 00 00 00 00 00 00 00 00 00 00 00
                                 0058f9af1f10 00 00 00 00 00 00 00 00 00 00 00 00 00 00 00 00
                                 0058f9af1f20 38 1f af f9 58 00 00 00 00 00 00 00 00 00 00 00
                                 0058f9af1f30 00 00 00 00 00 00 00 00 00 00 00 00 b4 81 30 00
                                 0058f9af1f40 00 2c 9a 80 6c 00 00 00 08 2d 9a 80 6c 00 00 00
                                 0058f9af1f50 80 1f af f9 58 00 00 00 64 4a 61 ec 15 00 00 00
                                 0058f9af1f60 8c 2f 9a 80 6c 00 00 00 00 00 00 00 00 00 00 00
                                 0058f9af1f70 88 2f 9a 80 6c 00 00 00 e0 2d 9a 80 6c 00 00 00
                                 0058f9af1f80 b0 1f af f9 58 00 00 00 b8 24 cb f0 15 00 00 00
                                 0058f9af1f90 00 00 00 00 00 00 00 00 00 00 00 00 00 00 00 00
                                 0058f9af1fa0 00 00 00 00 00 00 00 00 e0 2d 9a 80 6c 00 00 00
                                 0058f9af1fb0 d0 1f af f9 58 00 00 00 84 69 cb f0 15 00 00 00
                                 0058f9af1fc0 00 00 00 00 00 00 00 00 00 00 00 00 00 00 00 00
                                 0058f9af1fd0 00 00 00 00 00 00 00 00 00 00 00 00 00 00 00 00
                                 0058f9af1fe0 50 24 cb f0 15 00 00 00 00 00 00 00 00 00 00 00
                                 0058f9af1ff0 00 00 00 00 00 00 00 00 00 00 00 00 00 00 00 00
    TLS Address:                 0000002d79f06e00
    TLS Dump:                                 00 01 02 03 04 05 06 07 08 09 0a 0b 0c 0d 0e 0f
                                 002d79f06e00 00 00 00 00 00 00 00 00 00 00 00 00 00 00 00 00
                                 002d79f06e10 00 00 00 00 00 00 00 00 00 00 00 00 00 00 00 00
                                 002d79f06e20 00 00 00 00 00 00 00 00 00 00 00 00 00 00 00 00
                                 002d79f06e30 00 00 00 00 00 00 00 00 00 00 00 00 00 00 00 00
                                 002d79f06e40 00 00 00 00 00 00 00 00 00 00 00 00 00 00 00 00
                                 002d79f06e50 00 00 00 00 00 00 00 00 00 00 00 00 00 00 00 00
                                 002d79f06e60 00 00 00 00 00 00 00 00 00 00 00 00 00 00 00 00
                                 002d79f06e70 00 00 00 00 00 00 00 00 00 00 00 00 00 00 00 00
                                 002d79f06e80 00 00 00 00 00 00 00 00 00 00 00 00 00 00 00 00
                                 002d79f06e90 00 00 00 00 00 00 00 00 00 00 00 00 00 00 00 00
                                 002d79f06ea0 00 00 00 00 00 00 00 00 00 00 00 00 00 00 00 00
                                 002d79f06eb0 00 00 00 00 00 00 00 00 00 00 00 00 00 00 00 00
                                 002d79f06ec0 00 00 00 00 00 00 00 00 00 00 00 00 00 00 00 00
                                 002d79f06ed0 00 00 00 00 00 00 00 00 00 00 00 00 00 00 00 00
                                 002d79f06ee0 00 00 00 00 00 00 00 00 00 00 00 00 00 00 00 00
                                 002d79f06ef0 00 00 00 00 00 00 00 00 00 00 00 00 00 00 00 00
Threads[18]:
    Thread ID:                   0000000000001a6b
    Thread Name:                 render dispatch
    Stack Region:                00000059580f2000-0000005958132000
    Registers:
        X[00]:                   0000006c8393c058
        X[01]:                   0000006c8393c064
        X[02]:                   00000000003181b2
        X[03]:                   ffffffffffffffff
        X[04]:                   0000000000000000
        X[05]:                   0000000000000000
        X[06]:                   0000000000000001
        X[07]:                   0000000000000001
        X[08]:                   0000000000000000
        X[09]:                   0000000000000000
        X[10]:                   0000000000000000
        X[11]:                   0000000000000000
        X[12]:                   0000000000000000
        X[13]:                   0000000000000000
        X[14]:                   0000000000000000
        X[15]:                   0000000000000000
        X[16]:                   0000000000000000
        X[17]:                   0000000000000000
        X[18]:                   0000000000000000
        X[19]:                   0000000000000000
        X[20]:                   0000000000000000
        X[21]:                   0000000000000000
        X[22]:                   0000000000000000
        X[23]:                   0000000000000000
        X[24]:                   0000000000000000
        X[25]:                   0000000000000000
        X[26]:                   0000000000000000
        X[27]:                   0000000000000000
        X[28]:                   0000000000000000
        FP:                      0000005958131e70
        LR:                      00000015f0cb7998 (nnSdk + 0x339998) (_ZN2nn2os6detail38InternalConditionVariableImplByHorizon4WaitEPNS1_23InternalCriticalSectionE + 0x48)
        SP:                      0000005958131e50
        PC:                      00000015f0d0792c (nnSdk + 0x38992c)
    Stack Trace:
        ReturnAddress[00]:       00000015f0cac464 (nnSdk + 0x32e464) (_ZN2nn2os21WaitConditionVariableEPNS0_21ConditionVariableTypeEPNS0_9MutexTypeE + 0x44)
        ReturnAddress[01]:       00000015f0e2f184 (nnSdk + 0x4b1184) (_ZNSt3__121__libcpp_condvar_waitEPNSt13__libcxx_shim19__libcxx_shim_ver_132__libcxx_shim_condition_variableEPNS1_19__libcxx_shi + 0xc)
        ReturnAddress[02]:       00000015f0dde618 (nnSdk + 0x460618) (_ZNSt3__118condition_variable4waitERNS_11unique_lockINS_5mutexEEE + 0x18)
        ReturnAddress[03]:       00000015ec61a1f0 (cross2_Release.nss + 0x38161f0)
        ReturnAddress[04]:       00000015ec3a7e68 (cross2_Release.nss + 0x35a3e68)
        ReturnAddress[05]:       00000015f0cb24b8 (nnSdk + 0x3344b8)
        ReturnAddress[06]:       00000015f0cb6984 (nnSdk + 0x338984)
        ReturnAddress[07]:       0000000000000000
    Stack Dump:                               00 01 02 03 04 05 06 07 08 09 0a 0b 0c 0d 0e 0f
                                 005958131e50 60 c0 93 83 6c 00 00 00 03 00 00 00 01 00 00 00
                                 005958131e60 80 b7 c7 d2 6c 00 00 00 40 c0 93 83 6c 00 00 00
                                 005958131e70 90 1e 13 58 59 00 00 00 64 c4 ca f0 15 00 00 00
                                 005958131e80 00 c0 93 83 6c 00 00 00 00 c0 93 83 6c 00 00 00
                                 005958131e90 a0 1e 13 58 59 00 00 00 84 f1 e2 f0 15 00 00 00
                                 005958131ea0 b0 1e 13 58 59 00 00 00 18 e6 dd f0 15 00 00 00
                                 005958131eb0 60 1f 13 58 59 00 00 00 f0 a1 61 ec 15 00 00 00
                                 005958131ec0 40 01 4c f1 56 04 00 00 40 c0 93 83 6c 00 00 00
                                 005958131ed0 01 b7 a1 8b 6c 00 00 00 d0 28 11 d7 6c 00 00 00
                                 005958131ee0 00 00 00 00 00 00 00 00 01 00 00 00 00 00 00 00
                                 005958131ef0 b0 47 03 ee 15 00 00 00 98 b7 c7 d2 6c 00 00 00
                                 005958131f00 08 57 11 d7 6c 00 00 00 00 00 00 00 00 00 00 00
                                 005958131f10 00 00 00 00 00 00 00 00 00 00 00 00 00 00 00 00
                                 005958131f20 00 00 00 00 00 00 00 00 00 00 00 00 00 00 00 00
                                 005958131f30 00 00 00 00 00 00 00 00 00 00 00 00 00 00 00 00
                                 005958131f40 00 00 00 00 00 00 00 00 3c 48 30 d7 6c 00 00 00
    TLS Address:                 0000003c45306800
    TLS Dump:                                 00 01 02 03 04 05 06 07 08 09 0a 0b 0c 0d 0e 0f
                                 003c45306800 00 00 01 00 09 08 e0 03 40 91 28 00 18 19 13 58
                                 003c45306810 53 46 43 4f 00 00 00 00 00 00 00 00 99 5d e2 a4
                                 003c45306820 00 00 00 00 00 00 00 00 00 00 00 00 00 00 00 00
                                 003c45306830 00 00 00 00 01 00 00 00 01 00 00 00 00 00 00 00
                                 003c45306840 01 00 e2 01 06 41 28 c0 00 00 00 00 00 00 00 00
                                 003c45306850 28 00 00 00 18 19 13 58 59 00 28 00 00 00 00 00
                                 003c45306860 00 00 00 00 00 00 00 00 00 00 00 00 00 00 00 00
                                 003c45306870 00 00 00 00 00 00 00 00 00 00 00 00 00 00 00 00
                                 003c45306880 00 00 00 00 00 00 00 00 00 00 00 00 00 00 00 00
                                 003c45306890 00 00 00 00 00 00 00 00 00 00 00 00 00 00 00 00
                                 003c453068a0 00 00 00 00 00 00 00 00 00 00 00 00 00 00 00 00
                                 003c453068b0 00 00 00 00 00 00 00 00 00 00 00 00 00 00 00 00
                                 003c453068c0 00 00 00 00 00 00 00 00 00 00 00 00 00 00 00 00
                                 003c453068d0 00 00 00 00 00 00 00 00 00 00 00 00 00 00 00 00
                                 003c453068e0 00 00 00 00 00 00 00 00 00 00 00 00 00 00 00 00
                                 003c453068f0 00 00 00 00 00 00 00 00 00 00 00 00 00 00 00 00
Threads[19]:
    Thread ID:                   0000000000001a6c
    Thread Name:                 render dispatch
    Stack Region:                0000005933ebb000-0000005933efb000
    Registers:
        X[00]:                   0000006c8393c058
        X[01]:                   0000006c8393c064
        X[02]:                   00000000003201b1
        X[03]:                   ffffffffffffffff
        X[04]:                   0000000000000000
        X[05]:                   0000000000000000
        X[06]:                   0000000000000400
        X[07]:                   0000005933efad10
        X[08]:                   0000000000000000
        X[09]:                   0000000000000000
        X[10]:                   0000000000000000
        X[11]:                   0000000000000000
        X[12]:                   0000000000000000
        X[13]:                   0000000000000000
        X[14]:                   0000000000000000
        X[15]:                   0000000000000000
        X[16]:                   0000000000000000
        X[17]:                   0000000000000000
        X[18]:                   0000000000000000
        X[19]:                   0000000000000000
        X[20]:                   0000000000000000
        X[21]:                   0000000000000000
        X[22]:                   0000000000000000
        X[23]:                   0000000000000000
        X[24]:                   0000000000000000
        X[25]:                   0000000000000000
        X[26]:                   0000000000000000
        X[27]:                   0000000000000000
        X[28]:                   0000000000000000
        FP:                      0000005933efae70
        LR:                      00000015f0cb7998 (nnSdk + 0x339998) (_ZN2nn2os6detail38InternalConditionVariableImplByHorizon4WaitEPNS1_23InternalCriticalSectionE + 0x48)
        SP:                      0000005933efae50
        PC:                      00000015f0d0792c (nnSdk + 0x38992c)
    Stack Trace:
        ReturnAddress[00]:       00000015f0cac464 (nnSdk + 0x32e464) (_ZN2nn2os21WaitConditionVariableEPNS0_21ConditionVariableTypeEPNS0_9MutexTypeE + 0x44)
        ReturnAddress[01]:       00000015f0e2f184 (nnSdk + 0x4b1184) (_ZNSt3__121__libcpp_condvar_waitEPNSt13__libcxx_shim19__libcxx_shim_ver_132__libcxx_shim_condition_variableEPNS1_19__libcxx_shi + 0xc)
        ReturnAddress[02]:       00000015f0dde618 (nnSdk + 0x460618) (_ZNSt3__118condition_variable4waitERNS_11unique_lockINS_5mutexEEE + 0x18)
        ReturnAddress[03]:       00000015ec61a1f0 (cross2_Release.nss + 0x38161f0)
        ReturnAddress[04]:       00000015ec3a7e68 (cross2_Release.nss + 0x35a3e68)
        ReturnAddress[05]:       00000015f0cb24b8 (nnSdk + 0x3344b8)
        ReturnAddress[06]:       00000015f0cb6984 (nnSdk + 0x338984)
        ReturnAddress[07]:       0000000000000000
    Stack Dump:                               00 01 02 03 04 05 06 07 08 09 0a 0b 0c 0d 0e 0f
                                 005933efae50 60 c0 93 83 6c 00 00 00 04 00 00 00 01 00 00 00
                                 005933efae60 80 ba c7 d2 6c 00 00 00 40 c0 93 83 6c 00 00 00
                                 005933efae70 90 ae ef 33 59 00 00 00 64 c4 ca f0 15 00 00 00
                                 005933efae80 00 c0 93 83 6c 00 00 00 00 c0 93 83 6c 00 00 00
                                 005933efae90 a0 ae ef 33 59 00 00 00 84 f1 e2 f0 15 00 00 00
                                 005933efaea0 b0 ae ef 33 59 00 00 00 18 e6 dd f0 15 00 00 00
                                 005933efaeb0 60 af ef 33 59 00 00 00 f0 a1 61 ec 15 00 00 00
                                 005933efaec0 e9 ff 4b f1 56 04 00 00 40 c0 93 83 6c 00 00 00
                                 005933efaed0 01 4d a5 8b 6c 00 00 00 e8 28 11 d7 6c 00 00 00
                                 005933efaee0 00 00 00 00 00 00 00 00 01 00 00 00 00 00 00 00
                                 005933efaef0 b0 47 03 ee 15 00 00 00 98 ba c7 d2 6c 00 00 00
                                 005933efaf00 d8 56 11 d7 6c 00 00 00 00 00 00 00 00 00 00 00
                                 005933efaf10 00 00 00 00 00 00 00 00 00 00 00 00 00 00 00 00
                                 005933efaf20 00 00 00 00 00 00 00 00 00 00 00 00 00 00 00 00
                                 005933efaf30 00 00 00 00 00 00 00 00 00 00 00 00 00 00 00 00
                                 005933efaf40 00 00 00 00 00 00 00 00 bc 4a 30 d7 6c 00 00 00
    TLS Address:                 0000003c45306a00
    TLS Dump:                                 00 01 02 03 04 05 06 07 08 09 0a 0b 0c 0d 0e 0f
                                 003c45306a00 00 00 01 00 09 08 e0 03 40 91 28 00 98 a9 ef 33
                                 003c45306a10 53 46 43 4f 00 00 00 00 00 00 00 00 99 5d e2 a4
                                 003c45306a20 00 00 00 00 00 00 00 00 00 00 00 00 00 00 00 00
                                 003c45306a30 00 00 00 00 01 00 00 00 01 00 00 00 00 00 00 00
                                 003c45306a40 01 00 e2 01 06 41 28 c0 00 00 00 00 00 00 00 00
                                 003c45306a50 28 00 00 00 98 a9 ef 33 59 00 28 00 00 00 00 00
                                 003c45306a60 00 00 00 00 00 00 00 00 00 00 00 00 00 00 00 00
                                 003c45306a70 00 00 00 00 00 00 00 00 00 00 00 00 00 00 00 00
                                 003c45306a80 00 00 00 00 00 00 00 00 00 00 00 00 00 00 00 00
                                 003c45306a90 00 00 00 00 00 00 00 00 00 00 00 00 00 00 00 00
                                 003c45306aa0 00 00 00 00 00 00 00 00 00 00 00 00 00 00 00 00
                                 003c45306ab0 00 00 00 00 00 00 00 00 00 00 00 00 00 00 00 00
                                 003c45306ac0 00 00 00 00 00 00 00 00 00 00 00 00 00 00 00 00
                                 003c45306ad0 00 00 00 00 00 00 00 00 00 00 00 00 00 00 00 00
                                 003c45306ae0 00 00 00 00 00 00 00 00 00 00 00 00 00 00 00 00
                                 003c45306af0 00 00 00 00 00 00 00 00 00 00 00 00 00 00 00 00
Threads[20]:
    Thread ID:                   0000000000001a6d
    Thread Name:                 nu::GraphicsDevice::Update
    Stack Region:                000000592375c000-000000592376c000
    Registers:
        X[00]:                   0000006cbf7c78f8
        X[01]:                   0000006cbf7c7904
        X[02]:                   00000000003281b0
        X[03]:                   ffffffffffffffff
        X[04]:                   0000000000000000
        X[05]:                   0000000000000000
        X[06]:                   0000000000000000
        X[07]:                   0000000000000000
        X[08]:                   0000000000000000
        X[09]:                   0000000000000000
        X[10]:                   0000000000000000
        X[11]:                   0000000000000000
        X[12]:                   0000000000000000
        X[13]:                   0000000000000000
        X[14]:                   0000000000000000
        X[15]:                   0000000000000000
        X[16]:                   0000000000000000
        X[17]:                   0000000000000000
        X[18]:                   0000000000000000
        X[19]:                   0000000000000000
        X[20]:                   0000000000000000
        X[21]:                   0000000000000000
        X[22]:                   0000000000000000
        X[23]:                   0000000000000000
        X[24]:                   0000000000000000
        X[25]:                   0000000000000000
        X[26]:                   0000000000000000
        X[27]:                   0000000000000000
        X[28]:                   0000000000000000
        FP:                      000000592376bf00
        LR:                      00000015f0cb7998 (nnSdk + 0x339998) (_ZN2nn2os6detail38InternalConditionVariableImplByHorizon4WaitEPNS1_23InternalCriticalSectionE + 0x48)
        SP:                      000000592376bee0
        PC:                      00000015f0d0792c (nnSdk + 0x38992c)
    Stack Trace:
        ReturnAddress[00]:       00000015f0cac464 (nnSdk + 0x32e464) (_ZN2nn2os21WaitConditionVariableEPNS0_21ConditionVariableTypeEPNS0_9MutexTypeE + 0x44)
        ReturnAddress[01]:       00000015f0e2f184 (nnSdk + 0x4b1184) (_ZNSt3__121__libcpp_condvar_waitEPNSt13__libcxx_shim19__libcxx_shim_ver_132__libcxx_shim_condition_variableEPNS1_19__libcxx_shi + 0xc)
        ReturnAddress[02]:       00000015f0dde618 (nnSdk + 0x460618) (_ZNSt3__118condition_variable4waitERNS_11unique_lockINS_5mutexEEE + 0x18)
        ReturnAddress[03]:       00000015ec3a2b98 (cross2_Release.nss + 0x359eb98)
        ReturnAddress[04]:       00000015f0cb24b8 (nnSdk + 0x3344b8)
        ReturnAddress[05]:       00000015f0cb6984 (nnSdk + 0x338984)
        ReturnAddress[06]:       0000000000000000
    Stack Dump:                               00 01 02 03 04 05 06 07 08 09 0a 0b 0c 0d 0e 0f
                                 00592376bee0 00 79 7c bf 6c 00 00 00 00 00 00 00 00 00 00 00
                                 00592376bef0 e0 78 7c bf 6c 00 00 00 e0 78 7c bf 6c 00 00 00
                                 00592376bf00 20 bf 76 23 59 00 00 00 64 c4 ca f0 15 00 00 00
                                 00592376bf10 80 76 7c bf 6c 00 00 00 80 76 7c bf 6c 00 00 00
                                 00592376bf20 30 bf 76 23 59 00 00 00 84 f1 e2 f0 15 00 00 00
                                 00592376bf30 40 bf 76 23 59 00 00 00 18 e6 dd f0 15 00 00 00
                                 00592376bf40 80 bf 76 23 59 00 00 00 98 2b 3a ec 15 00 00 00
                                 00592376bf50 e0 78 7c bf 6c 00 00 00 01 00 00 00 00 00 00 00
                                 00592376bf60 00 00 00 00 00 00 00 00 bc 78 7c bf 6c 00 00 00
                                 00592376bf70 b8 78 7c bf 6c 00 00 00 10 77 7c bf 6c 00 00 00
                                 00592376bf80 b0 bf 76 23 59 00 00 00 b8 24 cb f0 15 00 00 00
                                 00592376bf90 00 00 00 00 00 00 00 00 00 00 00 00 00 00 00 00
                                 00592376bfa0 00 00 00 00 00 00 00 00 10 77 7c bf 6c 00 00 00
                                 00592376bfb0 d0 bf 76 23 59 00 00 00 84 69 cb f0 15 00 00 00
                                 00592376bfc0 00 00 00 00 00 00 00 00 00 00 00 00 00 00 00 00
                                 00592376bfd0 00 00 00 00 00 00 00 00 00 00 00 00 00 00 00 00
    TLS Address:                 0000003c45306c00
    TLS Dump:                                 00 01 02 03 04 05 06 07 08 09 0a 0b 0c 0d 0e 0f
                                 003c45306c00 00 00 01 00 09 08 e0 03 40 91 18 00 c8 bd 76 23
                                 003c45306c10 53 46 43 4f 00 00 00 00 00 00 00 00 99 5d e2 a4
                                 003c45306c20 00 00 00 00 00 00 00 00 00 00 00 00 00 00 00 00
                                 003c45306c30 00 00 00 00 01 00 00 00 01 00 00 00 00 00 00 00
                                 003c45306c40 02 00 e2 01 05 01 18 c0 00 00 00 00 00 00 00 00
                                 003c45306c50 18 00 00 00 c8 bd 76 23 59 00 18 00 00 00 00 00
                                 003c45306c60 00 00 00 00 00 00 00 00 00 00 00 00 00 00 00 00
                                 003c45306c70 00 00 00 00 00 00 00 00 00 00 00 00 00 00 00 00
                                 003c45306c80 00 00 00 00 00 00 00 00 00 00 00 00 00 00 00 00
                                 003c45306c90 00 00 00 00 00 00 00 00 00 00 00 00 00 00 00 00
                                 003c45306ca0 00 00 00 00 00 00 00 00 00 00 00 00 00 00 00 00
                                 003c45306cb0 00 00 00 00 00 00 00 00 00 00 00 00 00 00 00 00
                                 003c45306cc0 00 00 00 00 00 00 00 00 00 00 00 00 00 00 00 00
                                 003c45306cd0 00 00 00 00 00 00 00 00 00 00 00 00 00 00 00 00
                                 003c45306ce0 00 00 00 00 00 00 00 00 00 00 00 00 00 00 00 00
                                 003c45306cf0 00 00 00 00 00 00 00 00 00 00 00 00 00 00 00 00
Threads[21]:
    Thread ID:                   0000000000001a6e
    Thread Name:                 BCATCacheStorage
    Stack Region:                000000592b004000-000000592b044000
    Registers:
        X[00]:                   0000006cd70d432c
        X[01]:                   0000006cd70d4330
        X[02]:                   00000000003681a8
        X[03]:                   ffffffffffffffff
        X[04]:                   0000000000000000
        X[05]:                   0000000000000000
        X[06]:                   0000000000000000
        X[07]:                   0000000000000000
        X[08]:                   0000000000000000
        X[09]:                   0000000000000000
        X[10]:                   0000000000000000
        X[11]:                   0000000000000000
        X[12]:                   0000000000000000
        X[13]:                   0000000000000000
        X[14]:                   0000000000000000
        X[15]:                   0000000000000000
        X[16]:                   0000000000000000
        X[17]:                   0000000000000000
        X[18]:                   0000000000000000
        X[19]:                   0000000000000000
        X[20]:                   0000000000000000
        X[21]:                   0000000000000000
        X[22]:                   0000000000000000
        X[23]:                   0000000000000000
        X[24]:                   0000000000000000
        X[25]:                   0000000000000000
        X[26]:                   0000000000000000
        X[27]:                   0000000000000000
        X[28]:                   0000000000000000
        FP:                      000000592b043eb0
        LR:                      00000015f0cb7998 (nnSdk + 0x339998) (_ZN2nn2os6detail38InternalConditionVariableImplByHorizon4WaitEPNS1_23InternalCriticalSectionE + 0x48)
        SP:                      000000592b043e90
        PC:                      00000015f0d0792c (nnSdk + 0x38992c)
    Stack Trace:
        ReturnAddress[00]:       00000015f0cac898 (nnSdk + 0x32e898) (_ZN2nn2os9WaitEventEPNS0_9EventTypeE + 0x48)
        ReturnAddress[01]:       00000015ec4fdb7c (cross2_Release.nss + 0x36f9b7c)
        ReturnAddress[02]:       00000015f0cb24b8 (nnSdk + 0x3344b8)
        ReturnAddress[03]:       00000015f0cb6984 (nnSdk + 0x338984)
        ReturnAddress[04]:       0000000000000000
    Stack Dump:                               00 01 02 03 04 05 06 07 08 09 0a 0b 0c 0d 0e 0f
                                 00592b043e90 30 43 0d d7 6c 00 00 00 38 51 90 83 6c 00 00 00
                                 00592b043ea0 10 43 0d d7 6c 00 00 00 2c 43 0d d7 6c 00 00 00
                                 00592b043eb0 e0 3e 04 2b 59 00 00 00 98 c8 ca f0 15 00 00 00
                                 00592b043ec0 00 e0 75 de 6c 00 00 00 78 51 90 83 6c 00 00 00
                                 00592b043ed0 38 51 90 83 6c 00 00 00 00 51 90 83 6c 00 00 00
                                 00592b043ee0 80 3f 04 2b 59 00 00 00 7c db 4f ec 15 00 00 00
                                 00592b043ef0 00 00 00 00 00 00 00 00 00 00 00 00 00 00 00 00
                                 00592b043f00 d0 e4 75 de 6c 00 00 00 01 00 00 00 00 00 00 00
                                 00592b043f10 00 60 03 b1 6c 00 00 00 50 1d 00 00 00 00 00 00
                                 00592b043f20 00 00 00 00 00 00 00 00 64 00 00 00 00 00 00 00
                                 00592b043f30 00 00 00 00 00 00 00 00 00 00 00 00 00 00 00 00
                                 00592b043f40 00 00 00 00 00 00 00 00 00 00 00 00 00 00 00 00
                                 00592b043f50 00 00 00 00 00 00 00 00 00 00 00 00 00 00 00 00
                                 00592b043f60 00 00 00 00 00 00 00 00 3c 9d 30 d7 6c 00 00 00
                                 00592b043f70 38 9d 30 d7 6c 00 00 00 90 9b 30 d7 6c 00 00 00
                                 00592b043f80 b0 3f 04 2b 59 00 00 00 b8 24 cb f0 15 00 00 00
    TLS Address:                 0000003c45306e00
    TLS Dump:                                 00 01 02 03 04 05 06 07 08 09 0a 0b 0c 0d 0e 0f
                                 003c45306e00 06 00 00 00 08 08 e0 03 00 00 00 00 00 00 00 00
                                 003c45306e10 02 00 00 00 9b 00 00 00 00 00 00 00 00 00 00 00
                                 003c45306e20 53 46 43 4f 00 00 00 00 00 00 00 00 40 cd 33 00
                                 003c45306e30 50 1d 00 00 00 00 00 00 00 00 00 00 00 00 00 00
                                 003c45306e40 00 00 00 00 00 00 00 00 00 00 00 00 00 00 00 00
                                 003c45306e50 6c 69 6e 65 5f 6e 65 77 73 5f 33 30 30 31 2e 62
                                 003c45306e60 69 6e 00 00 00 00 00 00 00 00 00 00 00 00 00 00
                                 003c45306e70 00 00 00 00 00 00 00 00 00 00 00 00 00 00 00 00
                                 003c45306e80 00 00 00 00 00 00 00 00 00 00 00 00 00 00 00 00
                                 003c45306e90 00 00 00 00 00 00 00 00 00 00 00 00 00 00 00 00
                                 003c45306ea0 00 00 00 00 00 00 00 00 00 00 00 00 00 00 00 00
                                 003c45306eb0 00 00 00 00 00 00 00 00 00 00 00 00 00 00 00 00
                                 003c45306ec0 00 00 00 00 00 00 00 00 00 00 00 00 00 00 00 00
                                 003c45306ed0 00 00 00 00 00 00 00 00 00 00 00 00 00 00 00 00
                                 003c45306ee0 00 00 00 00 00 00 00 00 00 00 00 00 00 00 00 00
                                 003c45306ef0 00 00 00 00 00 00 00 00 00 00 00 00 00 00 00 00
Threads[22]:
    Thread ID:                   0000000000001a6f
    Stack Region:                0000005927ea5000-0000005927ea9000
    Registers:
        X[00]:                   00000015ee0ad2ac
        X[01]:                   00000015ee0ad2b0
        X[02]:                   00000000003701a7
        X[03]:                   ffffffffffffffff
        X[04]:                   0000000000000000
        X[05]:                   0000000000000000
        X[06]:                   0000000000000000
        X[07]:                   0000000000000000
        X[08]:                   0000000000000000
        X[09]:                   0000000000000000
        X[10]:                   0000000000000000
        X[11]:                   0000000000000000
        X[12]:                   0000000000000000
        X[13]:                   0000000000000000
        X[14]:                   0000000000000000
        X[15]:                   0000000000000000
        X[16]:                   0000000000000000
        X[17]:                   0000000000000000
        X[18]:                   0000000000000000
        X[19]:                   0000000000000000
        X[20]:                   0000000000000000
        X[21]:                   0000000000000000
        X[22]:                   0000000000000000
        X[23]:                   0000000000000000
        X[24]:                   0000000000000000
        X[25]:                   0000000000000000
        X[26]:                   0000000000000000
        X[27]:                   0000000000000000
        X[28]:                   0000000000000000
        FP:                      0000005927ea8ef0
        LR:                      00000015f0cb7998 (nnSdk + 0x339998) (_ZN2nn2os6detail38InternalConditionVariableImplByHorizon4WaitEPNS1_23InternalCriticalSectionE + 0x48)
        SP:                      0000005927ea8ed0
        PC:                      00000015f0d0792c (nnSdk + 0x38992c)
    Stack Trace:
        ReturnAddress[00]:       00000015f0cac898 (nnSdk + 0x32e898) (_ZN2nn2os9WaitEventEPNS0_9EventTypeE + 0x48)
        ReturnAddress[01]:       00000015e8e2bde4 (cross2_Release.nss + 0x27de4)
        ReturnAddress[02]:       00000015e8e2bc08 (cross2_Release.nss + 0x27c08)
        ReturnAddress[03]:       00000015f0cb24b8 (nnSdk + 0x3344b8)
        ReturnAddress[04]:       00000015f0cb6984 (nnSdk + 0x338984)
        ReturnAddress[05]:       0000000000000000
    Stack Dump:                               00 01 02 03 04 05 06 07 08 09 0a 0b 0c 0d 0e 0f
                                 005927ea8ed0 b0 d2 0a ee 15 00 00 00 e4 f0 e2 f0 15 00 00 00
                                 005927ea8ee0 90 d2 0a ee 15 00 00 00 ac d2 0a ee 15 00 00 00
                                 005927ea8ef0 20 8f ea 27 59 00 00 00 98 c8 ca f0 15 00 00 00
                                 005927ea8f00 b8 d2 0a ee 15 00 00 00 00 44 82 d7 6c 00 00 00
                                 005927ea8f10 00 00 00 00 00 00 00 00 80 d2 0a ee 15 00 00 00
                                 005927ea8f20 60 8f ea 27 59 00 00 00 e4 bd e2 e8 15 00 00 00
                                 005927ea8f30 00 00 00 00 00 00 00 00 00 00 00 00 00 00 00 00
                                 005927ea8f40 00 00 00 00 00 00 00 00 ac 41 82 d7 6c 00 00 00
                                 005927ea8f50 a8 41 82 d7 6c 00 00 00 00 40 82 d7 6c 00 00 00
                                 005927ea8f60 80 8f ea 27 59 00 00 00 08 bc e2 e8 15 00 00 00
                                 005927ea8f70 00 40 82 d7 6c 00 00 00 00 40 82 d7 6c 00 00 00
                                 005927ea8f80 b0 8f ea 27 59 00 00 00 b8 24 cb f0 15 00 00 00
                                 005927ea8f90 00 00 00 00 00 00 00 00 00 00 00 00 00 00 00 00
                                 005927ea8fa0 00 00 00 00 00 00 00 00 00 40 82 d7 6c 00 00 00
                                 005927ea8fb0 d0 8f ea 27 59 00 00 00 84 69 cb f0 15 00 00 00
                                 005927ea8fc0 00 00 00 00 00 00 00 00 00 00 00 00 00 00 00 00
    TLS Address:                 0000003148a78000
    TLS Dump:                                 00 01 02 03 04 05 06 07 08 09 0a 0b 0c 0d 0e 0f
                                 003148a78000 00 00 00 00 00 00 00 00 00 00 00 00 00 00 00 00
                                 003148a78010 00 00 00 00 00 00 00 00 00 00 00 00 00 00 00 00
                                 003148a78020 00 00 00 00 00 00 00 00 00 00 00 00 00 00 00 00
                                 003148a78030 00 00 00 00 00 00 00 00 00 00 00 00 00 00 00 00
                                 003148a78040 00 00 00 00 00 00 00 00 00 00 00 00 00 00 00 00
                                 003148a78050 00 00 00 00 00 00 00 00 00 00 00 00 00 00 00 00
                                 003148a78060 00 00 00 00 00 00 00 00 00 00 00 00 00 00 00 00
                                 003148a78070 00 00 00 00 00 00 00 00 00 00 00 00 00 00 00 00
                                 003148a78080 00 00 00 00 00 00 00 00 00 00 00 00 00 00 00 00
                                 003148a78090 00 00 00 00 00 00 00 00 00 00 00 00 00 00 00 00
                                 003148a780a0 00 00 00 00 00 00 00 00 00 00 00 00 00 00 00 00
                                 003148a780b0 00 00 00 00 00 00 00 00 00 00 00 00 00 00 00 00
                                 003148a780c0 00 00 00 00 00 00 00 00 00 00 00 00 00 00 00 00
                                 003148a780d0 00 00 00 00 00 00 00 00 00 00 00 00 00 00 00 00
                                 003148a780e0 00 00 00 00 00 00 00 00 00 00 00 00 00 00 00 00
                                 003148a780f0 00 00 00 00 00 00 00 00 00 00 00 00 00 00 00 00
Threads[23]:
    Thread ID:                   0000000000001a70
    Thread Name:                 AsyncTonePreparer
    Stack Region:                000000594b0e1000-000000594b121000
    Registers:
        X[00]:                   0000006cdc88a73c
        X[01]:                   0000006cdc88a740
        X[02]:                   00000000003881a4
        X[03]:                   ffffffffffffffff
        X[04]:                   0000000000000000
        X[05]:                   0000000000000000
        X[06]:                   0000000000000000
        X[07]:                   0000000000000000
        X[08]:                   0000000000000000
        X[09]:                   0000000000000000
        X[10]:                   0000000000000000
        X[11]:                   0000000000000000
        X[12]:                   0000000000000000
        X[13]:                   0000000000000000
        X[14]:                   0000000000000000
        X[15]:                   0000000000000000
        X[16]:                   0000000000000000
        X[17]:                   0000000000000000
        X[18]:                   0000000000000000
        X[19]:                   0000000000000000
        X[20]:                   0000000000000000
        X[21]:                   0000000000000000
        X[22]:                   0000000000000000
        X[23]:                   0000000000000000
        X[24]:                   0000000000000000
        X[25]:                   0000000000000000
        X[26]:                   0000000000000000
        X[27]:                   0000000000000000
        X[28]:                   0000000000000000
        FP:                      000000594b120e50
        LR:                      00000015f0cb7998 (nnSdk + 0x339998) (_ZN2nn2os6detail38InternalConditionVariableImplByHorizon4WaitEPNS1_23InternalCriticalSectionE + 0x48)
        SP:                      000000594b120e30
        PC:                      00000015f0d0792c (nnSdk + 0x38992c)
    Stack Trace:
        ReturnAddress[00]:       00000015f0cac898 (nnSdk + 0x32e898) (_ZN2nn2os9WaitEventEPNS0_9EventTypeE + 0x48)
        ReturnAddress[01]:       00000015eb218810 (cross2_Release.nss + 0x2414810)
        ReturnAddress[02]:       00000015eb218780 (cross2_Release.nss + 0x2414780)
        ReturnAddress[03]:       00000015f0cb24b8 (nnSdk + 0x3344b8)
        ReturnAddress[04]:       00000015f0cb6984 (nnSdk + 0x338984)
        ReturnAddress[05]:       0000000000000000
    Stack Dump:                               00 01 02 03 04 05 06 07 08 09 0a 0b 0c 0d 0e 0f
                                 00594b120e30 40 a7 88 dc 6c 00 00 00 68 c7 30 d7 6c 00 00 00
                                 00594b120e40 20 a7 88 dc 6c 00 00 00 3c a7 88 dc 6c 00 00 00
                                 00594b120e50 80 0e 12 4b 59 00 00 00 98 c8 ca f0 15 00 00 00
                                 00594b120e60 d8 66 a1 8b 6c 00 00 00 08 0f 12 4b 59 00 00 00
                                 00594b120e70 50 c7 30 d7 6c 00 00 00 68 c7 30 d7 6c 00 00 00
                                 00594b120e80 b0 0e 12 4b 59 00 00 00 10 88 21 eb 15 00 00 00
                                 00594b120e90 d8 66 a1 8b 6c 00 00 00 c0 66 a1 8b 6c 00 00 00
                                 00594b120ea0 18 0f 12 4b 59 00 00 00 50 c7 30 d7 6c 00 00 00
                                 00594b120eb0 80 0f 12 4b 59 00 00 00 80 87 21 eb 15 00 00 00
                                 00594b120ec0 00 00 00 00 00 00 00 00 00 00 00 00 00 00 00 00
                                 00594b120ed0 50 6d d7 ed 15 00 00 00 00 31 9a fa 6c 00 00 00
                                 00594b120ee0 01 00 00 00 00 65 87 00 00 00 00 00 00 00 00 00
                                 00594b120ef0 00 00 00 00 00 00 00 00 00 00 00 00 00 00 00 00
                                 00594b120f00 00 00 00 00 00 00 00 00 00 00 00 00 00 00 00 00
                                 00594b120f10 14 44 81 0f 34 00 00 00 31 9b a0 b2 35 00 00 00
                                 00594b120f20 d8 66 a1 8b 6c 00 00 00 c0 66 a1 8b 6c 00 00 00
    TLS Address:                 0000003148a78200
    TLS Dump:                                 00 01 02 03 04 05 06 07 08 09 0a 0b 0c 0d 0e 0f
                                 003148a78200 00 00 00 00 0c 00 00 00 00 00 00 00 00 00 00 00
                                 003148a78210 00 00 00 00 00 00 00 00 00 00 00 00 00 00 00 00
                                 003148a78220 53 46 43 4f 00 00 00 00 00 00 00 00 eb ca d2 c4
                                 003148a78230 00 00 00 00 00 00 00 00 00 00 00 00 00 00 00 00
                                 003148a78240 58 30 92 17 00 00 00 00 00 02 00 00 00 00 00 00
                                 003148a78250 00 00 00 00 00 00 00 00 00 00 00 00 00 00 00 00
                                 003148a78260 00 00 00 00 00 00 00 00 00 00 00 00 00 00 00 00
                                 003148a78270 00 00 00 00 00 00 00 00 00 00 00 00 00 00 00 00
                                 003148a78280 00 00 00 00 00 00 00 00 00 00 00 00 00 00 00 00
                                 003148a78290 00 00 00 00 00 00 00 00 00 00 00 00 00 00 00 00
                                 003148a782a0 00 00 00 00 00 00 00 00 00 00 00 00 00 00 00 00
                                 003148a782b0 00 00 00 00 00 00 00 00 00 00 00 00 00 00 00 00
                                 003148a782c0 00 00 00 00 00 00 00 00 00 00 00 00 00 00 00 00
                                 003148a782d0 00 00 00 00 00 00 00 00 00 00 00 00 00 00 00 00
                                 003148a782e0 00 00 00 00 00 00 00 00 00 00 00 00 00 00 00 00
                                 003148a782f0 00 00 00 00 00 00 00 00 00 00 00 00 00 00 00 00
Threads[24]:
    Thread ID:                   0000000000001a71
    Thread Name:                 nuscFileAsyncRequest
    Stack Region:                0000005902b27000-0000005902b2f000
    Registers:
        X[00]:                   0000006cd74aa068
        X[01]:                   0000006cd74aa074
        X[02]:                   00000000003901a3
        X[03]:                   ffffffffffffffff
        X[04]:                   0000000000000000
        X[05]:                   0000000000000000
        X[06]:                   0000000000000000
        X[07]:                   0000000000000000
        X[08]:                   0000000000000000
        X[09]:                   0000000000000000
        X[10]:                   0000000000000000
        X[11]:                   0000000000000000
        X[12]:                   0000000000000000
        X[13]:                   0000000000000000
        X[14]:                   0000000000000000
        X[15]:                   0000000000000000
        X[16]:                   0000000000000000
        X[17]:                   0000000000000000
        X[18]:                   0000000000000000
        X[19]:                   0000000000000000
        X[20]:                   0000000000000000
        X[21]:                   0000000000000000
        X[22]:                   0000000000000000
        X[23]:                   0000000000000000
        X[24]:                   0000000000000000
        X[25]:                   0000000000000000
        X[26]:                   0000000000000000
        X[27]:                   0000000000000000
        X[28]:                   0000000000000000
        FP:                      0000005902b2eea0
        LR:                      00000015f0cb7998 (nnSdk + 0x339998) (_ZN2nn2os6detail38InternalConditionVariableImplByHorizon4WaitEPNS1_23InternalCriticalSectionE + 0x48)
        SP:                      0000005902b2ee80
        PC:                      00000015f0d0792c (nnSdk + 0x38992c)
    Stack Trace:
        ReturnAddress[00]:       00000015f0cac464 (nnSdk + 0x32e464) (_ZN2nn2os21WaitConditionVariableEPNS0_21ConditionVariableTypeEPNS0_9MutexTypeE + 0x44)
        ReturnAddress[01]:       00000015f0e2f184 (nnSdk + 0x4b1184) (_ZNSt3__121__libcpp_condvar_waitEPNSt13__libcxx_shim19__libcxx_shim_ver_132__libcxx_shim_condition_variableEPNS1_19__libcxx_shi + 0xc)
        ReturnAddress[02]:       00000015f0dde618 (nnSdk + 0x460618) (_ZNSt3__118condition_variable4waitERNS_11unique_lockINS_5mutexEEE + 0x18)
        ReturnAddress[03]:       00000015ec78a874 (cross2_Release.nss + 0x3986874)
        ReturnAddress[04]:       00000015ec7a1634 (cross2_Release.nss + 0x399d634)
        ReturnAddress[05]:       00000015f0cb24b8 (nnSdk + 0x3344b8)
        ReturnAddress[06]:       00000015f0cb6984 (nnSdk + 0x338984)
        ReturnAddress[07]:       0000000000000000
    Stack Dump:                               00 01 02 03 04 05 06 07 08 09 0a 0b 0c 0d 0e 0f
                                 005902b2ee80 00 a0 4a d7 6c 00 00 00 08 78 2d 80 6c 00 00 00
                                 005902b2ee90 70 a0 4a d7 6c 00 00 00 50 a0 4a d7 6c 00 00 00
                                 005902b2eea0 c0 ee b2 02 59 00 00 00 64 c4 ca f0 15 00 00 00
                                 005902b2eeb0 50 a0 4a d7 6c 00 00 00 50 a0 4a d7 6c 00 00 00
                                 005902b2eec0 d0 ee b2 02 59 00 00 00 84 f1 e2 f0 15 00 00 00
                                 005902b2eed0 e0 ee b2 02 59 00 00 00 18 e6 dd f0 15 00 00 00
                                 005902b2eee0 60 ef b2 02 59 00 00 00 74 a8 78 ec 15 00 00 00
                                 005902b2eef0 41 19 6f de 6c 00 00 00 60 32 4b d7 6c 00 00 00
                                 005902b2ef00 50 a0 4a d7 6c 00 00 00 01 00 00 00 00 00 00 00
                                 005902b2ef10 00 00 00 00 00 00 00 00 00 00 00 00 00 00 00 00
                                 005902b2ef20 00 00 00 00 00 00 00 00 00 00 00 00 00 00 00 00
                                 005902b2ef30 00 00 00 00 00 00 00 00 00 00 00 00 00 00 00 00
                                 005902b2ef40 00 00 00 00 00 00 00 00 34 a2 4a d7 6c 00 00 00
                                 005902b2ef50 30 a2 4a d7 6c 00 00 00 88 a0 4a d7 6c 00 00 00
                                 005902b2ef60 80 ef b2 02 59 00 00 00 34 16 7a ec 15 00 00 00
                                 005902b2ef70 88 a0 4a d7 6c 00 00 00 88 a0 4a d7 6c 00 00 00
    TLS Address:                 0000003148a78400
    TLS Dump:                                 00 01 02 03 04 05 06 07 08 09 0a 0b 0c 0d 0e 0f
                                 003148a78400 00 00 00 00 0c 00 00 00 00 00 00 00 00 00 00 00
                                 003148a78410 00 00 00 00 00 00 00 00 00 00 00 00 00 00 00 00
                                 003148a78420 53 46 43 4f 00 00 00 00 00 00 00 00 eb ca d2 c4
                                 003148a78430 00 00 00 00 00 00 00 00 00 00 00 00 00 00 00 00
                                 003148a78440 88 23 a5 17 00 00 00 00 48 ff 00 00 00 00 00 00
                                 003148a78450 00 00 00 00 00 00 00 00 00 00 00 00 00 00 00 00
                                 003148a78460 00 00 00 00 00 00 00 00 00 00 00 00 00 00 00 00
                                 003148a78470 00 00 00 00 00 00 00 00 00 00 00 00 00 00 00 00
                                 003148a78480 00 00 00 00 00 00 00 00 00 00 00 00 00 00 00 00
                                 003148a78490 00 00 00 00 00 00 00 00 00 00 00 00 00 00 00 00
                                 003148a784a0 00 00 00 00 00 00 00 00 00 00 00 00 00 00 00 00
                                 003148a784b0 00 00 00 00 00 00 00 00 00 00 00 00 00 00 00 00
                                 003148a784c0 00 00 00 00 00 00 00 00 00 00 00 00 00 00 00 00
                                 003148a784d0 00 00 00 00 00 00 00 00 00 00 00 00 00 00 00 00
                                 003148a784e0 00 00 00 00 00 00 00 00 00 00 00 00 00 00 00 00
                                 003148a784f0 00 00 00 00 00 00 00 00 00 00 00 00 00 00 00 00
Threads[25]:
    Thread ID:                   0000000000001a72
    Thread Name:                 nus3::audio update
    Stack Region:                00000059653c5000-00000059653e5000
    Registers:
        X[00]:                   0000006cd2c7f680
        X[01]:                   00000456f7715e7b
        X[02]:                   0000000000000018
        X[03]:                   0000000000000009
        X[04]:                   0000000000000000
        X[05]:                   0000000000000000
        X[06]:                   0000000000000000
        X[07]:                   0000000000000000
        X[08]:                   00000015efbd8000
        X[09]:                   0000000000000006
        X[10]:                   0000000000000130
        X[11]:                   0000000000000006
        X[12]:                   0000000000000000
        X[13]:                   0000000000123908
        X[14]:                   0000000000000000
        X[15]:                   000000003dda2029
        X[16]:                   00000015f15b1ed8
        X[17]:                   00000015f0cb7f30 (nnSdk + 0x339f30) (_ZN2nn2os6detail36InternalCriticalSectionImplByHorizon5EnterEv + 0x0)
        X[18]:                   0000000000000000
        X[19]:                   0000006cd2c7f680
        X[20]:                   0000006cd2c9f100
        X[21]:                   000000000000000f
        X[22]:                   00000015efbd8000
        X[23]:                   0000006cd2c7f800
        X[24]:                   0000000000000017
        X[25]:                   00000015efbd8000
        X[26]:                   0000000000000003
        X[27]:                   0000000000000001
        X[28]:                   0000006cd2c7f698
        FP:                      00000059653e44c0
        LR:                      00000015ec768214 (cross2_Release.nss + 0x3964214)
        SP:                      00000059653e43f0
        PC:                      00000015ec77e360 (cross2_Release.nss + 0x397a360)
    Stack Trace:
        ReturnAddress[00]:       00000015ec768214 (cross2_Release.nss + 0x3964214)
        ReturnAddress[01]:       00000015ec78bbdc (cross2_Release.nss + 0x3987bdc)
        ReturnAddress[02]:       00000015f0cb24b8 (nnSdk + 0x3344b8)
        ReturnAddress[03]:       00000015f0cb6984 (nnSdk + 0x338984)
        ReturnAddress[04]:       0000000000000000
    Stack Dump:                               00 01 02 03 04 05 06 07 08 09 0a 0b 0c 0d 0e 0f
                                 0059653e43f0 30 44 3e 65 59 00 00 00 24 f5 72 ec 15 00 00 00
                                 0059653e4400 d8 be 18 d7 01 00 00 00 00 63 e9 b0 00 00 00 00
                                 0059653e4410 58 44 3e 65 59 00 00 00 c8 85 2a 80 6c 00 00 00
                                 0059653e4420 00 63 e9 b0 6c 00 00 00 08 84 2a 80 6c 00 00 00
                                 0059653e4430 80 44 3e 65 59 00 00 00 f4 1f 73 ec 15 00 00 00
                                 0059653e4440 70 44 3e 65 59 00 00 00 08 84 2a 80 6c 00 00 00
                                 0059653e4450 30 84 2a 80 6c 00 00 00 15 00 00 00 01 00 00 00
                                 0059653e4460 01 80 bd ef 00 00 00 00 c8 85 2a 80 6c 00 00 00
                                 0059653e4470 c0 8c bd ef 15 00 00 00 80 83 bd ef 15 00 00 00
                                 0059653e4480 a0 44 3e 65 59 00 00 00 74 ea ca f0 15 00 00 00
                                 0059653e4490 00 80 bd ef 15 00 00 00 00 80 bd ef 15 00 00 00
                                 0059653e44a0 0f 00 00 00 00 00 00 00 e4 f0 e2 f0 15 00 00 00
                                 0059653e44b0 00 80 bd ef 15 00 00 00 80 f6 c7 d2 6c 00 00 00
                                 0059653e44c0 50 46 3e 65 59 00 00 00 14 82 76 ec 15 00 00 00
                                 0059653e44d0 de 75 9e 71 ee 1c 00 00 00 00 00 00 00 00 00 00
                                 0059653e44e0 00 00 00 00 08 00 00 00 4f 04 00 00 db 03 00 00
    TLS Address:                 0000003148a78600
    TLS Dump:                                 00 01 02 03 04 05 06 07 08 09 0a 0b 0c 0d 0e 0f
                                 003148a78600 00 00 01 00 09 00 00 00 40 91 08 00 30 46 3e 65
                                 003148a78610 53 46 43 4f 00 00 00 00 00 00 00 00 a5 25 62 61
                                 003148a78620 01 00 00 00 00 00 00 00 00 00 00 00 00 00 00 00
                                 003148a78630 00 00 00 00 08 00 00 00 30 46 3e 65 59 00 08 00
                                 003148a78640 00 00 00 00 00 00 00 00 00 00 00 00 00 00 00 00
                                 003148a78650 00 00 00 00 00 00 00 00 00 00 00 00 00 00 00 00
                                 003148a78660 00 00 00 00 00 00 00 00 00 00 00 00 00 00 00 00
                                 003148a78670 00 00 00 00 00 00 00 00 00 00 00 00 00 00 00 00
                                 003148a78680 00 00 00 00 00 00 00 00 00 00 00 00 00 00 00 00
                                 003148a78690 00 00 00 00 00 00 00 00 00 00 00 00 00 00 00 00
                                 003148a786a0 00 00 00 00 00 00 00 00 00 00 00 00 00 00 00 00
                                 003148a786b0 00 00 00 00 00 00 00 00 00 00 00 00 00 00 00 00
                                 003148a786c0 00 00 00 00 00 00 00 00 00 00 00 00 00 00 00 00
                                 003148a786d0 00 00 00 00 00 00 00 00 00 00 00 00 00 00 00 00
                                 003148a786e0 00 00 00 00 00 00 00 00 00 00 00 00 00 00 00 00
                                 003148a786f0 00 00 00 00 00 00 00 00 00 00 00 00 00 00 00 00
Threads[26]:
    Thread ID:                   0000000000001a73
    Thread Name:                 AudioDeviceChange
    Stack Region:                0000005959bed000-0000005959c2d000
    Registers:
        X[00]:                   0000005959c2cd18
        X[01]:                   0000005959c2cd1c
        X[02]:                   0000000000000001
        X[03]:                   0000000000f421f7
        X[04]:                   0000000000000000
        X[05]:                   0000000000000000
        X[06]:                   0000000000000000
        X[07]:                   0000000000000000
        X[08]:                   0000000000000000
        X[09]:                   0000000000000000
        X[10]:                   0000000000000000
        X[11]:                   0000000000000000
        X[12]:                   0000000000000000
        X[13]:                   0000000000000000
        X[14]:                   0000000000000000
        X[15]:                   0000000000000000
        X[16]:                   0000000000000000
        X[17]:                   0000000000000000
        X[18]:                   0000000000000000
        X[19]:                   0000000000000000
        X[20]:                   0000000000000000
        X[21]:                   0000000000000000
        X[22]:                   0000000000000000
        X[23]:                   0000000000000000
        X[24]:                   0000000000000000
        X[25]:                   0000000000000000
        X[26]:                   0000000000000000
        X[27]:                   0000000000000000
        X[28]:                   0000000000000000
        FP:                      0000005959c2cd30
        LR:                      00000015f0cb75c8 (nnSdk + 0x3395c8) (_ZN2nn2os6detail30InterProcessEventImplByHorizon9TimedWaitEjbNS_8TimeSpanE + 0x78)
        SP:                      0000005959c2ccf0
        PC:                      00000015f0d07900 (nnSdk + 0x389900)
    Stack Trace:
        ReturnAddress[00]:       00000015ec5445e8 (cross2_Release.nss + 0x37405e8)
        ReturnAddress[01]:       00000015f0cb24b8 (nnSdk + 0x3344b8)
        ReturnAddress[02]:       00000015f0cb6984 (nnSdk + 0x338984)
        ReturnAddress[03]:       0000000000000000
    Stack Dump:                               00 01 02 03 04 05 06 07 08 09 0a 0b 0c 0d 0e 0f
                                 005959c2ccf0 18 cd c2 59 59 00 00 00 00 bf c7 d2 6c 00 00 00
                                 005959c2cd00 30 cd c2 59 59 00 00 00 c6 81 74 f7 56 04 00 00
                                 005959c2cd10 08 bf c7 d2 6c 00 00 00 ff ff ff ff 9f 81 3c 00
                                 005959c2cd20 48 c0 c7 d2 6c 00 00 00 00 bf c7 d2 6c 00 00 00
                                 005959c2cd30 80 cf c2 59 59 00 00 00 e8 45 54 ec 15 00 00 00
                                 005959c2cd40 41 75 64 69 6f 54 76 4f 75 74 70 75 74 00 65 61
                                 005959c2cd50 6b 65 72 4f 75 74 70 75 74 00 00 00 00 00 00 00
                                 005959c2cd60 00 00 00 00 00 00 00 00 00 00 00 00 00 00 00 00
                                 005959c2cd70 00 00 00 00 00 00 00 00 00 00 00 00 00 00 00 00
                                 005959c2cd80 00 00 00 00 00 00 00 00 00 00 00 00 00 00 00 00
                                 005959c2cd90 00 00 00 00 00 00 00 00 00 00 00 00 00 00 00 00
                                 005959c2cda0 00 00 00 00 00 00 00 00 00 00 00 00 00 00 00 00
                                 005959c2cdb0 00 00 00 00 00 00 00 00 00 00 00 00 00 00 00 00
                                 005959c2cdc0 00 00 00 00 00 00 00 00 00 00 00 00 00 00 00 00
                                 005959c2cdd0 00 00 00 00 00 00 00 00 00 00 00 00 00 00 00 00
                                 005959c2cde0 00 00 00 00 00 00 00 00 00 00 00 00 00 00 00 00
    TLS Address:                 0000003148a78800
    TLS Dump:                                 00 01 02 03 04 05 06 07 08 09 0a 0b 0c 0d 0e 0f
                                 003148a78800 02 00 00 00 00 00 00 00 40 91 00 01 40 ce c2 59
                                 003148a78810 53 46 43 4f 00 00 00 00 00 00 00 00 d1 3e 6a d8
                                 003148a78820 00 00 00 00 00 00 00 00 00 00 00 00 00 00 00 00
                                 003148a78830 00 00 00 00 00 01 00 00 40 ce c2 59 59 00 00 01
                                 003148a78840 00 00 00 00 00 00 00 00 00 00 00 00 00 00 00 00
                                 003148a78850 00 00 00 00 00 00 00 00 00 00 00 00 00 00 00 00
                                 003148a78860 00 00 00 00 00 00 00 00 00 00 00 00 00 00 00 00
                                 003148a78870 00 00 00 00 00 00 00 00 00 00 00 00 00 00 00 00
                                 003148a78880 00 00 00 00 00 00 00 00 00 00 00 00 00 00 00 00
                                 003148a78890 00 00 00 00 00 00 00 00 00 00 00 00 00 00 00 00
                                 003148a788a0 00 00 00 00 00 00 00 00 00 00 00 00 00 00 00 00
                                 003148a788b0 00 00 00 00 00 00 00 00 00 00 00 00 00 00 00 00
                                 003148a788c0 00 00 00 00 00 00 00 00 00 00 00 00 00 00 00 00
                                 003148a788d0 00 00 00 00 00 00 00 00 00 00 00 00 00 00 00 00
                                 003148a788e0 00 00 00 00 00 00 00 00 00 00 00 00 00 00 00 00
                                 003148a788f0 00 00 00 00 00 00 00 00 00 00 00 00 00 00 00 00
Threads[27]:
    Thread ID:                   0000000000001a74
    Thread Name:                 sindou::update
    Stack Region:                0000005938186000-0000005938196000
    Registers:
        X[00]:                   00000000004c4758
        X[01]:                   00000456f770991e
        X[02]:                   0000000000000000
        X[03]:                   0000000000000000
        X[04]:                   0000000000000000
        X[05]:                   0000000000000000
        X[06]:                   0000000000000000
        X[07]:                   0000000000000000
        X[08]:                   0000000000000000
        X[09]:                   0000000000000000
        X[10]:                   0000000000000000
        X[11]:                   0000000000000000
        X[12]:                   0000000000000000
        X[13]:                   0000000000000000
        X[14]:                   0000000000000000
        X[15]:                   0000000000000000
        X[16]:                   0000000000000000
        X[17]:                   0000000000000000
        X[18]:                   0000000000000000
        X[19]:                   0000000000000000
        X[20]:                   0000000000000000
        X[21]:                   0000000000000000
        X[22]:                   0000000000000000
        X[23]:                   0000000000000000
        X[24]:                   0000000000000000
        X[25]:                   0000000000000000
        X[26]:                   0000000000000000
        X[27]:                   0000000000000000
        X[28]:                   0000000000000000
        FP:                      0000005938195f80
        LR:                      00000015ec78f698 (cross2_Release.nss + 0x398b698)
        SP:                      0000005938195f30
        PC:                      00000015f0d0785c (nnSdk + 0x38985c)
    Stack Trace:
        ReturnAddress[00]:       00000015f0cb24b8 (nnSdk + 0x3344b8)
        ReturnAddress[01]:       00000015f0cb6984 (nnSdk + 0x338984)
        ReturnAddress[02]:       0000000000000000
    Stack Dump:                               00 01 02 03 04 05 06 07 08 09 0a 0b 0c 0d 0e 0f
                                 005938195f00 80 ed 09 ee 15 00 00 00 00 a0 c0 ef 15 00 00 00
                                 005938195f10 f3 5b 31 d7 06 e2 00 00 c4 f2 09 ee 15 00 00 00
                                 005938195f20 80 5f 19 38 59 00 00 00 5c f3 78 ec 15 00 00 00
                                 005938195f30 00 00 00 00 00 00 00 00 00 00 00 00 00 00 00 00
                                 005938195f40 00 00 00 00 00 00 00 00 00 00 00 00 00 00 00 00
                                 005938195f50 00 00 00 00 00 00 00 00 00 00 00 00 00 00 00 00
                                 005938195f60 00 00 00 00 00 00 00 00 ac 92 bf ef 15 00 00 00
                                 005938195f70 a8 92 bf ef 15 00 00 00 00 91 bf ef 15 00 00 00
                                 005938195f80 b0 5f 19 38 59 00 00 00 b8 24 cb f0 15 00 00 00
                                 005938195f90 00 00 00 00 00 00 00 00 00 00 00 00 00 00 00 00
                                 005938195fa0 00 00 00 00 00 00 00 00 00 91 bf ef 15 00 00 00
                                 005938195fb0 d0 5f 19 38 59 00 00 00 84 69 cb f0 15 00 00 00
                                 005938195fc0 00 00 00 00 00 00 00 00 00 00 00 00 00 00 00 00
                                 005938195fd0 00 00 00 00 00 00 00 00 00 00 00 00 00 00 00 00
                                 005938195fe0 50 24 cb f0 15 00 00 00 00 00 00 00 00 00 00 00
                                 005938195ff0 00 00 00 00 00 00 00 00 00 00 00 00 00 00 00 00
    TLS Address:                 0000003148a78a00
    TLS Dump:                                 00 01 02 03 04 05 06 07 08 09 0a 0b 0c 0d 0e 0f
                                 003148a78a00 00 00 00 00 00 00 00 00 00 00 00 00 00 00 00 00
                                 003148a78a10 00 00 00 00 00 00 00 00 00 00 00 00 00 00 00 00
                                 003148a78a20 00 00 00 00 00 00 00 00 00 00 00 00 00 00 00 00
                                 003148a78a30 00 00 00 00 00 00 00 00 00 00 00 00 00 00 00 00
                                 003148a78a40 00 00 00 00 00 00 00 00 00 00 00 00 00 00 00 00
                                 003148a78a50 00 00 00 00 00 00 00 00 00 00 00 00 00 00 00 00
                                 003148a78a60 00 00 00 00 00 00 00 00 00 00 00 00 00 00 00 00
                                 003148a78a70 00 00 00 00 00 00 00 00 00 00 00 00 00 00 00 00
                                 003148a78a80 00 00 00 00 00 00 00 00 00 00 00 00 00 00 00 00
                                 003148a78a90 00 00 00 00 00 00 00 00 00 00 00 00 00 00 00 00
                                 003148a78aa0 00 00 00 00 00 00 00 00 00 00 00 00 00 00 00 00
                                 003148a78ab0 00 00 00 00 00 00 00 00 00 00 00 00 00 00 00 00
                                 003148a78ac0 00 00 00 00 00 00 00 00 00 00 00 00 00 00 00 00
                                 003148a78ad0 00 00 00 00 00 00 00 00 00 00 00 00 00 00 00 00
                                 003148a78ae0 00 00 00 00 00 00 00 00 00 00 00 00 00 00 00 00
                                 003148a78af0 00 00 00 00 00 00 00 00 00 00 00 00 00 00 00 00
Threads[28]:
    Thread ID:                   0000000000001a75
    Thread Name:                 L2CDynamicModuleManager::thread
    Stack Region:                00000058fa759000-00000058fa799000
    Registers:
        X[00]:                   00000000000f4240
        X[01]:                   0000000000000000
        X[02]:                   0000000000000000
        X[03]:                   0000000000000000
        X[04]:                   0000000000000000
        X[05]:                   0000000000000000
        X[06]:                   0000000000000000
        X[07]:                   0000000000000000
        X[08]:                   0000000000000000
        X[09]:                   0000000000000000
        X[10]:                   0000000000000000
        X[11]:                   0000000000000000
        X[12]:                   0000000000000000
        X[13]:                   0000000000000000
        X[14]:                   0000000000000000
        X[15]:                   0000000000000000
        X[16]:                   0000000000000000
        X[17]:                   0000000000000000
        X[18]:                   0000000000000000
        X[19]:                   0000000000000000
        X[20]:                   0000000000000000
        X[21]:                   0000000000000000
        X[22]:                   0000000000000000
        X[23]:                   0000000000000000
        X[24]:                   0000000000000000
        X[25]:                   0000000000000000
        X[26]:                   0000000000000000
        X[27]:                   0000000000000000
        X[28]:                   0000000000000000
        FP:                      00000058fa798f80
        LR:                      00000015eb0baa88 (cross2_Release.nss + 0x22b6a88)
        SP:                      00000058fa798df0
        PC:                      00000015f0d0785c (nnSdk + 0x38985c)
    Stack Trace:
        ReturnAddress[00]:       00000015f0cb24b8 (nnSdk + 0x3344b8)
        ReturnAddress[01]:       00000015f0cb6984 (nnSdk + 0x338984)
        ReturnAddress[02]:       0000000000000000
    Stack Dump:                               00 01 02 03 04 05 06 07 08 09 0a 0b 0c 0d 0e 0f
                                 0058fa798df0 11 8e 79 fa 58 00 00 00 50 a6 03 d5 6c 00 00 00
                                 0058fa798e00 48 a6 03 d5 6c 00 00 00 00 00 00 00 00 00 00 00
                                 0058fa798e10 70 72 65 62 75 69 6c 74 3a 2f 6e 72 6f 2f 52 65
                                 0058fa798e20 6c 65 61 73 65 2f 6c 75 61 32 63 70 70 5f 74 61
                                 0058fa798e30 6e 74 61 6e 2e 6e 72 6f 00 00 72 6f 00 00 00 00
                                 0058fa798e40 00 00 00 00 00 00 00 00 00 00 00 00 00 00 00 00
                                 0058fa798e50 00 00 00 00 00 00 00 00 00 00 00 00 00 00 00 00
                                 0058fa798e60 00 00 00 00 00 00 00 00 00 00 00 00 00 00 00 00
                                 0058fa798e70 00 00 00 00 00 00 00 00 00 00 00 00 00 00 00 00
                                 0058fa798e80 00 00 00 00 00 00 00 00 00 00 00 00 00 00 00 00
                                 0058fa798e90 00 00 00 00 00 00 00 00 00 00 00 00 00 00 00 00
                                 0058fa798ea0 00 00 00 00 00 00 00 00 00 00 00 00 00 00 00 00
                                 0058fa798eb0 00 00 00 00 00 00 00 00 00 00 00 00 00 00 00 00
                                 0058fa798ec0 00 00 00 00 00 00 00 00 00 00 00 00 00 00 00 00
                                 0058fa798ed0 00 00 00 00 00 00 00 00 00 00 00 00 00 00 00 00
                                 0058fa798ee0 00 00 00 00 00 00 00 00 00 00 00 00 00 00 00 00
    TLS Address:                 0000003148a78c00
    TLS Dump:                                 00 01 02 03 04 05 06 07 08 09 0a 0b 0c 0d 0e 0f
                                 003148a78c00 00 00 00 00 08 00 00 00 01 00 00 00 af 00 00 00
                                 003148a78c10 53 46 43 4f 00 00 00 00 00 00 00 00 a9 55 2c a5
                                 003148a78c20 53 46 43 49 01 00 00 00 01 00 00 00 00 00 00 00
                                 003148a78c30 00 00 00 00 00 00 00 00 00 00 2d d6 1a 00 00 00
                                 003148a78c40 00 30 02 00 00 00 00 00 00 00 00 00 00 00 00 00
                                 003148a78c50 00 00 00 00 00 00 00 00 00 00 00 00 00 00 00 00
                                 003148a78c60 00 00 00 00 00 00 00 00 00 00 00 00 00 00 00 00
                                 003148a78c70 00 00 00 00 00 00 00 00 00 00 00 00 00 00 00 00
                                 003148a78c80 00 00 00 00 00 00 00 00 00 00 00 00 00 00 00 00
                                 003148a78c90 00 00 00 00 00 00 00 00 00 00 00 00 00 00 00 00
                                 003148a78ca0 00 00 00 00 00 00 00 00 00 00 00 00 00 00 00 00
                                 003148a78cb0 00 00 00 00 00 00 00 00 00 00 00 00 00 00 00 00
                                 003148a78cc0 00 00 00 00 00 00 00 00 00 00 00 00 00 00 00 00
                                 003148a78cd0 00 00 00 00 00 00 00 00 00 00 00 00 00 00 00 00
                                 003148a78ce0 00 00 00 00 00 00 00 00 00 00 00 00 00 00 00 00
                                 003148a78cf0 00 00 00 00 00 00 00 00 00 00 00 00 00 00 00 00
Threads[29]:
    Thread ID:                   0000000000001a76
    Thread Name:                 SaveStorage
    Stack Region:                000000590670b000-000000590674b000
    Registers:
        X[00]:                   0000006cde76013c
        X[01]:                   0000006cde760140
        X[02]:                   0000000000460198
        X[03]:                   ffffffffffffffff
        X[04]:                   0000000000000000
        X[05]:                   0000000000000000
        X[06]:                   0000000000000000
        X[07]:                   0000000000000000
        X[08]:                   0000000000000000
        X[09]:                   0000000000000000
        X[10]:                   0000000000000000
        X[11]:                   0000000000000000
        X[12]:                   0000000000000000
        X[13]:                   0000000000000000
        X[14]:                   0000000000000000
        X[15]:                   0000000000000000
        X[16]:                   0000000000000000
        X[17]:                   0000000000000000
        X[18]:                   0000000000000000
        X[19]:                   0000000000000000
        X[20]:                   0000000000000000
        X[21]:                   0000000000000000
        X[22]:                   0000000000000000
        X[23]:                   0000000000000000
        X[24]:                   0000000000000000
        X[25]:                   0000000000000000
        X[26]:                   0000000000000000
        X[27]:                   0000000000000000
        X[28]:                   0000000000000000
        FP:                      000000590674aef0
        LR:                      00000015f0cb7998 (nnSdk + 0x339998) (_ZN2nn2os6detail38InternalConditionVariableImplByHorizon4WaitEPNS1_23InternalCriticalSectionE + 0x48)
        SP:                      000000590674aed0
        PC:                      00000015f0d0792c (nnSdk + 0x38992c)
    Stack Trace:
        ReturnAddress[00]:       00000015f0cac898 (nnSdk + 0x32e898) (_ZN2nn2os9WaitEventEPNS0_9EventTypeE + 0x48)
        ReturnAddress[01]:       00000015ec525b50 (cross2_Release.nss + 0x3721b50)
        ReturnAddress[02]:       00000015f0cb24b8 (nnSdk + 0x3344b8)
        ReturnAddress[03]:       00000015f0cb6984 (nnSdk + 0x338984)
        ReturnAddress[04]:       0000000000000000
    Stack Dump:                               00 01 02 03 04 05 06 07 08 09 0a 0b 0c 0d 0e 0f
                                 00590674aed0 40 01 76 de 6c 00 00 00 90 7c 6d 80 6c 00 00 00
                                 00590674aee0 20 01 76 de 6c 00 00 00 3c 01 76 de 6c 00 00 00
                                 00590674aef0 20 af 74 06 59 00 00 00 98 c8 ca f0 15 00 00 00
                                 00590674af00 c5 9d 1c 81 00 00 00 00 60 7c 6d 80 6c 00 00 00
                                 00590674af10 b0 e0 73 ee 15 00 00 00 90 7c 6d 80 6c 00 00 00
                                 00590674af20 80 af 74 06 59 00 00 00 50 5b 52 ec 15 00 00 00
                                 00590674af30 00 00 00 00 00 00 00 00 00 00 00 00 00 00 00 00
                                 00590674af40 00 00 00 00 00 00 00 00 00 00 00 00 00 00 00 00
                                 00590674af50 00 00 00 00 00 00 00 00 00 00 00 00 00 00 00 00
                                 00590674af60 00 00 00 00 00 00 00 00 3c c8 32 d7 6c 00 00 00
                                 00590674af70 38 c8 32 d7 6c 00 00 00 90 c6 32 d7 6c 00 00 00
                                 00590674af80 b0 af 74 06 59 00 00 00 b8 24 cb f0 15 00 00 00
                                 00590674af90 00 00 00 00 00 00 00 00 00 00 00 00 00 00 00 00
                                 00590674afa0 00 00 00 00 00 00 00 00 90 c6 32 d7 6c 00 00 00
                                 00590674afb0 d0 af 74 06 59 00 00 00 84 69 cb f0 15 00 00 00
                                 00590674afc0 00 00 00 00 00 00 00 00 00 00 00 00 00 00 00 00
    TLS Address:                 0000003148a78e00
    TLS Dump:                                 00 01 02 03 04 05 06 07 08 09 0a 0b 0c 0d 0e 0f
                                 003148a78e00 06 00 00 00 08 00 00 00 00 00 00 00 00 00 00 00
                                 003148a78e10 02 00 00 00 9b 00 00 00 00 00 00 00 00 00 00 00
                                 003148a78e20 53 46 43 4f 00 00 00 00 00 00 00 00 a1 6d 71 f3
                                 003148a78e30 f8 4a 5b 00 00 00 00 00 00 00 00 00 00 00 00 00
                                 003148a78e40 00 00 00 00 00 00 00 00 00 00 00 00 00 00 00 00
                                 003148a78e50 40 43 06 00 00 00 00 00 00 00 00 00 00 00 00 00
                                 003148a78e60 00 00 00 00 00 00 00 00 00 00 00 00 00 00 00 00
                                 003148a78e70 00 00 00 00 00 00 00 00 00 00 00 00 00 00 00 00
                                 003148a78e80 00 00 00 00 00 00 00 00 00 00 00 00 00 00 00 00
                                 003148a78e90 00 00 00 00 00 00 00 00 00 00 00 00 00 00 00 00
                                 003148a78ea0 00 00 00 00 00 00 00 00 00 00 00 00 00 00 00 00
                                 003148a78eb0 00 00 00 00 00 00 00 00 00 00 00 00 00 00 00 00
                                 003148a78ec0 00 00 00 00 00 00 00 00 00 00 00 00 00 00 00 00
                                 003148a78ed0 00 00 00 00 00 00 00 00 00 00 00 00 00 00 00 00
                                 003148a78ee0 00 00 00 00 00 00 00 00 00 00 00 00 00 00 00 00
                                 003148a78ef0 00 00 00 00 00 00 00 00 00 00 00 00 00 00 00 00
