Atmosphère Crash Report (v1.7):
Result:                          0x0 (2000-0000)

Process Info:
    Process Name:                Application
    Program ID:                  01006a800016e000
    Process ID:                  00000000000000b2
    Process Flags:               00000077
    User Exception Address:      000000777dcbf000
Exception Info:
    Type:                        User Break
    Address:                     000000341e507998 (nnSdk + 0x389998)
    Break Reason:                0x0
    Break Address:               0000002a3ba3def8
    Break Size:                  0x4
Crashed Thread Info:
    Thread ID:                   0000000000001b25
    Thread Name:                 NxSystemThread
    Stack Region:                0000002a3ba3d000-0000002a3ba3e000
    Registers:
        X[00]:                   0000000000000000
        X[01]:                   0000002a3ba3def8
        X[02]:                   0000000000000004
        X[03]:                   0000000000000000
        X[04]:                   0000000000000000
        X[05]:                   0000000000000000
        X[06]:                   0000000000000000
        X[07]:                   0000000000000000
        X[08]:                   0000000000000000
        X[09]:                   0000000000000000
        X[10]:                   0000000000000000
        X[11]:                   0000000000000000
        X[12]:                   0000000000000000
        X[13]:                   0000000000000000
        X[14]:                   0000000000000000
        X[15]:                   0000000000000000
        X[16]:                   0000000000000000
        X[17]:                   0000000000000000
        X[18]:                   0000000000000000
        X[19]:                   0000000000000000
        X[20]:                   0000000000000000
        X[21]:                   0000000000000000
        X[22]:                   0000000000000000
        X[23]:                   0000000000000000
        X[24]:                   0000000000000000
        X[25]:                   0000000000000000
        X[26]:                   0000000000000000
        X[27]:                   0000000000000000
        X[28]:                   0000000000000000
        FP:                      0000002a3ba3dd50
        LR:                      000000341e301ad8 (nnSdk + 0x183ad8) (_ZN2nn4diag6detail5AbortEPKNS_6ResultE + 0x18)
        SP:                      0000002a3ba3dd50
        PC:                      000000341e507994 (nnSdk + 0x389994)
    Stack Trace:
        ReturnAddress[00]:       000000341e3004a0 (nnSdk + 0x1824a0) (_ZN2nn4diag6detail9AbortImplEPKcS3_S3_iPKNS_6ResultEPKNS_2os17UserExceptionInfoES3_z + 0x0)
        ReturnAddress[01]:       000000341e300564 (nnSdk + 0x182564)
        ReturnAddress[02]:       000000341e300600 (nnSdk + 0x182600) (_ZN2nn4diag6detail18OnAssertionFailureENS0_13AssertionTypeEPKcS4_S4_iS4_z + 0x0)
        ReturnAddress[03]:       000000341e4abfc8 (nnSdk + 0x32dfc8)
        ReturnAddress[04]:       000000341e4b05ac (nnSdk + 0x3325ac)
        ReturnAddress[05]:       000000341e4b055c (nnSdk + 0x33255c)
        ReturnAddress[06]:       000000341e4b054c (nnSdk + 0x33254c)
        ReturnAddress[07]:       000000341e4b24b8 (nnSdk + 0x3344b8)
        ReturnAddress[08]:       000000341e4b6984 (nnSdk + 0x338984)
        ReturnAddress[09]:       0000000000000000
    Stack Dump:                               00 01 02 03 04 05 06 07 08 09 0a 0b 0c 0d 0e 0f
                                 002a3ba3dd50 20 de a3 3b 2a 00 00 00 a0 04 30 1e 34 00 00 00
                                 002a3ba3dd60 03 00 00 00 00 00 00 00 d0 dd a3 3b 2a 00 00 00
                                 002a3ba3dd70 2e cd b6 1e 34 00 00 00 2e cd b6 1e 34 00 00 00
                                 002a3ba3dd80 2e cd b6 1e 34 00 00 00 00 00 00 00 00 00 00 00
                                 002a3ba3dd90 00 00 00 00 00 00 00 00 00 00 00 00 00 00 00 00
                                 002a3ba3dda0 03 00 00 00 00 00 00 00 d0 dd a3 3b 2a 00 00 00
                                 002a3ba3ddb0 2e cd b6 1e 34 00 00 00 2e cd b6 1e 34 00 00 00
                                 002a3ba3ddc0 2e cd b6 1e 34 00 00 00 00 00 00 00 00 00 00 00
                                 002a3ba3ddd0 2e cd b6 1e 34 00 00 00 c0 de a3 3b 2a 00 00 00
                                 002a3ba3dde0 00 00 00 00 00 00 00 00 90 bf 4a 1e 34 00 00 00
                                 002a3ba3ddf0 50 82 e4 1e 34 00 00 00 00 7c e4 1e 34 00 00 00
                                 002a3ba3de00 f8 81 e4 1e 34 00 00 00 28 82 e4 1e 34 00 00 00
                                 002a3ba3de10 c0 81 e4 1e 34 00 00 00 c8 81 e4 1e 34 00 00 00
                                 002a3ba3de20 e0 de a3 3b 2a 00 00 00 64 05 30 1e 34 00 00 00
                                 002a3ba3de30 00 00 00 00 00 00 00 00 00 00 00 00 00 00 00 00
                                 002a3ba3de40 00 00 00 00 00 00 00 00 00 00 00 00 00 00 00 00
    TLS Address:                 000000777dcbf400
    TLS Dump:                                 00 01 02 03 04 05 06 07 08 09 0a 0b 0c 0d 0e 0f
                                 00777dcbf400 00 00 00 00 0c 00 00 00 00 00 00 00 00 00 00 00
                                 00777dcbf410 00 00 00 00 00 00 00 00 00 00 00 00 00 00 00 00
                                 00777dcbf420 53 46 43 4f 00 00 00 00 00 00 00 00 0e 61 f9 21
                                 00777dcbf430 00 00 00 00 00 00 00 00 00 00 00 00 00 00 00 00
                                 00777dcbf440 00 00 00 00 00 00 00 00 00 00 00 00 00 00 00 00
                                 00777dcbf450 00 00 00 00 00 00 00 00 00 00 00 00 00 00 00 00
                                 00777dcbf460 00 00 00 00 00 00 00 00 00 00 00 00 00 00 00 00
                                 00777dcbf470 00 00 00 00 00 00 00 00 00 00 00 00 00 00 00 00
                                 00777dcbf480 00 00 00 00 00 00 00 00 00 00 00 00 00 00 00 00
                                 00777dcbf490 00 00 00 00 00 00 00 00 00 00 00 00 00 00 00 00
                                 00777dcbf4a0 00 00 00 00 00 00 00 00 00 00 00 00 00 00 00 00
                                 00777dcbf4b0 00 00 00 00 00 00 00 00 00 00 00 00 00 00 00 00
                                 00777dcbf4c0 00 00 00 00 00 00 00 00 00 00 00 00 00 00 00 00
                                 00777dcbf4d0 00 00 00 00 00 00 00 00 00 00 00 00 00 00 00 00
                                 00777dcbf4e0 00 00 00 00 00 00 00 00 00 00 00 00 00 00 00 00
                                 00777dcbf4f0 00 00 00 00 00 00 00 00 00 00 00 00 00 00 00 00
Module Info:
    Number of Modules:           09
    Module 00:
        Address:                 00000034165dc000-0000003416600000
        Name:                    [00000000]
        Module Id:               0000000000000000000000000000000000000000000000000000000000000000
    Module 01:
        Address:                 0000003416600000-0000003416602000
        Name:                    nnrtld
        Module Id:               285183CAC95179371CC22CEC3723F882E1589659000000000000000000000000
    Module 02:
        Address:                 0000003416604000-0000003419fcc000
        Name:                    cross2_Release.nss
        Module Id:               3EAE0063B12FD81E99FB5980BA56297049EA94F9000000000000000000000000
    Module 03:
        Address:                 000000341da4b000-000000341ddb8000
        Name:                    multimedia
        Module Id:               60C6EDBBFCEBD4176CC301D5D9CB5A6F094F9360000000000000000000000000
    Module 04:
        Address:                 000000341e160000-000000341e171000
        Name:                    Skyline
        Module Id:               84F953E76E1E2E976B0C1540F615449D25DA5BF3000000000000000000000000
    Module 05:
        Address:                 000000341e17e000-000000341e6bf000
        Name:                    nnSdk
        Module Id:               5FD4F531C1195E9E5510C9E73F22CD39612839F8000000000000000000000000
    Module 06:
        Address:                 000000281f34c000-000000281f4c8000
        Name:                    arcropolis
        Module Id:               0000000000000000000000000000000000000000000000000000000000000000
    Module 07:
        Address:                 00000049a5920000-00000049a5936000
        Name:                    ssbu-pia-manager-impl
        Module Id:               0000000000000000000000000000000000000000000000000000000000000000
    Module 08:
        Address:                 0000006b290db000-0000006b2925f000
        Name:                    training_modpack
        Module Id:               0000000000000000000000000000000000000000000000000000000000000000
Thread Report:
Number of Threads:               35
Threads[00]:
    Thread ID:                   0000000000001b24
    Thread Name:                 MainThread
    Stack Region:                0000002a77329000-0000002a77429000
    Registers:
        X[00]:                   000000000046019b
        X[01]:                   000000777dcbf200
        X[02]:                   000000000046019b
        X[03]:                   0000000000000000
        X[04]:                   0000000000000000
        X[05]:                   0000000000000000
        X[06]:                   0000000000000000
        X[07]:                   0000000000000000
        X[08]:                   0000000000000000
        X[09]:                   0000000000000000
        X[10]:                   0000000000000000
        X[11]:                   0000000000000000
        X[12]:                   0000000000000000
        X[13]:                   0000000000000000
        X[14]:                   0000000000000000
        X[15]:                   0000000000000000
        X[16]:                   0000000000000000
        X[17]:                   0000000000000000
        X[18]:                   0000000000000000
        X[19]:                   0000000000000000
        X[20]:                   0000000000000000
        X[21]:                   0000000000000000
        X[22]:                   0000000000000000
        X[23]:                   0000000000000000
        X[24]:                   0000000000000000
        X[25]:                   0000000000000000
        X[26]:                   0000000000000000
        X[27]:                   0000000000000000
        X[28]:                   0000000000000000
        FP:                      0000002a77425a60
        LR:                      000000341e4e5684 (nnSdk + 0x367684) (_ZN2nn2sf4hipc15SendSyncRequestENS_3svc6HandleEPvm + 0x34)
        SP:                      0000002a77425a60
        PC:                      000000341e507954 (nnSdk + 0x389954)
    Stack Trace:
        ReturnAddress[00]:       000000341e389ff4 (nnSdk + 0x20bff4) (_ZN2nn2sf4cmif6client34CmifDomainProxyClientCoreProcessorINS0_4hipc6client38Hipc2ClientSessionManagedProxyKindBaseINS5_18Hipc2P + 0xa4)
        ReturnAddress[01]:       000000341e47c2f8 (nnSdk + 0x2fe2f8) (_ZN2nn2sf4cmif6client6detail13CmifProxyImplINS_3mii6detail16IDatabaseServiceENS2_19CmifDomainProxyKindINS0_4hipc6client38Hipc2C + 0x18)
        ReturnAddress[02]:       000000341e47a358 (nnSdk + 0x2fc358) (_ZN2nn3mii8Database9IsUpdatedEi + 0x28)
        ReturnAddress[03]:       00000034188e2ba0 (cross2_Release.nss + 0x22deba0)
        ReturnAddress[04]:       0000003419d28d68 (cross2_Release.nss + 0x3724d68)
        ReturnAddress[05]:       0000003419d50628 (cross2_Release.nss + 0x374c628)
        ReturnAddress[06]:       00000034168c9cf0 (cross2_Release.nss + 0x2c5cf0)
        ReturnAddress[07]:       000000341e41ba2c (nnSdk + 0x29da2c) (_ZN2nn4init5StartEmmPFvvES2_ + 0x4c)
        ReturnAddress[08]:       00000034166000c0 (nnrtld + 0xc0)
    Stack Dump:                               00 01 02 03 04 05 06 07 08 09 0a 0b 0c 0d 0e 0f
                                 002a77425a60 20 5b 42 77 2a 00 00 00 f4 9f 38 1e 34 00 00 00
                                 002a77425a70 00 00 00 00 00 00 00 00 00 00 00 00 00 00 00 00
                                 002a77425a80 00 00 00 00 00 00 00 00 00 00 00 00 00 00 00 00
                                 002a77425a90 00 00 00 00 00 00 00 00 00 00 00 00 00 00 00 00
                                 002a77425aa0 00 00 80 3f 00 00 00 00 00 00 00 00 00 00 00 00
                                 002a77425ab0 00 00 00 00 00 00 00 00 00 00 00 00 00 00 00 00
                                 002a77425ac0 00 00 00 00 00 00 00 00 00 00 00 00 00 00 00 00
                                 002a77425ad0 09 e2 26 3e 00 00 00 00 00 00 00 00 00 00 00 00
                                 002a77425ae0 01 00 00 00 00 00 00 00 40 f1 4f bf 55 00 00 00
                                 002a77425af0 80 c6 09 d5 55 00 00 00 00 00 00 00 00 00 00 00
                                 002a77425b00 00 00 00 00 00 00 00 00 a0 a0 86 83 55 00 00 00
                                 002a77425b10 20 40 86 83 55 00 00 00 00 40 86 83 55 00 00 00
                                 002a77425b20 30 5b 42 77 2a 00 00 00 f8 c2 47 1e 34 00 00 00
                                 002a77425b30 50 5b 42 77 2a 00 00 00 58 a3 47 1e 34 00 00 00
                                 002a77425b40 00 c8 85 83 55 00 00 00 00 c8 85 83 00 00 00 00
                                 002a77425b50 20 5e 42 77 2a 00 00 00 a0 2b 8e 18 34 00 00 00
    TLS Address:                 000000777dcbf200
    TLS Dump:                                 00 01 02 03 04 05 06 07 08 09 0a 0b 0c 0d 0e 0f
                                 00777dcbf200 00 00 00 00 0d 08 e0 03 00 00 00 00 00 00 00 00
                                 00777dcbf210 00 00 00 00 00 00 00 00 00 00 00 00 00 00 00 00
                                 00777dcbf220 53 46 43 4f 00 00 00 00 00 00 00 00 6f eb 49 79
                                 00777dcbf230 00 00 00 00 00 00 00 00 00 00 00 00 00 00 00 00
                                 00777dcbf240 53 46 43 49 01 00 00 00 0b 00 00 00 00 00 00 00
                                 00777dcbf250 03 00 68 01 1b 48 18 c0 2a 00 10 00 00 00 00 00
                                 00777dcbf260 00 00 00 00 18 00 00 00 f0 5b 42 77 2a 00 18 00
                                 00777dcbf270 00 00 00 00 00 00 00 00 03 0d 08 00 00 04 0a 00
                                 00777dcbf280 08 04 0a 00 04 02 14 00 00 00 00 00 00 00 00 00
                                 00777dcbf290 00 00 00 00 00 00 00 00 00 00 00 00 00 00 00 00
                                 00777dcbf2a0 00 00 00 00 00 00 00 00 00 00 00 00 00 00 00 00
                                 00777dcbf2b0 00 00 00 00 00 00 00 00 00 00 00 00 00 00 00 00
                                 00777dcbf2c0 00 00 00 00 00 00 00 00 00 00 00 00 00 00 00 00
                                 00777dcbf2d0 00 00 00 00 00 00 00 00 00 00 00 00 00 00 00 00
                                 00777dcbf2e0 00 00 00 00 00 00 00 00 00 00 00 00 00 00 00 00
                                 00777dcbf2f0 00 00 00 00 00 00 00 00 00 00 00 00 00 00 00 00
Threads[01]:
    Thread ID:                   0000000000001b25
    Thread Name:                 NxSystemThread
    Stack Region:                0000002a3ba3d000-0000002a3ba3e000
    Registers:
        X[00]:                   0000000000000000
        X[01]:                   0000002a3ba3def8
        X[02]:                   0000000000000004
        X[03]:                   0000000000000000
        X[04]:                   0000000000000000
        X[05]:                   0000000000000000
        X[06]:                   0000000000000000
        X[07]:                   0000000000000000
        X[08]:                   0000000000000000
        X[09]:                   0000000000000000
        X[10]:                   0000000000000000
        X[11]:                   0000000000000000
        X[12]:                   0000000000000000
        X[13]:                   0000000000000000
        X[14]:                   0000000000000000
        X[15]:                   0000000000000000
        X[16]:                   0000000000000000
        X[17]:                   0000000000000000
        X[18]:                   0000000000000000
        X[19]:                   0000000000000000
        X[20]:                   0000000000000000
        X[21]:                   0000000000000000
        X[22]:                   0000000000000000
        X[23]:                   0000000000000000
        X[24]:                   0000000000000000
        X[25]:                   0000000000000000
        X[26]:                   0000000000000000
        X[27]:                   0000000000000000
        X[28]:                   0000000000000000
        FP:                      0000002a3ba3dd50
        LR:                      000000341e301ad8 (nnSdk + 0x183ad8) (_ZN2nn4diag6detail5AbortEPKNS_6ResultE + 0x18)
        SP:                      0000002a3ba3dd50
        PC:                      000000341e507994 (nnSdk + 0x389994)
    Stack Trace:
        ReturnAddress[00]:       000000341e3004a0 (nnSdk + 0x1824a0) (_ZN2nn4diag6detail9AbortImplEPKcS3_S3_iPKNS_6ResultEPKNS_2os17UserExceptionInfoES3_z + 0x0)
        ReturnAddress[01]:       000000341e300564 (nnSdk + 0x182564)
        ReturnAddress[02]:       000000341e300600 (nnSdk + 0x182600) (_ZN2nn4diag6detail18OnAssertionFailureENS0_13AssertionTypeEPKcS4_S4_iS4_z + 0x0)
        ReturnAddress[03]:       000000341e4abfc8 (nnSdk + 0x32dfc8)
        ReturnAddress[04]:       000000341e4b05ac (nnSdk + 0x3325ac)
        ReturnAddress[05]:       000000341e4b055c (nnSdk + 0x33255c)
        ReturnAddress[06]:       000000341e4b054c (nnSdk + 0x33254c)
        ReturnAddress[07]:       000000341e4b24b8 (nnSdk + 0x3344b8)
        ReturnAddress[08]:       000000341e4b6984 (nnSdk + 0x338984)
        ReturnAddress[09]:       0000000000000000
    Stack Dump:                               00 01 02 03 04 05 06 07 08 09 0a 0b 0c 0d 0e 0f
                                 002a3ba3dd50 20 de a3 3b 2a 00 00 00 a0 04 30 1e 34 00 00 00
                                 002a3ba3dd60 03 00 00 00 00 00 00 00 d0 dd a3 3b 2a 00 00 00
                                 002a3ba3dd70 2e cd b6 1e 34 00 00 00 2e cd b6 1e 34 00 00 00
                                 002a3ba3dd80 2e cd b6 1e 34 00 00 00 00 00 00 00 00 00 00 00
                                 002a3ba3dd90 00 00 00 00 00 00 00 00 00 00 00 00 00 00 00 00
                                 002a3ba3dda0 03 00 00 00 00 00 00 00 d0 dd a3 3b 2a 00 00 00
                                 002a3ba3ddb0 2e cd b6 1e 34 00 00 00 2e cd b6 1e 34 00 00 00
                                 002a3ba3ddc0 2e cd b6 1e 34 00 00 00 00 00 00 00 00 00 00 00
                                 002a3ba3ddd0 2e cd b6 1e 34 00 00 00 c0 de a3 3b 2a 00 00 00
                                 002a3ba3dde0 00 00 00 00 00 00 00 00 90 bf 4a 1e 34 00 00 00
                                 002a3ba3ddf0 50 82 e4 1e 34 00 00 00 00 7c e4 1e 34 00 00 00
                                 002a3ba3de00 f8 81 e4 1e 34 00 00 00 28 82 e4 1e 34 00 00 00
                                 002a3ba3de10 c0 81 e4 1e 34 00 00 00 c8 81 e4 1e 34 00 00 00
                                 002a3ba3de20 e0 de a3 3b 2a 00 00 00 64 05 30 1e 34 00 00 00
                                 002a3ba3de30 00 00 00 00 00 00 00 00 00 00 00 00 00 00 00 00
                                 002a3ba3de40 00 00 00 00 00 00 00 00 00 00 00 00 00 00 00 00
    TLS Address:                 000000777dcbf400
    TLS Dump:                                 00 01 02 03 04 05 06 07 08 09 0a 0b 0c 0d 0e 0f
                                 00777dcbf400 00 00 00 00 0c 00 00 00 00 00 00 00 00 00 00 00
                                 00777dcbf410 00 00 00 00 00 00 00 00 00 00 00 00 00 00 00 00
                                 00777dcbf420 53 46 43 4f 00 00 00 00 00 00 00 00 0e 61 f9 21
                                 00777dcbf430 00 00 00 00 00 00 00 00 00 00 00 00 00 00 00 00
                                 00777dcbf440 00 00 00 00 00 00 00 00 00 00 00 00 00 00 00 00
                                 00777dcbf450 00 00 00 00 00 00 00 00 00 00 00 00 00 00 00 00
                                 00777dcbf460 00 00 00 00 00 00 00 00 00 00 00 00 00 00 00 00
                                 00777dcbf470 00 00 00 00 00 00 00 00 00 00 00 00 00 00 00 00
                                 00777dcbf480 00 00 00 00 00 00 00 00 00 00 00 00 00 00 00 00
                                 00777dcbf490 00 00 00 00 00 00 00 00 00 00 00 00 00 00 00 00
                                 00777dcbf4a0 00 00 00 00 00 00 00 00 00 00 00 00 00 00 00 00
                                 00777dcbf4b0 00 00 00 00 00 00 00 00 00 00 00 00 00 00 00 00
                                 00777dcbf4c0 00 00 00 00 00 00 00 00 00 00 00 00 00 00 00 00
                                 00777dcbf4d0 00 00 00 00 00 00 00 00 00 00 00 00 00 00 00 00
                                 00777dcbf4e0 00 00 00 00 00 00 00 00 00 00 00 00 00 00 00 00
                                 00777dcbf4f0 00 00 00 00 00 00 00 00 00 00 00 00 00 00 00 00
Threads[02]:
    Thread ID:                   0000000000001b26
    Thread Name:                 <UNKNOWN>
    Stack Region:                0000002a1f595000-0000002a1f5d5000
    Registers:
        X[00]:                   0000002a1f5d4ef8
        X[01]:                   0000002a1f5d4efc
        X[02]:                   0000000000000001
        X[03]:                   ffffffffffffffff
        X[04]:                   0000000000000000
        X[05]:                   0000000000000000
        X[06]:                   0000000000000000
        X[07]:                   0000000000000000
        X[08]:                   0000000000000000
        X[09]:                   0000000000000000
        X[10]:                   0000000000000000
        X[11]:                   0000000000000000
        X[12]:                   0000000000000000
        X[13]:                   0000000000000000
        X[14]:                   0000000000000000
        X[15]:                   0000000000000000
        X[16]:                   0000000000000000
        X[17]:                   0000000000000000
        X[18]:                   0000000000000000
        X[19]:                   0000000000000000
        X[20]:                   0000000000000000
        X[21]:                   0000000000000000
        X[22]:                   0000000000000000
        X[23]:                   0000000000000000
        X[24]:                   0000000000000000
        X[25]:                   0000000000000000
        X[26]:                   0000000000000000
        X[27]:                   0000000000000000
        X[28]:                   0000000000000000
        FP:                      0000002a1f5d4f10
        LR:                      000000341e4b7498 (nnSdk + 0x339498) (_ZN2nn2os6detail30InterProcessEventImplByHorizon4WaitEjb + 0x88)
        SP:                      0000002a1f5d4ee0
        PC:                      000000341e507900 (nnSdk + 0x389900)
    Stack Trace:
        ReturnAddress[00]:       0000003419d5898c (cross2_Release.nss + 0x375498c)
        ReturnAddress[01]:       000000341e4b24b8 (nnSdk + 0x3344b8)
        ReturnAddress[02]:       000000341e4b6984 (nnSdk + 0x338984)
        ReturnAddress[03]:       0000000000000000
    Stack Dump:                               00 01 02 03 04 05 06 07 08 09 0a 0b 0c 0d 0e 0f
                                 002a1f5d4ee0 f8 4e 5d 1f 2a 00 00 00 00 00 00 00 00 00 00 00
                                 002a1f5d4ef0 00 00 00 00 00 00 00 00 00 00 00 00 f7 01 05 00
                                 002a1f5d4f00 06 00 00 00 00 00 00 00 f0 e4 f3 1b 34 00 00 00
                                 002a1f5d4f10 80 4f 5d 1f 2a 00 00 00 8c 89 d5 19 34 00 00 00
                                 002a1f5d4f20 00 00 00 00 00 00 00 00 00 00 00 00 00 00 00 00
                                 002a1f5d4f30 00 00 00 00 00 00 00 00 00 00 00 00 00 00 00 00
                                 002a1f5d4f40 00 00 00 00 00 00 00 00 00 00 00 00 00 00 00 00
                                 002a1f5d4f50 00 00 00 00 00 00 00 00 00 00 00 00 00 00 00 00
                                 002a1f5d4f60 00 00 00 00 00 00 00 00 bc 09 95 80 55 00 00 00
                                 002a1f5d4f70 b8 09 95 80 55 00 00 00 10 08 95 80 55 00 00 00
                                 002a1f5d4f80 b0 4f 5d 1f 2a 00 00 00 b8 24 4b 1e 34 00 00 00
                                 002a1f5d4f90 00 00 00 00 00 00 00 00 00 00 00 00 00 00 00 00
                                 002a1f5d4fa0 00 00 00 00 00 00 00 00 10 08 95 80 55 00 00 00
                                 002a1f5d4fb0 d0 4f 5d 1f 2a 00 00 00 84 69 4b 1e 34 00 00 00
                                 002a1f5d4fc0 00 00 00 00 00 00 00 00 00 00 00 00 00 00 00 00
                                 002a1f5d4fd0 00 00 00 00 00 00 00 00 00 00 00 00 00 00 00 00
    TLS Address:                 000000777dcbf600
    TLS Dump:                                 00 01 02 03 04 05 06 07 08 09 0a 0b 0c 0d 0e 0f
                                 00777dcbf600 00 00 00 00 00 00 00 00 00 00 00 00 00 00 00 00
                                 00777dcbf610 00 00 00 00 00 00 00 00 00 00 00 00 00 00 00 00
                                 00777dcbf620 00 00 00 00 00 00 00 00 00 00 00 00 00 00 00 00
                                 00777dcbf630 00 00 00 00 00 00 00 00 00 00 00 00 00 00 00 00
                                 00777dcbf640 00 00 00 00 00 00 00 00 00 00 00 00 00 00 00 00
                                 00777dcbf650 00 00 00 00 00 00 00 00 00 00 00 00 00 00 00 00
                                 00777dcbf660 00 00 00 00 00 00 00 00 00 00 00 00 00 00 00 00
                                 00777dcbf670 00 00 00 00 00 00 00 00 00 00 00 00 00 00 00 00
                                 00777dcbf680 00 00 00 00 00 00 00 00 00 00 00 00 00 00 00 00
                                 00777dcbf690 00 00 00 00 00 00 00 00 00 00 00 00 00 00 00 00
                                 00777dcbf6a0 00 00 00 00 00 00 00 00 00 00 00 00 00 00 00 00
                                 00777dcbf6b0 00 00 00 00 00 00 00 00 00 00 00 00 00 00 00 00
                                 00777dcbf6c0 00 00 00 00 00 00 00 00 00 00 00 00 00 00 00 00
                                 00777dcbf6d0 00 00 00 00 00 00 00 00 00 00 00 00 00 00 00 00
                                 00777dcbf6e0 00 00 00 00 00 00 00 00 00 00 00 00 00 00 00 00
                                 00777dcbf6f0 00 00 00 00 00 00 00 00 00 00 00 00 00 00 00 00
Threads[03]:
    Thread ID:                   0000000000001b27
    Thread Name:                 Thread_0x000000341E16BDAC
    Stack Region:                0000002a547c0000-0000002a547d0000
    Registers:
        X[00]:                   0000005580950a40
        X[01]:                   0000005580950a48
        X[02]:                   00000000000d01ec
        X[03]:                   0000000000989169
        X[04]:                   0000000000000000
        X[05]:                   0000000000000000
        X[06]:                   0000000000000000
        X[07]:                   0000000000000000
        X[08]:                   0000000000000000
        X[09]:                   0000000000000000
        X[10]:                   0000000000000000
        X[11]:                   0000000000000000
        X[12]:                   0000000000000000
        X[13]:                   0000000000000000
        X[14]:                   0000000000000000
        X[15]:                   0000000000000000
        X[16]:                   0000000000000000
        X[17]:                   0000000000000000
        X[18]:                   0000000000000000
        X[19]:                   0000000000000000
        X[20]:                   0000000000000000
        X[21]:                   0000000000000000
        X[22]:                   0000000000000000
        X[23]:                   0000000000000000
        X[24]:                   0000000000000000
        X[25]:                   0000000000000000
        X[26]:                   0000000000000000
        X[27]:                   0000000000000000
        X[28]:                   0000000000000000
        FP:                      0000002a547cfeb0
        LR:                      000000341e4b7a54 (nnSdk + 0x339a54) (_ZN2nn2os6detail38InternalConditionVariableImplByHorizon9TimedWaitEPNS1_23InternalCriticalSectionERKNS1_13TimeoutHelperE + 0x64)
        SP:                      0000002a547cfe80
        PC:                      000000341e50792c (nnSdk + 0x38992c)
    Stack Trace:
        ReturnAddress[00]:       000000341e4ae550 (nnSdk + 0x330550) (_ZN2nn2os24TimedReceiveMessageQueueEPmPNS0_16MessageQueueTypeENS_8TimeSpanE + 0x100)
        ReturnAddress[01]:       000000341e16c044 (Skyline + 0xc044)
        ReturnAddress[02]:       000000341e4b6984 (nnSdk + 0x338984)
        ReturnAddress[03]:       0000000000000000
    Stack Dump:                               00 01 02 03 04 05 06 07 08 09 0a 0b 0c 0d 0e 0f
                                 002a547cfe80 00 00 00 00 00 00 00 00 00 00 00 00 00 00 00 00
                                 002a547cfe90 48 0a 95 80 55 00 00 00 50 ff 7c 54 2a 00 00 00
                                 002a547cfea0 40 0a 95 80 55 00 00 00 08 0a 95 80 55 00 00 00
                                 002a547cfeb0 f0 fe 7c 54 2a 00 00 00 50 e5 4a 1e 34 00 00 00
                                 002a547cfec0 30 1c 28 80 55 00 00 00 a3 e1 6a 6b 57 04 00 00
                                 002a547cfed0 00 00 00 00 00 00 00 00 fc 0b 95 80 55 00 00 00
                                 002a547cfee0 f8 0b 95 80 55 00 00 00 00 0a 95 80 55 00 00 00
                                 002a547cfef0 b0 ff 7c 54 2a 00 00 00 44 c0 16 1e 34 00 00 00
                                 002a547cff00 04 bf 16 1e 34 00 00 00 c8 1d 28 80 55 00 00 00
                                 002a547cff10 08 1c 28 80 55 00 00 00 80 96 98 00 00 00 00 00
                                 002a547cff20 50 ff 7c 54 2a 00 00 00 00 0a 95 80 55 00 00 00
                                 002a547cff30 c4 bd 16 1e 34 00 00 00 50 0a 95 80 55 00 00 00
                                 002a547cff40 00 00 00 00 00 00 00 00 00 0a 95 80 55 00 00 00
                                 002a547cff50 80 0a 72 80 55 00 00 00 00 00 2f 80 55 00 00 00
                                 002a547cff60 b8 24 4b 1e 34 00 00 00 00 00 00 00 00 00 00 00
                                 002a547cff70 f8 0b 95 80 55 00 00 00 00 0a 95 80 55 00 00 00
    TLS Address:                 000000777dcbf800
    TLS Dump:                                 00 01 02 03 04 05 06 07 08 09 0a 0b 0c 0d 0e 0f
                                 00777dcbf800 00 00 00 00 0c 00 00 00 00 00 00 00 00 00 00 00
                                 00777dcbf810 00 00 00 00 00 00 00 00 00 00 00 00 00 00 00 00
                                 00777dcbf820 53 46 43 4f 00 00 00 00 02 02 00 00 e7 59 ea d4
                                 00777dcbf830 00 00 00 00 00 00 00 00 00 00 00 00 00 00 00 00
                                 00777dcbf840 00 00 00 00 00 00 00 00 36 00 00 00 00 00 00 00
                                 00777dcbf850 20 00 00 00 00 00 00 00 00 e0 32 29 00 10 5e 5f
                                 00777dcbf860 72 75 6e 74 69 6d 65 00 00 00 00 00 00 00 00 00
                                 00777dcbf870 00 00 00 00 00 00 00 00 00 00 00 00 00 00 00 00
                                 00777dcbf880 00 00 00 00 00 00 00 00 00 00 00 00 00 00 00 00
                                 00777dcbf890 00 00 00 00 00 00 00 00 00 00 00 00 00 00 00 00
                                 00777dcbf8a0 00 00 00 00 00 00 00 00 00 00 00 00 00 00 00 00
                                 00777dcbf8b0 00 00 00 00 00 00 00 00 00 00 00 00 00 00 00 00
                                 00777dcbf8c0 00 00 00 00 00 00 00 00 00 00 00 00 00 00 00 00
                                 00777dcbf8d0 00 00 00 00 00 00 00 00 00 00 00 00 00 00 00 00
                                 00777dcbf8e0 00 00 00 00 00 00 00 00 00 00 00 00 00 00 00 00
                                 00777dcbf8f0 00 00 00 00 00 00 00 00 00 00 00 00 00 00 00 00
Threads[04]:
    Thread ID:                   0000000000001b28
    Thread Name:                 Thread_0x000000341E1665D8
    Stack Region:                0000002a6dea0000-0000002a6dea3000
    Registers:
        X[00]:                   00000000001501dc
        X[01]:                   000000777dcbfa00
        X[02]:                   00000000001501dc
        X[03]:                   0000002a6dea2e60
        X[04]:                   0000000000001000
        X[05]:                   0000000000000013
        X[06]:                   000000777dcbfa00
        X[07]:                   0000000000000001
        X[08]:                   0000000000000000
        X[09]:                   0000000000000000
        X[10]:                   0000000000000000
        X[11]:                   0000000000000000
        X[12]:                   0000000000000000
        X[13]:                   0000000000000000
        X[14]:                   0000000000000000
        X[15]:                   0000000000000000
        X[16]:                   0000000000000000
        X[17]:                   0000000000000000
        X[18]:                   0000000000000000
        X[19]:                   0000000000000000
        X[20]:                   0000000000000000
        X[21]:                   0000000000000000
        X[22]:                   0000000000000000
        X[23]:                   0000000000000000
        X[24]:                   0000000000000000
        X[25]:                   0000000000000000
        X[26]:                   0000000000000000
        X[27]:                   0000000000000000
        X[28]:                   0000000000000000
        FP:                      0000002a6dea2dd0
        LR:                      000000341e4e5684 (nnSdk + 0x367684) (_ZN2nn2sf4hipc15SendSyncRequestENS_3svc6HandleEPvm + 0x34)
        SP:                      0000002a6dea2dd0
        PC:                      000000341e507954 (nnSdk + 0x389954)
    Stack Trace:
        ReturnAddress[00]:       000000341e4f9e80 (nnSdk + 0x37be80) (_ZN2nn2sf4cmif6client34CmifDomainProxyClientCoreProcessorINS0_4hipc6client38Hipc2ClientSessionManagedProxyKindBaseINS5_18Hipc2P + 0x150)
        ReturnAddress[01]:       000000341e4f8304 (nnSdk + 0x37a304)
        ReturnAddress[02]:       000000341e4efa24 (nnSdk + 0x371a24) (_ZN2nn6socket6detail6AcceptEiP8sockaddrPj + 0xa4)
        ReturnAddress[03]:       000000341e1666bc (Skyline + 0x66bc)
        ReturnAddress[04]:       000000341e4b6984 (nnSdk + 0x338984)
        ReturnAddress[05]:       0000000000000000
    Stack Dump:                               00 01 02 03 04 05 06 07 08 09 0a 0b 0c 0d 0e 0f
                                 002a6dea2dd0 e0 2e ea 6d 2a 00 00 00 80 9e 4f 1e 34 00 00 00
                                 002a6dea2de0 00 00 00 00 00 00 00 00 20 2f ea 6d 2a 00 00 00
                                 002a6dea2df0 1c 2f ea 6d 2a 00 00 00 01 00 00 00 00 00 00 01
                                 002a6dea2e00 0e 0c 00 00 00 00 00 00 00 00 00 00 00 00 00 00
                                 002a6dea2e10 00 00 00 00 00 00 00 00 00 00 00 00 02 00 00 00
                                 002a6dea2e20 00 00 00 00 05 00 00 00 13 00 00 00 15 00 00 00
                                 002a6dea2e30 00 00 00 00 00 00 00 00 00 00 00 00 00 00 00 00
                                 002a6dea2e40 00 00 00 00 00 00 00 00 00 00 00 00 00 00 00 00
                                 002a6dea2e50 00 00 00 00 00 00 00 00 00 00 00 00 00 00 00 00
                                 002a6dea2e60 22 00 00 00 00 00 00 00 70 2f ea 6d 2a 00 00 00
                                 002a6dea2e70 00 00 00 00 00 00 00 00 f8 2d ea 6d 2a 00 00 00
                                 002a6dea2e80 00 fa cb 7d 77 00 00 00 00 00 00 00 00 00 00 00
                                 002a6dea2e90 00 00 00 00 00 00 00 00 00 00 00 00 00 00 00 00
                                 002a6dea2ea0 00 00 00 00 00 00 00 00 00 00 00 00 00 00 00 00
                                 002a6dea2eb0 00 00 00 00 00 00 00 00 00 00 00 00 00 00 00 00
                                 002a6dea2ec0 00 00 00 00 00 00 00 00 ac 01 d5 80 55 00 00 00
    TLS Address:                 000000777dcbfa00
    TLS Dump:                                 00 01 02 03 04 05 06 07 08 09 0a 0b 0c 0d 0e 0f
                                 00777dcbfa00 06 00 00 01 0e 0c 00 00 00 00 00 00 00 00 00 00
                                 00777dcbfa10 00 00 00 00 00 00 00 00 00 00 00 00 00 00 00 00
                                 00777dcbfa20 01 00 14 00 01 00 00 00 00 00 00 00 00 00 00 00
                                 00777dcbfa30 53 46 43 49 01 00 00 00 0c 00 00 00 00 00 00 00
                                 00777dcbfa40 00 00 00 00 ff ff 00 00 00 00 00 00 70 2f ea 6d
                                 00777dcbfa50 2a 00 00 00 00 00 00 00 00 00 00 00 00 00 00 00
                                 00777dcbfa60 00 00 00 00 00 00 00 00 00 00 00 00 00 00 00 00
                                 00777dcbfa70 00 00 00 00 00 00 00 00 00 00 00 00 00 00 00 00
                                 00777dcbfa80 00 00 00 00 00 00 00 00 00 00 00 00 00 00 00 00
                                 00777dcbfa90 00 00 00 00 00 00 00 00 00 00 00 00 00 00 00 00
                                 00777dcbfaa0 00 00 00 00 00 00 00 00 00 00 00 00 00 00 00 00
                                 00777dcbfab0 00 00 00 00 00 00 00 00 00 00 00 00 00 00 00 00
                                 00777dcbfac0 00 00 00 00 00 00 00 00 00 00 00 00 00 00 00 00
                                 00777dcbfad0 00 00 00 00 00 00 00 00 00 00 00 00 00 00 00 00
                                 00777dcbfae0 00 00 00 00 00 00 00 00 00 00 00 00 00 00 00 00
                                 00777dcbfaf0 00 00 00 00 00 00 00 00 00 00 00 00 00 00 00 00
Threads[05]:
    Thread ID:                   0000000000001b29
    Thread Name:                 Thread_0x000000341E164E5C
    Stack Region:                0000002a65375000-0000002a65378000
    Registers:
        X[00]:                   0000000005f5e100
        X[01]:                   0000000000000000
        X[02]:                   0000000000000000
        X[03]:                   0000000000000000
        X[04]:                   0000000000000000
        X[05]:                   0000000000000000
        X[06]:                   0000000000000000
        X[07]:                   0000000000000000
        X[08]:                   0000000000000000
        X[09]:                   0000000000000000
        X[10]:                   0000000000000000
        X[11]:                   0000000000000000
        X[12]:                   0000000000000000
        X[13]:                   0000000000000000
        X[14]:                   0000000000000000
        X[15]:                   0000000000000000
        X[16]:                   0000000000000000
        X[17]:                   0000000000000000
        X[18]:                   0000000000000000
        X[19]:                   0000000000000000
        X[20]:                   0000000000000000
        X[21]:                   0000000000000000
        X[22]:                   0000000000000000
        X[23]:                   0000000000000000
        X[24]:                   0000000000000000
        X[25]:                   0000000000000000
        X[26]:                   0000000000000000
        X[27]:                   0000000000000000
        X[28]:                   0000000000000000
        FP:                      0000002a65377fb0
        LR:                      000000341e164ee4 (Skyline + 0x4ee4)
        SP:                      0000002a65377f40
        PC:                      000000341e50785c (nnSdk + 0x38985c)
    Stack Trace:
        ReturnAddress[00]:       000000341e4b6984 (nnSdk + 0x338984)
        ReturnAddress[01]:       0000000000000000
    Stack Dump:                               00 01 02 03 04 05 06 07 08 09 0a 0b 0c 0d 0e 0f
                                 002a65377f00 b0 7f 37 65 2a 00 00 00 50 00 2f 80 55 00 00 00
                                 002a65377f10 d0 4e 16 1e 34 00 00 00 00 00 72 80 55 00 00 00
                                 002a65377f20 00 00 00 00 00 00 00 00 00 e1 f5 05 00 00 00 00
                                 002a65377f30 b0 7f 37 65 2a 00 00 00 00 e1 f5 05 00 00 00 00
                                 002a65377f40 b8 24 4b 1e 34 00 00 00 c0 01 d5 80 55 00 00 00
                                 002a65377f50 00 00 00 00 00 00 00 00 00 00 72 80 55 00 00 00
                                 002a65377f60 00 00 00 00 00 00 00 00 78 7f 37 65 2a 00 00 00
                                 002a65377f70 09 00 00 00 00 00 00 00 54 63 70 4c 6f 67 67 65
                                 002a65377f80 72 00 37 65 2a 00 00 00 00 00 72 80 55 00 00 00
                                 002a65377f90 00 00 00 00 00 00 00 00 00 00 00 00 00 00 00 00
                                 002a65377fa0 00 00 00 00 00 00 00 00 c0 01 d5 80 55 00 00 00
                                 002a65377fb0 d0 7f 37 65 2a 00 00 00 84 69 4b 1e 34 00 00 00
                                 002a65377fc0 00 00 00 00 00 00 00 00 00 00 00 00 00 00 00 00
                                 002a65377fd0 00 00 00 00 00 00 00 00 00 00 00 00 00 00 00 00
                                 002a65377fe0 50 24 4b 1e 34 00 00 00 00 00 00 00 00 00 00 00
                                 002a65377ff0 00 00 00 00 00 00 00 00 00 00 00 00 00 00 00 00
    TLS Address:                 000000777dcbfc00
    TLS Dump:                                 00 01 02 03 04 05 06 07 08 09 0a 0b 0c 0d 0e 0f
                                 00777dcbfc00 00 00 00 00 0e 08 e0 03 00 00 00 00 00 00 00 00
                                 00777dcbfc10 00 00 00 00 00 00 00 00 00 00 00 00 00 00 00 00
                                 00777dcbfc20 53 46 43 4f 00 00 00 00 00 00 00 00 91 ab e3 ac
                                 00777dcbfc30 ff ff ff ff 6b 00 00 00 00 00 00 00 00 00 00 00
                                 00777dcbfc40 00 00 00 00 00 00 00 00 00 00 00 00 00 00 00 00
                                 00777dcbfc50 00 00 00 00 00 00 00 00 00 00 00 00 00 00 00 00
                                 00777dcbfc60 00 00 00 00 00 00 00 00 00 00 00 00 00 00 00 00
                                 00777dcbfc70 00 00 00 00 00 00 00 00 00 00 00 00 00 00 00 00
                                 00777dcbfc80 00 00 00 00 00 00 00 00 00 00 00 00 00 00 00 00
                                 00777dcbfc90 00 00 00 00 00 00 00 00 00 00 00 00 00 00 00 00
                                 00777dcbfca0 00 00 00 00 00 00 00 00 00 00 00 00 00 00 00 00
                                 00777dcbfcb0 00 00 00 00 00 00 00 00 00 00 00 00 00 00 00 00
                                 00777dcbfcc0 00 00 00 00 00 00 00 00 00 00 00 00 00 00 00 00
                                 00777dcbfcd0 00 00 00 00 00 00 00 00 00 00 00 00 00 00 00 00
                                 00777dcbfce0 00 00 00 00 00 00 00 00 00 00 00 00 00 00 00 00
                                 00777dcbfcf0 00 00 00 00 00 00 00 00 00 00 00 00 00 00 00 00
Threads[06]:
    Thread ID:                   0000000000001b2e
    Thread Name:                 Thread_0x000000341E697670
    Stack Region:                0000002a38711000-0000002a38911000
    Registers:
        X[00]:                   0000000001312d00
        X[01]:                   0000000001312d00
        X[02]:                   0000000000000004
        X[03]:                   0000000000000000
        X[04]:                   0000000000000000
        X[05]:                   0000000000000000
        X[06]:                   0000000000000000
        X[07]:                   0000000000000000
        X[08]:                   0000000000000000
        X[09]:                   0000000000000000
        X[10]:                   0000000000000000
        X[11]:                   0000000000000000
        X[12]:                   0000000000000000
        X[13]:                   0000000000000000
        X[14]:                   0000000000000000
        X[15]:                   0000000000000000
        X[16]:                   0000000000000000
        X[17]:                   0000000000000000
        X[18]:                   0000000000000000
        X[19]:                   0000000000000000
        X[20]:                   0000000000000000
        X[21]:                   0000000000000000
        X[22]:                   0000000000000000
        X[23]:                   0000000000000000
        X[24]:                   0000000000000000
        X[25]:                   0000000000000000
        X[26]:                   0000000000000000
        X[27]:                   0000000000000000
        X[28]:                   0000000000000000
        FP:                      0000002a38910e90
        LR:                      000000281f371a68 (arcropolis + 0x25a68)
        SP:                      0000002a38910e90
        PC:                      000000341e50785c (nnSdk + 0x38985c)
    Stack Trace:
        ReturnAddress[00]:       000000281f564098
        ReturnAddress[01]:       0000000000000008
    Stack Dump:                               00 01 02 03 04 05 06 07 08 09 0a 0b 0c 0d 0e 0f
                                 002a38910e90 a0 40 56 1f 28 00 00 00 98 40 56 1f 28 00 00 00
                                 002a38910ea0 04 00 00 00 00 00 00 00 04 00 00 00 00 00 00 00
                                 002a38910eb0 00 00 00 00 00 00 00 00 04 00 00 00 00 00 00 00
                                 002a38910ec0 80 0f 91 38 2a 00 00 00 74 ff 3b 1f 28 00 00 00
                                 002a38910ed0 00 00 00 00 00 00 00 00 00 00 00 00 00 00 00 00
                                 002a38910ee0 00 00 00 00 00 00 00 00 00 00 00 00 00 00 00 00
                                 002a38910ef0 00 00 00 00 00 00 00 00 00 00 00 00 00 00 00 00
                                 002a38910f00 00 00 00 00 00 00 00 00 30 54 56 1f 28 00 00 00
                                 002a38910f10 e0 00 cb 82 55 00 00 00 80 00 dd 80 55 00 00 00
                                 002a38910f20 00 00 00 00 00 00 00 00 00 00 00 00 00 00 00 00
                                 002a38910f30 0c 0f 49 1f 28 00 00 00 00 00 00 00 00 00 00 00
                                 002a38910f40 80 00 dd 80 55 00 00 00 20 00 ad 82 55 00 00 00
                                 002a38910f50 d0 76 69 1e 34 00 00 00 ac f1 ee 84 55 00 00 00
                                 002a38910f60 78 1e da 1e 34 00 00 00 c0 f1 ee 84 55 00 00 00
                                 002a38910f70 a8 f1 ee 84 55 00 00 00 00 f0 ee 84 55 00 00 00
                                 002a38910f80 b0 0f 91 38 2a 00 00 00 b8 24 4b 1e 34 00 00 00
    TLS Address:                 00000071883fb000
    TLS Dump:                                 00 01 02 03 04 05 06 07 08 09 0a 0b 0c 0d 0e 0f
                                 0071883fb000 00 00 00 00 00 00 00 00 00 00 00 00 00 00 00 00
                                 0071883fb010 00 00 00 00 00 00 00 00 00 00 00 00 00 00 00 00
                                 0071883fb020 00 00 00 00 00 00 00 00 00 00 00 00 00 00 00 00
                                 0071883fb030 00 00 00 00 00 00 00 00 00 00 00 00 00 00 00 00
                                 0071883fb040 00 00 00 00 00 00 00 00 00 00 00 00 00 00 00 00
                                 0071883fb050 00 00 00 00 00 00 00 00 00 00 00 00 00 00 00 00
                                 0071883fb060 00 00 00 00 00 00 00 00 00 00 00 00 00 00 00 00
                                 0071883fb070 00 00 00 00 00 00 00 00 00 00 00 00 00 00 00 00
                                 0071883fb080 00 00 00 00 00 00 00 00 00 00 00 00 00 00 00 00
                                 0071883fb090 00 00 00 00 00 00 00 00 00 00 00 00 00 00 00 00
                                 0071883fb0a0 00 00 00 00 00 00 00 00 00 00 00 00 00 00 00 00
                                 0071883fb0b0 00 00 00 00 00 00 00 00 00 00 00 00 00 00 00 00
                                 0071883fb0c0 00 00 00 00 00 00 00 00 00 00 00 00 00 00 00 00
                                 0071883fb0d0 00 00 00 00 00 00 00 00 00 00 00 00 00 00 00 00
                                 0071883fb0e0 00 00 00 00 00 00 00 00 00 00 00 00 00 00 00 00
                                 0071883fb0f0 00 00 00 00 00 00 00 00 00 00 00 00 00 00 00 00
Threads[07]:
    Thread ID:                   0000000000001b2f
    Thread Name:                 Thread_0x000000341E697670
    Stack Region:                0000002a404f2000-0000002a40506000
    Registers:
        X[00]:                   0000005582c80048
        X[01]:                   0000005582c80014
        X[02]:                   00000000001b81d1
        X[03]:                   ffffffffffffffff
        X[04]:                   0000000000000000
        X[05]:                   0000000000000000
        X[06]:                   0000000000000000
        X[07]:                   0000000000000000
        X[08]:                   0000000000000000
        X[09]:                   0000000000000000
        X[10]:                   0000000000000000
        X[11]:                   0000000000000000
        X[12]:                   0000000000000000
        X[13]:                   0000000000000000
        X[14]:                   0000000000000000
        X[15]:                   0000000000000000
        X[16]:                   0000000000000000
        X[17]:                   0000000000000000
        X[18]:                   0000000000000000
        X[19]:                   0000000000000000
        X[20]:                   0000000000000000
        X[21]:                   0000000000000000
        X[22]:                   0000000000000000
        X[23]:                   0000000000000000
        X[24]:                   0000000000000000
        X[25]:                   0000000000000000
        X[26]:                   0000000000000000
        X[27]:                   0000000000000000
        X[28]:                   0000000000000000
        FP:                      0000002a40505ed0
        LR:                      000000341e4b7998 (nnSdk + 0x339998) (_ZN2nn2os6detail38InternalConditionVariableImplByHorizon4WaitEPNS1_23InternalCriticalSectionE + 0x48)
        SP:                      0000002a40505eb0
        PC:                      000000341e50792c (nnSdk + 0x38992c)
    Stack Trace:
        ReturnAddress[00]:       000000341e4ac464 (nnSdk + 0x32e464) (_ZN2nn2os21WaitConditionVariableEPNS0_21ConditionVariableTypeEPNS0_9MutexTypeE + 0x44)
        ReturnAddress[01]:       000000341e697ebc (nnSdk + 0x519ebc) (__nnmusl_WaitConditionVariable + 0xc)
        ReturnAddress[02]:       000000341e698404 (nnSdk + 0x51a404) (__nx_pthread_detached_worker_start + 0x5c)
        ReturnAddress[03]:       000000341e6976d0 (nnSdk + 0x5196d0)
        ReturnAddress[04]:       000000341e4b24b8 (nnSdk + 0x3344b8)
        ReturnAddress[05]:       000000341e4b6984 (nnSdk + 0x338984)
        ReturnAddress[06]:       0000000000000000
    Stack Dump:                               00 01 02 03 04 05 06 07 08 09 0a 0b 0c 0d 0e 0f
                                 002a40505eb0 00 00 c8 82 55 00 00 00 00 00 00 00 00 00 00 00
                                 002a40505ec0 50 00 c8 82 55 00 00 00 30 00 c8 82 55 00 00 00
                                 002a40505ed0 f0 5e 50 40 2a 00 00 00 64 c4 4a 1e 34 00 00 00
                                 002a40505ee0 30 00 c8 82 55 00 00 00 30 00 c8 82 55 00 00 00
                                 002a40505ef0 00 5f 50 40 2a 00 00 00 bc 7e 69 1e 34 00 00 00
                                 002a40505f00 60 5f 50 40 2a 00 00 00 04 84 69 1e 34 00 00 00
                                 002a40505f10 00 00 00 00 00 00 00 00 00 00 00 00 00 00 00 00
                                 002a40505f20 00 00 00 00 00 00 00 00 00 00 00 00 00 00 00 00
                                 002a40505f30 00 00 00 00 00 00 00 00 00 00 00 00 00 00 00 00
                                 002a40505f40 00 00 00 00 00 00 00 00 ac 41 c4 83 55 00 00 00
                                 002a40505f50 78 1e da 1e 34 00 00 00 c0 41 c4 83 55 00 00 00
                                 002a40505f60 80 5f 50 40 2a 00 00 00 d0 76 69 1e 34 00 00 00
                                 002a40505f70 a8 41 c4 83 55 00 00 00 00 40 c4 83 55 00 00 00
                                 002a40505f80 b0 5f 50 40 2a 00 00 00 b8 24 4b 1e 34 00 00 00
                                 002a40505f90 00 00 00 00 00 00 00 00 00 00 00 00 00 00 00 00
                                 002a40505fa0 00 00 00 00 00 00 00 00 00 40 c4 83 55 00 00 00
    TLS Address:                 00000071883fb200
    TLS Dump:                                 00 01 02 03 04 05 06 07 08 09 0a 0b 0c 0d 0e 0f
                                 0071883fb200 00 00 00 00 00 00 00 00 00 00 00 00 00 00 00 00
                                 0071883fb210 00 00 00 00 00 00 00 00 00 00 00 00 00 00 00 00
                                 0071883fb220 00 00 00 00 00 00 00 00 00 00 00 00 00 00 00 00
                                 0071883fb230 00 00 00 00 00 00 00 00 00 00 00 00 00 00 00 00
                                 0071883fb240 00 00 00 00 00 00 00 00 00 00 00 00 00 00 00 00
                                 0071883fb250 00 00 00 00 00 00 00 00 00 00 00 00 00 00 00 00
                                 0071883fb260 00 00 00 00 00 00 00 00 00 00 00 00 00 00 00 00
                                 0071883fb270 00 00 00 00 00 00 00 00 00 00 00 00 00 00 00 00
                                 0071883fb280 00 00 00 00 00 00 00 00 00 00 00 00 00 00 00 00
                                 0071883fb290 00 00 00 00 00 00 00 00 00 00 00 00 00 00 00 00
                                 0071883fb2a0 00 00 00 00 00 00 00 00 00 00 00 00 00 00 00 00
                                 0071883fb2b0 00 00 00 00 00 00 00 00 00 00 00 00 00 00 00 00
                                 0071883fb2c0 00 00 00 00 00 00 00 00 00 00 00 00 00 00 00 00
                                 0071883fb2d0 00 00 00 00 00 00 00 00 00 00 00 00 00 00 00 00
                                 0071883fb2e0 00 00 00 00 00 00 00 00 00 00 00 00 00 00 00 00
                                 0071883fb2f0 00 00 00 00 00 00 00 00 00 00 00 00 00 00 00 00
Threads[08]:
    Thread ID:                   0000000000001b31
    Thread Name:                 Thread_0x000000341E697670
    Stack Region:                0000002a8d296000-0000002a8d496000
    Registers:
        X[00]:                   0000000077359400
        X[01]:                   0000000000000011
        X[02]:                   0000000000000000
        X[03]:                   0000000000000000
        X[04]:                   0000000000000000
        X[05]:                   0000000000000000
        X[06]:                   0000000000000000
        X[07]:                   0000000000000000
        X[08]:                   0000000000000000
        X[09]:                   0000000000000000
        X[10]:                   0000000000000000
        X[11]:                   0000000000000000
        X[12]:                   0000000000000000
        X[13]:                   0000000000000000
        X[14]:                   0000000000000000
        X[15]:                   0000000000000000
        X[16]:                   0000000000000000
        X[17]:                   0000000000000000
        X[18]:                   0000000000000000
        X[19]:                   0000000000000000
        X[20]:                   0000000000000000
        X[21]:                   0000000000000000
        X[22]:                   0000000000000000
        X[23]:                   0000000000000000
        X[24]:                   0000000000000000
        X[25]:                   0000000000000000
        X[26]:                   0000000000000000
        X[27]:                   0000000000000000
        X[28]:                   0000000000000000
        FP:                      0000002a8d495ed8
        LR:                      00000049a592a73c (ssbu-pia-manager-impl + 0xa73c)
        SP:                      0000002a8d495db0
        PC:                      000000341e50785c (nnSdk + 0x38985c)
    Stack Trace:
        ReturnAddress[00]:       0000002a8d495f80
        ReturnAddress[01]:       00000055855fa000
        ReturnAddress[02]:       00000055852b3000
        ReturnAddress[03]:       0000005583c44000
        ReturnAddress[04]:       0000005584eef000
        ReturnAddress[05]:       0000005580d501c0
        ReturnAddress[06]:       0000005580d50000
        ReturnAddress[07]:       0000005580950a50
        ReturnAddress[08]:       0000005580950810
        ReturnAddress[09]:       000000341ee48000
        ReturnAddress[10]:       000000341ee4a088
        ReturnAddress[11]:       000000341ee4a250
        ReturnAddress[12]:       00000055e0a1c0e0
        ReturnAddress[13]:       00000055ad3bc580
        ReturnAddress[14]:       00000055ad3bc3b0
        ReturnAddress[15]:       00000055ad3bc010
        ReturnAddress[16]:       00000055d73bc910
        ReturnAddress[17]:       00000055d73bc690
        ReturnAddress[18]:       00000055d739e910
        ReturnAddress[19]:       000000341d3f9100
        ReturnAddress[20]:       00000055d739d790
        ReturnAddress[21]:       000000341d3d8cc0
        ReturnAddress[22]:       00000055d754a088
        ReturnAddress[23]:       00000055d739c890
        ReturnAddress[24]:       00000055d7858000
        ReturnAddress[25]:       00000055d7399b90
        ReturnAddress[26]:       00000055bf7c7710
        ReturnAddress[27]:       00000055d7394910
        ReturnAddress[28]:       00000055d7394690
        ReturnAddress[29]:       00000055809a2de0
        ReturnAddress[30]:       0000005580955810
        ReturnAddress[31]:       0000005580955590
    Stack Dump:                               00 01 02 03 04 05 06 07 08 09 0a 0b 0c 0d 0e 0f
                                 002a8d495db0 00 00 00 00 00 00 00 00 d0 5d 49 8d 2a 00 00 00
                                 002a8d495dc0 a0 5e 49 8d 2a 00 00 00 00 00 00 00 00 00 00 00
                                 002a8d495dd0 00 00 00 00 00 00 00 00 00 00 00 00 00 00 00 00
                                 002a8d495de0 00 00 00 00 00 00 00 00 00 00 00 00 00 00 00 00
                                 002a8d495df0 01 11 f3 19 34 00 00 00 3c 34 93 a5 49 00 00 00
                                 002a8d495e00 80 d6 93 a5 49 00 00 00 00 30 2b 85 55 00 00 00
                                 002a8d495e10 00 00 00 00 00 00 00 00 b0 5e 49 8d 2a 00 00 00
                                 002a8d495e20 50 5e 49 8d 2a 00 00 00 80 5e 49 8d 2a 00 00 00
                                 002a8d495e30 10 00 00 00 00 00 00 00 7c f5 f2 19 00 00 00 00
                                 002a8d495e40 c0 5e 49 8d 2a 00 00 00 60 1d f3 19 34 00 00 00
                                 002a8d495e50 a8 5e 49 8d 2a 00 00 00 01 00 00 00 00 00 00 00
                                 002a8d495e60 10 00 00 00 00 00 00 00 10 00 00 00 00 00 00 00
                                 002a8d495e70 00 01 dd 80 fe ff ff ff ff ff ff ff 55 00 00 00
                                 002a8d495e80 00 01 00 01 01 00 00 00 01 00 00 00 00 00 00 00
                                 002a8d495e90 00 00 00 00 00 00 00 00 d2 df 96 1a 34 00 00 00
                                 002a8d495ea0 e0 2e 62 83 55 00 00 00 00 00 00 00 00 00 00 00
    TLS Address:                 00000071883fb400
    TLS Dump:                                 00 01 02 03 04 05 06 07 08 09 0a 0b 0c 0d 0e 0f
                                 0071883fb400 00 00 00 00 00 00 00 00 00 00 00 00 00 00 00 00
                                 0071883fb410 00 00 00 00 00 00 00 00 00 00 00 00 00 00 00 00
                                 0071883fb420 00 00 00 00 00 00 00 00 00 00 00 00 00 00 00 00
                                 0071883fb430 00 00 00 00 00 00 00 00 00 00 00 00 00 00 00 00
                                 0071883fb440 00 00 00 00 00 00 00 00 00 00 00 00 00 00 00 00
                                 0071883fb450 00 00 00 00 00 00 00 00 00 00 00 00 00 00 00 00
                                 0071883fb460 00 00 00 00 00 00 00 00 00 00 00 00 00 00 00 00
                                 0071883fb470 00 00 00 00 00 00 00 00 00 00 00 00 00 00 00 00
                                 0071883fb480 00 00 00 00 00 00 00 00 00 00 00 00 00 00 00 00
                                 0071883fb490 00 00 00 00 00 00 00 00 00 00 00 00 00 00 00 00
                                 0071883fb4a0 00 00 00 00 00 00 00 00 00 00 00 00 00 00 00 00
                                 0071883fb4b0 00 00 00 00 00 00 00 00 00 00 00 00 00 00 00 00
                                 0071883fb4c0 00 00 00 00 00 00 00 00 00 00 00 00 00 00 00 00
                                 0071883fb4d0 00 00 00 00 00 00 00 00 00 00 00 00 00 00 00 00
                                 0071883fb4e0 00 00 00 00 00 00 00 00 00 00 00 00 00 00 00 00
                                 0071883fb4f0 00 00 00 00 00 00 00 00 00 00 00 00 00 00 00 00
Threads[09]:
    Thread ID:                   0000000000001b34
    Thread Name:                 Thread_0x000000341E697670
    Stack Region:                0000002a502d5000-0000002a504d5000
    Registers:
        X[00]:                   00000002540be400
        X[01]:                   0000000000000000
        X[02]:                   0000000000000000
        X[03]:                   0000000000000000
        X[04]:                   0000000000000000
        X[05]:                   0000000000000000
        X[06]:                   0000000000000000
        X[07]:                   0000000000000000
        X[08]:                   0000000000000000
        X[09]:                   0000000000000000
        X[10]:                   0000000000000000
        X[11]:                   0000000000000000
        X[12]:                   0000000000000000
        X[13]:                   0000000000000000
        X[14]:                   0000000000000000
        X[15]:                   0000000000000000
        X[16]:                   0000000000000000
        X[17]:                   0000000000000000
        X[18]:                   0000000000000000
        X[19]:                   0000000000000000
        X[20]:                   0000000000000000
        X[21]:                   0000000000000000
        X[22]:                   0000000000000000
        X[23]:                   0000000000000000
        X[24]:                   0000000000000000
        X[25]:                   0000000000000000
        X[26]:                   0000000000000000
        X[27]:                   0000000000000000
        X[28]:                   0000000000000000
        FP:                      00000055bf7c8bb0
        LR:                      0000006b29219104 (training_modpack + 0x13e104)
        SP:                      0000002a504d4850
        PC:                      000000341e50785c (nnSdk + 0x38985c)
    Stack Trace:
        ReturnAddress[00]:       0000000000000000
    Stack Dump:                               00 01 02 03 04 05 06 07 08 09 0a 0b 0c 0d 0e 0f
                                 002a504d4850 00 00 00 00 00 00 00 00 92 4d 4d 50 2a 00 00 00
                                 002a504d4860 02 00 00 00 00 00 00 00 00 00 00 00 00 00 00 00
                                 002a504d4870 a5 4d 4d 50 2a 00 00 00 c0 fd 57 bf 55 00 00 00
                                 002a504d4880 00 00 00 00 00 00 00 00 00 00 00 00 00 00 00 80
                                 002a504d4890 00 00 00 00 00 00 00 00 b0 49 4d 50 2a 00 00 00
                                 002a504d48a0 80 49 4d 50 2a 00 00 00 93 4d 4d 50 2a 00 00 00
                                 002a504d48b0 50 00 ad 82 55 00 00 00 0a 00 00 00 00 00 00 00
                                 002a504d48c0 20 00 00 00 00 00 00 00 00 02 dd 80 55 00 00 00
                                 002a504d48d0 20 00 00 00 00 00 00 00 20 00 00 00 00 00 00 00
                                 002a504d48e0 40 02 dd 80 55 00 00 00 20 00 00 00 00 00 00 00
                                 002a504d48f0 40 00 00 00 00 00 00 00 40 06 dc 80 55 00 00 00
                                 002a504d4900 40 00 00 00 00 00 00 00 00 00 00 00 00 00 00 00
                                 002a504d4910 01 00 00 00 00 00 00 00 00 00 00 00 00 00 00 00
                                 002a504d4920 14 00 00 00 00 00 00 00 a0 02 dd 80 55 00 00 00
                                 002a504d4930 14 00 00 00 00 00 00 00 06 00 00 00 00 00 00 00
                                 002a504d4940 40 02 ad 82 55 00 00 00 06 00 00 00 00 00 00 00
    TLS Address:                 00000071883fb600
    TLS Dump:                                 00 01 02 03 04 05 06 07 08 09 0a 0b 0c 0d 0e 0f
                                 0071883fb600 02 00 00 00 00 00 00 00 00 00 00 00 00 00 00 00
                                 0071883fb610 02 00 00 00 01 00 00 00 00 00 00 00 00 00 00 00
                                 0071883fb620 53 46 43 4f 00 00 00 00 00 00 00 00 0c 8b df 46
                                 0071883fb630 00 00 00 00 00 00 00 00 00 00 00 00 00 00 00 00
                                 0071883fb640 03 00 00 00 ff ff 00 00 06 10 00 00 00 00 00 00
                                 0071883fb650 f8 04 bf 81 14 00 00 50 00 00 00 00 00 00 00 00
                                 0071883fb660 53 46 43 49 01 00 00 00 0c 00 00 00 00 00 00 00
                                 0071883fb670 01 00 00 00 00 00 00 00 00 00 00 00 00 00 00 00
                                 0071883fb680 00 00 00 00 00 00 00 00 00 00 00 00 00 00 00 00
                                 0071883fb690 00 00 00 00 00 00 00 00 00 00 00 00 00 00 00 00
                                 0071883fb6a0 00 00 00 00 00 00 00 00 00 00 00 00 00 00 00 00
                                 0071883fb6b0 00 00 00 00 00 00 00 00 00 00 00 00 00 00 00 00
                                 0071883fb6c0 00 00 00 00 00 00 00 00 00 00 00 00 00 00 00 00
                                 0071883fb6d0 00 00 00 00 00 00 00 00 00 00 00 00 00 00 00 00
                                 0071883fb6e0 00 00 00 00 00 00 00 00 00 00 00 00 00 00 00 00
                                 0071883fb6f0 00 00 00 00 00 00 00 00 00 00 00 00 00 00 00 00
Threads[10]:
    Thread ID:                   0000000000001b35
    Thread Name:                 TaskWorker1
    Registers:
        X[00]:                   000000558bb80148
        X[01]:                   0000000000000002
        X[02]:                   0000000000000001
        X[03]:                   ffffffffffffffff
        X[04]:                   0000000000000000
        X[05]:                   0000000000000000
        X[06]:                   0000000000000000
        X[07]:                   0000000000000000
        X[08]:                   0000000000000000
        X[09]:                   0000000000000000
        X[10]:                   0000000000000000
        X[11]:                   0000000000000000
        X[12]:                   0000000000000000
        X[13]:                   0000000000000000
        X[14]:                   0000000000000000
        X[15]:                   0000000000000000
        X[16]:                   0000000000000000
        X[17]:                   0000000000000000
        X[18]:                   0000000000000000
        X[19]:                   0000000000000000
        X[20]:                   0000000000000000
        X[21]:                   0000000000000000
        X[22]:                   0000000000000000
        X[23]:                   0000000000000000
        X[24]:                   0000000000000000
        X[25]:                   0000000000000000
        X[26]:                   0000000000000000
        X[27]:                   0000000000000000
        X[28]:                   0000000000000000
        FP:                      000000558ba7fed0
        LR:                      000000341e4acc88 (nnSdk + 0x32ec88) (_ZN2nn2os6detail18WaitLightEventImplEPNS0_14LightEventTypeE + 0x88)
        SP:                      000000558ba7fea0
        PC:                      000000341e507a24 (nnSdk + 0x389a24)
    Stack Trace:
        ReturnAddress[00]:       0000003419b4e5ac (cross2_Release.nss + 0x354a5ac)
        ReturnAddress[01]:       0000003419b40f68 (cross2_Release.nss + 0x353cf68)
        ReturnAddress[02]:       0000003419dd052c (cross2_Release.nss + 0x37cc52c)
        ReturnAddress[03]:       000000341e4b5f28 (nnSdk + 0x337f28) (_ZN2nn2os6detail17CallFiberFunctionEPFPNS0_9FiberTypeEPvES4_ + 0x14)
    TLS Address:                 00000071883fb800
    TLS Dump:                                 00 01 02 03 04 05 06 07 08 09 0a 0b 0c 0d 0e 0f
                                 0071883fb800 00 00 01 00 09 08 e0 03 40 51 18 00 48 fd a7 8b
                                 0071883fb810 53 46 43 4f 00 00 00 00 00 00 00 00 99 5d e2 a4
                                 0071883fb820 00 00 00 00 00 00 00 00 00 00 00 00 00 00 00 00
                                 0071883fb830 00 00 00 00 01 00 00 00 01 00 00 00 00 00 00 00
                                 0071883fb840 02 00 68 01 05 01 18 c0 00 00 00 00 00 00 00 00
                                 0071883fb850 18 00 00 00 48 fd a7 8b 55 00 18 00 00 00 00 00
                                 0071883fb860 00 00 00 00 00 00 00 00 00 00 00 00 00 00 00 00
                                 0071883fb870 00 00 00 00 00 00 00 00 00 00 00 00 00 00 00 00
                                 0071883fb880 00 00 00 00 00 00 00 00 00 00 00 00 00 00 00 00
                                 0071883fb890 00 00 00 00 00 00 00 00 00 00 00 00 00 00 00 00
                                 0071883fb8a0 00 00 00 00 00 00 00 00 00 00 00 00 00 00 00 00
                                 0071883fb8b0 00 00 00 00 00 00 00 00 00 00 00 00 00 00 00 00
                                 0071883fb8c0 00 00 00 00 00 00 00 00 00 00 00 00 00 00 00 00
                                 0071883fb8d0 00 00 00 00 00 00 00 00 00 00 00 00 00 00 00 00
                                 0071883fb8e0 00 00 00 00 00 00 00 00 00 00 00 00 00 00 00 00
                                 0071883fb8f0 00 00 00 00 00 00 00 00 00 00 00 00 00 00 00 00
Threads[11]:
    Thread ID:                   0000000000001b36
    Thread Name:                 TaskWorker2
    Registers:
        X[00]:                   000000558bbb0148
        X[01]:                   0000000000000002
        X[02]:                   0000000000000001
        X[03]:                   ffffffffffffffff
        X[04]:                   000000558bbffd20
        X[05]:                   000000558bbffd10
        X[06]:                   000000341e5b2c10 (nnSdk + 0x434c10)
        X[07]:                   0000000000000008
        X[08]:                   0000000000000000
        X[09]:                   0000000000000000
        X[10]:                   0000000000000000
        X[11]:                   0000000000000000
        X[12]:                   0000000000000000
        X[13]:                   0000000000000000
        X[14]:                   0000000000000000
        X[15]:                   0000000000000000
        X[16]:                   0000000000000000
        X[17]:                   0000000000000000
        X[18]:                   0000000000000000
        X[19]:                   0000000000000000
        X[20]:                   0000000000000000
        X[21]:                   0000000000000000
        X[22]:                   0000000000000000
        X[23]:                   0000000000000000
        X[24]:                   0000000000000000
        X[25]:                   0000000000000000
        X[26]:                   0000000000000000
        X[27]:                   0000000000000000
        X[28]:                   0000000000000000
        FP:                      000000558bbffed0
        LR:                      000000341e4acc88 (nnSdk + 0x32ec88) (_ZN2nn2os6detail18WaitLightEventImplEPNS0_14LightEventTypeE + 0x88)
        SP:                      000000558bbffea0
        PC:                      000000341e507a24 (nnSdk + 0x389a24)
    Stack Trace:
        ReturnAddress[00]:       0000003419b4e5ac (cross2_Release.nss + 0x354a5ac)
        ReturnAddress[01]:       0000003419b40f68 (cross2_Release.nss + 0x353cf68)
        ReturnAddress[02]:       0000003419dd052c (cross2_Release.nss + 0x37cc52c)
        ReturnAddress[03]:       000000341e4b5f28 (nnSdk + 0x337f28) (_ZN2nn2os6detail17CallFiberFunctionEPFPNS0_9FiberTypeEPvES4_ + 0x14)
    TLS Address:                 00000071883fba00
    TLS Dump:                                 00 01 02 03 04 05 06 07 08 09 0a 0b 0c 0d 0e 0f
                                 0071883fba00 00 00 00 00 00 00 00 00 00 00 00 00 00 00 00 00
                                 0071883fba10 00 00 00 00 00 00 00 00 00 00 00 00 00 00 00 00
                                 0071883fba20 00 00 00 00 00 00 00 00 00 00 00 00 00 00 00 00
                                 0071883fba30 00 00 00 00 00 00 00 00 00 00 00 00 00 00 00 00
                                 0071883fba40 00 00 00 00 00 00 00 00 00 00 00 00 00 00 00 00
                                 0071883fba50 00 00 00 00 00 00 00 00 00 00 00 00 00 00 00 00
                                 0071883fba60 00 00 00 00 00 00 00 00 00 00 00 00 00 00 00 00
                                 0071883fba70 00 00 00 00 00 00 00 00 00 00 00 00 00 00 00 00
                                 0071883fba80 00 00 00 00 00 00 00 00 00 00 00 00 00 00 00 00
                                 0071883fba90 00 00 00 00 00 00 00 00 00 00 00 00 00 00 00 00
                                 0071883fbaa0 00 00 00 00 00 00 00 00 00 00 00 00 00 00 00 00
                                 0071883fbab0 00 00 00 00 00 00 00 00 00 00 00 00 00 00 00 00
                                 0071883fbac0 00 00 00 00 00 00 00 00 00 00 00 00 00 00 00 00
                                 0071883fbad0 00 00 00 00 00 00 00 00 00 00 00 00 00 00 00 00
                                 0071883fbae0 00 00 00 00 00 00 00 00 00 00 00 00 00 00 00 00
                                 0071883fbaf0 00 00 00 00 00 00 00 00 00 00 00 00 00 00 00 00
Threads[12]:
    Thread ID:                   0000000000001b37
    Thread Name:                 TaskWorker0
    Registers:
        X[00]:                   000000558092b248
        X[01]:                   0000000000000002
        X[02]:                   0000000000000001
        X[03]:                   ffffffffffffffff
        X[04]:                   0000000000000002
        X[05]:                   0000000000000000
        X[06]:                   0000000000000001
        X[07]:                   0000000000000000
        X[08]:                   0000000000000000
        X[09]:                   0000000000000000
        X[10]:                   0000000000000000
        X[11]:                   0000000000000000
        X[12]:                   0000000000000000
        X[13]:                   0000000000000000
        X[14]:                   0000000000000000
        X[15]:                   0000000000000000
        X[16]:                   0000000000000000
        X[17]:                   0000000000000000
        X[18]:                   0000000000000000
        X[19]:                   0000000000000000
        X[20]:                   0000000000000000
        X[21]:                   0000000000000000
        X[22]:                   0000000000000000
        X[23]:                   0000000000000000
        X[24]:                   0000000000000000
        X[25]:                   0000000000000000
        X[26]:                   0000000000000000
        X[27]:                   0000000000000000
        X[28]:                   0000000000000000
        FP:                      000000558c16a0d0
        LR:                      000000341e4acc88 (nnSdk + 0x32ec88) (_ZN2nn2os6detail18WaitLightEventImplEPNS0_14LightEventTypeE + 0x88)
        SP:                      000000558c16a0a0
        PC:                      000000341e507a24 (nnSdk + 0x389a24)
    Stack Trace:
        ReturnAddress[00]:       0000003419b4e5ac (cross2_Release.nss + 0x354a5ac)
        ReturnAddress[01]:       0000003419b40f68 (cross2_Release.nss + 0x353cf68)
        ReturnAddress[02]:       0000003419dd052c (cross2_Release.nss + 0x37cc52c)
        ReturnAddress[03]:       000000341e4b5f28 (nnSdk + 0x337f28) (_ZN2nn2os6detail17CallFiberFunctionEPFPNS0_9FiberTypeEPvES4_ + 0x14)
    TLS Address:                 00000071883fbc00
    TLS Dump:                                 00 01 02 03 04 05 06 07 08 09 0a 0b 0c 0d 0e 0f
                                 0071883fbc00 00 00 01 00 09 08 e0 03 40 51 28 00 58 8d 16 8c
                                 0071883fbc10 53 46 43 4f 00 00 00 00 00 00 00 00 99 5d e2 a4
                                 0071883fbc20 00 00 00 00 00 00 00 00 00 00 00 00 00 00 00 00
                                 0071883fbc30 00 00 00 00 01 00 00 00 01 00 00 00 00 00 00 00
                                 0071883fbc40 01 00 68 01 06 41 28 c0 00 00 00 00 00 00 00 00
                                 0071883fbc50 28 00 00 00 58 8d 16 8c 55 00 28 00 00 00 00 00
                                 0071883fbc60 00 00 00 00 00 00 00 00 00 00 00 00 00 00 00 00
                                 0071883fbc70 00 00 00 00 00 00 00 00 00 00 00 00 00 00 00 00
                                 0071883fbc80 00 00 00 00 00 00 00 00 00 00 00 00 00 00 00 00
                                 0071883fbc90 00 00 00 00 00 00 00 00 00 00 00 00 00 00 00 00
                                 0071883fbca0 00 00 00 00 00 00 00 00 00 00 00 00 00 00 00 00
                                 0071883fbcb0 00 00 00 00 00 00 00 00 00 00 00 00 00 00 00 00
                                 0071883fbcc0 00 00 00 00 00 00 00 00 00 00 00 00 00 00 00 00
                                 0071883fbcd0 00 00 00 00 00 00 00 00 00 00 00 00 00 00 00 00
                                 0071883fbce0 00 00 00 00 00 00 00 00 00 00 00 00 00 00 00 00
                                 0071883fbcf0 00 00 00 00 00 00 00 00 00 00 00 00 00 00 00 00
Threads[13]:
    Thread ID:                   0000000000001b38
    Thread Name:                 TaskWorker1
    Registers:
        X[00]:                   000000558bb89748
        X[01]:                   0000000000000002
        X[02]:                   0000000000000001
        X[03]:                   ffffffffffffffff
        X[04]:                   0000000000000000
        X[05]:                   0000000000000000
        X[06]:                   0000000000000000
        X[07]:                   0000000000000000
        X[08]:                   0000000000000000
        X[09]:                   0000000000000000
        X[10]:                   0000000000000000
        X[11]:                   0000000000000000
        X[12]:                   0000000000000000
        X[13]:                   0000000000000000
        X[14]:                   0000000000000000
        X[15]:                   0000000000000000
        X[16]:                   0000000000000000
        X[17]:                   0000000000000000
        X[18]:                   0000000000000000
        X[19]:                   0000000000000000
        X[20]:                   0000000000000000
        X[21]:                   0000000000000000
        X[22]:                   0000000000000000
        X[23]:                   0000000000000000
        X[24]:                   0000000000000000
        X[25]:                   0000000000000000
        X[26]:                   0000000000000000
        X[27]:                   0000000000000000
        X[28]:                   0000000000000000
        FP:                      000000558ca99790
        LR:                      000000341e4acc88 (nnSdk + 0x32ec88) (_ZN2nn2os6detail18WaitLightEventImplEPNS0_14LightEventTypeE + 0x88)
        SP:                      000000558ca99760
        PC:                      000000341e507a24 (nnSdk + 0x389a24)
    Stack Trace:
        ReturnAddress[00]:       0000003419b4e5ac (cross2_Release.nss + 0x354a5ac)
        ReturnAddress[01]:       0000003419b40f68 (cross2_Release.nss + 0x353cf68)
        ReturnAddress[02]:       0000003419dd052c (cross2_Release.nss + 0x37cc52c)
        ReturnAddress[03]:       000000341e4b5f28 (nnSdk + 0x337f28) (_ZN2nn2os6detail17CallFiberFunctionEPFPNS0_9FiberTypeEPvES4_ + 0x14)
    TLS Address:                 00000071883fbe00
    TLS Dump:                                 00 01 02 03 04 05 06 07 08 09 0a 0b 0c 0d 0e 0f
                                 0071883fbe00 00 00 01 00 09 08 e0 03 40 51 28 00 18 84 a9 8c
                                 0071883fbe10 53 46 43 4f 00 00 00 00 00 00 00 00 99 5d e2 a4
                                 0071883fbe20 00 00 00 00 00 00 00 00 00 00 00 00 00 00 00 00
                                 0071883fbe30 00 00 00 00 01 00 00 00 01 00 00 00 00 00 00 00
                                 0071883fbe40 01 00 68 01 06 41 28 c0 00 00 00 00 00 00 00 00
                                 0071883fbe50 28 00 00 00 18 84 a9 8c 55 00 28 00 00 00 00 00
                                 0071883fbe60 00 00 00 00 00 00 00 00 00 00 00 00 00 00 00 00
                                 0071883fbe70 00 00 00 00 00 00 00 00 00 00 00 00 00 00 00 00
                                 0071883fbe80 00 00 00 00 00 00 00 00 00 00 00 00 00 00 00 00
                                 0071883fbe90 00 00 00 00 00 00 00 00 00 00 00 00 00 00 00 00
                                 0071883fbea0 00 00 00 00 00 00 00 00 00 00 00 00 00 00 00 00
                                 0071883fbeb0 00 00 00 00 00 00 00 00 00 00 00 00 00 00 00 00
                                 0071883fbec0 00 00 00 00 00 00 00 00 00 00 00 00 00 00 00 00
                                 0071883fbed0 00 00 00 00 00 00 00 00 00 00 00 00 00 00 00 00
                                 0071883fbee0 00 00 00 00 00 00 00 00 00 00 00 00 00 00 00 00
                                 0071883fbef0 00 00 00 00 00 00 00 00 00 00 00 00 00 00 00 00
Threads[14]:
    Thread ID:                   0000000000001b39
    Thread Name:                 TaskWorker2
    Registers:
        X[00]:                   0000000000000000
        X[01]:                   00000055e81f2c20
        X[02]:                   0000003416642230 (cross2_Release.nss + 0x3e230)
        X[03]:                   0000000000000000
        X[04]:                   0000000000000000
        X[05]:                   0000000000000000
        X[06]:                   0000000000000001
        X[07]:                   0000000000000780
        X[08]:                   0000000000000000
        X[09]:                   0000000000000001
        X[10]:                   0000000000000001
        X[11]:                   0000000000000001
        X[12]:                   6c00000000000000
        X[13]:                   0000000000000005
        X[14]:                   00000055dedfef48
        X[15]:                   0000000000000000
        X[16]:                   000000341b8a1f10
        X[17]:                   000000341e649680 (nnSdk + 0x4cb680)
        X[18]:                   000000072a5a6784
        X[19]:                   00000055e81f2360
        X[20]:                   00000055f5412608
        X[21]:                   00000055fb4b30a0
        X[22]:                   00000055f130c400
        X[23]:                   000000341b8c8180
        X[24]:                   00000055af765bb0
        X[25]:                   000000558ccd2000
        X[26]:                   00000055af765c38
        X[27]:                   0000000000000001
        X[28]:                   00000055af765bb8
        FP:                      000000558cbb8780
        LR:                      0000003419d7c108 (cross2_Release.nss + 0x3778108)
        SP:                      000000558cbb8760
        PC:                      0000003419d7c144 (cross2_Release.nss + 0x3778144)
    Stack Trace:
        ReturnAddress[00]:       00000034180227f4 (cross2_Release.nss + 0x1a1e7f4)
        ReturnAddress[01]:       0000003417e47770 (cross2_Release.nss + 0x1843770)
        ReturnAddress[02]:       0000003417e4ab84 (cross2_Release.nss + 0x1846b84)
        ReturnAddress[03]:       0000003419d29c7c (cross2_Release.nss + 0x3725c7c)
        ReturnAddress[04]:       0000003419b4e230 (cross2_Release.nss + 0x354a230)
        ReturnAddress[05]:       0000003419b40f68 (cross2_Release.nss + 0x353cf68)
        ReturnAddress[06]:       0000003419dd052c (cross2_Release.nss + 0x37cc52c)
        ReturnAddress[07]:       000000341e4b5f28 (nnSdk + 0x337f28) (_ZN2nn2os6detail17CallFiberFunctionEPFPNS0_9FiberTypeEPvES4_ + 0x14)
    TLS Address:                 000000715b25b000
    TLS Dump:                                 00 01 02 03 04 05 06 07 08 09 0a 0b 0c 0d 0e 0f
                                 00715b25b000 00 00 01 00 09 08 e0 03 40 51 18 00 78 7e bb 8c
                                 00715b25b010 53 46 43 4f 00 00 00 00 00 00 00 00 99 5d e2 a4
                                 00715b25b020 00 00 00 00 00 00 00 00 00 00 00 00 00 00 00 00
                                 00715b25b030 00 00 00 00 01 00 00 00 01 00 00 00 00 00 00 00
                                 00715b25b040 02 00 68 01 05 01 18 c0 0b 00 00 00 00 00 00 00
                                 00715b25b050 18 00 68 01 78 7e bb 8c 55 00 18 00 00 00 00 00
                                 00715b25b060 00 00 00 00 18 00 00 00 10 7c bb 8c 55 00 18 00
                                 00715b25b070 00 00 00 00 00 00 00 00 00 00 00 00 00 00 00 00
                                 00715b25b080 00 00 00 00 00 00 00 00 00 00 00 00 00 00 00 00
                                 00715b25b090 00 00 00 00 00 00 00 00 00 00 00 00 00 00 00 00
                                 00715b25b0a0 00 00 00 00 00 00 00 00 00 00 00 00 00 00 00 00
                                 00715b25b0b0 00 00 00 00 00 00 00 00 00 00 00 00 00 00 00 00
                                 00715b25b0c0 00 00 00 00 00 00 00 00 00 00 00 00 00 00 00 00
                                 00715b25b0d0 00 00 00 00 00 00 00 00 00 00 00 00 00 00 00 00
                                 00715b25b0e0 00 00 00 00 00 00 00 00 00 00 00 00 00 00 00 00
                                 00715b25b0f0 00 00 00 00 00 00 00 00 00 00 00 00 00 00 00 00
Threads[15]:
    Thread ID:                   0000000000001b3a
    Thread Name:                 ResUpdateThread
    Stack Region:                0000002a2ec0e000-0000002a2ec4e000
    Registers:
        X[00]:                   0000000000f42400
        X[01]:                   0000000000000000
        X[02]:                   0000000000000000
        X[03]:                   0000000000000000
        X[04]:                   0000000000000000
        X[05]:                   0000000000000000
        X[06]:                   0000000000000000
        X[07]:                   0000000000000000
        X[08]:                   0000000000000000
        X[09]:                   0000000000000000
        X[10]:                   0000000000000000
        X[11]:                   0000000000000000
        X[12]:                   0000000000000000
        X[13]:                   0000000000000000
        X[14]:                   0000000000000000
        X[15]:                   0000000000000000
        X[16]:                   0000000000000000
        X[17]:                   0000000000000000
        X[18]:                   0000000000000000
        X[19]:                   0000000000000000
        X[20]:                   0000000000000000
        X[21]:                   0000000000000000
        X[22]:                   0000000000000000
        X[23]:                   0000000000000000
        X[24]:                   0000000000000000
        X[25]:                   0000000000000000
        X[26]:                   0000000000000000
        X[27]:                   0000000000000000
        X[28]:                   0000000000000000
        FP:                      0000002a2ec4df80
        LR:                      0000003419b47070 (cross2_Release.nss + 0x3543070)
        SP:                      0000002a2ec4df50
        PC:                      000000341e50785c (nnSdk + 0x38985c)
    Stack Trace:
        ReturnAddress[00]:       000000341e4b24b8 (nnSdk + 0x3344b8)
        ReturnAddress[01]:       000000341e4b6984 (nnSdk + 0x338984)
        ReturnAddress[02]:       0000000000000000
    Stack Dump:                               00 01 02 03 04 05 06 07 08 09 0a 0b 0c 0d 0e 0f
                                 002a2ec4df00 40 87 6c 80 55 00 00 00 5c 87 6c 80 55 00 00 00
                                 002a2ec4df10 40 df c4 2e 2a 00 00 00 90 c7 4a 1e 34 00 00 00
                                 002a2ec4df20 80 8f c2 83 55 00 00 00 04 f1 62 1e 34 00 00 00
                                 002a2ec4df30 00 24 f4 00 00 00 00 00 00 00 00 00 55 00 00 00
                                 002a2ec4df40 80 df c4 2e 2a 00 00 00 64 70 b4 19 34 00 00 00
                                 002a2ec4df50 00 00 00 00 00 00 00 00 00 00 00 00 00 00 00 00
                                 002a2ec4df60 00 00 00 00 00 00 00 00 bc 54 95 80 55 00 00 00
                                 002a2ec4df70 b8 54 95 80 55 00 00 00 10 53 95 80 55 00 00 00
                                 002a2ec4df80 b0 df c4 2e 2a 00 00 00 b8 24 4b 1e 34 00 00 00
                                 002a2ec4df90 00 00 00 00 00 00 00 00 00 00 00 00 00 00 00 00
                                 002a2ec4dfa0 00 00 00 00 00 00 00 00 10 53 95 80 55 00 00 00
                                 002a2ec4dfb0 d0 df c4 2e 2a 00 00 00 84 69 4b 1e 34 00 00 00
                                 002a2ec4dfc0 00 00 00 00 00 00 00 00 00 00 00 00 00 00 00 00
                                 002a2ec4dfd0 00 00 00 00 00 00 00 00 00 00 00 00 00 00 00 00
                                 002a2ec4dfe0 50 24 4b 1e 34 00 00 00 00 00 00 00 00 00 00 00
                                 002a2ec4dff0 00 00 00 00 00 00 00 00 00 00 00 00 00 00 00 00
    TLS Address:                 000000715b25b200
    TLS Dump:                                 00 01 02 03 04 05 06 07 08 09 0a 0b 0c 0d 0e 0f
                                 00715b25b200 00 00 00 00 00 00 00 00 00 00 00 00 00 00 00 00
                                 00715b25b210 00 00 00 00 00 00 00 00 00 00 00 00 00 00 00 00
                                 00715b25b220 00 00 00 00 00 00 00 00 00 00 00 00 00 00 00 00
                                 00715b25b230 00 00 00 00 00 00 00 00 00 00 00 00 00 00 00 00
                                 00715b25b240 00 00 00 00 00 00 00 00 00 00 00 00 00 00 00 00
                                 00715b25b250 00 00 00 00 00 00 00 00 00 00 00 00 00 00 00 00
                                 00715b25b260 00 00 00 00 00 00 00 00 00 00 00 00 00 00 00 00
                                 00715b25b270 00 00 00 00 00 00 00 00 00 00 00 00 00 00 00 00
                                 00715b25b280 00 00 00 00 00 00 00 00 00 00 00 00 00 00 00 00
                                 00715b25b290 00 00 00 00 00 00 00 00 00 00 00 00 00 00 00 00
                                 00715b25b2a0 00 00 00 00 00 00 00 00 00 00 00 00 00 00 00 00
                                 00715b25b2b0 00 00 00 00 00 00 00 00 00 00 00 00 00 00 00 00
                                 00715b25b2c0 00 00 00 00 00 00 00 00 00 00 00 00 00 00 00 00
                                 00715b25b2d0 00 00 00 00 00 00 00 00 00 00 00 00 00 00 00 00
                                 00715b25b2e0 00 00 00 00 00 00 00 00 00 00 00 00 00 00 00 00
                                 00715b25b2f0 00 00 00 00 00 00 00 00 00 00 00 00 00 00 00 00
Threads[16]:
    Thread ID:                   0000000000001b3b
    Thread Name:                 ResLoadingThread
    Stack Region:                0000002a7faa3000-0000002a7fae3000
    Registers:
        X[00]:                   00000055806c875c
        X[01]:                   00000055806c8760
        X[02]:                   00000000002981bf
        X[03]:                   ffffffffffffffff
        X[04]:                   0000000000000000
        X[05]:                   0000000000000000
        X[06]:                   0000000000000000
        X[07]:                   0000000000000000
        X[08]:                   0000000000000000
        X[09]:                   0000000000000000
        X[10]:                   0000000000000000
        X[11]:                   0000000000000000
        X[12]:                   0000000000000000
        X[13]:                   0000000000000000
        X[14]:                   0000000000000000
        X[15]:                   0000000000000000
        X[16]:                   0000000000000000
        X[17]:                   0000000000000000
        X[18]:                   0000000000000000
        X[19]:                   0000000000000000
        X[20]:                   0000000000000000
        X[21]:                   0000000000000000
        X[22]:                   0000000000000000
        X[23]:                   0000000000000000
        X[24]:                   0000000000000000
        X[25]:                   0000000000000000
        X[26]:                   0000000000000000
        X[27]:                   0000000000000000
        X[28]:                   0000000000000000
        FP:                      0000002a7fae2db0
        LR:                      000000341e4b7998 (nnSdk + 0x339998) (_ZN2nn2os6detail38InternalConditionVariableImplByHorizon4WaitEPNS1_23InternalCriticalSectionE + 0x48)
        SP:                      0000002a7fae2d90
        PC:                      000000341e50792c (nnSdk + 0x38992c)
    Stack Trace:
        ReturnAddress[00]:       000000341e4ac898 (nnSdk + 0x32e898) (_ZN2nn2os9WaitEventEPNS0_9EventTypeE + 0x48)
        ReturnAddress[01]:       0000003419b4714c (cross2_Release.nss + 0x354314c)
        ReturnAddress[02]:       000000341e4b24b8 (nnSdk + 0x3344b8)
        ReturnAddress[03]:       000000341e4b6984 (nnSdk + 0x338984)
        ReturnAddress[04]:       0000000000000000
    Stack Dump:                               00 01 02 03 04 05 06 07 08 09 0a 0b 0c 0d 0e 0f
                                 002a7fae2d90 60 87 6c 80 55 00 00 00 80 8f c2 83 55 00 00 00
                                 002a7fae2da0 40 87 6c 80 55 00 00 00 5c 87 6c 80 55 00 00 00
                                 002a7fae2db0 e0 2d ae 7f 2a 00 00 00 98 c8 4a 1e 34 00 00 00
                                 002a7fae2dc0 a8 2e ae 7f 2a 00 00 00 80 8f c2 83 55 00 00 00
                                 002a7fae2dd0 90 2e ae 7f 2a 00 00 00 80 4d 95 80 55 00 00 00
                                 002a7fae2de0 80 2f ae 7f 2a 00 00 00 4c 71 b4 19 34 00 00 00
                                 002a7fae2df0 00 00 00 00 00 00 00 00 5d cb e5 97 55 00 00 00
                                 002a7fae2e00 40 4e 95 80 55 00 00 00 28 4e 95 80 55 00 00 00
                                 002a7fae2e10 10 4e 95 80 55 00 00 00 f8 4d 95 80 55 00 00 00
                                 002a7fae2e20 e0 4d 95 80 55 00 00 00 e8 2e ae 7f 2a 00 00 00
                                 002a7fae2e30 d0 2e ae 7f 2a 00 00 00 b8 2e ae 7f 2a 00 00 00
                                 002a7fae2e40 a0 2e ae 7f 2a 00 00 00 f0 2e ae 7f 2a 00 00 00
                                 002a7fae2e50 d8 2e ae 7f 2a 00 00 00 c0 2e ae 7f 2a 00 00 00
                                 002a7fae2e60 a8 2e ae 7f 2a 00 00 00 90 2e ae 7f 2a 00 00 00
                                 002a7fae2e70 04 00 00 00 00 00 00 00 e8 2e ae 7f 2a 00 00 00
                                 002a7fae2e80 f0 2e ae 7f 2a 00 00 00 00 00 00 00 00 00 00 00
    TLS Address:                 000000715b25b400
    TLS Dump:                                 00 01 02 03 04 05 06 07 08 09 0a 0b 0c 0d 0e 0f
                                 00715b25b400 00 00 00 00 0c 00 00 00 00 00 00 00 00 00 00 00
                                 00715b25b410 00 00 00 00 00 00 00 00 00 00 00 00 00 00 00 00
                                 00715b25b420 53 46 43 4f 00 00 00 00 00 00 00 00 eb ca d2 c4
                                 00715b25b430 00 00 00 00 00 00 00 00 00 00 00 00 00 00 00 00
                                 00715b25b440 98 a2 d1 48 02 00 00 00 ed 36 00 00 00 00 00 00
                                 00715b25b450 00 00 00 00 00 00 00 00 00 00 00 00 00 00 00 00
                                 00715b25b460 00 00 00 00 00 00 00 00 00 00 00 00 00 00 00 00
                                 00715b25b470 00 00 00 00 00 00 00 00 00 00 00 00 00 00 00 00
                                 00715b25b480 00 00 00 00 00 00 00 00 00 00 00 00 00 00 00 00
                                 00715b25b490 00 00 00 00 00 00 00 00 00 00 00 00 00 00 00 00
                                 00715b25b4a0 00 00 00 00 00 00 00 00 00 00 00 00 00 00 00 00
                                 00715b25b4b0 00 00 00 00 00 00 00 00 00 00 00 00 00 00 00 00
                                 00715b25b4c0 00 00 00 00 00 00 00 00 00 00 00 00 00 00 00 00
                                 00715b25b4d0 00 00 00 00 00 00 00 00 00 00 00 00 00 00 00 00
                                 00715b25b4e0 00 00 00 00 00 00 00 00 00 00 00 00 00 00 00 00
                                 00715b25b4f0 00 00 00 00 00 00 00 00 00 00 00 00 00 00 00 00
Threads[17]:
    Thread ID:                   0000000000001b3c
    Thread Name:                 ResInflateThread
    Stack Region:                0000002a96bd0000-0000002a96c10000
    Registers:
        X[00]:                   00000055806c87bc
        X[01]:                   00000055806c87c0
        X[02]:                   00000000002a01be
        X[03]:                   ffffffffffffffff
        X[04]:                   0000000000000000
        X[05]:                   0000000000000000
        X[06]:                   0000000000000000
        X[07]:                   0000000000000000
        X[08]:                   0000000000000000
        X[09]:                   0000000000000000
        X[10]:                   0000000000000000
        X[11]:                   0000000000000000
        X[12]:                   0000000000000000
        X[13]:                   0000000000000000
        X[14]:                   0000000000000000
        X[15]:                   0000000000000000
        X[16]:                   0000000000000000
        X[17]:                   0000000000000000
        X[18]:                   0000000000000000
        X[19]:                   0000000000000000
        X[20]:                   0000000000000000
        X[21]:                   0000000000000000
        X[22]:                   0000000000000000
        X[23]:                   0000000000000000
        X[24]:                   0000000000000000
        X[25]:                   0000000000000000
        X[26]:                   0000000000000000
        X[27]:                   0000000000000000
        X[28]:                   0000000000000000
        FP:                      0000002a96c0fe80
        LR:                      000000341e4b7998 (nnSdk + 0x339998) (_ZN2nn2os6detail38InternalConditionVariableImplByHorizon4WaitEPNS1_23InternalCriticalSectionE + 0x48)
        SP:                      0000002a96c0fe60
        PC:                      000000341e50792c (nnSdk + 0x38992c)
    Stack Trace:
        ReturnAddress[00]:       000000341e4ac898 (nnSdk + 0x32e898) (_ZN2nn2os9WaitEventEPNS0_9EventTypeE + 0x48)
        ReturnAddress[01]:       0000003419b48504 (cross2_Release.nss + 0x3544504)
        ReturnAddress[02]:       000000341e4b24b8 (nnSdk + 0x3344b8)
        ReturnAddress[03]:       000000341e4b6984 (nnSdk + 0x338984)
        ReturnAddress[04]:       0000000000000000
    Stack Dump:                               00 01 02 03 04 05 06 07 08 09 0a 0b 0c 0d 0e 0f
                                 002a96c0fe60 c0 87 6c 80 55 00 00 00 c8 dd 29 80 55 00 00 00
                                 002a96c0fe70 a0 87 6c 80 55 00 00 00 bc 87 6c 80 55 00 00 00
                                 002a96c0fe80 b0 fe c0 96 2a 00 00 00 98 c8 4a 1e 34 00 00 00
                                 002a96c0fe90 00 00 00 00 00 00 00 00 04 00 00 00 00 00 00 00
                                 002a96c0fea0 50 bd 0e 01 00 00 00 00 80 4d 95 80 55 00 00 00
                                 002a96c0feb0 80 ff c0 96 2a 00 00 00 04 85 b4 19 34 00 00 00
                                 002a96c0fec0 00 00 00 00 a1 be 06 00 01 00 00 00 00 00 00 00
                                 002a96c0fed0 00 40 a0 f0 55 00 00 00 00 00 00 00 04 00 00 00
                                 002a96c0fee0 00 00 00 00 00 00 00 00 68 b0 00 00 00 00 00 00
                                 002a96c0fef0 ed 36 00 00 00 00 00 00 e0 ea 40 00 00 00 00 00
                                 002a96c0ff00 00 40 a0 f0 55 00 00 00 68 b0 00 00 00 00 00 00
                                 002a96c0ff10 68 b0 00 00 00 00 00 00 c0 a7 5c 8c 55 00 00 00
                                 002a96c0ff20 ed 36 00 00 00 00 00 00 ed 36 00 00 00 00 00 00
                                 002a96c0ff30 00 00 00 00 00 00 00 00 00 00 00 00 00 00 00 00
                                 002a96c0ff40 00 00 00 00 00 00 00 00 00 00 00 00 00 00 00 00
                                 002a96c0ff50 00 00 00 00 00 00 00 00 00 00 00 00 00 00 00 00
    TLS Address:                 000000715b25b600
    TLS Dump:                                 00 01 02 03 04 05 06 07 08 09 0a 0b 0c 0d 0e 0f
                                 00715b25b600 00 00 00 00 00 00 00 00 00 00 00 00 00 00 00 00
                                 00715b25b610 00 00 00 00 00 00 00 00 00 00 00 00 00 00 00 00
                                 00715b25b620 00 00 00 00 00 00 00 00 00 00 00 00 00 00 00 00
                                 00715b25b630 00 00 00 00 00 00 00 00 00 00 00 00 00 00 00 00
                                 00715b25b640 00 00 00 00 00 00 00 00 00 00 00 00 00 00 00 00
                                 00715b25b650 00 00 00 00 00 00 00 00 00 00 00 00 00 00 00 00
                                 00715b25b660 00 00 00 00 00 00 00 00 00 00 00 00 00 00 00 00
                                 00715b25b670 00 00 00 00 00 00 00 00 00 00 00 00 00 00 00 00
                                 00715b25b680 00 00 00 00 00 00 00 00 00 00 00 00 00 00 00 00
                                 00715b25b690 00 00 00 00 00 00 00 00 00 00 00 00 00 00 00 00
                                 00715b25b6a0 00 00 00 00 00 00 00 00 00 00 00 00 00 00 00 00
                                 00715b25b6b0 00 00 00 00 00 00 00 00 00 00 00 00 00 00 00 00
                                 00715b25b6c0 00 00 00 00 00 00 00 00 00 00 00 00 00 00 00 00
                                 00715b25b6d0 00 00 00 00 00 00 00 00 00 00 00 00 00 00 00 00
                                 00715b25b6e0 00 00 00 00 00 00 00 00 00 00 00 00 00 00 00 00
                                 00715b25b6f0 00 00 00 00 00 00 00 00 00 00 00 00 00 00 00 00
Threads[18]:
    Thread ID:                   0000000000001b3e
    Thread Name:                 VSync Count Thread
    Stack Region:                0000002a2ed60000-0000002a2eda0000
    Registers:
        X[00]:                   0000002a2ed9ff38
        X[01]:                   0000002a2ed9ff3c
        X[02]:                   0000000000000001
        X[03]:                   ffffffffffffffff
        X[04]:                   0000000000000000
        X[05]:                   0000000000000000
        X[06]:                   0000000000000000
        X[07]:                   0000000000000000
        X[08]:                   0000000000000000
        X[09]:                   0000000000000000
        X[10]:                   0000000000000000
        X[11]:                   0000000000000000
        X[12]:                   0000000000000000
        X[13]:                   0000000000000000
        X[14]:                   0000000000000000
        X[15]:                   0000000000000000
        X[16]:                   0000000000000000
        X[17]:                   0000000000000000
        X[18]:                   0000000000000000
        X[19]:                   0000000000000000
        X[20]:                   0000000000000000
        X[21]:                   0000000000000000
        X[22]:                   0000000000000000
        X[23]:                   0000000000000000
        X[24]:                   0000000000000000
        X[25]:                   0000000000000000
        X[26]:                   0000000000000000
        X[27]:                   0000000000000000
        X[28]:                   0000000000000000
        FP:                      0000002a2ed9ff50
        LR:                      000000341e4b7444 (nnSdk + 0x339444) (_ZN2nn2os6detail30InterProcessEventImplByHorizon4WaitEjb + 0x34)
        SP:                      0000002a2ed9ff20
        PC:                      000000341e507900 (nnSdk + 0x389900)
    Stack Trace:
        ReturnAddress[00]:       0000003419e14a64 (cross2_Release.nss + 0x3810a64)
        ReturnAddress[01]:       000000341e4b24b8 (nnSdk + 0x3344b8)
        ReturnAddress[02]:       000000341e4b6984 (nnSdk + 0x338984)
        ReturnAddress[03]:       0000000000000000
    Stack Dump:                               00 01 02 03 04 05 06 07 08 09 0a 0b 0c 0d 0e 0f
                                 002a2ed9ff00 00 00 00 00 00 00 00 00 00 00 00 00 00 00 00 00
                                 002a2ed9ff10 00 00 00 00 00 00 00 00 00 00 00 00 00 00 00 00
                                 002a2ed9ff20 38 ff d9 2e 2a 00 00 00 00 00 00 00 00 00 00 00
                                 002a2ed9ff30 00 00 00 00 00 00 00 00 00 00 00 00 b3 01 31 00
                                 002a2ed9ff40 00 2c 9a 80 55 00 00 00 08 2d 9a 80 55 00 00 00
                                 002a2ed9ff50 80 ff d9 2e 2a 00 00 00 64 4a e1 19 34 00 00 00
                                 002a2ed9ff60 8c 2f 9a 80 55 00 00 00 00 00 00 00 00 00 00 00
                                 002a2ed9ff70 88 2f 9a 80 55 00 00 00 e0 2d 9a 80 55 00 00 00
                                 002a2ed9ff80 b0 ff d9 2e 2a 00 00 00 b8 24 4b 1e 34 00 00 00
                                 002a2ed9ff90 00 00 00 00 00 00 00 00 00 00 00 00 00 00 00 00
                                 002a2ed9ffa0 00 00 00 00 00 00 00 00 e0 2d 9a 80 55 00 00 00
                                 002a2ed9ffb0 d0 ff d9 2e 2a 00 00 00 84 69 4b 1e 34 00 00 00
                                 002a2ed9ffc0 00 00 00 00 00 00 00 00 00 00 00 00 00 00 00 00
                                 002a2ed9ffd0 00 00 00 00 00 00 00 00 00 00 00 00 00 00 00 00
                                 002a2ed9ffe0 50 24 4b 1e 34 00 00 00 00 00 00 00 00 00 00 00
                                 002a2ed9fff0 00 00 00 00 00 00 00 00 00 00 00 00 00 00 00 00
    TLS Address:                 000000715b25b800
    TLS Dump:                                 00 01 02 03 04 05 06 07 08 09 0a 0b 0c 0d 0e 0f
                                 00715b25b800 00 00 00 00 00 00 00 00 00 00 00 00 00 00 00 00
                                 00715b25b810 00 00 00 00 00 00 00 00 00 00 00 00 00 00 00 00
                                 00715b25b820 00 00 00 00 00 00 00 00 00 00 00 00 00 00 00 00
                                 00715b25b830 00 00 00 00 00 00 00 00 00 00 00 00 00 00 00 00
                                 00715b25b840 00 00 00 00 00 00 00 00 00 00 00 00 00 00 00 00
                                 00715b25b850 00 00 00 00 00 00 00 00 00 00 00 00 00 00 00 00
                                 00715b25b860 00 00 00 00 00 00 00 00 00 00 00 00 00 00 00 00
                                 00715b25b870 00 00 00 00 00 00 00 00 00 00 00 00 00 00 00 00
                                 00715b25b880 00 00 00 00 00 00 00 00 00 00 00 00 00 00 00 00
                                 00715b25b890 00 00 00 00 00 00 00 00 00 00 00 00 00 00 00 00
                                 00715b25b8a0 00 00 00 00 00 00 00 00 00 00 00 00 00 00 00 00
                                 00715b25b8b0 00 00 00 00 00 00 00 00 00 00 00 00 00 00 00 00
                                 00715b25b8c0 00 00 00 00 00 00 00 00 00 00 00 00 00 00 00 00
                                 00715b25b8d0 00 00 00 00 00 00 00 00 00 00 00 00 00 00 00 00
                                 00715b25b8e0 00 00 00 00 00 00 00 00 00 00 00 00 00 00 00 00
                                 00715b25b8f0 00 00 00 00 00 00 00 00 00 00 00 00 00 00 00 00
Threads[19]:
    Thread ID:                   0000000000001b3f
    Thread Name:                 render dispatch
    Stack Region:                0000002a86220000-0000002a86260000
    Registers:
        X[00]:                   000000558393c058
        X[01]:                   000000558393c064
        X[02]:                   00000000003381b0
        X[03]:                   ffffffffffffffff
        X[04]:                   0000000000000000
        X[05]:                   0000000000000000
        X[06]:                   0000000000000000
        X[07]:                   0000000000000000
        X[08]:                   0000000000000000
        X[09]:                   0000000000000000
        X[10]:                   0000000000000000
        X[11]:                   0000000000000000
        X[12]:                   0000000000000000
        X[13]:                   0000000000000000
        X[14]:                   0000000000000000
        X[15]:                   0000000000000000
        X[16]:                   0000000000000000
        X[17]:                   0000000000000000
        X[18]:                   0000000000000000
        X[19]:                   0000000000000000
        X[20]:                   0000000000000000
        X[21]:                   0000000000000000
        X[22]:                   0000000000000000
        X[23]:                   0000000000000000
        X[24]:                   0000000000000000
        X[25]:                   0000000000000000
        X[26]:                   0000000000000000
        X[27]:                   0000000000000000
        X[28]:                   0000000000000000
        FP:                      0000002a8625fe70
        LR:                      000000341e4b7998 (nnSdk + 0x339998) (_ZN2nn2os6detail38InternalConditionVariableImplByHorizon4WaitEPNS1_23InternalCriticalSectionE + 0x48)
        SP:                      0000002a8625fe50
        PC:                      000000341e50792c (nnSdk + 0x38992c)
    Stack Trace:
        ReturnAddress[00]:       000000341e4ac464 (nnSdk + 0x32e464) (_ZN2nn2os21WaitConditionVariableEPNS0_21ConditionVariableTypeEPNS0_9MutexTypeE + 0x44)
        ReturnAddress[01]:       000000341e62f184 (nnSdk + 0x4b1184) (_ZNSt3__121__libcpp_condvar_waitEPNSt13__libcxx_shim19__libcxx_shim_ver_132__libcxx_shim_condition_variableEPNS1_19__libcxx_shi + 0xc)
        ReturnAddress[02]:       000000341e5de618 (nnSdk + 0x460618) (_ZNSt3__118condition_variable4waitERNS_11unique_lockINS_5mutexEEE + 0x18)
        ReturnAddress[03]:       0000003419e1a1f0 (cross2_Release.nss + 0x38161f0)
        ReturnAddress[04]:       0000003419ba7e68 (cross2_Release.nss + 0x35a3e68)
        ReturnAddress[05]:       000000341e4b24b8 (nnSdk + 0x3344b8)
        ReturnAddress[06]:       000000341e4b6984 (nnSdk + 0x338984)
        ReturnAddress[07]:       0000000000000000
    Stack Dump:                               00 01 02 03 04 05 06 07 08 09 0a 0b 0c 0d 0e 0f
                                 002a8625fe50 60 c0 93 83 55 00 00 00 00 00 00 00 01 00 00 00
                                 002a8625fe60 80 4d 06 d5 55 00 00 00 40 c0 93 83 55 00 00 00
                                 002a8625fe70 90 fe 25 86 2a 00 00 00 64 c4 4a 1e 34 00 00 00
                                 002a8625fe80 00 c0 93 83 55 00 00 00 00 c0 93 83 55 00 00 00
                                 002a8625fe90 a0 fe 25 86 2a 00 00 00 84 f1 62 1e 34 00 00 00
                                 002a8625fea0 b0 fe 25 86 2a 00 00 00 18 e6 5d 1e 34 00 00 00
                                 002a8625feb0 60 ff 25 86 2a 00 00 00 f0 a1 e1 19 34 00 00 00
                                 002a8625fec0 70 d2 68 6b 57 04 00 00 40 c0 93 83 55 00 00 00
                                 002a8625fed0 01 b4 a5 8b 55 00 00 00 40 1c 12 d7 55 00 00 00
                                 002a8625fee0 00 00 00 00 00 00 00 00 01 00 00 00 00 00 00 00
                                 002a8625fef0 b0 47 83 1b 34 00 00 00 98 4d 06 d5 55 00 00 00
                                 002a8625ff00 08 57 12 d7 55 00 00 00 00 00 00 00 00 00 00 00
                                 002a8625ff10 00 00 00 00 00 00 00 00 00 00 00 00 00 00 00 00
                                 002a8625ff20 00 00 00 00 00 00 00 00 00 00 00 00 00 00 00 00
                                 002a8625ff30 00 00 00 00 00 00 00 00 00 00 00 00 00 00 00 00
                                 002a8625ff40 00 00 00 00 00 00 00 00 3c 48 39 d7 55 00 00 00
    TLS Address:                 000000715b25ba00
    TLS Dump:                                 00 01 02 03 04 05 06 07 08 09 0a 0b 0c 0d 0e 0f
                                 00715b25ba00 00 00 01 00 09 08 e0 03 80 a0 28 00 a8 fa 25 86
                                 00715b25ba10 53 46 43 4f 00 00 00 00 00 00 00 00 99 5d e2 a4
                                 00715b25ba20 00 00 00 00 00 00 00 00 00 00 00 00 00 00 00 00
                                 00715b25ba30 00 00 00 00 01 00 00 00 01 00 00 00 00 00 00 00
                                 00715b25ba40 01 00 68 01 06 41 28 c0 00 00 00 00 00 00 00 00
                                 00715b25ba50 28 00 00 00 a8 fa 25 86 2a 00 28 00 00 00 00 00
                                 00715b25ba60 00 00 00 00 00 00 00 00 00 00 00 00 00 00 00 00
                                 00715b25ba70 00 00 00 00 00 00 00 00 00 00 00 00 00 00 00 00
                                 00715b25ba80 00 00 00 00 00 00 00 00 00 00 00 00 00 00 00 00
                                 00715b25ba90 00 00 00 00 00 00 00 00 00 00 00 00 00 00 00 00
                                 00715b25baa0 00 00 00 00 00 00 00 00 00 00 00 00 00 00 00 00
                                 00715b25bab0 00 00 00 00 00 00 00 00 00 00 00 00 00 00 00 00
                                 00715b25bac0 00 00 00 00 00 00 00 00 00 00 00 00 00 00 00 00
                                 00715b25bad0 00 00 00 00 00 00 00 00 00 00 00 00 00 00 00 00
                                 00715b25bae0 00 00 00 00 00 00 00 00 00 00 00 00 00 00 00 00
                                 00715b25baf0 00 00 00 00 00 00 00 00 00 00 00 00 00 00 00 00
Threads[20]:
    Thread ID:                   0000000000001b40
    Thread Name:                 render dispatch
    Stack Region:                0000002a2f6da000-0000002a2f71a000
    Registers:
        X[00]:                   000000558393c058
        X[01]:                   000000558393c064
        X[02]:                   00000000003401af
        X[03]:                   ffffffffffffffff
        X[04]:                   0000000000000000
        X[05]:                   0000000000000000
        X[06]:                   0000000000000400
        X[07]:                   0000002a2f719d10
        X[08]:                   0000000000000000
        X[09]:                   0000000000000000
        X[10]:                   0000000000000000
        X[11]:                   0000000000000000
        X[12]:                   0000000000000000
        X[13]:                   0000000000000000
        X[14]:                   0000000000000000
        X[15]:                   0000000000000000
        X[16]:                   0000000000000000
        X[17]:                   0000000000000000
        X[18]:                   0000000000000000
        X[19]:                   0000000000000000
        X[20]:                   0000000000000000
        X[21]:                   0000000000000000
        X[22]:                   0000000000000000
        X[23]:                   0000000000000000
        X[24]:                   0000000000000000
        X[25]:                   0000000000000000
        X[26]:                   0000000000000000
        X[27]:                   0000000000000000
        X[28]:                   0000000000000000
        FP:                      0000002a2f719e70
        LR:                      000000341e4b7998 (nnSdk + 0x339998) (_ZN2nn2os6detail38InternalConditionVariableImplByHorizon4WaitEPNS1_23InternalCriticalSectionE + 0x48)
        SP:                      0000002a2f719e50
        PC:                      000000341e50792c (nnSdk + 0x38992c)
    Stack Trace:
        ReturnAddress[00]:       000000341e4ac464 (nnSdk + 0x32e464) (_ZN2nn2os21WaitConditionVariableEPNS0_21ConditionVariableTypeEPNS0_9MutexTypeE + 0x44)
        ReturnAddress[01]:       000000341e62f184 (nnSdk + 0x4b1184) (_ZNSt3__121__libcpp_condvar_waitEPNSt13__libcxx_shim19__libcxx_shim_ver_132__libcxx_shim_condition_variableEPNS1_19__libcxx_shi + 0xc)
        ReturnAddress[02]:       000000341e5de618 (nnSdk + 0x460618) (_ZNSt3__118condition_variable4waitERNS_11unique_lockINS_5mutexEEE + 0x18)
        ReturnAddress[03]:       0000003419e1a1f0 (cross2_Release.nss + 0x38161f0)
        ReturnAddress[04]:       0000003419ba7e68 (cross2_Release.nss + 0x35a3e68)
        ReturnAddress[05]:       000000341e4b24b8 (nnSdk + 0x3344b8)
        ReturnAddress[06]:       000000341e4b6984 (nnSdk + 0x338984)
        ReturnAddress[07]:       0000000000000000
    Stack Dump:                               00 01 02 03 04 05 06 07 08 09 0a 0b 0c 0d 0e 0f
                                 002a2f719e50 60 c0 93 83 55 00 00 00 04 00 00 00 01 00 00 00
                                 002a2f719e60 80 50 06 d5 55 00 00 00 40 c0 93 83 55 00 00 00
                                 002a2f719e70 90 9e 71 2f 2a 00 00 00 64 c4 4a 1e 34 00 00 00
                                 002a2f719e80 00 c0 93 83 55 00 00 00 00 c0 93 83 55 00 00 00
                                 002a2f719e90 a0 9e 71 2f 2a 00 00 00 84 f1 62 1e 34 00 00 00
                                 002a2f719ea0 b0 9e 71 2f 2a 00 00 00 18 e6 5d 1e 34 00 00 00
                                 002a2f719eb0 60 9f 71 2f 2a 00 00 00 f0 a1 e1 19 34 00 00 00
                                 002a2f719ec0 37 d2 68 6b 57 04 00 00 40 c0 93 83 55 00 00 00
                                 002a2f719ed0 01 18 a2 8b 55 00 00 00 58 1c 12 d7 55 00 00 00
                                 002a2f719ee0 00 00 00 00 00 00 00 00 01 00 00 00 00 00 00 00
                                 002a2f719ef0 b0 47 83 1b 34 00 00 00 98 50 06 d5 55 00 00 00
                                 002a2f719f00 d8 56 12 d7 55 00 00 00 00 00 00 00 00 00 00 00
                                 002a2f719f10 00 00 00 00 00 00 00 00 00 00 00 00 00 00 00 00
                                 002a2f719f20 00 00 00 00 00 00 00 00 00 00 00 00 00 00 00 00
                                 002a2f719f30 00 00 00 00 00 00 00 00 00 00 00 00 00 00 00 00
                                 002a2f719f40 00 00 00 00 00 00 00 00 bc 4a 39 d7 55 00 00 00
    TLS Address:                 000000715b25bc00
    TLS Dump:                                 00 01 02 03 04 05 06 07 08 09 0a 0b 0c 0d 0e 0f
                                 00715b25bc00 00 00 01 00 09 08 e0 03 80 a0 28 00 a8 9a 71 2f
                                 00715b25bc10 53 46 43 4f 00 00 00 00 00 00 00 00 99 5d e2 a4
                                 00715b25bc20 00 00 00 00 00 00 00 00 00 00 00 00 00 00 00 00
                                 00715b25bc30 00 00 00 00 01 00 00 00 01 00 00 00 00 00 00 00
                                 00715b25bc40 01 00 68 01 06 41 28 c0 00 00 00 00 00 00 00 00
                                 00715b25bc50 28 00 00 00 a8 9a 71 2f 2a 00 28 00 00 00 00 00
                                 00715b25bc60 00 00 00 00 00 00 00 00 00 00 00 00 00 00 00 00
                                 00715b25bc70 00 00 00 00 00 00 00 00 00 00 00 00 00 00 00 00
                                 00715b25bc80 00 00 00 00 00 00 00 00 00 00 00 00 00 00 00 00
                                 00715b25bc90 00 00 00 00 00 00 00 00 00 00 00 00 00 00 00 00
                                 00715b25bca0 00 00 00 00 00 00 00 00 00 00 00 00 00 00 00 00
                                 00715b25bcb0 00 00 00 00 00 00 00 00 00 00 00 00 00 00 00 00
                                 00715b25bcc0 00 00 00 00 00 00 00 00 00 00 00 00 00 00 00 00
                                 00715b25bcd0 00 00 00 00 00 00 00 00 00 00 00 00 00 00 00 00
                                 00715b25bce0 00 00 00 00 00 00 00 00 00 00 00 00 00 00 00 00
                                 00715b25bcf0 00 00 00 00 00 00 00 00 00 00 00 00 00 00 00 00
Threads[21]:
    Thread ID:                   0000000000001b41
    Thread Name:                 nu::GraphicsDevice::Update
    Stack Region:                0000002a46b8d000-0000002a46b9d000
    Registers:
        X[00]:                   00000055bf7c78f8
        X[01]:                   00000055bf7c7904
        X[02]:                   00000000003481ae
        X[03]:                   ffffffffffffffff
        X[04]:                   0000000000000000
        X[05]:                   0000000000000000
        X[06]:                   0000000000000000
        X[07]:                   0000000000000000
        X[08]:                   0000000000000000
        X[09]:                   0000000000000000
        X[10]:                   0000000000000000
        X[11]:                   0000000000000000
        X[12]:                   0000000000000000
        X[13]:                   0000000000000000
        X[14]:                   0000000000000000
        X[15]:                   0000000000000000
        X[16]:                   0000000000000000
        X[17]:                   0000000000000000
        X[18]:                   0000000000000000
        X[19]:                   0000000000000000
        X[20]:                   0000000000000000
        X[21]:                   0000000000000000
        X[22]:                   0000000000000000
        X[23]:                   0000000000000000
        X[24]:                   0000000000000000
        X[25]:                   0000000000000000
        X[26]:                   0000000000000000
        X[27]:                   0000000000000000
        X[28]:                   0000000000000000
        FP:                      0000002a46b9cf00
        LR:                      000000341e4b7998 (nnSdk + 0x339998) (_ZN2nn2os6detail38InternalConditionVariableImplByHorizon4WaitEPNS1_23InternalCriticalSectionE + 0x48)
        SP:                      0000002a46b9cee0
        PC:                      000000341e50792c (nnSdk + 0x38992c)
    Stack Trace:
        ReturnAddress[00]:       000000341e4ac464 (nnSdk + 0x32e464) (_ZN2nn2os21WaitConditionVariableEPNS0_21ConditionVariableTypeEPNS0_9MutexTypeE + 0x44)
        ReturnAddress[01]:       000000341e62f184 (nnSdk + 0x4b1184) (_ZNSt3__121__libcpp_condvar_waitEPNSt13__libcxx_shim19__libcxx_shim_ver_132__libcxx_shim_condition_variableEPNS1_19__libcxx_shi + 0xc)
        ReturnAddress[02]:       000000341e5de618 (nnSdk + 0x460618) (_ZNSt3__118condition_variable4waitERNS_11unique_lockINS_5mutexEEE + 0x18)
        ReturnAddress[03]:       0000003419ba2b98 (cross2_Release.nss + 0x359eb98)
        ReturnAddress[04]:       000000341e4b24b8 (nnSdk + 0x3344b8)
        ReturnAddress[05]:       000000341e4b6984 (nnSdk + 0x338984)
        ReturnAddress[06]:       0000000000000000
    Stack Dump:                               00 01 02 03 04 05 06 07 08 09 0a 0b 0c 0d 0e 0f
                                 002a46b9cee0 00 79 7c bf 55 00 00 00 00 00 00 00 00 00 00 00
                                 002a46b9cef0 e0 78 7c bf 55 00 00 00 e0 78 7c bf 55 00 00 00
                                 002a46b9cf00 20 cf b9 46 2a 00 00 00 64 c4 4a 1e 34 00 00 00
                                 002a46b9cf10 80 76 7c bf 55 00 00 00 80 76 7c bf 55 00 00 00
                                 002a46b9cf20 30 cf b9 46 2a 00 00 00 84 f1 62 1e 34 00 00 00
                                 002a46b9cf30 40 cf b9 46 2a 00 00 00 18 e6 5d 1e 34 00 00 00
                                 002a46b9cf40 80 cf b9 46 2a 00 00 00 98 2b ba 19 34 00 00 00
                                 002a46b9cf50 e0 78 7c bf 55 00 00 00 01 00 00 00 00 00 00 00
                                 002a46b9cf60 00 00 00 00 00 00 00 00 bc 78 7c bf 55 00 00 00
                                 002a46b9cf70 b8 78 7c bf 55 00 00 00 10 77 7c bf 55 00 00 00
                                 002a46b9cf80 b0 cf b9 46 2a 00 00 00 b8 24 4b 1e 34 00 00 00
                                 002a46b9cf90 00 00 00 00 00 00 00 00 00 00 00 00 00 00 00 00
                                 002a46b9cfa0 00 00 00 00 00 00 00 00 10 77 7c bf 55 00 00 00
                                 002a46b9cfb0 d0 cf b9 46 2a 00 00 00 84 69 4b 1e 34 00 00 00
                                 002a46b9cfc0 00 00 00 00 00 00 00 00 00 00 00 00 00 00 00 00
                                 002a46b9cfd0 00 00 00 00 00 00 00 00 00 00 00 00 00 00 00 00
    TLS Address:                 000000715b25be00
    TLS Dump:                                 00 01 02 03 04 05 06 07 08 09 0a 0b 0c 0d 0e 0f
                                 00715b25be00 00 00 00 00 00 00 00 00 00 00 00 00 00 00 00 00
                                 00715b25be10 00 00 00 00 00 00 00 00 00 00 00 00 00 00 00 00
                                 00715b25be20 00 00 00 00 00 00 00 00 00 00 00 00 00 00 00 00
                                 00715b25be30 00 00 00 00 00 00 00 00 00 00 00 00 00 00 00 00
                                 00715b25be40 00 00 00 00 00 00 00 00 00 00 00 00 00 00 00 00
                                 00715b25be50 00 00 00 00 00 00 00 00 00 00 00 00 00 00 00 00
                                 00715b25be60 00 00 00 00 00 00 00 00 00 00 00 00 00 00 00 00
                                 00715b25be70 00 00 00 00 00 00 00 00 00 00 00 00 00 00 00 00
                                 00715b25be80 00 00 00 00 00 00 00 00 00 00 00 00 00 00 00 00
                                 00715b25be90 00 00 00 00 00 00 00 00 00 00 00 00 00 00 00 00
                                 00715b25bea0 00 00 00 00 00 00 00 00 00 00 00 00 00 00 00 00
                                 00715b25beb0 00 00 00 00 00 00 00 00 00 00 00 00 00 00 00 00
                                 00715b25bec0 00 00 00 00 00 00 00 00 00 00 00 00 00 00 00 00
                                 00715b25bed0 00 00 00 00 00 00 00 00 00 00 00 00 00 00 00 00
                                 00715b25bee0 00 00 00 00 00 00 00 00 00 00 00 00 00 00 00 00
                                 00715b25bef0 00 00 00 00 00 00 00 00 00 00 00 00 00 00 00 00
Threads[22]:
    Thread ID:                   0000000000001b42
    Thread Name:                 BCATCacheStorage
    Stack Region:                0000002a20a04000-0000002a20a44000
    Registers:
        X[00]:                   00000055d70855ec
        X[01]:                   00000055d70855f0
        X[02]:                   00000000003881a8
        X[03]:                   ffffffffffffffff
        X[04]:                   0000000000000000
        X[05]:                   0000000000000000
        X[06]:                   0000000000000000
        X[07]:                   0000000000000000
        X[08]:                   0000000000000000
        X[09]:                   0000000000000000
        X[10]:                   0000000000000000
        X[11]:                   0000000000000000
        X[12]:                   0000000000000000
        X[13]:                   0000000000000000
        X[14]:                   0000000000000000
        X[15]:                   0000000000000000
        X[16]:                   0000000000000000
        X[17]:                   0000000000000000
        X[18]:                   0000000000000000
        X[19]:                   0000000000000000
        X[20]:                   0000000000000000
        X[21]:                   0000000000000000
        X[22]:                   0000000000000000
        X[23]:                   0000000000000000
        X[24]:                   0000000000000000
        X[25]:                   0000000000000000
        X[26]:                   0000000000000000
        X[27]:                   0000000000000000
        X[28]:                   0000000000000000
        FP:                      0000002a20a43eb0
        LR:                      000000341e4b7998 (nnSdk + 0x339998) (_ZN2nn2os6detail38InternalConditionVariableImplByHorizon4WaitEPNS1_23InternalCriticalSectionE + 0x48)
        SP:                      0000002a20a43e90
        PC:                      000000341e50792c (nnSdk + 0x38992c)
    Stack Trace:
        ReturnAddress[00]:       000000341e4ac898 (nnSdk + 0x32e898) (_ZN2nn2os9WaitEventEPNS0_9EventTypeE + 0x48)
        ReturnAddress[01]:       0000003419cfdb7c (cross2_Release.nss + 0x36f9b7c)
        ReturnAddress[02]:       000000341e4b24b8 (nnSdk + 0x3344b8)
        ReturnAddress[03]:       000000341e4b6984 (nnSdk + 0x338984)
        ReturnAddress[04]:       0000000000000000
    Stack Dump:                               00 01 02 03 04 05 06 07 08 09 0a 0b 0c 0d 0e 0f
                                 002a20a43e90 f0 55 08 d7 55 00 00 00 38 7d 91 83 55 00 00 00
                                 002a20a43ea0 d0 55 08 d7 55 00 00 00 ec 55 08 d7 55 00 00 00
                                 002a20a43eb0 e0 3e a4 20 2a 00 00 00 98 c8 4a 1e 34 00 00 00
                                 002a20a43ec0 00 e0 78 de 55 00 00 00 78 7d 91 83 55 00 00 00
                                 002a20a43ed0 38 7d 91 83 55 00 00 00 00 7d 91 83 55 00 00 00
                                 002a20a43ee0 80 3f a4 20 2a 00 00 00 7c db cf 19 34 00 00 00
                                 002a20a43ef0 00 00 00 00 00 00 00 00 00 00 00 00 00 00 00 00
                                 002a20a43f00 d0 e4 78 de 55 00 00 00 01 00 00 00 00 00 00 00
                                 002a20a43f10 00 00 a1 9d 55 00 00 00 50 1d 00 00 00 00 00 00
                                 002a20a43f20 00 00 00 00 00 00 00 00 64 00 00 00 00 00 00 00
                                 002a20a43f30 00 00 00 00 00 00 00 00 00 00 00 00 00 00 00 00
                                 002a20a43f40 00 00 00 00 00 00 00 00 00 00 00 00 00 00 00 00
                                 002a20a43f50 00 00 00 00 00 00 00 00 00 00 00 00 00 00 00 00
                                 002a20a43f60 00 00 00 00 00 00 00 00 3c 9d 39 d7 55 00 00 00
                                 002a20a43f70 38 9d 39 d7 55 00 00 00 90 9b 39 d7 55 00 00 00
                                 002a20a43f80 b0 3f a4 20 2a 00 00 00 b8 24 4b 1e 34 00 00 00
    TLS Address:                 000000777dcbfe00
    TLS Dump:                                 00 01 02 03 04 05 06 07 08 09 0a 0b 0c 0d 0e 0f
                                 00777dcbfe00 06 00 00 00 08 08 e0 03 00 00 00 00 00 00 00 00
                                 00777dcbfe10 02 00 00 00 9f 00 00 00 00 00 00 00 00 00 00 00
                                 00777dcbfe20 53 46 43 4f 00 00 00 00 00 00 00 00 40 cd 33 00
                                 00777dcbfe30 50 1d 00 00 00 00 00 00 00 00 00 00 00 00 00 00
                                 00777dcbfe40 00 00 00 00 00 00 00 00 00 00 00 00 00 00 00 00
                                 00777dcbfe50 6c 69 6e 65 5f 6e 65 77 73 5f 33 30 30 31 2e 62
                                 00777dcbfe60 69 6e 00 00 00 00 00 00 00 00 00 00 00 00 00 00
                                 00777dcbfe70 00 00 00 00 00 00 00 00 00 00 00 00 00 00 00 00
                                 00777dcbfe80 00 00 00 00 00 00 00 00 00 00 00 00 00 00 00 00
                                 00777dcbfe90 00 00 00 00 00 00 00 00 00 00 00 00 00 00 00 00
                                 00777dcbfea0 00 00 00 00 00 00 00 00 00 00 00 00 00 00 00 00
                                 00777dcbfeb0 00 00 00 00 00 00 00 00 00 00 00 00 00 00 00 00
                                 00777dcbfec0 00 00 00 00 00 00 00 00 00 00 00 00 00 00 00 00
                                 00777dcbfed0 00 00 00 00 00 00 00 00 00 00 00 00 00 00 00 00
                                 00777dcbfee0 00 00 00 00 00 00 00 00 00 00 00 00 00 00 00 00
                                 00777dcbfef0 00 00 00 00 00 00 00 00 00 00 00 00 00 00 00 00
Threads[23]:
    Thread ID:                   0000000000001b43
    Stack Region:                0000002a77aa2000-0000002a77aa6000
    Registers:
        X[00]:                   000000341b8ad2ac
        X[01]:                   000000341b8ad2b0
        X[02]:                   00000000003901a7
        X[03]:                   ffffffffffffffff
        X[04]:                   0000000000000000
        X[05]:                   0000000000000000
        X[06]:                   0000000000000000
        X[07]:                   0000000000000000
        X[08]:                   0000000000000000
        X[09]:                   0000000000000000
        X[10]:                   0000000000000000
        X[11]:                   0000000000000000
        X[12]:                   0000000000000000
        X[13]:                   0000000000000000
        X[14]:                   0000000000000000
        X[15]:                   0000000000000000
        X[16]:                   0000000000000000
        X[17]:                   0000000000000000
        X[18]:                   0000000000000000
        X[19]:                   0000000000000000
        X[20]:                   0000000000000000
        X[21]:                   0000000000000000
        X[22]:                   0000000000000000
        X[23]:                   0000000000000000
        X[24]:                   0000000000000000
        X[25]:                   0000000000000000
        X[26]:                   0000000000000000
        X[27]:                   0000000000000000
        X[28]:                   0000000000000000
        FP:                      0000002a77aa5ef0
        LR:                      000000341e4b7998 (nnSdk + 0x339998) (_ZN2nn2os6detail38InternalConditionVariableImplByHorizon4WaitEPNS1_23InternalCriticalSectionE + 0x48)
        SP:                      0000002a77aa5ed0
        PC:                      000000341e50792c (nnSdk + 0x38992c)
    Stack Trace:
        ReturnAddress[00]:       000000341e4ac898 (nnSdk + 0x32e898) (_ZN2nn2os9WaitEventEPNS0_9EventTypeE + 0x48)
        ReturnAddress[01]:       000000341662bde4 (cross2_Release.nss + 0x27de4)
        ReturnAddress[02]:       000000341662bc08 (cross2_Release.nss + 0x27c08)
        ReturnAddress[03]:       000000341e4b24b8 (nnSdk + 0x3344b8)
        ReturnAddress[04]:       000000341e4b6984 (nnSdk + 0x338984)
        ReturnAddress[05]:       0000000000000000
    Stack Dump:                               00 01 02 03 04 05 06 07 08 09 0a 0b 0c 0d 0e 0f
                                 002a77aa5ed0 b0 d2 8a 1b 34 00 00 00 e4 f0 62 1e 34 00 00 00
                                 002a77aa5ee0 90 d2 8a 1b 34 00 00 00 ac d2 8a 1b 34 00 00 00
                                 002a77aa5ef0 20 5f aa 77 2a 00 00 00 98 c8 4a 1e 34 00 00 00
                                 002a77aa5f00 b8 d2 8a 1b 34 00 00 00 00 84 85 d7 55 00 00 00
                                 002a77aa5f10 00 00 00 00 00 00 00 00 80 d2 8a 1b 34 00 00 00
                                 002a77aa5f20 60 5f aa 77 2a 00 00 00 e4 bd 62 16 34 00 00 00
                                 002a77aa5f30 00 00 00 00 00 00 00 00 00 00 00 00 00 00 00 00
                                 002a77aa5f40 00 00 00 00 00 00 00 00 ac 81 85 d7 55 00 00 00
                                 002a77aa5f50 a8 81 85 d7 55 00 00 00 00 80 85 d7 55 00 00 00
                                 002a77aa5f60 80 5f aa 77 2a 00 00 00 08 bc 62 16 34 00 00 00
                                 002a77aa5f70 00 80 85 d7 55 00 00 00 00 80 85 d7 55 00 00 00
                                 002a77aa5f80 b0 5f aa 77 2a 00 00 00 b8 24 4b 1e 34 00 00 00
                                 002a77aa5f90 00 00 00 00 00 00 00 00 00 00 00 00 00 00 00 00
                                 002a77aa5fa0 00 00 00 00 00 00 00 00 00 80 85 d7 55 00 00 00
                                 002a77aa5fb0 d0 5f aa 77 2a 00 00 00 84 69 4b 1e 34 00 00 00
                                 002a77aa5fc0 00 00 00 00 00 00 00 00 00 00 00 00 00 00 00 00
    TLS Address:                 00000071f6554000
    TLS Dump:                                 00 01 02 03 04 05 06 07 08 09 0a 0b 0c 0d 0e 0f
                                 0071f6554000 00 00 00 00 00 00 00 00 00 00 00 00 00 00 00 00
                                 0071f6554010 00 00 00 00 00 00 00 00 00 00 00 00 00 00 00 00
                                 0071f6554020 00 00 00 00 00 00 00 00 00 00 00 00 00 00 00 00
                                 0071f6554030 00 00 00 00 00 00 00 00 00 00 00 00 00 00 00 00
                                 0071f6554040 00 00 00 00 00 00 00 00 00 00 00 00 00 00 00 00
                                 0071f6554050 00 00 00 00 00 00 00 00 00 00 00 00 00 00 00 00
                                 0071f6554060 00 00 00 00 00 00 00 00 00 00 00 00 00 00 00 00
                                 0071f6554070 00 00 00 00 00 00 00 00 00 00 00 00 00 00 00 00
                                 0071f6554080 00 00 00 00 00 00 00 00 00 00 00 00 00 00 00 00
                                 0071f6554090 00 00 00 00 00 00 00 00 00 00 00 00 00 00 00 00
                                 0071f65540a0 00 00 00 00 00 00 00 00 00 00 00 00 00 00 00 00
                                 0071f65540b0 00 00 00 00 00 00 00 00 00 00 00 00 00 00 00 00
                                 0071f65540c0 00 00 00 00 00 00 00 00 00 00 00 00 00 00 00 00
                                 0071f65540d0 00 00 00 00 00 00 00 00 00 00 00 00 00 00 00 00
                                 0071f65540e0 00 00 00 00 00 00 00 00 00 00 00 00 00 00 00 00
                                 0071f65540f0 00 00 00 00 00 00 00 00 00 00 00 00 00 00 00 00
Threads[24]:
    Thread ID:                   0000000000001b44
    Thread Name:                 AsyncTonePreparer
    Stack Region:                0000002a6d301000-0000002a6d341000
    Registers:
        X[00]:                   00000055dc8bb9fc
        X[01]:                   00000055dc8bba00
        X[02]:                   00000000003a81a4
        X[03]:                   ffffffffffffffff
        X[04]:                   0000000000000002
        X[05]:                   0000000000000000
        X[06]:                   0000000000000001
        X[07]:                   0000000000000000
        X[08]:                   0000000000000000
        X[09]:                   0000000000000000
        X[10]:                   0000000000000000
        X[11]:                   0000000000000000
        X[12]:                   0000000000000000
        X[13]:                   0000000000000000
        X[14]:                   0000000000000000
        X[15]:                   0000000000000000
        X[16]:                   0000000000000000
        X[17]:                   0000000000000000
        X[18]:                   0000000000000000
        X[19]:                   0000000000000000
        X[20]:                   0000000000000000
        X[21]:                   0000000000000000
        X[22]:                   0000000000000000
        X[23]:                   0000000000000000
        X[24]:                   0000000000000000
        X[25]:                   0000000000000000
        X[26]:                   0000000000000000
        X[27]:                   0000000000000000
        X[28]:                   0000000000000000
        FP:                      0000002a6d340e50
        LR:                      000000341e4b7998 (nnSdk + 0x339998) (_ZN2nn2os6detail38InternalConditionVariableImplByHorizon4WaitEPNS1_23InternalCriticalSectionE + 0x48)
        SP:                      0000002a6d340e30
        PC:                      000000341e50792c (nnSdk + 0x38992c)
    Stack Trace:
        ReturnAddress[00]:       000000341e4ac898 (nnSdk + 0x32e898) (_ZN2nn2os9WaitEventEPNS0_9EventTypeE + 0x48)
        ReturnAddress[01]:       0000003418a18810 (cross2_Release.nss + 0x2414810)
        ReturnAddress[02]:       0000003418a18780 (cross2_Release.nss + 0x2414780)
        ReturnAddress[03]:       000000341e4b24b8 (nnSdk + 0x3344b8)
        ReturnAddress[04]:       000000341e4b6984 (nnSdk + 0x338984)
        ReturnAddress[05]:       0000000000000000
    Stack Dump:                               00 01 02 03 04 05 06 07 08 09 0a 0b 0c 0d 0e 0f
                                 002a6d340e30 00 ba 8b dc 55 00 00 00 68 c7 39 d7 55 00 00 00
                                 002a6d340e40 e0 b9 8b dc 55 00 00 00 fc b9 8b dc 55 00 00 00
                                 002a6d340e50 80 0e 34 6d 2a 00 00 00 98 c8 4a 1e 34 00 00 00
                                 002a6d340e60 98 0e a6 8b 55 00 00 00 08 0f 34 6d 2a 00 00 00
                                 002a6d340e70 50 c7 39 d7 55 00 00 00 68 c7 39 d7 55 00 00 00
                                 002a6d340e80 b0 0e 34 6d 2a 00 00 00 10 88 a1 18 34 00 00 00
                                 002a6d340e90 98 0e a6 8b 55 00 00 00 80 0e a6 8b 55 00 00 00
                                 002a6d340ea0 18 0f 34 6d 2a 00 00 00 50 c7 39 d7 55 00 00 00
                                 002a6d340eb0 80 0f 34 6d 2a 00 00 00 80 87 a1 18 34 00 00 00
                                 002a6d340ec0 00 00 00 00 00 00 00 00 00 00 00 00 00 00 00 00
                                 002a6d340ed0 50 6d 57 1b 34 00 00 00 00 00 81 f8 55 00 00 00
                                 002a6d340ee0 01 00 00 00 00 65 87 00 00 00 00 00 00 00 00 00
                                 002a6d340ef0 00 00 00 00 00 00 00 00 00 00 00 00 00 00 00 00
                                 002a6d340f00 00 00 00 00 00 00 00 00 00 00 00 00 00 00 00 00
                                 002a6d340f10 51 7f fc b0 2e 00 00 00 15 53 a9 b4 2f 00 00 00
                                 002a6d340f20 98 0e a6 8b 55 00 00 00 80 0e a6 8b 55 00 00 00
    TLS Address:                 00000071f6554200
    TLS Dump:                                 00 01 02 03 04 05 06 07 08 09 0a 0b 0c 0d 0e 0f
                                 0071f6554200 00 00 00 00 0c 00 00 00 00 00 00 00 00 00 00 00
                                 0071f6554210 00 00 00 00 00 00 00 00 00 00 00 00 00 00 00 00
                                 0071f6554220 53 46 43 4f 00 00 00 00 00 00 00 00 eb ca d2 c4
                                 0071f6554230 00 00 00 00 00 00 00 00 00 00 00 00 00 00 00 00
                                 0071f6554240 88 84 eb 15 00 00 00 00 00 02 00 00 00 00 00 00
                                 0071f6554250 00 00 00 00 00 00 00 00 00 00 00 00 00 00 00 00
                                 0071f6554260 00 00 00 00 00 00 00 00 00 00 00 00 00 00 00 00
                                 0071f6554270 00 00 00 00 00 00 00 00 00 00 00 00 00 00 00 00
                                 0071f6554280 00 00 00 00 00 00 00 00 00 00 00 00 00 00 00 00
                                 0071f6554290 00 00 00 00 00 00 00 00 00 00 00 00 00 00 00 00
                                 0071f65542a0 00 00 00 00 00 00 00 00 00 00 00 00 00 00 00 00
                                 0071f65542b0 00 00 00 00 00 00 00 00 00 00 00 00 00 00 00 00
                                 0071f65542c0 00 00 00 00 00 00 00 00 00 00 00 00 00 00 00 00
                                 0071f65542d0 00 00 00 00 00 00 00 00 00 00 00 00 00 00 00 00
                                 0071f65542e0 00 00 00 00 00 00 00 00 00 00 00 00 00 00 00 00
                                 0071f65542f0 00 00 00 00 00 00 00 00 00 00 00 00 00 00 00 00
Threads[25]:
    Thread ID:                   0000000000001b45
    Thread Name:                 nuscFileAsyncRequest
    Stack Region:                0000002a657d2000-0000002a657da000
    Registers:
        X[00]:                   00000055d754a068
        X[01]:                   00000055d754a074
        X[02]:                   00000000003b01a3
        X[03]:                   ffffffffffffffff
        X[04]:                   0000000000000000
        X[05]:                   0000000000000000
        X[06]:                   0000000000000000
        X[07]:                   0000000000000000
        X[08]:                   0000000000000000
        X[09]:                   0000000000000000
        X[10]:                   0000000000000000
        X[11]:                   0000000000000000
        X[12]:                   0000000000000000
        X[13]:                   0000000000000000
        X[14]:                   0000000000000000
        X[15]:                   0000000000000000
        X[16]:                   0000000000000000
        X[17]:                   0000000000000000
        X[18]:                   0000000000000000
        X[19]:                   0000000000000000
        X[20]:                   0000000000000000
        X[21]:                   0000000000000000
        X[22]:                   0000000000000000
        X[23]:                   0000000000000000
        X[24]:                   0000000000000000
        X[25]:                   0000000000000000
        X[26]:                   0000000000000000
        X[27]:                   0000000000000000
        X[28]:                   0000000000000000
        FP:                      0000002a657d9ea0
        LR:                      000000341e4b7998 (nnSdk + 0x339998) (_ZN2nn2os6detail38InternalConditionVariableImplByHorizon4WaitEPNS1_23InternalCriticalSectionE + 0x48)
        SP:                      0000002a657d9e80
        PC:                      000000341e50792c (nnSdk + 0x38992c)
    Stack Trace:
        ReturnAddress[00]:       000000341e4ac464 (nnSdk + 0x32e464) (_ZN2nn2os21WaitConditionVariableEPNS0_21ConditionVariableTypeEPNS0_9MutexTypeE + 0x44)
        ReturnAddress[01]:       000000341e62f184 (nnSdk + 0x4b1184) (_ZNSt3__121__libcpp_condvar_waitEPNSt13__libcxx_shim19__libcxx_shim_ver_132__libcxx_shim_condition_variableEPNS1_19__libcxx_shi + 0xc)
        ReturnAddress[02]:       000000341e5de618 (nnSdk + 0x460618) (_ZNSt3__118condition_variable4waitERNS_11unique_lockINS_5mutexEEE + 0x18)
        ReturnAddress[03]:       0000003419f8a874 (cross2_Release.nss + 0x3986874)
        ReturnAddress[04]:       0000003419fa1634 (cross2_Release.nss + 0x399d634)
        ReturnAddress[05]:       000000341e4b24b8 (nnSdk + 0x3344b8)
        ReturnAddress[06]:       000000341e4b6984 (nnSdk + 0x338984)
        ReturnAddress[07]:       0000000000000000
    Stack Dump:                               00 01 02 03 04 05 06 07 08 09 0a 0b 0c 0d 0e 0f
                                 002a657d9e80 00 a0 54 d7 55 00 00 00 14 38 37 1e 34 00 00 00
                                 002a657d9e90 70 a0 54 d7 55 00 00 00 50 a0 54 d7 55 00 00 00
                                 002a657d9ea0 c0 9e 7d 65 2a 00 00 00 64 c4 4a 1e 34 00 00 00
                                 002a657d9eb0 50 a0 54 d7 55 00 00 00 50 a0 54 d7 55 00 00 00
                                 002a657d9ec0 d0 9e 7d 65 2a 00 00 00 84 f1 62 1e 34 00 00 00
                                 002a657d9ed0 e0 9e 7d 65 2a 00 00 00 18 e6 5d 1e 34 00 00 00
                                 002a657d9ee0 60 9f 7d 65 2a 00 00 00 74 a8 f8 19 34 00 00 00
                                 002a657d9ef0 41 19 72 de 55 00 00 00 60 32 55 d7 55 00 00 00
                                 002a657d9f00 50 a0 54 d7 55 00 00 00 01 00 00 00 00 00 00 00
                                 002a657d9f10 00 00 00 00 00 00 00 00 00 00 00 00 00 00 00 00
                                 002a657d9f20 00 00 00 00 00 00 00 00 00 00 00 00 00 00 00 00
                                 002a657d9f30 00 00 00 00 00 00 00 00 00 00 00 00 00 00 00 00
                                 002a657d9f40 00 00 00 00 00 00 00 00 34 a2 54 d7 55 00 00 00
                                 002a657d9f50 30 a2 54 d7 55 00 00 00 88 a0 54 d7 55 00 00 00
                                 002a657d9f60 80 9f 7d 65 2a 00 00 00 34 16 fa 19 34 00 00 00
                                 002a657d9f70 88 a0 54 d7 55 00 00 00 88 a0 54 d7 55 00 00 00
    TLS Address:                 00000071f6554400
    TLS Dump:                                 00 01 02 03 04 05 06 07 08 09 0a 0b 0c 0d 0e 0f
                                 0071f6554400 00 00 00 00 0c 00 00 00 00 00 00 00 00 00 00 00
                                 0071f6554410 00 00 00 00 00 00 00 00 00 00 00 00 00 00 00 00
                                 0071f6554420 53 46 43 4f 00 00 00 00 00 00 00 00 eb ca d2 c4
                                 0071f6554430 00 00 00 00 00 00 00 00 00 00 00 00 00 00 00 00
                                 0071f6554440 c8 81 f0 15 00 00 00 00 48 ff 00 00 00 00 00 00
                                 0071f6554450 00 00 00 00 00 00 00 00 00 00 00 00 00 00 00 00
                                 0071f6554460 00 00 00 00 00 00 00 00 00 00 00 00 00 00 00 00
                                 0071f6554470 00 00 00 00 00 00 00 00 00 00 00 00 00 00 00 00
                                 0071f6554480 00 00 00 00 00 00 00 00 00 00 00 00 00 00 00 00
                                 0071f6554490 00 00 00 00 00 00 00 00 00 00 00 00 00 00 00 00
                                 0071f65544a0 00 00 00 00 00 00 00 00 00 00 00 00 00 00 00 00
                                 0071f65544b0 00 00 00 00 00 00 00 00 00 00 00 00 00 00 00 00
                                 0071f65544c0 00 00 00 00 00 00 00 00 00 00 00 00 00 00 00 00
                                 0071f65544d0 00 00 00 00 00 00 00 00 00 00 00 00 00 00 00 00
                                 0071f65544e0 00 00 00 00 00 00 00 00 00 00 00 00 00 00 00 00
                                 0071f65544f0 00 00 00 00 00 00 00 00 00 00 00 00 00 00 00 00
Threads[26]:
    Thread ID:                   0000000000001b46
    Thread Name:                 nus3::audio update
    Stack Region:                0000002a7f18b000-0000002a7f1ab000
    Registers:
        X[00]:                   0000002a7f1aa638
        X[01]:                   0000002a7f1aa63c
        X[02]:                   0000000000000001
        X[03]:                   0000000001e8462b
        X[04]:                   0000000000000000
        X[05]:                   0000000000000000
        X[06]:                   0000000000000000
        X[07]:                   0000000000000000
        X[08]:                   0000000000000000
        X[09]:                   0000000000000000
        X[10]:                   0000000000000000
        X[11]:                   0000000000000000
        X[12]:                   0000000000000000
        X[13]:                   0000000000000000
        X[14]:                   0000000000000000
        X[15]:                   0000000000000000
        X[16]:                   0000000000000000
        X[17]:                   0000000000000000
        X[18]:                   0000000000000000
        X[19]:                   0000000000000000
        X[20]:                   0000000000000000
        X[21]:                   0000000000000000
        X[22]:                   0000000000000000
        X[23]:                   0000000000000000
        X[24]:                   0000000000000000
        X[25]:                   0000000000000000
        X[26]:                   0000000000000000
        X[27]:                   0000000000000000
        X[28]:                   0000000000000000
        FP:                      0000002a7f1aa650
        LR:                      000000341e4b75c8 (nnSdk + 0x3395c8) (_ZN2nn2os6detail30InterProcessEventImplByHorizon9TimedWaitEjbNS_8TimeSpanE + 0x78)
        SP:                      0000002a7f1aa610
        PC:                      000000341e507900 (nnSdk + 0x389900)
    Stack Trace:
        ReturnAddress[00]:       0000003419f8bae4 (cross2_Release.nss + 0x3987ae4)
        ReturnAddress[01]:       000000341e4b24b8 (nnSdk + 0x3344b8)
        ReturnAddress[02]:       000000341e4b6984 (nnSdk + 0x338984)
        ReturnAddress[03]:       0000000000000000
    Stack Dump:                               00 01 02 03 04 05 06 07 08 09 0a 0b 0c 0d 0e 0f
                                 002a7f1aa610 38 a6 1a 7f 2a 00 00 00 bc 7f 21 1e 34 00 00 00
                                 002a7f1aa620 30 a6 1a 7f 2a 00 00 00 d5 25 70 6b 57 04 00 00
                                 002a7f1aa630 00 02 00 00 00 00 00 00 00 00 00 00 a2 81 3c 00
                                 002a7f1aa640 38 8a 3d 1d 34 00 00 00 62 6e 71 70 00 00 00 00
                                 002a7f1aa650 80 af 1a 7f 2a 00 00 00 e4 ba f8 19 34 00 00 00
                                 002a7f1aa660 00 00 00 00 00 00 00 00 00 00 00 00 00 00 00 00
                                 002a7f1aa670 00 00 00 00 00 00 00 3c 00 00 00 43 00 80 3b 47
                                 002a7f1aa680 db 0f c9 40 00 80 bb 46 50 a8 1a 7f 2a 00 00 00
                                 002a7f1aa690 30 a8 1a 7f 2a 00 00 00 3c 39 14 6f 1e e2 00 00
                                 002a7f1aa6a0 8c 21 12 6f 1e e2 00 00 38 8a 3d 1d 34 00 00 00
                                 002a7f1aa6b0 74 ae 1a 7f 2a 00 00 00 00 ae 1a 7f 2a 00 00 00
                                 002a7f1aa6c0 cd cc 4c 3f cd cc 4c 3f cd cc 4c 3f cd cc 4c 3f
                                 002a7f1aa6d0 00 00 00 00 00 00 00 00 c8 ae 1a 7f 2a 00 00 00
                                 002a7f1aa6e0 a0 ae 1a 7f 2a 00 00 00 00 20 43 dc 55 00 00 00
                                 002a7f1aa6f0 00 00 00 00 00 fe ff 46 08 00 00 00 00 00 00 00
                                 002a7f1aa700 04 00 98 dc 55 00 00 00 10 00 98 dc 55 00 00 00
    TLS Address:                 00000071f6554600
    TLS Dump:                                 00 01 02 03 04 05 06 07 08 09 0a 0b 0c 0d 0e 0f
                                 0071f6554600 00 00 01 00 09 00 00 00 80 a0 08 00 30 a6 1a 7f
                                 0071f6554610 53 46 43 4f 00 00 00 00 00 00 00 00 a5 25 62 61
                                 0071f6554620 00 00 00 00 00 00 00 00 00 00 00 00 00 00 00 00
                                 0071f6554630 00 00 00 00 08 00 00 00 30 a6 1a 7f 2a 00 08 00
                                 0071f6554640 00 00 00 00 00 00 00 00 00 00 00 00 00 00 00 00
                                 0071f6554650 00 00 00 00 00 00 00 00 00 00 00 00 00 00 00 00
                                 0071f6554660 00 00 00 00 00 00 00 00 00 00 00 00 00 00 00 00
                                 0071f6554670 00 00 00 00 00 00 00 00 00 00 00 00 00 00 00 00
                                 0071f6554680 00 00 00 00 00 00 00 00 00 00 00 00 00 00 00 00
                                 0071f6554690 00 00 00 00 00 00 00 00 00 00 00 00 00 00 00 00
                                 0071f65546a0 00 00 00 00 00 00 00 00 00 00 00 00 00 00 00 00
                                 0071f65546b0 00 00 00 00 00 00 00 00 00 00 00 00 00 00 00 00
                                 0071f65546c0 00 00 00 00 00 00 00 00 00 00 00 00 00 00 00 00
                                 0071f65546d0 00 00 00 00 00 00 00 00 00 00 00 00 00 00 00 00
                                 0071f65546e0 00 00 00 00 00 00 00 00 00 00 00 00 00 00 00 00
                                 0071f65546f0 00 00 00 00 00 00 00 00 00 00 00 00 00 00 00 00
Threads[27]:
    Thread ID:                   0000000000001b47
    Thread Name:                 AudioDeviceChange
    Stack Region:                0000002a8fae5000-0000002a8fb25000
    Registers:
        X[00]:                   0000002a8fb24d18
        X[01]:                   0000002a8fb24d1c
        X[02]:                   0000000000000001
        X[03]:                   0000000000f421f7
        X[04]:                   0000000000000000
        X[05]:                   0000000000000000
        X[06]:                   0000000000000000
        X[07]:                   0000000000000000
        X[08]:                   0000000000000000
        X[09]:                   0000000000000000
        X[10]:                   0000000000000000
        X[11]:                   0000000000000000
        X[12]:                   0000000000000000
        X[13]:                   0000000000000000
        X[14]:                   0000000000000000
        X[15]:                   0000000000000000
        X[16]:                   0000000000000000
        X[17]:                   0000000000000000
        X[18]:                   0000000000000000
        X[19]:                   0000000000000000
        X[20]:                   0000000000000000
        X[21]:                   0000000000000000
        X[22]:                   0000000000000000
        X[23]:                   0000000000000000
        X[24]:                   0000000000000000
        X[25]:                   0000000000000000
        X[26]:                   0000000000000000
        X[27]:                   0000000000000000
        X[28]:                   0000000000000000
        FP:                      0000002a8fb24d30
        LR:                      000000341e4b75c8 (nnSdk + 0x3395c8) (_ZN2nn2os6detail30InterProcessEventImplByHorizon9TimedWaitEjbNS_8TimeSpanE + 0x78)
        SP:                      0000002a8fb24cf0
        PC:                      000000341e507900 (nnSdk + 0x389900)
    Stack Trace:
        ReturnAddress[00]:       0000003419d445e8 (cross2_Release.nss + 0x37405e8)
        ReturnAddress[01]:       000000341e4b24b8 (nnSdk + 0x3344b8)
        ReturnAddress[02]:       000000341e4b6984 (nnSdk + 0x338984)
        ReturnAddress[03]:       0000000000000000
    Stack Dump:                               00 01 02 03 04 05 06 07 08 09 0a 0b 0c 0d 0e 0f
                                 002a8fb24cf0 18 4d b2 8f 2a 00 00 00 00 00 00 00 00 00 00 00
                                 002a8fb24d00 00 00 00 00 00 00 00 00 b0 f3 6d 6b 57 04 00 00
                                 002a8fb24d10 08 55 06 d5 55 00 00 00 ff ff ff ff 9f 81 3e 00
                                 002a8fb24d20 48 56 06 d5 55 00 00 00 00 55 06 d5 55 00 00 00
                                 002a8fb24d30 80 4f b2 8f 2a 00 00 00 e8 45 d4 19 34 00 00 00
                                 002a8fb24d40 00 00 00 00 00 00 00 00 00 00 00 00 00 00 00 00
                                 002a8fb24d50 00 00 00 00 00 00 00 00 00 00 00 00 00 00 00 00
                                 002a8fb24d60 00 00 00 00 00 00 00 00 00 00 00 00 00 00 00 00
                                 002a8fb24d70 00 00 00 00 00 00 00 00 00 00 00 00 00 00 00 00
                                 002a8fb24d80 00 00 00 00 00 00 00 00 00 00 00 00 00 00 00 00
                                 002a8fb24d90 00 00 00 00 00 00 00 00 00 00 00 00 00 00 00 00
                                 002a8fb24da0 00 00 00 00 00 00 00 00 00 00 00 00 00 00 00 00
                                 002a8fb24db0 00 00 00 00 00 00 00 00 00 00 00 00 00 00 00 00
                                 002a8fb24dc0 00 00 00 00 00 00 00 00 00 00 00 00 00 00 00 00
                                 002a8fb24dd0 00 00 00 00 00 00 00 00 00 00 00 00 00 00 00 00
                                 002a8fb24de0 00 00 00 00 00 00 00 00 00 00 00 00 00 00 00 00
    TLS Address:                 00000071f6554800
    TLS Dump:                                 00 01 02 03 04 05 06 07 08 09 0a 0b 0c 0d 0e 0f
                                 0071f6554800 00 00 00 00 00 00 00 00 00 00 00 00 00 00 00 00
                                 0071f6554810 00 00 00 00 00 00 00 00 00 00 00 00 00 00 00 00
                                 0071f6554820 00 00 00 00 00 00 00 00 00 00 00 00 00 00 00 00
                                 0071f6554830 00 00 00 00 00 00 00 00 00 00 00 00 00 00 00 00
                                 0071f6554840 00 00 00 00 00 00 00 00 00 00 00 00 00 00 00 00
                                 0071f6554850 00 00 00 00 00 00 00 00 00 00 00 00 00 00 00 00
                                 0071f6554860 00 00 00 00 00 00 00 00 00 00 00 00 00 00 00 00
                                 0071f6554870 00 00 00 00 00 00 00 00 00 00 00 00 00 00 00 00
                                 0071f6554880 00 00 00 00 00 00 00 00 00 00 00 00 00 00 00 00
                                 0071f6554890 00 00 00 00 00 00 00 00 00 00 00 00 00 00 00 00
                                 0071f65548a0 00 00 00 00 00 00 00 00 00 00 00 00 00 00 00 00
                                 0071f65548b0 00 00 00 00 00 00 00 00 00 00 00 00 00 00 00 00
                                 0071f65548c0 00 00 00 00 00 00 00 00 00 00 00 00 00 00 00 00
                                 0071f65548d0 00 00 00 00 00 00 00 00 00 00 00 00 00 00 00 00
                                 0071f65548e0 00 00 00 00 00 00 00 00 00 00 00 00 00 00 00 00
                                 0071f65548f0 00 00 00 00 00 00 00 00 00 00 00 00 00 00 00 00
Threads[28]:
    Thread ID:                   0000000000001b48
    Thread Name:                 sindou::update
    Stack Region:                0000002a6526c000-0000002a6527c000
    Registers:
        X[00]:                   00000000004c4b40
        X[01]:                   000004576b682e02
        X[02]:                   0000000000000000
        X[03]:                   0000000000000000
        X[04]:                   0000000000000000
        X[05]:                   0000000000000000
        X[06]:                   0000000000000000
        X[07]:                   0000000000000000
        X[08]:                   0000000000000000
        X[09]:                   0000000000000000
        X[10]:                   0000000000000000
        X[11]:                   0000000000000000
        X[12]:                   0000000000000000
        X[13]:                   0000000000000000
        X[14]:                   0000000000000000
        X[15]:                   0000000000000000
        X[16]:                   0000000000000000
        X[17]:                   0000000000000000
        X[18]:                   0000000000000000
        X[19]:                   0000000000000000
        X[20]:                   0000000000000000
        X[21]:                   0000000000000000
        X[22]:                   0000000000000000
        X[23]:                   0000000000000000
        X[24]:                   0000000000000000
        X[25]:                   0000000000000000
        X[26]:                   0000000000000000
        X[27]:                   0000000000000000
        X[28]:                   0000000000000000
        FP:                      0000002a6527bf80
        LR:                      0000003419f8f698 (cross2_Release.nss + 0x398b698)
        SP:                      0000002a6527bf30
        PC:                      000000341e50785c (nnSdk + 0x38985c)
    Stack Trace:
        ReturnAddress[00]:       000000341e4b24b8 (nnSdk + 0x3344b8)
        ReturnAddress[01]:       000000341e4b6984 (nnSdk + 0x338984)
        ReturnAddress[02]:       0000000000000000
    Stack Dump:                               00 01 02 03 04 05 06 07 08 09 0a 0b 0c 0d 0e 0f
                                 002a6527bf00 80 ed 89 1b 34 00 00 00 00 a0 40 1d 34 00 00 00
                                 002a6527bf10 30 94 25 6f 1e e2 00 00 c4 f2 89 1b 34 00 00 00
                                 002a6527bf20 80 bf 27 65 2a 00 00 00 5c f3 f8 19 34 00 00 00
                                 002a6527bf30 00 00 00 00 00 00 00 00 00 00 00 00 00 00 00 00
                                 002a6527bf40 00 00 00 00 00 00 00 00 00 00 00 00 00 00 00 00
                                 002a6527bf50 00 00 00 00 00 00 00 00 00 00 00 00 00 00 00 00
                                 002a6527bf60 00 00 00 00 00 00 00 00 ac 92 3f 1d 34 00 00 00
                                 002a6527bf70 a8 92 3f 1d 34 00 00 00 00 91 3f 1d 34 00 00 00
                                 002a6527bf80 b0 bf 27 65 2a 00 00 00 b8 24 4b 1e 34 00 00 00
                                 002a6527bf90 00 00 00 00 00 00 00 00 00 00 00 00 00 00 00 00
                                 002a6527bfa0 00 00 00 00 00 00 00 00 00 91 3f 1d 34 00 00 00
                                 002a6527bfb0 d0 bf 27 65 2a 00 00 00 84 69 4b 1e 34 00 00 00
                                 002a6527bfc0 00 00 00 00 00 00 00 00 00 00 00 00 00 00 00 00
                                 002a6527bfd0 00 00 00 00 00 00 00 00 00 00 00 00 00 00 00 00
                                 002a6527bfe0 50 24 4b 1e 34 00 00 00 00 00 00 00 00 00 00 00
                                 002a6527bff0 00 00 00 00 00 00 00 00 00 00 00 00 00 00 00 00
    TLS Address:                 00000071f6554a00
    TLS Dump:                                 00 01 02 03 04 05 06 07 08 09 0a 0b 0c 0d 0e 0f
                                 0071f6554a00 00 00 00 00 00 00 00 00 00 00 00 00 00 00 00 00
                                 0071f6554a10 00 00 00 00 00 00 00 00 00 00 00 00 00 00 00 00
                                 0071f6554a20 00 00 00 00 00 00 00 00 00 00 00 00 00 00 00 00
                                 0071f6554a30 00 00 00 00 00 00 00 00 00 00 00 00 00 00 00 00
                                 0071f6554a40 00 00 00 00 00 00 00 00 00 00 00 00 00 00 00 00
                                 0071f6554a50 00 00 00 00 00 00 00 00 00 00 00 00 00 00 00 00
                                 0071f6554a60 00 00 00 00 00 00 00 00 00 00 00 00 00 00 00 00
                                 0071f6554a70 00 00 00 00 00 00 00 00 00 00 00 00 00 00 00 00
                                 0071f6554a80 00 00 00 00 00 00 00 00 00 00 00 00 00 00 00 00
                                 0071f6554a90 00 00 00 00 00 00 00 00 00 00 00 00 00 00 00 00
                                 0071f6554aa0 00 00 00 00 00 00 00 00 00 00 00 00 00 00 00 00
                                 0071f6554ab0 00 00 00 00 00 00 00 00 00 00 00 00 00 00 00 00
                                 0071f6554ac0 00 00 00 00 00 00 00 00 00 00 00 00 00 00 00 00
                                 0071f6554ad0 00 00 00 00 00 00 00 00 00 00 00 00 00 00 00 00
                                 0071f6554ae0 00 00 00 00 00 00 00 00 00 00 00 00 00 00 00 00
                                 0071f6554af0 00 00 00 00 00 00 00 00 00 00 00 00 00 00 00 00
Threads[29]:
    Thread ID:                   0000000000001b49
    Thread Name:                 L2CDynamicModuleManager::thread
    Stack Region:                0000002a3bb5f000-0000002a3bb9f000
    Registers:
        X[00]:                   00000000000f4240
        X[01]:                   0000000000000000
        X[02]:                   0000000000000000
        X[03]:                   0000000000000000
        X[04]:                   0000000000000000
        X[05]:                   0000000000000000
        X[06]:                   0000000000000000
        X[07]:                   0000000000000000
        X[08]:                   0000000000000000
        X[09]:                   0000000000000000
        X[10]:                   0000000000000000
        X[11]:                   0000000000000000
        X[12]:                   0000000000000000
        X[13]:                   0000000000000000
        X[14]:                   0000000000000000
        X[15]:                   0000000000000000
        X[16]:                   0000000000000000
        X[17]:                   0000000000000000
        X[18]:                   0000000000000000
        X[19]:                   0000000000000000
        X[20]:                   0000000000000000
        X[21]:                   0000000000000000
        X[22]:                   0000000000000000
        X[23]:                   0000000000000000
        X[24]:                   0000000000000000
        X[25]:                   0000000000000000
        X[26]:                   0000000000000000
        X[27]:                   0000000000000000
        X[28]:                   0000000000000000
        FP:                      0000002a3bb9ef80
        LR:                      00000034188baa88 (cross2_Release.nss + 0x22b6a88)
        SP:                      0000002a3bb9edf0
        PC:                      000000341e50785c (nnSdk + 0x38985c)
    Stack Trace:
        ReturnAddress[00]:       000000341e4b24b8 (nnSdk + 0x3344b8)
        ReturnAddress[01]:       000000341e4b6984 (nnSdk + 0x338984)
        ReturnAddress[02]:       0000000000000000
    Stack Dump:                               00 01 02 03 04 05 06 07 08 09 0a 0b 0c 0d 0e 0f
                                 002a3bb9edf0 11 ee b9 3b 2a 00 00 00 50 f1 09 d5 55 00 00 00
                                 002a3bb9ee00 48 f1 09 d5 55 00 00 00 00 00 00 00 00 00 00 00
                                 002a3bb9ee10 70 72 65 62 75 69 6c 74 3a 2f 6e 72 6f 2f 52 65
                                 002a3bb9ee20 6c 65 61 73 65 2f 6c 75 61 32 63 70 70 5f 72 65
                                 002a3bb9ee30 66 6c 65 74 2e 6e 72 6f 00 00 00 00 00 00 00 00
                                 002a3bb9ee40 00 00 00 00 00 00 00 00 00 00 00 00 00 00 00 00
                                 002a3bb9ee50 00 00 00 00 00 00 00 00 00 00 00 00 00 00 00 00
                                 002a3bb9ee60 00 00 00 00 00 00 00 00 00 00 00 00 00 00 00 00
                                 002a3bb9ee70 00 00 00 00 00 00 00 00 00 00 00 00 00 00 00 00
                                 002a3bb9ee80 00 00 00 00 00 00 00 00 00 00 00 00 00 00 00 00
                                 002a3bb9ee90 00 00 00 00 00 00 00 00 00 00 00 00 00 00 00 00
                                 002a3bb9eea0 00 00 00 00 00 00 00 00 00 00 00 00 00 00 00 00
                                 002a3bb9eeb0 00 00 00 00 00 00 00 00 00 00 00 00 00 00 00 00
                                 002a3bb9eec0 00 00 00 00 00 00 00 00 00 00 00 00 00 00 00 00
                                 002a3bb9eed0 00 00 00 00 00 00 00 00 00 00 00 00 00 00 00 00
                                 002a3bb9eee0 00 00 00 00 00 00 00 00 00 00 00 00 00 00 00 00
    TLS Address:                 00000071f6554c00
    TLS Dump:                                 00 01 02 03 04 05 06 07 08 09 0a 0b 0c 0d 0e 0f
                                 0071f6554c00 00 00 00 00 08 00 00 00 01 00 00 00 b2 00 00 00
                                 0071f6554c10 53 46 43 4f 00 00 00 00 00 00 00 00 a9 55 2c a5
                                 0071f6554c20 53 46 43 49 01 00 00 00 01 00 00 00 00 00 00 00
                                 0071f6554c30 00 00 00 00 00 00 00 00 00 00 b5 bc 75 00 00 00
                                 0071f6554c40 00 30 16 00 00 00 00 00 00 00 00 00 00 00 00 00
                                 0071f6554c50 00 00 00 00 00 00 00 00 00 00 00 00 00 00 00 00
                                 0071f6554c60 00 00 00 00 00 00 00 00 00 00 00 00 00 00 00 00
                                 0071f6554c70 00 00 00 00 00 00 00 00 00 00 00 00 00 00 00 00
                                 0071f6554c80 00 00 00 00 00 00 00 00 00 00 00 00 00 00 00 00
                                 0071f6554c90 00 00 00 00 00 00 00 00 00 00 00 00 00 00 00 00
                                 0071f6554ca0 00 00 00 00 00 00 00 00 00 00 00 00 00 00 00 00
                                 0071f6554cb0 00 00 00 00 00 00 00 00 00 00 00 00 00 00 00 00
                                 0071f6554cc0 00 00 00 00 00 00 00 00 00 00 00 00 00 00 00 00
                                 0071f6554cd0 00 00 00 00 00 00 00 00 00 00 00 00 00 00 00 00
                                 0071f6554ce0 00 00 00 00 00 00 00 00 00 00 00 00 00 00 00 00
                                 0071f6554cf0 00 00 00 00 00 00 00 00 00 00 00 00 00 00 00 00
Threads[30]:
    Thread ID:                   0000000000001b4a
    Thread Name:                 SaveStorage
    Stack Region:                0000002a75088000-0000002a750c8000
    Registers:
        X[00]:                   00000055de79019c
        X[01]:                   00000055de7901a0
        X[02]:                   0000000000478199
        X[03]:                   ffffffffffffffff
        X[04]:                   0000000000000000
        X[05]:                   0000000000000000
        X[06]:                   0000000000000000
        X[07]:                   0000000000000000
        X[08]:                   0000000000000000
        X[09]:                   0000000000000000
        X[10]:                   0000000000000000
        X[11]:                   0000000000000000
        X[12]:                   0000000000000000
        X[13]:                   0000000000000000
        X[14]:                   0000000000000000
        X[15]:                   0000000000000000
        X[16]:                   0000000000000000
        X[17]:                   0000000000000000
        X[18]:                   0000000000000000
        X[19]:                   0000000000000000
        X[20]:                   0000000000000000
        X[21]:                   0000000000000000
        X[22]:                   0000000000000000
        X[23]:                   0000000000000000
        X[24]:                   0000000000000000
        X[25]:                   0000000000000000
        X[26]:                   0000000000000000
        X[27]:                   0000000000000000
        X[28]:                   0000000000000000
        FP:                      0000002a750c7ef0
        LR:                      000000341e4b7998 (nnSdk + 0x339998) (_ZN2nn2os6detail38InternalConditionVariableImplByHorizon4WaitEPNS1_23InternalCriticalSectionE + 0x48)
        SP:                      0000002a750c7ed0
        PC:                      000000341e50792c (nnSdk + 0x38992c)
    Stack Trace:
        ReturnAddress[00]:       000000341e4ac898 (nnSdk + 0x32e898) (_ZN2nn2os9WaitEventEPNS0_9EventTypeE + 0x48)
        ReturnAddress[01]:       0000003419d25b50 (cross2_Release.nss + 0x3721b50)
        ReturnAddress[02]:       000000341e4b24b8 (nnSdk + 0x3344b8)
        ReturnAddress[03]:       000000341e4b6984 (nnSdk + 0x338984)
        ReturnAddress[04]:       0000000000000000
    Stack Dump:                               00 01 02 03 04 05 06 07 08 09 0a 0b 0c 0d 0e 0f
                                 002a750c7ed0 a0 01 79 de 55 00 00 00 70 ba 6d 80 55 00 00 00
                                 002a750c7ee0 80 01 79 de 55 00 00 00 9c 01 79 de 55 00 00 00
                                 002a750c7ef0 20 7f 0c 75 2a 00 00 00 98 c8 4a 1e 34 00 00 00
                                 002a750c7f00 c5 9d 1c 81 00 00 00 00 40 ba 6d 80 55 00 00 00
                                 002a750c7f10 b0 e0 f3 1b 34 00 00 00 70 ba 6d 80 55 00 00 00
                                 002a750c7f20 80 7f 0c 75 2a 00 00 00 50 5b d2 19 34 00 00 00
                                 002a750c7f30 00 00 00 00 00 00 00 00 00 00 00 00 00 00 00 00
                                 002a750c7f40 00 00 00 00 00 00 00 00 00 00 00 00 00 00 00 00
                                 002a750c7f50 00 00 00 00 00 00 00 00 00 00 00 00 00 00 00 00
                                 002a750c7f60 00 00 00 00 00 00 00 00 3c c8 3b d7 55 00 00 00
                                 002a750c7f70 38 c8 3b d7 55 00 00 00 90 c6 3b d7 55 00 00 00
                                 002a750c7f80 b0 7f 0c 75 2a 00 00 00 b8 24 4b 1e 34 00 00 00
                                 002a750c7f90 00 00 00 00 00 00 00 00 00 00 00 00 00 00 00 00
                                 002a750c7fa0 00 00 00 00 00 00 00 00 90 c6 3b d7 55 00 00 00
                                 002a750c7fb0 d0 7f 0c 75 2a 00 00 00 84 69 4b 1e 34 00 00 00
                                 002a750c7fc0 00 00 00 00 00 00 00 00 00 00 00 00 00 00 00 00
    TLS Address:                 00000071f6554e00
    TLS Dump:                                 00 01 02 03 04 05 06 07 08 09 0a 0b 0c 0d 0e 0f
                                 0071f6554e00 06 00 00 00 08 00 00 00 00 00 00 00 00 00 00 00
                                 0071f6554e10 02 00 00 00 9f 00 00 00 00 00 00 00 00 00 00 00
                                 0071f6554e20 53 46 43 4f 00 00 00 00 00 00 00 00 a1 6d 71 f3
                                 0071f6554e30 f8 4a 5b 00 00 00 00 00 00 00 00 00 00 00 00 00
                                 0071f6554e40 00 00 00 00 00 00 00 00 00 00 00 00 00 00 00 00
                                 0071f6554e50 40 43 06 00 00 00 00 00 00 00 00 00 00 00 00 00
                                 0071f6554e60 00 00 00 00 00 00 00 00 00 00 00 00 00 00 00 00
                                 0071f6554e70 00 00 00 00 00 00 00 00 00 00 00 00 00 00 00 00
                                 0071f6554e80 00 00 00 00 00 00 00 00 00 00 00 00 00 00 00 00
                                 0071f6554e90 00 00 00 00 00 00 00 00 00 00 00 00 00 00 00 00
                                 0071f6554ea0 00 00 00 00 00 00 00 00 00 00 00 00 00 00 00 00
                                 0071f6554eb0 00 00 00 00 00 00 00 00 00 00 00 00 00 00 00 00
                                 0071f6554ec0 00 00 00 00 00 00 00 00 00 00 00 00 00 00 00 00
                                 0071f6554ed0 00 00 00 00 00 00 00 00 00 00 00 00 00 00 00 00
                                 0071f6554ee0 00 00 00 00 00 00 00 00 00 00 00 00 00 00 00 00
                                 0071f6554ef0 00 00 00 00 00 00 00 00 00 00 00 00 00 00 00 00
Threads[31]:
    Thread ID:                   0000000000001b4c
    Thread Name:                 NetSystem
    Stack Region:                0000002a6470c000-0000002a6474c000
    Registers:
        X[00]:                   00000000004c4b40
        X[01]:                   0000000063157d3c
        X[02]:                   0000002a6474bcd8
        X[03]:                   0000002a6474bcf8
        X[04]:                   0000000000000000
        X[05]:                   0000000000000000
        X[06]:                   0000000000000000
        X[07]:                   0000000000000000
        X[08]:                   0000000000000000
        X[09]:                   0000000000000000
        X[10]:                   0000000000000000
        X[11]:                   0000000000000000
        X[12]:                   0000000000000000
        X[13]:                   0000000000000000
        X[14]:                   0000000000000000
        X[15]:                   0000000000000000
        X[16]:                   0000000000000000
        X[17]:                   0000000000000000
        X[18]:                   0000000000000000
        X[19]:                   0000000000000000
        X[20]:                   0000000000000000
        X[21]:                   0000000000000000
        X[22]:                   0000000000000000
        X[23]:                   0000000000000000
        X[24]:                   0000000000000000
        X[25]:                   0000000000000000
        X[26]:                   0000000000000000
        X[27]:                   0000000000000000
        X[28]:                   0000000000000000
        FP:                      0000002a6474bf80
        LR:                      0000003419d11ab4 (cross2_Release.nss + 0x370dab4)
        SP:                      0000002a6474bd70
        PC:                      000000341e50785c (nnSdk + 0x38985c)
    Stack Trace:
        ReturnAddress[00]:       000000341e4b24b8 (nnSdk + 0x3344b8)
        ReturnAddress[01]:       000000341e4b6984 (nnSdk + 0x338984)
        ReturnAddress[02]:       0000000000000000
    Stack Dump:                               00 01 02 03 04 05 06 07 08 09 0a 0b 0c 0d 0e 0f
                                 002a6474bd70 fc be 74 64 2a 00 00 00 e4 be 74 64 2a 00 00 00
                                 002a6474bd80 00 00 00 00 00 00 00 00 00 00 00 00 00 00 00 00
                                 002a6474bd90 00 00 00 00 00 00 00 00 00 00 00 00 00 00 00 00
                                 002a6474bda0 94 be 74 64 2a 00 00 00 00 00 00 00 00 00 00 00
                                 002a6474bdb0 00 00 00 00 00 00 00 00 00 90 86 83 55 00 00 00
                                 002a6474bdc0 00 00 00 00 00 00 00 00 00 00 00 00 00 00 00 00
                                 002a6474bdd0 8c be 74 64 2a 00 00 00 40 90 86 83 55 00 00 00
                                 002a6474bde0 e0 ae 86 83 55 00 00 00 d8 ac 86 83 55 00 00 00
                                 002a6474bdf0 d0 aa 86 83 55 00 00 00 c8 a8 86 83 55 00 00 00
                                 002a6474be00 c0 a6 86 83 55 00 00 00 b8 a4 86 83 55 00 00 00
                                 002a6474be10 b0 a2 86 83 55 00 00 00 a8 a0 86 83 55 00 00 00
                                 002a6474be20 a0 9e 86 83 55 00 00 00 98 9c 86 83 55 00 00 00
                                 002a6474be30 90 9a 86 83 55 00 00 00 88 98 86 83 55 00 00 00
                                 002a6474be40 80 96 86 83 55 00 00 00 78 94 86 83 55 00 00 00
                                 002a6474be50 70 92 86 83 55 00 00 00 68 90 86 83 55 00 00 00
                                 002a6474be60 00 00 00 00 00 00 00 00 a0 a0 86 83 55 00 00 00
    TLS Address:                 0000006bfabfb000
    TLS Dump:                                 00 01 02 03 04 05 06 07 08 09 0a 0b 0c 0d 0e 0f
                                 006bfabfb000 00 00 00 00 0d 00 00 00 00 00 00 00 00 00 00 00
                                 006bfabfb010 00 00 00 00 00 00 00 00 00 00 00 00 00 00 00 00
                                 006bfabfb020 53 46 43 4f 00 00 00 00 00 00 00 00 3c b3 18 0b
                                 006bfabfb030 c0 a8 01 75 00 00 00 00 00 00 00 00 00 00 00 00
                                 006bfabfb040 00 00 00 00 00 00 00 00 00 00 00 00 00 00 00 00
                                 006bfabfb050 00 00 00 00 00 00 00 00 00 00 00 00 00 00 00 00
                                 006bfabfb060 00 00 00 00 00 00 00 00 00 00 00 00 00 00 00 00
                                 006bfabfb070 00 00 00 00 00 00 00 00 00 00 00 00 00 00 00 00
                                 006bfabfb080 00 00 00 00 00 00 00 00 00 00 00 00 00 00 00 00
                                 006bfabfb090 00 00 00 00 00 00 00 00 00 00 00 00 00 00 00 00
                                 006bfabfb0a0 00 00 00 00 00 00 00 00 00 00 00 00 00 00 00 00
                                 006bfabfb0b0 00 00 00 00 00 00 00 00 00 00 00 00 00 00 00 00
                                 006bfabfb0c0 00 00 00 00 00 00 00 00 00 00 00 00 00 00 00 00
                                 006bfabfb0d0 00 00 00 00 00 00 00 00 00 00 00 00 00 00 00 00
                                 006bfabfb0e0 00 00 00 00 00 00 00 00 00 00 00 00 00 00 00 00
                                 006bfabfb0f0 00 00 00 00 00 00 00 00 00 00 00 00 00 00 00 00
Threads[32]:
    Thread ID:                   0000000000001b4d
    Thread Name:                 NEX TransportBufferThread(send)
    Stack Region:                0000002a8f476000-0000002a8f486000
    Registers:
        X[00]:                   00000055ad3a5310
        X[01]:                   00000055ad372094
        X[02]:                   0000000000cc8196
        X[03]:                   ffffffffffffffff
        X[04]:                   0000000000000000
        X[05]:                   0000000000000000
        X[06]:                   0000000000000000
        X[07]:                   0000000000000000
        X[08]:                   0000000000000000
        X[09]:                   0000000000000000
        X[10]:                   0000000000000000
        X[11]:                   0000000000000000
        X[12]:                   0000000000000000
        X[13]:                   0000000000000000
        X[14]:                   0000000000000000
        X[15]:                   0000000000000000
        X[16]:                   0000000000000000
        X[17]:                   0000000000000000
        X[18]:                   0000000000000000
        X[19]:                   0000000000000000
        X[20]:                   0000000000000000
        X[21]:                   0000000000000000
        X[22]:                   0000000000000000
        X[23]:                   0000000000000000
        X[24]:                   0000000000000000
        X[25]:                   0000000000000000
        X[26]:                   0000000000000000
        X[27]:                   0000000000000000
        X[28]:                   0000000000000000
        FP:                      0000002a8f485ec0
        LR:                      000000341e4b7998 (nnSdk + 0x339998) (_ZN2nn2os6detail38InternalConditionVariableImplByHorizon4WaitEPNS1_23InternalCriticalSectionE + 0x48)
        SP:                      0000002a8f485ea0
        PC:                      000000341e50792c (nnSdk + 0x38992c)
    Stack Trace:
        ReturnAddress[00]:       000000341e4ac464 (nnSdk + 0x32e464) (_ZN2nn2os21WaitConditionVariableEPNS0_21ConditionVariableTypeEPNS0_9MutexTypeE + 0x44)
        ReturnAddress[01]:       00000034167b8478 (cross2_Release.nss + 0x1b4478)
        ReturnAddress[02]:       00000034167fa7fc (cross2_Release.nss + 0x1f67fc)
        ReturnAddress[03]:       00000034167b65e4 (cross2_Release.nss + 0x1b25e4)
        ReturnAddress[04]:       000000341e4b24b8 (nnSdk + 0x3344b8)
        ReturnAddress[05]:       000000341e4b6984 (nnSdk + 0x338984)
        ReturnAddress[06]:       0000000000000000
    Stack Dump:                               00 01 02 03 04 05 06 07 08 09 0a 0b 0c 0d 0e 0f
                                 002a8f485ea0 d8 52 3a ad 55 00 00 00 00 00 00 00 00 00 00 00
                                 002a8f485eb0 e8 52 3a ad 55 00 00 00 f8 52 3a ad 55 00 00 00
                                 002a8f485ec0 e0 5e 48 8f 2a 00 00 00 64 c4 4a 1e 34 00 00 00
                                 002a8f485ed0 e0 52 3a ad 55 00 00 00 08 51 3a ad 55 00 00 00
                                 002a8f485ee0 00 5f 48 8f 2a 00 00 00 78 84 7b 16 34 00 00 00
                                 002a8f485ef0 10 50 3a ad 55 00 00 00 10 50 3a ad 55 00 00 00
                                 002a8f485f00 50 5f 48 8f 2a 00 00 00 fc a7 7f 16 34 00 00 00
                                 002a8f485f10 00 00 00 00 00 00 00 00 08 00 00 00 00 00 00 00
                                 002a8f485f20 00 00 00 00 00 00 00 00 00 00 00 00 00 00 00 00
                                 002a8f485f30 00 00 00 00 00 00 00 00 bc c1 3b ad 55 00 00 00
                                 002a8f485f40 0c 11 8b 1b 34 00 00 00 30 d1 31 ad 55 00 00 00
                                 002a8f485f50 80 5f 48 8f 2a 00 00 00 e4 65 7b 16 34 00 00 00
                                 002a8f485f60 ff ff ff ff ff ff ff ff 30 d1 31 ad 55 00 00 00
                                 002a8f485f70 b8 c1 3b ad 55 00 00 00 10 c0 3b ad 55 00 00 00
                                 002a8f485f80 b0 5f 48 8f 2a 00 00 00 b8 24 4b 1e 34 00 00 00
                                 002a8f485f90 00 00 00 00 00 00 00 00 ff ff ff ff ff ff ff ff
    TLS Address:                 0000006bfabfb200
    TLS Dump:                                 00 01 02 03 04 05 06 07 08 09 0a 0b 0c 0d 0e 0f
                                 006bfabfb200 00 00 00 00 0d 00 00 00 00 00 00 00 00 00 00 00
                                 006bfabfb210 00 00 00 00 00 00 00 00 00 00 00 00 00 00 00 00
                                 006bfabfb220 53 46 43 4f 00 00 00 00 00 00 00 00 aa d9 b8 a9
                                 006bfabfb230 12 00 00 00 00 00 00 00 00 00 00 00 00 00 00 00
                                 006bfabfb240 00 00 00 00 00 00 00 00 00 00 00 00 00 00 00 00
                                 006bfabfb250 00 00 00 00 00 00 00 00 00 00 00 00 00 00 00 00
                                 006bfabfb260 00 00 00 00 00 00 00 00 00 00 00 00 00 00 00 00
                                 006bfabfb270 00 00 00 00 00 00 00 00 00 00 00 00 00 00 00 00
                                 006bfabfb280 00 00 00 00 00 00 00 00 00 00 00 00 00 00 00 00
                                 006bfabfb290 00 00 00 00 00 00 00 00 00 00 00 00 00 00 00 00
                                 006bfabfb2a0 00 00 00 00 00 00 00 00 00 00 00 00 00 00 00 00
                                 006bfabfb2b0 00 00 00 00 00 00 00 00 00 00 00 00 00 00 00 00
                                 006bfabfb2c0 00 00 00 00 00 00 00 00 00 00 00 00 00 00 00 00
                                 006bfabfb2d0 00 00 00 00 00 00 00 00 00 00 00 00 00 00 00 00
                                 006bfabfb2e0 00 00 00 00 00 00 00 00 00 00 00 00 00 00 00 00
                                 006bfabfb2f0 00 00 00 00 00 00 00 00 00 00 00 00 00 00 00 00
Threads[33]:
    Thread ID:                   0000000000001b4f
    Thread Name:                 NEX TransportBufferThread(recv 
    Stack Region:                0000002a27356000-0000002a27366000
    Registers:
        X[00]:                   00000000001401de
        X[01]:                   0000006bfabfb400
        X[02]:                   00000000001401de
        X[03]:                   0000002a273659c0
        X[04]:                   0000000000000fe0
        X[05]:                   0000000000000019
        X[06]:                   0000006bfabfb400
        X[07]:                   0000000000000001
        X[08]:                   0000000000000000
        X[09]:                   0000000000000000
        X[10]:                   0000000000000000
        X[11]:                   0000000000000000
        X[12]:                   0000000000000000
        X[13]:                   0000000000000000
        X[14]:                   0000000000000000
        X[15]:                   0000000000000000
        X[16]:                   0000000000000000
        X[17]:                   0000000000000000
        X[18]:                   0000000000000000
        X[19]:                   0000000000000000
        X[20]:                   0000000000000000
        X[21]:                   0000000000000000
        X[22]:                   0000000000000000
        X[23]:                   0000000000000000
        X[24]:                   0000000000000000
        X[25]:                   0000000000000000
        X[26]:                   0000000000000000
        X[27]:                   0000000000000000
        X[28]:                   0000000000000000
        FP:                      0000002a27365930
        LR:                      000000341e4e5684 (nnSdk + 0x367684) (_ZN2nn2sf4hipc15SendSyncRequestENS_3svc6HandleEPvm + 0x34)
        SP:                      0000002a27365930
        PC:                      000000341e507954 (nnSdk + 0x389954)
    Stack Trace:
        ReturnAddress[00]:       000000341e4f9160 (nnSdk + 0x37b160) (_ZN2nn2sf4cmif6client34CmifDomainProxyClientCoreProcessorINS0_4hipc6client38Hipc2ClientSessionManagedProxyKindBaseINS5_18Hipc2P + 0x160)
        ReturnAddress[01]:       000000341e4f8160 (nnSdk + 0x37a160)
        ReturnAddress[02]:       000000341e4f2928 (nnSdk + 0x374928) (_ZN2nn6socket6detail4PollEP6pollfdmi + 0xa8)
        ReturnAddress[03]:       00000034167c1874 (cross2_Release.nss + 0x1bd874)
        ReturnAddress[04]:       00000034167c2a7c (cross2_Release.nss + 0x1bea7c)
        ReturnAddress[05]:       00000034167fb564 (cross2_Release.nss + 0x1f7564)
        ReturnAddress[06]:       00000034167fb76c (cross2_Release.nss + 0x1f776c)
        ReturnAddress[07]:       00000034167b65e4 (cross2_Release.nss + 0x1b25e4)
        ReturnAddress[08]:       000000341e4b24b8 (nnSdk + 0x3344b8)
        ReturnAddress[09]:       000000341e4b6984 (nnSdk + 0x338984)
        ReturnAddress[10]:       0000000000000000
    Stack Dump:                               00 01 02 03 04 05 06 07 08 09 0a 0b 0c 0d 0e 0f
                                 002a27365930 50 5a 36 27 2a 00 00 00 60 91 4f 1e 34 00 00 00
                                 002a27365940 72 ad 08 00 00 00 00 00 a4 5a 36 27 2a 00 00 00
                                 002a27365950 a0 5a 36 27 2a 00 00 00 01 00 00 00 00 00 11 01
                                 002a27365960 0f 0c 00 00 00 00 00 00 00 00 00 00 00 00 00 00
                                 002a27365970 00 00 00 00 02 00 00 00 04 00 00 00 07 00 00 00
                                 002a27365980 00 00 00 00 0a 00 00 00 19 00 00 00 1b 00 00 00
                                 002a27365990 00 00 00 00 00 00 00 00 00 00 00 00 00 00 00 00
                                 002a273659a0 00 00 00 00 02 00 00 00 00 00 00 00 00 00 00 00
                                 002a273659b0 00 00 00 00 04 00 00 00 12 00 00 00 14 00 00 00
                                 002a273659c0 21 00 00 00 22 00 00 00 d0 5a 36 27 2a 00 00 00
                                 002a273659d0 08 00 00 00 00 00 00 00 d0 5a 36 27 2a 00 00 00
                                 002a273659e0 08 00 00 00 00 00 00 00 58 59 36 27 2a 00 00 00
                                 002a273659f0 00 b4 bf fa 6b 00 00 00 00 00 00 00 00 00 00 00
                                 002a27365a00 48 5d 36 27 2a 00 00 00 00 00 00 00 00 00 00 00
                                 002a27365a10 01 00 00 00 00 00 00 00 04 00 00 00 00 00 00 00
                                 002a27365a20 60 5d 36 27 2a 00 00 00 dc 5a 36 27 2a 00 00 00
    TLS Address:                 0000006bfabfb400
    TLS Dump:                                 00 01 02 03 04 05 06 07 08 09 0a 0b 0c 0d 0e 0f
                                 006bfabfb400 00 00 01 00 0e 08 e0 03 80 a0 08 00 d0 5a 36 27
                                 006bfabfb410 00 00 00 00 00 00 00 00 00 00 00 00 00 00 00 00
                                 006bfabfb420 53 46 43 4f 00 00 00 00 00 00 00 00 91 ab e3 ac
                                 006bfabfb430 00 00 00 00 00 00 00 00 00 00 00 00 00 00 00 00
                                 006bfabfb440 00 00 00 00 00 00 00 00 06 00 00 00 00 00 00 00
                                 006bfabfb450 01 00 00 00 64 00 00 00 00 00 00 00 00 00 00 00
                                 006bfabfb460 08 00 00 00 d0 5a 36 27 2a 00 08 00 00 00 00 00
                                 006bfabfb470 00 00 00 00 00 00 00 00 00 00 00 00 00 00 00 00
                                 006bfabfb480 00 00 00 00 00 00 00 00 00 00 00 00 00 00 00 00
                                 006bfabfb490 00 00 00 00 00 00 00 00 00 00 00 00 00 00 00 00
                                 006bfabfb4a0 00 00 00 00 00 00 00 00 00 00 00 00 00 00 00 00
                                 006bfabfb4b0 00 00 00 00 00 00 00 00 00 00 00 00 00 00 00 00
                                 006bfabfb4c0 00 00 00 00 00 00 00 00 00 00 00 00 00 00 00 00
                                 006bfabfb4d0 00 00 00 00 00 00 00 00 00 00 00 00 00 00 00 00
                                 006bfabfb4e0 00 00 00 00 00 00 00 00 00 00 00 00 00 00 00 00
                                 006bfabfb4f0 00 00 00 00 00 00 00 00 00 00 00 00 00 00 00 00
Threads[34]:
    Thread ID:                   0000000000001b68
    Thread Name:                 nus3::nopus decode
    Stack Region:                0000002a2a381000-0000002a2a389000
    Registers:
        X[00]:                   00000000000f4240
        X[01]:                   0000000000000000
        X[02]:                   0000000000000000
        X[03]:                   0000000000000000
        X[04]:                   0000000000000000
        X[05]:                   0000000000000000
        X[06]:                   0000000000000000
        X[07]:                   0000000000000000
        X[08]:                   0000000000000000
        X[09]:                   0000000000000000
        X[10]:                   0000000000000000
        X[11]:                   0000000000000000
        X[12]:                   0000000000000000
        X[13]:                   0000000000000000
        X[14]:                   0000000000000000
        X[15]:                   0000000000000000
        X[16]:                   0000000000000000
        X[17]:                   0000000000000000
        X[18]:                   0000000000000000
        X[19]:                   0000000000000000
        X[20]:                   0000000000000000
        X[21]:                   0000000000000000
        X[22]:                   0000000000000000
        X[23]:                   0000000000000000
        X[24]:                   0000000000000000
        X[25]:                   0000000000000000
        X[26]:                   0000000000000000
        X[27]:                   0000000000000000
        X[28]:                   0000000000000000
        FP:                      0000002a2a388f60
        LR:                      0000003419f98b50 (cross2_Release.nss + 0x3994b50)
        SP:                      0000002a2a388e20
        PC:                      000000341e50785c (nnSdk + 0x38985c)
    Stack Trace:
        ReturnAddress[00]:       0000003419fa1634 (cross2_Release.nss + 0x399d634)
        ReturnAddress[01]:       000000341e4b24b8 (nnSdk + 0x3344b8)
        ReturnAddress[02]:       000000341e4b6984 (nnSdk + 0x338984)
        ReturnAddress[03]:       0000000000000000
    Stack Dump:                               00 01 02 03 04 05 06 07 08 09 0a 0b 0c 0d 0e 0f
                                 002a2a388e20 88 53 a2 e0 55 00 00 00 a0 53 a2 e0 55 00 00 00
                                 002a2a388e30 14 53 a2 e0 55 00 00 00 fc 52 a2 e0 55 00 00 00
                                 002a2a388e40 f8 52 a2 e0 55 00 00 00 08 53 a2 e0 55 00 00 00
                                 002a2a388e50 90 53 a2 e0 55 00 00 00 2c 53 a2 e0 55 00 00 00
                                 002a2a388e60 9a 53 a2 e0 55 00 00 00 c0 52 a2 e0 55 00 00 00
                                 002a2a388e70 10 53 a2 e0 55 00 00 00 04 53 a2 e0 55 00 00 00
                                 002a2a388e80 bc 52 a2 e0 55 00 00 00 24 53 a2 e0 55 00 00 00
                                 002a2a388e90 f0 52 a2 e0 55 00 00 00 a4 53 a2 e0 55 00 00 00
                                 002a2a388ea0 18 53 a2 e0 55 00 00 00 8e 53 a2 e0 55 00 00 00
                                 002a2a388eb0 a8 53 a2 e0 55 00 00 00 00 00 00 00 00 00 00 00
                                 002a2a388ec0 38 53 a2 e0 55 00 00 00 e8 52 a2 e0 55 00 00 00
                                 002a2a388ed0 d8 52 a2 e0 55 00 00 00 ec 52 a2 e0 55 00 00 00
                                 002a2a388ee0 78 53 a2 e0 55 00 00 00 98 53 a2 e0 55 00 00 00
                                 002a2a388ef0 e0 52 a2 e0 55 00 00 00 00 00 00 00 c0 03 00 00
                                 002a2a388f00 a8 00 00 00 00 00 00 00 00 00 00 00 00 00 00 00
                                 002a2a388f10 00 00 00 00 00 00 00 00 00 00 00 00 00 00 00 00
    TLS Address:                 0000006bfabfb800
    TLS Dump:                                 00 01 02 03 04 05 06 07 08 09 0a 0b 0c 0d 0e 0f
                                 006bfabfb800 00 00 00 00 0c 08 e0 03 00 00 00 00 00 00 00 00
                                 006bfabfb810 53 46 43 4f 00 00 00 00 00 00 00 00 01 97 b0 7a
                                 006bfabfb820 a8 00 00 00 c0 03 00 00 6d 03 00 00 00 00 00 00
                                 006bfabfb830 00 00 00 00 00 00 00 00 00 00 00 00 00 00 00 00
                                 006bfabfb840 00 00 00 00 00 00 00 00 00 00 00 00 00 00 00 00
                                 006bfabfb850 00 00 00 00 00 00 00 00 00 00 00 00 00 00 00 00
                                 006bfabfb860 00 00 00 00 00 00 00 00 00 00 00 00 00 00 00 00
                                 006bfabfb870 00 00 00 00 00 00 00 00 00 00 00 00 00 00 00 00
                                 006bfabfb880 00 00 00 00 00 00 00 00 00 00 00 00 00 00 00 00
                                 006bfabfb890 00 00 00 00 00 00 00 00 00 00 00 00 00 00 00 00
                                 006bfabfb8a0 00 00 00 00 00 00 00 00 00 00 00 00 00 00 00 00
                                 006bfabfb8b0 00 00 00 00 00 00 00 00 00 00 00 00 00 00 00 00
                                 006bfabfb8c0 00 00 00 00 00 00 00 00 00 00 00 00 00 00 00 00
                                 006bfabfb8d0 00 00 00 00 00 00 00 00 00 00 00 00 00 00 00 00
                                 006bfabfb8e0 00 00 00 00 00 00 00 00 00 00 00 00 00 00 00 00
                                 006bfabfb8f0 00 00 00 00 00 00 00 00 00 00 00 00 00 00 00 00
