Atmosphère Crash Report (v1.7):
Result:                          0x0 (2000-0000)

Process Info:
    Process Name:                Application
    Program ID:                  01006a800016e000
    Process ID:                  0000000000000095
    Process Flags:               00000077
    User Exception Address:      0000001411e57000
Exception Info:
    Type:                        User Break
    Address:                     00000056cd707998 (nnSdk + 0x389998)
    Break Reason:                0x0
    Break Address:               0000003c94c12ef8
    Break Size:                  0x4
Crashed Thread Info:
    Thread ID:                   0000000000000509
    Thread Name:                 NxSystemThread
    Stack Region:                0000003c94c12000-0000003c94c13000
    Registers:
        X[00]:                   0000000000000000
        X[01]:                   0000003c94c12ef8
        X[02]:                   0000000000000004
        X[03]:                   0000000000000000
        X[04]:                   0000000000000000
        X[05]:                   0000000000000000
        X[06]:                   0000000000000000
        X[07]:                   0000000000000000
        X[08]:                   0000000000000000
        X[09]:                   0000000000000000
        X[10]:                   0000000000000000
        X[11]:                   0000000000000000
        X[12]:                   0000000000000000
        X[13]:                   0000000000000000
        X[14]:                   0000000000000000
        X[15]:                   0000000000000000
        X[16]:                   0000000000000000
        X[17]:                   0000000000000000
        X[18]:                   0000000000000000
        X[19]:                   0000000000000000
        X[20]:                   0000000000000000
        X[21]:                   0000000000000000
        X[22]:                   0000000000000000
        X[23]:                   0000000000000000
        X[24]:                   0000000000000000
        X[25]:                   0000000000000000
        X[26]:                   0000000000000000
        X[27]:                   0000000000000000
        X[28]:                   0000000000000000
        FP:                      0000003c94c12d50
        LR:                      00000056cd501ad8 (nnSdk + 0x183ad8) (_ZN2nn4diag6detail5AbortEPKNS_6ResultE + 0x18)
        SP:                      0000003c94c12d50
        PC:                      00000056cd707994 (nnSdk + 0x389994)
    Stack Trace:
        ReturnAddress[00]:       00000056cd5004a0 (nnSdk + 0x1824a0) (_ZN2nn4diag6detail9AbortImplEPKcS3_S3_iPKNS_6ResultEPKNS_2os17UserExceptionInfoES3_z + 0x0)
        ReturnAddress[01]:       00000056cd500564 (nnSdk + 0x182564)
        ReturnAddress[02]:       00000056cd500600 (nnSdk + 0x182600) (_ZN2nn4diag6detail18OnAssertionFailureENS0_13AssertionTypeEPKcS4_S4_iS4_z + 0x0)
        ReturnAddress[03]:       00000056cd6abfc8 (nnSdk + 0x32dfc8)
        ReturnAddress[04]:       00000056cd6b05ac (nnSdk + 0x3325ac)
        ReturnAddress[05]:       00000056cd6b055c (nnSdk + 0x33255c)
        ReturnAddress[06]:       00000056cd6b054c (nnSdk + 0x33254c)
        ReturnAddress[07]:       00000056cd6b24b8 (nnSdk + 0x3344b8)
        ReturnAddress[08]:       00000056cd6b6984 (nnSdk + 0x338984)
        ReturnAddress[09]:       0000000000000000
    Stack Dump:                               00 01 02 03 04 05 06 07 08 09 0a 0b 0c 0d 0e 0f
                                 003c94c12d50 20 2e c1 94 3c 00 00 00 a0 04 50 cd 56 00 00 00
                                 003c94c12d60 03 00 00 00 00 00 00 00 d0 2d c1 94 3c 00 00 00
                                 003c94c12d70 2e cd d6 cd 56 00 00 00 2e cd d6 cd 56 00 00 00
                                 003c94c12d80 2e cd d6 cd 56 00 00 00 00 00 00 00 00 00 00 00
                                 003c94c12d90 00 00 00 00 00 00 00 00 00 00 00 00 00 00 00 00
                                 003c94c12da0 03 00 00 00 00 00 00 00 d0 2d c1 94 3c 00 00 00
                                 003c94c12db0 2e cd d6 cd 56 00 00 00 2e cd d6 cd 56 00 00 00
                                 003c94c12dc0 2e cd d6 cd 56 00 00 00 00 00 00 00 00 00 00 00
                                 003c94c12dd0 2e cd d6 cd 56 00 00 00 c0 2e c1 94 3c 00 00 00
                                 003c94c12de0 00 00 00 00 00 00 00 00 90 bf 6a cd 56 00 00 00
                                 003c94c12df0 50 82 04 ce 56 00 00 00 00 7c 04 ce 56 00 00 00
                                 003c94c12e00 f8 81 04 ce 56 00 00 00 28 82 04 ce 56 00 00 00
                                 003c94c12e10 c0 81 04 ce 56 00 00 00 c8 81 04 ce 56 00 00 00
                                 003c94c12e20 e0 2e c1 94 3c 00 00 00 64 05 50 cd 56 00 00 00
                                 003c94c12e30 00 00 00 00 00 00 00 00 00 00 00 00 00 00 00 00
                                 003c94c12e40 00 00 00 00 00 00 00 00 00 00 00 00 00 00 00 00
    TLS Address:                 0000001411e57400
    TLS Dump:                                 00 01 02 03 04 05 06 07 08 09 0a 0b 0c 0d 0e 0f
                                 001411e57400 00 00 00 00 0c 00 00 00 00 00 00 00 00 00 00 00
                                 001411e57410 00 00 00 00 00 00 00 00 00 00 00 00 00 00 00 00
                                 001411e57420 53 46 43 4f 00 00 00 00 00 00 00 00 0e 61 f9 21
                                 001411e57430 00 00 00 00 00 00 00 00 00 00 00 00 00 00 00 00
                                 001411e57440 00 00 00 00 00 00 00 00 00 00 00 00 00 00 00 00
                                 001411e57450 00 00 00 00 00 00 00 00 00 00 00 00 00 00 00 00
                                 001411e57460 00 00 00 00 00 00 00 00 00 00 00 00 00 00 00 00
                                 001411e57470 00 00 00 00 00 00 00 00 00 00 00 00 00 00 00 00
                                 001411e57480 00 00 00 00 00 00 00 00 00 00 00 00 00 00 00 00
                                 001411e57490 00 00 00 00 00 00 00 00 00 00 00 00 00 00 00 00
                                 001411e574a0 00 00 00 00 00 00 00 00 00 00 00 00 00 00 00 00
                                 001411e574b0 00 00 00 00 00 00 00 00 00 00 00 00 00 00 00 00
                                 001411e574c0 00 00 00 00 00 00 00 00 00 00 00 00 00 00 00 00
                                 001411e574d0 00 00 00 00 00 00 00 00 00 00 00 00 00 00 00 00
                                 001411e574e0 00 00 00 00 00 00 00 00 00 00 00 00 00 00 00 00
                                 001411e574f0 00 00 00 00 00 00 00 00 00 00 00 00 00 00 00 00
Module Info:
    Number of Modules:           09
    Module 00:
        Address:                 00000056c57dc000-00000056c5800000
        Name:                    [00000000]
        Module Id:               0000000000000000000000000000000000000000000000000000000000000000
    Module 01:
        Address:                 00000056c5800000-00000056c5802000
        Name:                    nnrtld
        Module Id:               285183CAC95179371CC22CEC3723F882E1589659000000000000000000000000
    Module 02:
        Address:                 00000056c5804000-00000056c91cc000
        Name:                    cross2_Release.nss
        Module Id:               3EAE0063B12FD81E99FB5980BA56297049EA94F9000000000000000000000000
    Module 03:
        Address:                 00000056ccc4b000-00000056ccfb8000
        Name:                    multimedia
        Module Id:               60C6EDBBFCEBD4176CC301D5D9CB5A6F094F9360000000000000000000000000
    Module 04:
        Address:                 00000056cd360000-00000056cd371000
        Name:                    Skyline
        Module Id:               84F953E76E1E2E976B0C1540F615449D25DA5BF3000000000000000000000000
    Module 05:
        Address:                 00000056cd37e000-00000056cd8bf000
        Name:                    nnSdk
        Module Id:               5FD4F531C1195E9E5510C9E73F22CD39612839F8000000000000000000000000
    Module 06:
        Address:                 000000131374e000-00000013138ca000
        Name:                    arcropolis
        Module Id:               0000000000000000000000000000000000000000000000000000000000000000
    Module 07:
        Address:                 00000022be520000-00000022be536000
        Name:                    ssbu-pia-manager-impl
        Module Id:               0000000000000000000000000000000000000000000000000000000000000000
    Module 08:
        Address:                 000000055a8d1000-000000055aa55000
        Name:                    training_modpack
        Module Id:               0000000000000000000000000000000000000000000000000000000000000000
Thread Report:
Number of Threads:               38
Threads[00]:
    Thread ID:                   0000000000000508
    Thread Name:                 MainThread
    Stack Region:                0000003ca1bef000-0000003ca1cef000
    Registers:
        X[00]:                   000000000046019b
        X[01]:                   0000001411e57200
        X[02]:                   000000000046019b
        X[03]:                   0000000000000000
        X[04]:                   0000000000000000
        X[05]:                   0000000000000000
        X[06]:                   0000000000000000
        X[07]:                   0000000000000000
        X[08]:                   0000000000000000
        X[09]:                   0000000000000000
        X[10]:                   0000000000000000
        X[11]:                   0000000000000000
        X[12]:                   0000000000000000
        X[13]:                   0000000000000000
        X[14]:                   0000000000000000
        X[15]:                   0000000000000000
        X[16]:                   0000000000000000
        X[17]:                   0000000000000000
        X[18]:                   0000000000000000
        X[19]:                   0000000000000000
        X[20]:                   0000000000000000
        X[21]:                   0000000000000000
        X[22]:                   0000000000000000
        X[23]:                   0000000000000000
        X[24]:                   0000000000000000
        X[25]:                   0000000000000000
        X[26]:                   0000000000000000
        X[27]:                   0000000000000000
        X[28]:                   0000000000000000
        FP:                      0000003ca1ceba60
        LR:                      00000056cd6e5684 (nnSdk + 0x367684) (_ZN2nn2sf4hipc15SendSyncRequestENS_3svc6HandleEPvm + 0x34)
        SP:                      0000003ca1ceba60
        PC:                      00000056cd707954 (nnSdk + 0x389954)
    Stack Trace:
        ReturnAddress[00]:       00000056cd589ff4 (nnSdk + 0x20bff4) (_ZN2nn2sf4cmif6client34CmifDomainProxyClientCoreProcessorINS0_4hipc6client38Hipc2ClientSessionManagedProxyKindBaseINS5_18Hipc2P + 0xa4)
        ReturnAddress[01]:       00000056cd67c2f8 (nnSdk + 0x2fe2f8) (_ZN2nn2sf4cmif6client6detail13CmifProxyImplINS_3mii6detail16IDatabaseServiceENS2_19CmifDomainProxyKindINS0_4hipc6client38Hipc2C + 0x18)
        ReturnAddress[02]:       00000056cd67a358 (nnSdk + 0x2fc358) (_ZN2nn3mii8Database9IsUpdatedEi + 0x28)
        ReturnAddress[03]:       00000056c7ae2ba0 (cross2_Release.nss + 0x22deba0)
        ReturnAddress[04]:       00000056c8f28d68 (cross2_Release.nss + 0x3724d68)
        ReturnAddress[05]:       00000056c8f50628 (cross2_Release.nss + 0x374c628)
        ReturnAddress[06]:       00000056c5ac9cf0 (cross2_Release.nss + 0x2c5cf0)
        ReturnAddress[07]:       00000056cd61ba2c (nnSdk + 0x29da2c) (_ZN2nn4init5StartEmmPFvvES2_ + 0x4c)
        ReturnAddress[08]:       00000056c58000c0 (nnrtld + 0xc0)
    Stack Dump:                               00 01 02 03 04 05 06 07 08 09 0a 0b 0c 0d 0e 0f
                                 003ca1ceba60 20 bb ce a1 3c 00 00 00 f4 9f 58 cd 56 00 00 00
                                 003ca1ceba70 00 00 00 00 00 00 00 00 00 00 00 00 00 00 00 00
                                 003ca1ceba80 00 00 00 00 00 00 00 00 00 00 00 00 00 00 00 00
                                 003ca1ceba90 30 cb c1 fe 40 00 00 00 08 c3 c1 fe 40 00 00 00
                                 003ca1cebaa0 00 00 80 3f 00 00 00 00 00 00 00 00 00 00 00 00
                                 003ca1cebab0 00 00 00 00 00 00 00 00 00 00 00 00 00 00 00 00
                                 003ca1cebac0 00 00 00 00 00 00 00 00 00 00 00 00 00 00 00 00
                                 003ca1cebad0 09 e2 26 3e 00 00 00 00 00 00 00 00 00 00 00 00
                                 003ca1cebae0 01 00 00 00 00 00 00 00 c0 f1 4f bf 40 00 00 00
                                 003ca1cebaf0 80 c6 09 d5 40 00 00 00 f0 5b e7 e7 40 00 00 00
                                 003ca1cebb00 00 00 00 00 00 00 00 00 a0 a0 86 83 40 00 00 00
                                 003ca1cebb10 20 40 86 83 40 00 00 00 00 40 86 83 40 00 00 00
                                 003ca1cebb20 30 bb ce a1 3c 00 00 00 f8 c2 67 cd 56 00 00 00
                                 003ca1cebb30 50 bb ce a1 3c 00 00 00 58 a3 67 cd 56 00 00 00
                                 003ca1cebb40 00 c8 85 83 40 00 00 00 00 c8 85 83 00 00 00 00
                                 003ca1cebb50 20 be ce a1 3c 00 00 00 a0 2b ae c7 56 00 00 00
    TLS Address:                 0000001411e57200
    TLS Dump:                                 00 01 02 03 04 05 06 07 08 09 0a 0b 0c 0d 0e 0f
                                 001411e57200 00 00 00 00 0d 08 e0 03 00 00 00 00 00 00 00 00
                                 001411e57210 00 00 00 00 00 00 00 00 00 00 00 00 00 00 00 00
                                 001411e57220 53 46 43 4f 00 00 00 00 00 00 00 00 6f eb 49 79
                                 001411e57230 00 00 00 00 00 00 00 00 00 00 00 00 00 00 00 00
                                 001411e57240 53 46 43 49 01 00 00 00 0b 00 00 00 00 00 00 00
                                 001411e57250 03 00 e6 01 1b 48 18 c0 3c 00 10 00 00 00 00 00
                                 001411e57260 00 00 00 00 18 00 00 00 f0 bb ce a1 3c 00 18 00
                                 001411e57270 00 00 00 00 00 00 00 00 03 0d 08 00 00 04 0a 00
                                 001411e57280 08 04 0a 00 04 02 14 00 00 00 00 00 00 00 00 00
                                 001411e57290 00 00 00 00 00 00 00 00 00 00 00 00 00 00 00 00
                                 001411e572a0 00 00 00 00 00 00 00 00 00 00 00 00 00 00 00 00
                                 001411e572b0 00 00 00 00 00 00 00 00 00 00 00 00 00 00 00 00
                                 001411e572c0 00 00 00 00 00 00 00 00 00 00 00 00 00 00 00 00
                                 001411e572d0 00 00 00 00 00 00 00 00 00 00 00 00 00 00 00 00
                                 001411e572e0 00 00 00 00 00 00 00 00 00 00 00 00 00 00 00 00
                                 001411e572f0 00 00 00 00 00 00 00 00 00 00 00 00 00 00 00 00
Threads[01]:
    Thread ID:                   0000000000000509
    Thread Name:                 NxSystemThread
    Stack Region:                0000003c94c12000-0000003c94c13000
    Registers:
        X[00]:                   0000000000000000
        X[01]:                   0000003c94c12ef8
        X[02]:                   0000000000000004
        X[03]:                   0000000000000000
        X[04]:                   0000000000000000
        X[05]:                   0000000000000000
        X[06]:                   0000000000000000
        X[07]:                   0000000000000000
        X[08]:                   0000000000000000
        X[09]:                   0000000000000000
        X[10]:                   0000000000000000
        X[11]:                   0000000000000000
        X[12]:                   0000000000000000
        X[13]:                   0000000000000000
        X[14]:                   0000000000000000
        X[15]:                   0000000000000000
        X[16]:                   0000000000000000
        X[17]:                   0000000000000000
        X[18]:                   0000000000000000
        X[19]:                   0000000000000000
        X[20]:                   0000000000000000
        X[21]:                   0000000000000000
        X[22]:                   0000000000000000
        X[23]:                   0000000000000000
        X[24]:                   0000000000000000
        X[25]:                   0000000000000000
        X[26]:                   0000000000000000
        X[27]:                   0000000000000000
        X[28]:                   0000000000000000
        FP:                      0000003c94c12d50
        LR:                      00000056cd501ad8 (nnSdk + 0x183ad8) (_ZN2nn4diag6detail5AbortEPKNS_6ResultE + 0x18)
        SP:                      0000003c94c12d50
        PC:                      00000056cd707994 (nnSdk + 0x389994)
    Stack Trace:
        ReturnAddress[00]:       00000056cd5004a0 (nnSdk + 0x1824a0) (_ZN2nn4diag6detail9AbortImplEPKcS3_S3_iPKNS_6ResultEPKNS_2os17UserExceptionInfoES3_z + 0x0)
        ReturnAddress[01]:       00000056cd500564 (nnSdk + 0x182564)
        ReturnAddress[02]:       00000056cd500600 (nnSdk + 0x182600) (_ZN2nn4diag6detail18OnAssertionFailureENS0_13AssertionTypeEPKcS4_S4_iS4_z + 0x0)
        ReturnAddress[03]:       00000056cd6abfc8 (nnSdk + 0x32dfc8)
        ReturnAddress[04]:       00000056cd6b05ac (nnSdk + 0x3325ac)
        ReturnAddress[05]:       00000056cd6b055c (nnSdk + 0x33255c)
        ReturnAddress[06]:       00000056cd6b054c (nnSdk + 0x33254c)
        ReturnAddress[07]:       00000056cd6b24b8 (nnSdk + 0x3344b8)
        ReturnAddress[08]:       00000056cd6b6984 (nnSdk + 0x338984)
        ReturnAddress[09]:       0000000000000000
    Stack Dump:                               00 01 02 03 04 05 06 07 08 09 0a 0b 0c 0d 0e 0f
                                 003c94c12d50 20 2e c1 94 3c 00 00 00 a0 04 50 cd 56 00 00 00
                                 003c94c12d60 03 00 00 00 00 00 00 00 d0 2d c1 94 3c 00 00 00
                                 003c94c12d70 2e cd d6 cd 56 00 00 00 2e cd d6 cd 56 00 00 00
                                 003c94c12d80 2e cd d6 cd 56 00 00 00 00 00 00 00 00 00 00 00
                                 003c94c12d90 00 00 00 00 00 00 00 00 00 00 00 00 00 00 00 00
                                 003c94c12da0 03 00 00 00 00 00 00 00 d0 2d c1 94 3c 00 00 00
                                 003c94c12db0 2e cd d6 cd 56 00 00 00 2e cd d6 cd 56 00 00 00
                                 003c94c12dc0 2e cd d6 cd 56 00 00 00 00 00 00 00 00 00 00 00
                                 003c94c12dd0 2e cd d6 cd 56 00 00 00 c0 2e c1 94 3c 00 00 00
                                 003c94c12de0 00 00 00 00 00 00 00 00 90 bf 6a cd 56 00 00 00
                                 003c94c12df0 50 82 04 ce 56 00 00 00 00 7c 04 ce 56 00 00 00
                                 003c94c12e00 f8 81 04 ce 56 00 00 00 28 82 04 ce 56 00 00 00
                                 003c94c12e10 c0 81 04 ce 56 00 00 00 c8 81 04 ce 56 00 00 00
                                 003c94c12e20 e0 2e c1 94 3c 00 00 00 64 05 50 cd 56 00 00 00
                                 003c94c12e30 00 00 00 00 00 00 00 00 00 00 00 00 00 00 00 00
                                 003c94c12e40 00 00 00 00 00 00 00 00 00 00 00 00 00 00 00 00
    TLS Address:                 0000001411e57400
    TLS Dump:                                 00 01 02 03 04 05 06 07 08 09 0a 0b 0c 0d 0e 0f
                                 001411e57400 00 00 00 00 0c 00 00 00 00 00 00 00 00 00 00 00
                                 001411e57410 00 00 00 00 00 00 00 00 00 00 00 00 00 00 00 00
                                 001411e57420 53 46 43 4f 00 00 00 00 00 00 00 00 0e 61 f9 21
                                 001411e57430 00 00 00 00 00 00 00 00 00 00 00 00 00 00 00 00
                                 001411e57440 00 00 00 00 00 00 00 00 00 00 00 00 00 00 00 00
                                 001411e57450 00 00 00 00 00 00 00 00 00 00 00 00 00 00 00 00
                                 001411e57460 00 00 00 00 00 00 00 00 00 00 00 00 00 00 00 00
                                 001411e57470 00 00 00 00 00 00 00 00 00 00 00 00 00 00 00 00
                                 001411e57480 00 00 00 00 00 00 00 00 00 00 00 00 00 00 00 00
                                 001411e57490 00 00 00 00 00 00 00 00 00 00 00 00 00 00 00 00
                                 001411e574a0 00 00 00 00 00 00 00 00 00 00 00 00 00 00 00 00
                                 001411e574b0 00 00 00 00 00 00 00 00 00 00 00 00 00 00 00 00
                                 001411e574c0 00 00 00 00 00 00 00 00 00 00 00 00 00 00 00 00
                                 001411e574d0 00 00 00 00 00 00 00 00 00 00 00 00 00 00 00 00
                                 001411e574e0 00 00 00 00 00 00 00 00 00 00 00 00 00 00 00 00
                                 001411e574f0 00 00 00 00 00 00 00 00 00 00 00 00 00 00 00 00
Threads[02]:
    Thread ID:                   000000000000050a
    Thread Name:                 <UNKNOWN>
    Stack Region:                0000003c98728000-0000003c98768000
    Registers:
        X[00]:                   0000003c98767ef8
        X[01]:                   0000003c98767efc
        X[02]:                   0000000000000001
        X[03]:                   ffffffffffffffff
        X[04]:                   0000000000000000
        X[05]:                   0000000000000000
        X[06]:                   0000000000000000
        X[07]:                   0000000000000000
        X[08]:                   0000000000000000
        X[09]:                   0000000000000000
        X[10]:                   0000000000000000
        X[11]:                   0000000000000000
        X[12]:                   0000000000000000
        X[13]:                   0000000000000000
        X[14]:                   0000000000000000
        X[15]:                   0000000000000000
        X[16]:                   0000000000000000
        X[17]:                   0000000000000000
        X[18]:                   0000000000000000
        X[19]:                   0000000000000000
        X[20]:                   0000000000000000
        X[21]:                   0000000000000000
        X[22]:                   0000000000000000
        X[23]:                   0000000000000000
        X[24]:                   0000000000000000
        X[25]:                   0000000000000000
        X[26]:                   0000000000000000
        X[27]:                   0000000000000000
        X[28]:                   0000000000000000
        FP:                      0000003c98767f10
        LR:                      00000056cd6b7498 (nnSdk + 0x339498) (_ZN2nn2os6detail30InterProcessEventImplByHorizon4WaitEjb + 0x88)
        SP:                      0000003c98767ee0
        PC:                      00000056cd707900 (nnSdk + 0x389900)
    Stack Trace:
        ReturnAddress[00]:       00000056c8f5898c (cross2_Release.nss + 0x375498c)
        ReturnAddress[01]:       00000056cd6b24b8 (nnSdk + 0x3344b8)
        ReturnAddress[02]:       00000056cd6b6984 (nnSdk + 0x338984)
        ReturnAddress[03]:       0000000000000000
    Stack Dump:                               00 01 02 03 04 05 06 07 08 09 0a 0b 0c 0d 0e 0f
                                 003c98767ee0 f8 7e 76 98 3c 00 00 00 28 7f 76 98 3c 00 00 00
                                 003c98767ef0 10 7f 76 98 3c 00 00 00 bc a7 6a cd f7 01 05 00
                                 003c98767f00 06 00 00 00 00 00 00 00 f0 e4 13 cb 56 00 00 00
                                 003c98767f10 80 7f 76 98 3c 00 00 00 8c 89 f5 c8 56 00 00 00
                                 003c98767f20 00 00 00 00 00 00 00 00 0f 00 00 00 02 00 00 00
                                 003c98767f30 00 00 00 00 00 00 00 00 00 00 00 00 00 00 00 00
                                 003c98767f40 00 00 00 00 00 00 00 00 00 00 00 00 00 00 00 00
                                 003c98767f50 00 00 00 00 00 00 00 00 00 00 00 00 00 00 00 00
                                 003c98767f60 00 00 00 00 00 00 00 00 bc 09 95 80 40 00 00 00
                                 003c98767f70 b8 09 95 80 40 00 00 00 10 08 95 80 40 00 00 00
                                 003c98767f80 b0 7f 76 98 3c 00 00 00 b8 24 6b cd 56 00 00 00
                                 003c98767f90 00 00 00 00 00 00 00 00 00 00 00 00 00 00 00 00
                                 003c98767fa0 00 00 00 00 00 00 00 00 10 08 95 80 40 00 00 00
                                 003c98767fb0 d0 7f 76 98 3c 00 00 00 84 69 6b cd 56 00 00 00
                                 003c98767fc0 00 00 00 00 00 00 00 00 00 00 00 00 00 00 00 00
                                 003c98767fd0 00 00 00 00 00 00 00 00 00 00 00 00 00 00 00 00
    TLS Address:                 0000001411e57600
    TLS Dump:                                 00 01 02 03 04 05 06 07 08 09 0a 0b 0c 0d 0e 0f
                                 001411e57600 00 00 00 00 0d 00 00 00 00 00 00 00 00 00 00 00
                                 001411e57610 00 00 00 00 00 00 00 00 00 00 00 00 00 00 00 00
                                 001411e57620 53 46 43 4f 00 00 00 00 00 00 00 00 77 7d f2 32
                                 001411e57630 01 00 00 00 00 00 00 00 00 00 00 00 00 00 00 00
                                 001411e57640 00 00 00 00 00 00 00 00 00 00 00 00 00 00 00 00
                                 001411e57650 00 00 00 00 00 00 00 00 00 00 00 00 00 00 00 00
                                 001411e57660 00 00 00 00 00 00 00 00 00 00 00 00 00 00 00 00
                                 001411e57670 00 00 00 00 00 00 00 00 00 00 00 00 00 00 00 00
                                 001411e57680 00 00 00 00 00 00 00 00 00 00 00 00 00 00 00 00
                                 001411e57690 00 00 00 00 00 00 00 00 00 00 00 00 00 00 00 00
                                 001411e576a0 00 00 00 00 00 00 00 00 00 00 00 00 00 00 00 00
                                 001411e576b0 00 00 00 00 00 00 00 00 00 00 00 00 00 00 00 00
                                 001411e576c0 00 00 00 00 00 00 00 00 00 00 00 00 00 00 00 00
                                 001411e576d0 00 00 00 00 00 00 00 00 00 00 00 00 00 00 00 00
                                 001411e576e0 00 00 00 00 00 00 00 00 00 00 00 00 00 00 00 00
                                 001411e576f0 00 00 00 00 00 00 00 00 00 00 00 00 00 00 00 00
Threads[03]:
    Thread ID:                   000000000000050b
    Thread Name:                 Thread_0x00000056CD36BDAC
    Stack Region:                0000003c7ab45000-0000003c7ab55000
    Registers:
        X[00]:                   0000004080950a40
        X[01]:                   0000004080950a48
        X[02]:                   00000000000d01ec
        X[03]:                   000000000098930a
        X[04]:                   0000000000000000
        X[05]:                   0000000000000000
        X[06]:                   0000000000000000
        X[07]:                   0000000000000000
        X[08]:                   0000000000000000
        X[09]:                   0000000000000000
        X[10]:                   0000000000000000
        X[11]:                   0000000000000000
        X[12]:                   0000000000000000
        X[13]:                   0000000000000000
        X[14]:                   0000000000000000
        X[15]:                   0000000000000000
        X[16]:                   0000000000000000
        X[17]:                   0000000000000000
        X[18]:                   0000000000000000
        X[19]:                   0000000000000000
        X[20]:                   0000000000000000
        X[21]:                   0000000000000000
        X[22]:                   0000000000000000
        X[23]:                   0000000000000000
        X[24]:                   0000000000000000
        X[25]:                   0000000000000000
        X[26]:                   0000000000000000
        X[27]:                   0000000000000000
        X[28]:                   0000000000000000
        FP:                      0000003c7ab54eb0
        LR:                      00000056cd6b7a54 (nnSdk + 0x339a54) (_ZN2nn2os6detail38InternalConditionVariableImplByHorizon9TimedWaitEPNS1_23InternalCriticalSectionERKNS1_13TimeoutHelperE + 0x64)
        SP:                      0000003c7ab54e80
        PC:                      00000056cd70792c (nnSdk + 0x38992c)
    Stack Trace:
        ReturnAddress[00]:       00000056cd6ae550 (nnSdk + 0x330550) (_ZN2nn2os24TimedReceiveMessageQueueEPmPNS0_16MessageQueueTypeENS_8TimeSpanE + 0x100)
        ReturnAddress[01]:       00000056cd36c044 (Skyline + 0xc044)
        ReturnAddress[02]:       00000056cd6b6984 (nnSdk + 0x338984)
        ReturnAddress[03]:       0000000000000000
    Stack Dump:                               00 01 02 03 04 05 06 07 08 09 0a 0b 0c 0d 0e 0f
                                 003c7ab54e80 00 00 00 00 00 00 00 00 00 00 00 00 00 00 00 00
                                 003c7ab54e90 48 0a 95 80 40 00 00 00 50 4f b5 7a 3c 00 00 00
                                 003c7ab54ea0 40 0a 95 80 40 00 00 00 08 0a 95 80 40 00 00 00
                                 003c7ab54eb0 f0 4e b5 7a 3c 00 00 00 50 e5 6a cd 56 00 00 00
                                 003c7ab54ec0 30 1c 28 80 40 00 00 00 c0 99 9c fa 81 00 00 00
                                 003c7ab54ed0 00 00 00 00 00 00 00 00 fc 0b 95 80 40 00 00 00
                                 003c7ab54ee0 f8 0b 95 80 40 00 00 00 00 0a 95 80 40 00 00 00
                                 003c7ab54ef0 b0 4f b5 7a 3c 00 00 00 44 c0 36 cd 56 00 00 00
                                 003c7ab54f00 04 bf 36 cd 56 00 00 00 c8 1d 28 80 40 00 00 00
                                 003c7ab54f10 08 1c 28 80 40 00 00 00 80 96 98 00 00 00 00 00
                                 003c7ab54f20 50 4f b5 7a 3c 00 00 00 00 0a 95 80 40 00 00 00
                                 003c7ab54f30 c4 bd 36 cd 56 00 00 00 50 0a 95 80 40 00 00 00
                                 003c7ab54f40 00 00 00 00 00 00 00 00 00 0a 95 80 40 00 00 00
                                 003c7ab54f50 80 0a 72 80 40 00 00 00 00 00 2f 80 40 00 00 00
                                 003c7ab54f60 b8 24 6b cd 56 00 00 00 00 00 00 00 00 00 00 00
                                 003c7ab54f70 f8 0b 95 80 40 00 00 00 00 0a 95 80 40 00 00 00
    TLS Address:                 0000001411e57800
    TLS Dump:                                 00 01 02 03 04 05 06 07 08 09 0a 0b 0c 0d 0e 0f
                                 001411e57800 00 00 00 00 0c 00 00 00 00 00 00 00 00 00 00 00
                                 001411e57810 00 00 00 00 00 00 00 00 00 00 00 00 00 00 00 00
                                 001411e57820 53 46 43 4f 00 00 00 00 02 02 00 00 e7 59 ea d4
                                 001411e57830 00 00 00 00 00 00 00 00 00 00 00 00 00 00 00 00
                                 001411e57840 00 00 00 00 00 00 00 00 36 00 00 00 00 00 00 00
                                 001411e57850 20 00 00 00 00 00 00 00 00 e0 32 29 00 10 5e 5f
                                 001411e57860 72 75 6e 74 69 6d 65 00 00 00 00 00 00 00 00 00
                                 001411e57870 00 00 00 00 00 00 00 00 00 00 00 00 00 00 00 00
                                 001411e57880 00 00 00 00 00 00 00 00 00 00 00 00 00 00 00 00
                                 001411e57890 00 00 00 00 00 00 00 00 00 00 00 00 00 00 00 00
                                 001411e578a0 00 00 00 00 00 00 00 00 00 00 00 00 00 00 00 00
                                 001411e578b0 00 00 00 00 00 00 00 00 00 00 00 00 00 00 00 00
                                 001411e578c0 00 00 00 00 00 00 00 00 00 00 00 00 00 00 00 00
                                 001411e578d0 00 00 00 00 00 00 00 00 00 00 00 00 00 00 00 00
                                 001411e578e0 00 00 00 00 00 00 00 00 00 00 00 00 00 00 00 00
                                 001411e578f0 00 00 00 00 00 00 00 00 00 00 00 00 00 00 00 00
Threads[04]:
    Thread ID:                   000000000000050c
    Thread Name:                 Thread_0x00000056CD3665D8
    Stack Region:                0000003c9d723000-0000003c9d726000
    Registers:
        X[00]:                   00000000001501dc
        X[01]:                   0000001411e57a00
        X[02]:                   00000000001501dc
        X[03]:                   0000003c9d725e60
        X[04]:                   0000000000001000
        X[05]:                   0000000000000013
        X[06]:                   0000001411e57a00
        X[07]:                   0000000000000001
        X[08]:                   0000000000000000
        X[09]:                   0000000000000000
        X[10]:                   0000000000000000
        X[11]:                   0000000000000000
        X[12]:                   0000000000000000
        X[13]:                   0000000000000000
        X[14]:                   0000000000000000
        X[15]:                   0000000000000000
        X[16]:                   0000000000000000
        X[17]:                   0000000000000000
        X[18]:                   0000000000000000
        X[19]:                   0000000000000000
        X[20]:                   0000000000000000
        X[21]:                   0000000000000000
        X[22]:                   0000000000000000
        X[23]:                   0000000000000000
        X[24]:                   0000000000000000
        X[25]:                   0000000000000000
        X[26]:                   0000000000000000
        X[27]:                   0000000000000000
        X[28]:                   0000000000000000
        FP:                      0000003c9d725dd0
        LR:                      00000056cd6e5684 (nnSdk + 0x367684) (_ZN2nn2sf4hipc15SendSyncRequestENS_3svc6HandleEPvm + 0x34)
        SP:                      0000003c9d725dd0
        PC:                      00000056cd707954 (nnSdk + 0x389954)
    Stack Trace:
        ReturnAddress[00]:       00000056cd6f9e80 (nnSdk + 0x37be80) (_ZN2nn2sf4cmif6client34CmifDomainProxyClientCoreProcessorINS0_4hipc6client38Hipc2ClientSessionManagedProxyKindBaseINS5_18Hipc2P + 0x150)
        ReturnAddress[01]:       00000056cd6f8304 (nnSdk + 0x37a304)
        ReturnAddress[02]:       00000056cd6efa24 (nnSdk + 0x371a24) (_ZN2nn6socket6detail6AcceptEiP8sockaddrPj + 0xa4)
        ReturnAddress[03]:       00000056cd3666bc (Skyline + 0x66bc)
        ReturnAddress[04]:       00000056cd6b6984 (nnSdk + 0x338984)
        ReturnAddress[05]:       0000000000000000
    Stack Dump:                               00 01 02 03 04 05 06 07 08 09 0a 0b 0c 0d 0e 0f
                                 003c9d725dd0 e0 5e 72 9d 3c 00 00 00 80 9e 6f cd 56 00 00 00
                                 003c9d725de0 00 00 00 00 00 00 00 00 20 5f 72 9d 3c 00 00 00
                                 003c9d725df0 1c 5f 72 9d 3c 00 00 00 01 00 00 00 00 00 00 01
                                 003c9d725e00 0e 0c 00 00 00 00 00 00 00 00 00 00 00 00 00 00
                                 003c9d725e10 00 00 00 00 00 00 00 00 00 00 00 00 02 00 00 00
                                 003c9d725e20 00 00 00 00 05 00 00 00 13 00 00 00 15 00 00 00
                                 003c9d725e30 00 00 00 00 00 00 00 00 00 00 00 00 00 00 00 00
                                 003c9d725e40 00 00 00 00 00 00 00 00 00 00 00 00 00 00 00 00
                                 003c9d725e50 00 00 00 00 00 00 00 00 00 00 00 00 00 00 00 00
                                 003c9d725e60 22 00 00 00 00 00 00 00 70 5f 72 9d 3c 00 00 00
                                 003c9d725e70 00 00 00 00 00 00 00 00 f8 5d 72 9d 3c 00 00 00
                                 003c9d725e80 00 7a e5 11 14 00 00 00 00 00 00 00 00 00 00 00
                                 003c9d725e90 00 00 00 00 00 00 00 00 00 00 00 00 00 00 00 00
                                 003c9d725ea0 00 00 00 00 00 00 00 00 00 00 00 00 00 00 00 00
                                 003c9d725eb0 00 00 00 00 00 00 00 00 00 00 00 00 00 00 00 00
                                 003c9d725ec0 00 00 00 00 00 00 00 00 ac 01 d5 80 40 00 00 00
    TLS Address:                 0000001411e57a00
    TLS Dump:                                 00 01 02 03 04 05 06 07 08 09 0a 0b 0c 0d 0e 0f
                                 001411e57a00 06 00 00 01 0e 0c 00 00 00 00 00 00 00 00 00 00
                                 001411e57a10 00 00 00 00 00 00 00 00 00 00 00 00 00 00 00 00
                                 001411e57a20 01 00 14 00 01 00 00 00 00 00 00 00 00 00 00 00
                                 001411e57a30 53 46 43 49 01 00 00 00 0c 00 00 00 00 00 00 00
                                 001411e57a40 00 00 00 00 ff ff 00 00 00 00 00 00 70 5f 72 9d
                                 001411e57a50 3c 00 00 00 00 00 00 00 00 00 00 00 00 00 00 00
                                 001411e57a60 00 00 00 00 00 00 00 00 00 00 00 00 00 00 00 00
                                 001411e57a70 00 00 00 00 00 00 00 00 00 00 00 00 00 00 00 00
                                 001411e57a80 00 00 00 00 00 00 00 00 00 00 00 00 00 00 00 00
                                 001411e57a90 00 00 00 00 00 00 00 00 00 00 00 00 00 00 00 00
                                 001411e57aa0 00 00 00 00 00 00 00 00 00 00 00 00 00 00 00 00
                                 001411e57ab0 00 00 00 00 00 00 00 00 00 00 00 00 00 00 00 00
                                 001411e57ac0 00 00 00 00 00 00 00 00 00 00 00 00 00 00 00 00
                                 001411e57ad0 00 00 00 00 00 00 00 00 00 00 00 00 00 00 00 00
                                 001411e57ae0 00 00 00 00 00 00 00 00 00 00 00 00 00 00 00 00
                                 001411e57af0 00 00 00 00 00 00 00 00 00 00 00 00 00 00 00 00
Threads[05]:
    Thread ID:                   000000000000050d
    Thread Name:                 Thread_0x00000056CD364E5C
    Stack Region:                0000003c8b125000-0000003c8b128000
    Registers:
        X[00]:                   0000000005f5e100
        X[01]:                   0000000000000000
        X[02]:                   0000000000000000
        X[03]:                   0000000000000000
        X[04]:                   0000000000000000
        X[05]:                   0000000000000000
        X[06]:                   0000000000000000
        X[07]:                   0000000000000000
        X[08]:                   0000000000000000
        X[09]:                   0000000000000000
        X[10]:                   0000000000000000
        X[11]:                   0000000000000000
        X[12]:                   0000000000000000
        X[13]:                   0000000000000000
        X[14]:                   0000000000000000
        X[15]:                   0000000000000000
        X[16]:                   0000000000000000
        X[17]:                   0000000000000000
        X[18]:                   0000000000000000
        X[19]:                   0000000000000000
        X[20]:                   0000000000000000
        X[21]:                   0000000000000000
        X[22]:                   0000000000000000
        X[23]:                   0000000000000000
        X[24]:                   0000000000000000
        X[25]:                   0000000000000000
        X[26]:                   0000000000000000
        X[27]:                   0000000000000000
        X[28]:                   0000000000000000
        FP:                      0000003c8b127fb0
        LR:                      00000056cd364ee4 (Skyline + 0x4ee4)
        SP:                      0000003c8b127f40
        PC:                      00000056cd70785c (nnSdk + 0x38985c)
    Stack Trace:
        ReturnAddress[00]:       00000056cd6b6984 (nnSdk + 0x338984)
        ReturnAddress[01]:       0000000000000000
    Stack Dump:                               00 01 02 03 04 05 06 07 08 09 0a 0b 0c 0d 0e 0f
                                 003c8b127f00 b0 7f 12 8b 3c 00 00 00 50 00 2f 80 40 00 00 00
                                 003c8b127f10 d0 4e 36 cd 56 00 00 00 00 00 72 80 40 00 00 00
                                 003c8b127f20 00 00 00 00 00 00 00 00 00 e1 f5 05 00 00 00 00
                                 003c8b127f30 b0 7f 12 8b 3c 00 00 00 00 e1 f5 05 00 00 00 00
                                 003c8b127f40 b8 24 6b cd 56 00 00 00 c0 01 d5 80 40 00 00 00
                                 003c8b127f50 00 00 00 00 00 00 00 00 00 00 72 80 40 00 00 00
                                 003c8b127f60 00 00 00 00 00 00 00 00 78 7f 12 8b 3c 00 00 00
                                 003c8b127f70 09 00 00 00 00 00 00 00 54 63 70 4c 6f 67 67 65
                                 003c8b127f80 72 00 12 8b 3c 00 00 00 00 00 72 80 40 00 00 00
                                 003c8b127f90 00 00 00 00 00 00 00 00 00 00 00 00 00 00 00 00
                                 003c8b127fa0 00 00 00 00 00 00 00 00 c0 01 d5 80 40 00 00 00
                                 003c8b127fb0 d0 7f 12 8b 3c 00 00 00 84 69 6b cd 56 00 00 00
                                 003c8b127fc0 00 00 00 00 00 00 00 00 00 00 00 00 00 00 00 00
                                 003c8b127fd0 00 00 00 00 00 00 00 00 00 00 00 00 00 00 00 00
                                 003c8b127fe0 50 24 6b cd 56 00 00 00 00 00 00 00 00 00 00 00
                                 003c8b127ff0 00 00 00 00 00 00 00 00 00 00 00 00 00 00 00 00
    TLS Address:                 0000001411e57c00
    TLS Dump:                                 00 01 02 03 04 05 06 07 08 09 0a 0b 0c 0d 0e 0f
                                 001411e57c00 00 00 00 00 0e 08 e0 03 00 00 00 00 00 00 00 00
                                 001411e57c10 00 00 00 00 00 00 00 00 00 00 00 00 00 00 00 00
                                 001411e57c20 53 46 43 4f 00 00 00 00 00 00 00 00 91 ab e3 ac
                                 001411e57c30 ff ff ff ff 6b 00 00 00 00 00 00 00 00 00 00 00
                                 001411e57c40 00 00 00 00 00 00 00 00 00 00 00 00 00 00 00 00
                                 001411e57c50 00 00 00 00 00 00 00 00 00 00 00 00 00 00 00 00
                                 001411e57c60 00 00 00 00 00 00 00 00 00 00 00 00 00 00 00 00
                                 001411e57c70 00 00 00 00 00 00 00 00 00 00 00 00 00 00 00 00
                                 001411e57c80 00 00 00 00 00 00 00 00 00 00 00 00 00 00 00 00
                                 001411e57c90 00 00 00 00 00 00 00 00 00 00 00 00 00 00 00 00
                                 001411e57ca0 00 00 00 00 00 00 00 00 00 00 00 00 00 00 00 00
                                 001411e57cb0 00 00 00 00 00 00 00 00 00 00 00 00 00 00 00 00
                                 001411e57cc0 00 00 00 00 00 00 00 00 00 00 00 00 00 00 00 00
                                 001411e57cd0 00 00 00 00 00 00 00 00 00 00 00 00 00 00 00 00
                                 001411e57ce0 00 00 00 00 00 00 00 00 00 00 00 00 00 00 00 00
                                 001411e57cf0 00 00 00 00 00 00 00 00 00 00 00 00 00 00 00 00
Threads[06]:
    Thread ID:                   0000000000000513
    Thread Name:                 Thread_0x00000056CD897670
    Stack Region:                0000003c530b8000-0000003c532b8000
    Registers:
        X[00]:                   0000000001312d00
        X[01]:                   0000000001312d00
        X[02]:                   0000000000000004
        X[03]:                   0000000000000000
        X[04]:                   0000000000000000
        X[05]:                   0000000000000000
        X[06]:                   0000000000000000
        X[07]:                   0000000000000000
        X[08]:                   0000000000000000
        X[09]:                   0000000000000000
        X[10]:                   0000000000000000
        X[11]:                   0000000000000000
        X[12]:                   0000000000000000
        X[13]:                   0000000000000000
        X[14]:                   0000000000000000
        X[15]:                   0000000000000000
        X[16]:                   0000000000000000
        X[17]:                   0000000000000000
        X[18]:                   0000000000000000
        X[19]:                   0000000000000000
        X[20]:                   0000000000000000
        X[21]:                   0000000000000000
        X[22]:                   0000000000000000
        X[23]:                   0000000000000000
        X[24]:                   0000000000000000
        X[25]:                   0000000000000000
        X[26]:                   0000000000000000
        X[27]:                   0000000000000000
        X[28]:                   0000000000000000
        FP:                      0000003c532b7e90
        LR:                      0000001313773a68 (arcropolis + 0x25a68)
        SP:                      0000003c532b7e90
        PC:                      00000056cd70785c (nnSdk + 0x38985c)
    Stack Trace:
        ReturnAddress[00]:       0000001313966098
        ReturnAddress[01]:       0000000000000008
    Stack Dump:                               00 01 02 03 04 05 06 07 08 09 0a 0b 0c 0d 0e 0f
                                 003c532b7e90 a0 60 96 13 13 00 00 00 98 60 96 13 13 00 00 00
                                 003c532b7ea0 04 00 00 00 00 00 00 00 04 00 00 00 00 00 00 00
                                 003c532b7eb0 00 00 00 00 00 00 00 00 04 00 00 00 00 00 00 00
                                 003c532b7ec0 80 7f 2b 53 3c 00 00 00 74 1f 7c 13 13 00 00 00
                                 003c532b7ed0 00 00 00 00 00 00 00 00 00 00 00 00 00 00 00 00
                                 003c532b7ee0 00 00 00 00 00 00 00 00 00 00 00 00 00 00 00 00
                                 003c532b7ef0 00 00 00 00 00 00 00 00 00 00 00 00 00 00 00 00
                                 003c532b7f00 00 00 00 00 00 00 00 00 30 74 96 13 13 00 00 00
                                 003c532b7f10 e0 00 cb 82 40 00 00 00 80 00 dd 80 40 00 00 00
                                 003c532b7f20 00 00 00 00 00 00 00 00 00 00 00 00 00 00 00 00
                                 003c532b7f30 0c 2f 89 13 13 00 00 00 00 00 00 00 00 00 00 00
                                 003c532b7f40 80 00 dd 80 40 00 00 00 20 00 ad 82 40 00 00 00
                                 003c532b7f50 d0 76 89 cd 56 00 00 00 ac b1 ee 84 40 00 00 00
                                 003c532b7f60 78 1e fa cd 56 00 00 00 c0 b1 ee 84 40 00 00 00
                                 003c532b7f70 a8 b1 ee 84 40 00 00 00 00 b0 ee 84 40 00 00 00
                                 003c532b7f80 b0 7f 2b 53 3c 00 00 00 b8 24 6b cd 56 00 00 00
    TLS Address:                 0000000f17b78000
    TLS Dump:                                 00 01 02 03 04 05 06 07 08 09 0a 0b 0c 0d 0e 0f
                                 000f17b78000 00 00 00 00 00 00 00 00 00 00 00 00 00 00 00 00
                                 000f17b78010 00 00 00 00 00 00 00 00 00 00 00 00 00 00 00 00
                                 000f17b78020 00 00 00 00 00 00 00 00 00 00 00 00 00 00 00 00
                                 000f17b78030 00 00 00 00 00 00 00 00 00 00 00 00 00 00 00 00
                                 000f17b78040 00 00 00 00 00 00 00 00 00 00 00 00 00 00 00 00
                                 000f17b78050 00 00 00 00 00 00 00 00 00 00 00 00 00 00 00 00
                                 000f17b78060 00 00 00 00 00 00 00 00 00 00 00 00 00 00 00 00
                                 000f17b78070 00 00 00 00 00 00 00 00 00 00 00 00 00 00 00 00
                                 000f17b78080 00 00 00 00 00 00 00 00 00 00 00 00 00 00 00 00
                                 000f17b78090 00 00 00 00 00 00 00 00 00 00 00 00 00 00 00 00
                                 000f17b780a0 00 00 00 00 00 00 00 00 00 00 00 00 00 00 00 00
                                 000f17b780b0 00 00 00 00 00 00 00 00 00 00 00 00 00 00 00 00
                                 000f17b780c0 00 00 00 00 00 00 00 00 00 00 00 00 00 00 00 00
                                 000f17b780d0 00 00 00 00 00 00 00 00 00 00 00 00 00 00 00 00
                                 000f17b780e0 00 00 00 00 00 00 00 00 00 00 00 00 00 00 00 00
                                 000f17b780f0 00 00 00 00 00 00 00 00 00 00 00 00 00 00 00 00
Threads[07]:
    Thread ID:                   0000000000000514
    Thread Name:                 Thread_0x00000056CD897670
    Stack Region:                0000003c5d007000-0000003c5d01b000
    Registers:
        X[00]:                   0000004082c80048
        X[01]:                   0000004082c80014
        X[02]:                   00000000001b81d1
        X[03]:                   ffffffffffffffff
        X[04]:                   0000000000000000
        X[05]:                   0000000000000000
        X[06]:                   0000000000000000
        X[07]:                   0000000000000000
        X[08]:                   0000000000000000
        X[09]:                   0000000000000000
        X[10]:                   0000000000000000
        X[11]:                   0000000000000000
        X[12]:                   0000000000000000
        X[13]:                   0000000000000000
        X[14]:                   0000000000000000
        X[15]:                   0000000000000000
        X[16]:                   0000000000000000
        X[17]:                   0000000000000000
        X[18]:                   0000000000000000
        X[19]:                   0000000000000000
        X[20]:                   0000000000000000
        X[21]:                   0000000000000000
        X[22]:                   0000000000000000
        X[23]:                   0000000000000000
        X[24]:                   0000000000000000
        X[25]:                   0000000000000000
        X[26]:                   0000000000000000
        X[27]:                   0000000000000000
        X[28]:                   0000000000000000
        FP:                      0000003c5d01aed0
        LR:                      00000056cd6b7998 (nnSdk + 0x339998) (_ZN2nn2os6detail38InternalConditionVariableImplByHorizon4WaitEPNS1_23InternalCriticalSectionE + 0x48)
        SP:                      0000003c5d01aeb0
        PC:                      00000056cd70792c (nnSdk + 0x38992c)
    Stack Trace:
        ReturnAddress[00]:       00000056cd6ac464 (nnSdk + 0x32e464) (_ZN2nn2os21WaitConditionVariableEPNS0_21ConditionVariableTypeEPNS0_9MutexTypeE + 0x44)
        ReturnAddress[01]:       00000056cd897ebc (nnSdk + 0x519ebc) (__nnmusl_WaitConditionVariable + 0xc)
        ReturnAddress[02]:       00000056cd898404 (nnSdk + 0x51a404) (__nx_pthread_detached_worker_start + 0x5c)
        ReturnAddress[03]:       00000056cd8976d0 (nnSdk + 0x5196d0)
        ReturnAddress[04]:       00000056cd6b24b8 (nnSdk + 0x3344b8)
        ReturnAddress[05]:       00000056cd6b6984 (nnSdk + 0x338984)
        ReturnAddress[06]:       0000000000000000
    Stack Dump:                               00 01 02 03 04 05 06 07 08 09 0a 0b 0c 0d 0e 0f
                                 003c5d01aeb0 00 00 c8 82 40 00 00 00 00 00 00 00 00 00 00 00
                                 003c5d01aec0 50 00 c8 82 40 00 00 00 30 00 c8 82 40 00 00 00
                                 003c5d01aed0 f0 ae 01 5d 3c 00 00 00 64 c4 6a cd 56 00 00 00
                                 003c5d01aee0 30 00 c8 82 40 00 00 00 30 00 c8 82 40 00 00 00
                                 003c5d01aef0 00 af 01 5d 3c 00 00 00 bc 7e 89 cd 56 00 00 00
                                 003c5d01af00 60 af 01 5d 3c 00 00 00 04 84 89 cd 56 00 00 00
                                 003c5d01af10 00 00 00 00 00 00 00 00 00 00 00 00 00 00 00 00
                                 003c5d01af20 00 00 00 00 00 00 00 00 00 00 00 00 00 00 00 00
                                 003c5d01af30 00 00 00 00 00 00 00 00 00 00 00 00 00 00 00 00
                                 003c5d01af40 00 00 00 00 00 00 00 00 ac 41 c4 83 40 00 00 00
                                 003c5d01af50 78 1e fa cd 56 00 00 00 c0 41 c4 83 40 00 00 00
                                 003c5d01af60 80 af 01 5d 3c 00 00 00 d0 76 89 cd 56 00 00 00
                                 003c5d01af70 a8 41 c4 83 40 00 00 00 00 40 c4 83 40 00 00 00
                                 003c5d01af80 b0 af 01 5d 3c 00 00 00 b8 24 6b cd 56 00 00 00
                                 003c5d01af90 00 00 00 00 00 00 00 00 00 00 00 00 00 00 00 00
                                 003c5d01afa0 00 00 00 00 00 00 00 00 00 40 c4 83 40 00 00 00
    TLS Address:                 0000000f17b78200
    TLS Dump:                                 00 01 02 03 04 05 06 07 08 09 0a 0b 0c 0d 0e 0f
                                 000f17b78200 00 00 00 00 00 00 00 00 00 00 00 00 00 00 00 00
                                 000f17b78210 00 00 00 00 00 00 00 00 00 00 00 00 00 00 00 00
                                 000f17b78220 00 00 00 00 00 00 00 00 00 00 00 00 00 00 00 00
                                 000f17b78230 00 00 00 00 00 00 00 00 00 00 00 00 00 00 00 00
                                 000f17b78240 00 00 00 00 00 00 00 00 00 00 00 00 00 00 00 00
                                 000f17b78250 00 00 00 00 00 00 00 00 00 00 00 00 00 00 00 00
                                 000f17b78260 00 00 00 00 00 00 00 00 00 00 00 00 00 00 00 00
                                 000f17b78270 00 00 00 00 00 00 00 00 00 00 00 00 00 00 00 00
                                 000f17b78280 00 00 00 00 00 00 00 00 00 00 00 00 00 00 00 00
                                 000f17b78290 00 00 00 00 00 00 00 00 00 00 00 00 00 00 00 00
                                 000f17b782a0 00 00 00 00 00 00 00 00 00 00 00 00 00 00 00 00
                                 000f17b782b0 00 00 00 00 00 00 00 00 00 00 00 00 00 00 00 00
                                 000f17b782c0 00 00 00 00 00 00 00 00 00 00 00 00 00 00 00 00
                                 000f17b782d0 00 00 00 00 00 00 00 00 00 00 00 00 00 00 00 00
                                 000f17b782e0 00 00 00 00 00 00 00 00 00 00 00 00 00 00 00 00
                                 000f17b782f0 00 00 00 00 00 00 00 00 00 00 00 00 00 00 00 00
Threads[08]:
    Thread ID:                   0000000000000516
    Thread Name:                 Thread_0x00000056CD897670
    Stack Region:                0000003caa0d4000-0000003caa2d4000
    Registers:
        X[00]:                   0000000077359400
        X[01]:                   0000000000000011
        X[02]:                   0000000000000000
        X[03]:                   0000000000000000
        X[04]:                   0000000000000000
        X[05]:                   0000000000000000
        X[06]:                   0000000000000000
        X[07]:                   0000000000000000
        X[08]:                   0000000000000000
        X[09]:                   0000000000000000
        X[10]:                   0000000000000000
        X[11]:                   0000000000000000
        X[12]:                   0000000000000000
        X[13]:                   0000000000000000
        X[14]:                   0000000000000000
        X[15]:                   0000000000000000
        X[16]:                   0000000000000000
        X[17]:                   0000000000000000
        X[18]:                   0000000000000000
        X[19]:                   0000000000000000
        X[20]:                   0000000000000000
        X[21]:                   0000000000000000
        X[22]:                   0000000000000000
        X[23]:                   0000000000000000
        X[24]:                   0000000000000000
        X[25]:                   0000000000000000
        X[26]:                   0000000000000000
        X[27]:                   0000000000000000
        X[28]:                   0000000000000000
        FP:                      0000003caa2d3ed8
        LR:                      00000022be52a73c (ssbu-pia-manager-impl + 0xa73c)
        SP:                      0000003caa2d3db0
        PC:                      00000056cd70785c (nnSdk + 0x38985c)
    Stack Trace:
        ReturnAddress[00]:       0000003caa2d3f80
        ReturnAddress[01]:       00000040855f8000
        ReturnAddress[02]:       00000040852b6000
        ReturnAddress[03]:       0000004083c44000
        ReturnAddress[04]:       0000004084eeb000
        ReturnAddress[05]:       0000004080d501c0
        ReturnAddress[06]:       0000004080d50000
        ReturnAddress[07]:       0000004080950a50
        ReturnAddress[08]:       0000004080950810
        ReturnAddress[09]:       00000056ce048000
        ReturnAddress[10]:       00000056ce04a088
        ReturnAddress[11]:       00000056ce04a250
        ReturnAddress[12]:       00000040fa4bc0e0
        ReturnAddress[13]:       00000040e7fdf020
        ReturnAddress[14]:       00000040e7f74020
        ReturnAddress[15]:       00000040e7f67020
        ReturnAddress[16]:       00000040e75e9580
        ReturnAddress[17]:       00000040e75e93b0
        ReturnAddress[18]:       00000040e75e9010
        ReturnAddress[19]:       00000040d73bc910
        ReturnAddress[20]:       00000040d73bc690
        ReturnAddress[21]:       00000040d739e910
        ReturnAddress[22]:       00000056cc5f9100
        ReturnAddress[23]:       00000040d739d790
        ReturnAddress[24]:       00000056cc5d8cc0
        ReturnAddress[25]:       00000040d754a088
        ReturnAddress[26]:       00000040d739c890
        ReturnAddress[27]:       00000040d7862000
        ReturnAddress[28]:       00000040d7399b90
        ReturnAddress[29]:       00000040bf7c7710
        ReturnAddress[30]:       00000040d7394910
        ReturnAddress[31]:       00000040d7394690
    Stack Dump:                               00 01 02 03 04 05 06 07 08 09 0a 0b 0c 0d 0e 0f
                                 003caa2d3db0 00 00 00 00 00 00 00 00 d0 3d 2d aa 3c 00 00 00
                                 003caa2d3dc0 a0 3e 2d aa 3c 00 00 00 00 00 00 00 00 00 00 00
                                 003caa2d3dd0 00 d8 15 9e 40 00 00 00 00 00 00 00 00 00 00 00
                                 003caa2d3de0 00 00 00 00 00 00 00 00 00 00 00 00 00 00 00 00
                                 003caa2d3df0 01 11 13 c9 56 00 00 00 3c 34 53 be 22 00 00 00
                                 003caa2d3e00 80 d6 53 be 22 00 00 00 00 60 2b 85 40 00 00 00
                                 003caa2d3e10 01 00 00 00 00 00 00 00 00 00 00 00 00 00 00 00
                                 003caa2d3e20 cf 7c bc d0 80 40 e5 eb 01 3e 2d aa 3c 00 00 00
                                 003caa2d3e30 55 23 bb 0d e4 50 ef 2f 00 f5 12 c9 00 00 00 00
                                 003caa2d3e40 c0 3e 2d aa 3c 00 00 00 60 1d 13 c9 56 00 00 00
                                 003caa2d3e50 a8 3e 2d aa 3c 00 00 00 01 00 00 00 00 00 00 00
                                 003caa2d3e60 10 00 00 00 00 00 00 00 10 00 00 00 00 00 00 00
                                 003caa2d3e70 00 01 dd 80 fe ff ff ff ff ff ff ff 40 00 00 00
                                 003caa2d3e80 00 01 00 01 01 00 00 00 01 00 00 00 00 00 00 00
                                 003caa2d3e90 00 00 00 00 00 00 00 00 d2 df b6 c9 56 00 00 00
                                 003caa2d3ea0 02 00 00 00 00 00 00 00 00 00 00 00 00 00 00 00
    TLS Address:                 0000000f17b78400
    TLS Dump:                                 00 01 02 03 04 05 06 07 08 09 0a 0b 0c 0d 0e 0f
                                 000f17b78400 00 00 00 00 00 00 00 00 00 00 00 00 00 00 00 00
                                 000f17b78410 00 00 00 00 00 00 00 00 00 00 00 00 00 00 00 00
                                 000f17b78420 00 00 00 00 00 00 00 00 00 00 00 00 00 00 00 00
                                 000f17b78430 00 00 00 00 00 00 00 00 00 00 00 00 00 00 00 00
                                 000f17b78440 00 00 00 00 00 00 00 00 00 00 00 00 00 00 00 00
                                 000f17b78450 00 00 00 00 00 00 00 00 00 00 00 00 00 00 00 00
                                 000f17b78460 00 00 00 00 00 00 00 00 00 00 00 00 00 00 00 00
                                 000f17b78470 00 00 00 00 00 00 00 00 00 00 00 00 00 00 00 00
                                 000f17b78480 00 00 00 00 00 00 00 00 00 00 00 00 00 00 00 00
                                 000f17b78490 00 00 00 00 00 00 00 00 00 00 00 00 00 00 00 00
                                 000f17b784a0 00 00 00 00 00 00 00 00 00 00 00 00 00 00 00 00
                                 000f17b784b0 00 00 00 00 00 00 00 00 00 00 00 00 00 00 00 00
                                 000f17b784c0 00 00 00 00 00 00 00 00 00 00 00 00 00 00 00 00
                                 000f17b784d0 00 00 00 00 00 00 00 00 00 00 00 00 00 00 00 00
                                 000f17b784e0 00 00 00 00 00 00 00 00 00 00 00 00 00 00 00 00
                                 000f17b784f0 00 00 00 00 00 00 00 00 00 00 00 00 00 00 00 00
Threads[09]:
    Thread ID:                   0000000000000519
    Thread Name:                 Thread_0x00000056CD897670
    Stack Region:                0000003c75a9b000-0000003c75c9b000
    Registers:
        X[00]:                   00000002540be400
        X[01]:                   0000000000000000
        X[02]:                   0000000000000000
        X[03]:                   0000000000000000
        X[04]:                   0000000000000000
        X[05]:                   0000000000000000
        X[06]:                   0000000000000000
        X[07]:                   0000000000000000
        X[08]:                   0000000000000000
        X[09]:                   0000000000000000
        X[10]:                   0000000000000000
        X[11]:                   0000000000000000
        X[12]:                   0000000000000000
        X[13]:                   0000000000000000
        X[14]:                   0000000000000000
        X[15]:                   0000000000000000
        X[16]:                   0000000000000000
        X[17]:                   0000000000000000
        X[18]:                   0000000000000000
        X[19]:                   0000000000000000
        X[20]:                   0000000000000000
        X[21]:                   0000000000000000
        X[22]:                   0000000000000000
        X[23]:                   0000000000000000
        X[24]:                   0000000000000000
        X[25]:                   0000000000000000
        X[26]:                   0000000000000000
        X[27]:                   0000000000000000
        X[28]:                   0000000000000000
        FP:                      00000040bf7c8c10
        LR:                      000000055aa0f104 (training_modpack + 0x13e104)
        SP:                      0000003c75c9a850
        PC:                      00000056cd70785c (nnSdk + 0x38985c)
    Stack Trace:
        ReturnAddress[00]:       0000000000000000
    Stack Dump:                               00 01 02 03 04 05 06 07 08 09 0a 0b 0c 0d 0e 0f
                                 003c75c9a850 00 00 00 00 00 00 00 00 92 ad c9 75 3c 00 00 00
                                 003c75c9a860 02 00 00 00 00 00 00 00 00 00 00 00 00 00 00 00
                                 003c75c9a870 a5 ad c9 75 3c 00 00 00 c0 fd 57 bf 40 00 00 00
                                 003c75c9a880 00 00 00 00 00 00 00 00 00 00 00 00 00 00 00 80
                                 003c75c9a890 00 00 00 00 00 00 00 00 b0 a9 c9 75 3c 00 00 00
                                 003c75c9a8a0 80 a9 c9 75 3c 00 00 00 93 ad c9 75 3c 00 00 00
                                 003c75c9a8b0 50 00 ad 82 40 00 00 00 0a 00 00 00 00 00 00 00
                                 003c75c9a8c0 20 00 00 00 00 00 00 00 00 02 dd 80 40 00 00 00
                                 003c75c9a8d0 20 00 00 00 00 00 00 00 20 00 00 00 00 00 00 00
                                 003c75c9a8e0 40 02 dd 80 40 00 00 00 20 00 00 00 00 00 00 00
                                 003c75c9a8f0 40 00 00 00 00 00 00 00 40 06 dc 80 40 00 00 00
                                 003c75c9a900 40 00 00 00 00 00 00 00 00 00 00 00 00 00 00 00
                                 003c75c9a910 01 00 00 00 00 00 00 00 00 00 00 00 00 00 00 00
                                 003c75c9a920 14 00 00 00 00 00 00 00 a0 02 dd 80 40 00 00 00
                                 003c75c9a930 14 00 00 00 00 00 00 00 06 00 00 00 00 00 00 00
                                 003c75c9a940 40 02 ad 82 40 00 00 00 06 00 00 00 00 00 00 00
    TLS Address:                 0000000f17b78600
    TLS Dump:                                 00 01 02 03 04 05 06 07 08 09 0a 0b 0c 0d 0e 0f
                                 000f17b78600 02 00 00 00 00 00 00 00 00 00 00 00 00 00 00 00
                                 000f17b78610 02 00 00 00 01 00 00 00 00 00 00 00 00 00 00 00
                                 000f17b78620 53 46 43 4f 00 00 00 00 00 00 00 00 0c 8b df 46
                                 000f17b78630 00 00 00 00 00 00 00 00 00 00 00 00 00 00 00 00
                                 000f17b78640 03 00 00 00 ff ff 00 00 06 10 00 00 00 00 00 00
                                 000f17b78650 f8 04 bf 81 10 00 00 00 00 00 00 00 00 00 00 00
                                 000f17b78660 53 46 43 49 01 00 00 00 0c 00 00 00 00 00 00 00
                                 000f17b78670 01 00 00 00 00 00 00 00 00 00 00 00 00 00 00 00
                                 000f17b78680 00 00 00 00 00 00 00 00 00 00 00 00 00 00 00 00
                                 000f17b78690 00 00 00 00 00 00 00 00 00 00 00 00 00 00 00 00
                                 000f17b786a0 00 00 00 00 00 00 00 00 00 00 00 00 00 00 00 00
                                 000f17b786b0 00 00 00 00 00 00 00 00 00 00 00 00 00 00 00 00
                                 000f17b786c0 00 00 00 00 00 00 00 00 00 00 00 00 00 00 00 00
                                 000f17b786d0 00 00 00 00 00 00 00 00 00 00 00 00 00 00 00 00
                                 000f17b786e0 00 00 00 00 00 00 00 00 00 00 00 00 00 00 00 00
                                 000f17b786f0 00 00 00 00 00 00 00 00 00 00 00 00 00 00 00 00
Threads[10]:
    Thread ID:                   000000000000051a
    Thread Name:                 TaskWorker1
    Registers:
        X[00]:                   000000408bb80148
        X[01]:                   0000000000000002
        X[02]:                   0000000000000001
        X[03]:                   ffffffffffffffff
        X[04]:                   0000000000000000
        X[05]:                   0000000000000000
        X[06]:                   0000000000000000
        X[07]:                   0000000000000000
        X[08]:                   0000000000000000
        X[09]:                   0000000000000000
        X[10]:                   0000000000000000
        X[11]:                   0000000000000000
        X[12]:                   0000000000000000
        X[13]:                   0000000000000000
        X[14]:                   0000000000000000
        X[15]:                   0000000000000000
        X[16]:                   0000000000000000
        X[17]:                   0000000000000000
        X[18]:                   0000000000000000
        X[19]:                   0000000000000000
        X[20]:                   0000000000000000
        X[21]:                   0000000000000000
        X[22]:                   0000000000000000
        X[23]:                   0000000000000000
        X[24]:                   0000000000000000
        X[25]:                   0000000000000000
        X[26]:                   0000000000000000
        X[27]:                   0000000000000000
        X[28]:                   0000000000000000
        FP:                      000000408ba7fed0
        LR:                      00000056cd6acc88 (nnSdk + 0x32ec88) (_ZN2nn2os6detail18WaitLightEventImplEPNS0_14LightEventTypeE + 0x88)
        SP:                      000000408ba7fea0
        PC:                      00000056cd707a24 (nnSdk + 0x389a24)
    Stack Trace:
        ReturnAddress[00]:       00000056c8d4e5ac (cross2_Release.nss + 0x354a5ac)
        ReturnAddress[01]:       00000056c8d40f68 (cross2_Release.nss + 0x353cf68)
        ReturnAddress[02]:       00000056c8fd052c (cross2_Release.nss + 0x37cc52c)
        ReturnAddress[03]:       00000056cd6b5f28 (nnSdk + 0x337f28) (_ZN2nn2os6detail17CallFiberFunctionEPFPNS0_9FiberTypeEPvES4_ + 0x14)
    TLS Address:                 0000000f17b78800
    TLS Dump:                                 00 01 02 03 04 05 06 07 08 09 0a 0b 0c 0d 0e 0f
                                 000f17b78800 00 00 01 00 09 08 e0 03 00 01 18 00 48 fd a7 8b
                                 000f17b78810 53 46 43 4f 00 00 00 00 00 00 00 00 99 5d e2 a4
                                 000f17b78820 00 00 00 00 00 00 00 00 00 00 00 00 00 00 00 00
                                 000f17b78830 00 00 00 00 01 00 00 00 01 00 00 00 00 00 00 00
                                 000f17b78840 02 00 e6 01 05 01 18 c0 00 00 00 00 00 00 00 00
                                 000f17b78850 18 00 00 00 48 fd a7 8b 40 00 18 00 00 00 00 00
                                 000f17b78860 00 00 00 00 00 00 00 00 00 00 00 00 00 00 00 00
                                 000f17b78870 00 00 00 00 00 00 00 00 00 00 00 00 00 00 00 00
                                 000f17b78880 00 00 00 00 00 00 00 00 00 00 00 00 00 00 00 00
                                 000f17b78890 00 00 00 00 00 00 00 00 00 00 00 00 00 00 00 00
                                 000f17b788a0 00 00 00 00 00 00 00 00 00 00 00 00 00 00 00 00
                                 000f17b788b0 00 00 00 00 00 00 00 00 00 00 00 00 00 00 00 00
                                 000f17b788c0 00 00 00 00 00 00 00 00 00 00 00 00 00 00 00 00
                                 000f17b788d0 00 00 00 00 00 00 00 00 00 00 00 00 00 00 00 00
                                 000f17b788e0 00 00 00 00 00 00 00 00 00 00 00 00 00 00 00 00
                                 000f17b788f0 00 00 00 00 00 00 00 00 00 00 00 00 00 00 00 00
Threads[11]:
    Thread ID:                   000000000000051b
    Thread Name:                 TaskWorker2
    Registers:
        X[00]:                   000000408bbb0148
        X[01]:                   0000000000000002
        X[02]:                   0000000000000001
        X[03]:                   ffffffffffffffff
        X[04]:                   000000408bbffd20
        X[05]:                   000000408bbffd10
        X[06]:                   00000056cd7b2c10 (nnSdk + 0x434c10)
        X[07]:                   0000000000000008
        X[08]:                   0000000000000000
        X[09]:                   0000000000000000
        X[10]:                   0000000000000000
        X[11]:                   0000000000000000
        X[12]:                   0000000000000000
        X[13]:                   0000000000000000
        X[14]:                   0000000000000000
        X[15]:                   0000000000000000
        X[16]:                   0000000000000000
        X[17]:                   0000000000000000
        X[18]:                   0000000000000000
        X[19]:                   0000000000000000
        X[20]:                   0000000000000000
        X[21]:                   0000000000000000
        X[22]:                   0000000000000000
        X[23]:                   0000000000000000
        X[24]:                   0000000000000000
        X[25]:                   0000000000000000
        X[26]:                   0000000000000000
        X[27]:                   0000000000000000
        X[28]:                   0000000000000000
        FP:                      000000408bbffed0
        LR:                      00000056cd6acc88 (nnSdk + 0x32ec88) (_ZN2nn2os6detail18WaitLightEventImplEPNS0_14LightEventTypeE + 0x88)
        SP:                      000000408bbffea0
        PC:                      00000056cd707a24 (nnSdk + 0x389a24)
    Stack Trace:
        ReturnAddress[00]:       00000056c8d4e5ac (cross2_Release.nss + 0x354a5ac)
        ReturnAddress[01]:       00000056c8d40f68 (cross2_Release.nss + 0x353cf68)
        ReturnAddress[02]:       00000056c8fd052c (cross2_Release.nss + 0x37cc52c)
        ReturnAddress[03]:       00000056cd6b5f28 (nnSdk + 0x337f28) (_ZN2nn2os6detail17CallFiberFunctionEPFPNS0_9FiberTypeEPvES4_ + 0x14)
    TLS Address:                 0000000f17b78a00
    TLS Dump:                                 00 01 02 03 04 05 06 07 08 09 0a 0b 0c 0d 0e 0f
                                 000f17b78a00 00 00 00 00 00 00 00 00 00 00 00 00 00 00 00 00
                                 000f17b78a10 00 00 00 00 00 00 00 00 00 00 00 00 00 00 00 00
                                 000f17b78a20 00 00 00 00 00 00 00 00 00 00 00 00 00 00 00 00
                                 000f17b78a30 00 00 00 00 00 00 00 00 00 00 00 00 00 00 00 00
                                 000f17b78a40 00 00 00 00 00 00 00 00 00 00 00 00 00 00 00 00
                                 000f17b78a50 00 00 00 00 00 00 00 00 00 00 00 00 00 00 00 00
                                 000f17b78a60 00 00 00 00 00 00 00 00 00 00 00 00 00 00 00 00
                                 000f17b78a70 00 00 00 00 00 00 00 00 00 00 00 00 00 00 00 00
                                 000f17b78a80 00 00 00 00 00 00 00 00 00 00 00 00 00 00 00 00
                                 000f17b78a90 00 00 00 00 00 00 00 00 00 00 00 00 00 00 00 00
                                 000f17b78aa0 00 00 00 00 00 00 00 00 00 00 00 00 00 00 00 00
                                 000f17b78ab0 00 00 00 00 00 00 00 00 00 00 00 00 00 00 00 00
                                 000f17b78ac0 00 00 00 00 00 00 00 00 00 00 00 00 00 00 00 00
                                 000f17b78ad0 00 00 00 00 00 00 00 00 00 00 00 00 00 00 00 00
                                 000f17b78ae0 00 00 00 00 00 00 00 00 00 00 00 00 00 00 00 00
                                 000f17b78af0 00 00 00 00 00 00 00 00 00 00 00 00 00 00 00 00
Threads[12]:
    Thread ID:                   000000000000051c
    Thread Name:                 TaskWorker0
    Registers:
        X[00]:                   000000408092b248
        X[01]:                   0000000000000002
        X[02]:                   0000000000000001
        X[03]:                   ffffffffffffffff
        X[04]:                   0000000000000000
        X[05]:                   0000000000000000
        X[06]:                   0000000000000000
        X[07]:                   0000000000000000
        X[08]:                   0000000000000000
        X[09]:                   0000000000000000
        X[10]:                   0000000000000000
        X[11]:                   0000000000000000
        X[12]:                   0000000000000000
        X[13]:                   0000000000000000
        X[14]:                   0000000000000000
        X[15]:                   0000000000000000
        X[16]:                   0000000000000000
        X[17]:                   0000000000000000
        X[18]:                   0000000000000000
        X[19]:                   0000000000000000
        X[20]:                   0000000000000000
        X[21]:                   0000000000000000
        X[22]:                   0000000000000000
        X[23]:                   0000000000000000
        X[24]:                   0000000000000000
        X[25]:                   0000000000000000
        X[26]:                   0000000000000000
        X[27]:                   0000000000000000
        X[28]:                   0000000000000000
        FP:                      000000408c165890
        LR:                      00000056cd6acc88 (nnSdk + 0x32ec88) (_ZN2nn2os6detail18WaitLightEventImplEPNS0_14LightEventTypeE + 0x88)
        SP:                      000000408c165860
        PC:                      00000056cd707a24 (nnSdk + 0x389a24)
    Stack Trace:
        ReturnAddress[00]:       00000056c8d4e5ac (cross2_Release.nss + 0x354a5ac)
        ReturnAddress[01]:       00000056c8d40f68 (cross2_Release.nss + 0x353cf68)
        ReturnAddress[02]:       00000056c8fd052c (cross2_Release.nss + 0x37cc52c)
        ReturnAddress[03]:       00000056cd6b5f28 (nnSdk + 0x337f28) (_ZN2nn2os6detail17CallFiberFunctionEPFPNS0_9FiberTypeEPvES4_ + 0x14)
    TLS Address:                 0000000f17b78c00
    TLS Dump:                                 00 01 02 03 04 05 06 07 08 09 0a 0b 0c 0d 0e 0f
                                 000f17b78c00 00 00 00 00 14 08 e0 03 00 00 00 00 00 00 00 00
                                 000f17b78c10 00 00 00 00 00 00 00 00 00 00 00 00 00 00 00 00
                                 000f17b78c20 53 46 43 4f 00 00 00 00 00 00 00 00 95 c8 f5 88
                                 000f17b78c30 ea 07 08 17 03 0d 21 00 00 00 00 00 ea 00 00 00
                                 000f17b78c40 2d 30 34 00 00 00 00 00 00 00 00 00 c0 c7 ff ff
                                 000f17b78c50 00 00 00 00 00 00 00 00 00 00 00 00 00 00 00 00
                                 000f17b78c60 00 00 00 00 00 00 00 00 00 00 00 00 00 00 00 00
                                 000f17b78c70 00 00 00 00 00 00 00 00 00 00 00 00 00 00 00 00
                                 000f17b78c80 00 00 00 00 00 00 00 00 00 00 00 00 00 00 00 00
                                 000f17b78c90 00 00 00 00 00 00 00 00 00 00 00 00 00 00 00 00
                                 000f17b78ca0 00 00 00 00 00 00 00 00 00 00 00 00 00 00 00 00
                                 000f17b78cb0 00 00 00 00 00 00 00 00 00 00 00 00 00 00 00 00
                                 000f17b78cc0 00 00 00 00 00 00 00 00 00 00 00 00 00 00 00 00
                                 000f17b78cd0 00 00 00 00 00 00 00 00 00 00 00 00 00 00 00 00
                                 000f17b78ce0 00 00 00 00 00 00 00 00 00 00 00 00 00 00 00 00
                                 000f17b78cf0 00 00 00 00 00 00 00 00 00 00 00 00 00 00 00 00
Threads[13]:
    Thread ID:                   000000000000051d
    Thread Name:                 TaskWorker1
    Registers:
        X[00]:                   000000408bb89748
        X[01]:                   0000000000000002
        X[02]:                   0000000000000001
        X[03]:                   ffffffffffffffff
        X[04]:                   00000000001081b0
        X[05]:                   00000000000abc00
        X[06]:                   00000040a2005f34
        X[07]:                   00000040a2022e08
        X[08]:                   0000000000000000
        X[09]:                   0000000000000000
        X[10]:                   0000000000000000
        X[11]:                   0000000000000000
        X[12]:                   0000000000000000
        X[13]:                   0000000000000000
        X[14]:                   0000000000000000
        X[15]:                   0000000000000000
        X[16]:                   0000000000000000
        X[17]:                   0000000000000000
        X[18]:                   0000000000000000
        X[19]:                   0000000000000000
        X[20]:                   0000000000000000
        X[21]:                   0000000000000000
        X[22]:                   0000000000000000
        X[23]:                   0000000000000000
        X[24]:                   0000000000000000
        X[25]:                   0000000000000000
        X[26]:                   0000000000000000
        X[27]:                   0000000000000000
        X[28]:                   0000000000000000
        FP:                      000000408ca94f50
        LR:                      00000056cd6acc88 (nnSdk + 0x32ec88) (_ZN2nn2os6detail18WaitLightEventImplEPNS0_14LightEventTypeE + 0x88)
        SP:                      000000408ca94f20
        PC:                      00000056cd707a24 (nnSdk + 0x389a24)
    Stack Trace:
        ReturnAddress[00]:       00000056c8d4e5ac (cross2_Release.nss + 0x354a5ac)
        ReturnAddress[01]:       00000056c8d40f68 (cross2_Release.nss + 0x353cf68)
        ReturnAddress[02]:       00000056c8fd052c (cross2_Release.nss + 0x37cc52c)
        ReturnAddress[03]:       00000056cd6b5f28 (nnSdk + 0x337f28) (_ZN2nn2os6detail17CallFiberFunctionEPFPNS0_9FiberTypeEPvES4_ + 0x14)
    TLS Address:                 0000000f17b78e00
    TLS Dump:                                 00 01 02 03 04 05 06 07 08 09 0a 0b 0c 0d 0e 0f
                                 000f17b78e00 00 00 01 00 09 08 e0 03 00 01 28 00 d8 3b a9 8c
                                 000f17b78e10 53 46 43 4f 00 00 00 00 00 00 00 00 99 5d e2 a4
                                 000f17b78e20 00 00 00 00 00 00 00 00 00 00 00 00 00 00 00 00
                                 000f17b78e30 00 00 00 00 01 00 00 00 01 00 00 00 00 00 00 00
                                 000f17b78e40 01 00 e6 01 06 41 28 c0 00 00 00 00 00 00 00 00
                                 000f17b78e50 28 00 00 00 d8 3b a9 8c 40 00 28 00 00 00 00 00
                                 000f17b78e60 00 00 00 00 00 00 00 00 00 00 00 00 00 00 00 00
                                 000f17b78e70 00 00 00 00 00 00 00 00 00 00 00 00 00 00 00 00
                                 000f17b78e80 00 00 00 00 00 00 00 00 00 00 00 00 00 00 00 00
                                 000f17b78e90 00 00 00 00 00 00 00 00 00 00 00 00 00 00 00 00
                                 000f17b78ea0 00 00 00 00 00 00 00 00 00 00 00 00 00 00 00 00
                                 000f17b78eb0 00 00 00 00 00 00 00 00 00 00 00 00 00 00 00 00
                                 000f17b78ec0 00 00 00 00 00 00 00 00 00 00 00 00 00 00 00 00
                                 000f17b78ed0 00 00 00 00 00 00 00 00 00 00 00 00 00 00 00 00
                                 000f17b78ee0 00 00 00 00 00 00 00 00 00 00 00 00 00 00 00 00
                                 000f17b78ef0 00 00 00 00 00 00 00 00 00 00 00 00 00 00 00 00
Threads[14]:
    Thread ID:                   000000000000051e
    Thread Name:                 TaskWorker2
    Registers:
        X[00]:                   00000000002381ca
        X[01]:                   00000014b294b000
        X[02]:                   00000000002381ca
        X[03]:                   000000408cbb3438
        X[04]:                   0000000000008000
        X[05]:                   0000000000000028
        X[06]:                   0000000000000001
        X[07]:                   000000000000000c
        X[08]:                   0000000000000000
        X[09]:                   0000000000000000
        X[10]:                   0000000000000000
        X[11]:                   0000000000000000
        X[12]:                   0000000000000000
        X[13]:                   0000000000000000
        X[14]:                   0000000000000000
        X[15]:                   0000000000000000
        X[16]:                   0000000000000000
        X[17]:                   0000000000000000
        X[18]:                   0000000000000000
        X[19]:                   0000000000000000
        X[20]:                   0000000000000000
        X[21]:                   0000000000000000
        X[22]:                   0000000000000000
        X[23]:                   0000000000000000
        X[24]:                   0000000000000000
        X[25]:                   0000000000000000
        X[26]:                   0000000000000000
        X[27]:                   0000000000000000
        X[28]:                   0000000000000000
        FP:                      000000408cbb33b0
        LR:                      00000056cd6e5684 (nnSdk + 0x367684) (_ZN2nn2sf4hipc15SendSyncRequestENS_3svc6HandleEPvm + 0x34)
        SP:                      000000408cbb33b0
        PC:                      00000056cd707954 (nnSdk + 0x389954)
    Stack Trace:
        ReturnAddress[00]:       00000056cd750688 (nnSdk + 0x3d2688)
        ReturnAddress[01]:       00000056cd74f3b8 (nnSdk + 0x3d13b8)
        ReturnAddress[02]:       00000056cd75282c (nnSdk + 0x3d482c) (NvOsDrvIoctl + 0xfc)
        ReturnAddress[03]:       00000056cd755a04 (nnSdk + 0x3d7a04)
        ReturnAddress[04]:       00000056cd756238 (nnSdk + 0x3d8238) (NvRmMemHandleAllocAttr + 0x28)
        ReturnAddress[05]:       00000056cd7a8b10 (nnSdk + 0x42ab10)
        ReturnAddress[06]:       00000056cd79cb18 (nnSdk + 0x41eb18)
        ReturnAddress[07]:       00000056c8fe49c0 (cross2_Release.nss + 0x37e09c0)
        ReturnAddress[08]:       00000056c8fdfba0 (cross2_Release.nss + 0x37dbba0)
        ReturnAddress[09]:       00000056c8fd2df4 (cross2_Release.nss + 0x37cedf4)
        ReturnAddress[10]:       00000056c8f20640 (cross2_Release.nss + 0x371c640)
        ReturnAddress[11]:       00000056c8f7fdb4 (cross2_Release.nss + 0x377bdb4)
        ReturnAddress[12]:       00000056c7046460 (cross2_Release.nss + 0x1842460)
        ReturnAddress[13]:       00000056c704ab84 (cross2_Release.nss + 0x1846b84)
        ReturnAddress[14]:       00000056c8f29c7c (cross2_Release.nss + 0x3725c7c)
        ReturnAddress[15]:       00000056c8d4e230 (cross2_Release.nss + 0x354a230)
        ReturnAddress[16]:       00000056c8d40f68 (cross2_Release.nss + 0x353cf68)
        ReturnAddress[17]:       00000056c8fd052c (cross2_Release.nss + 0x37cc52c)
        ReturnAddress[18]:       00000056cd6b5f28 (nnSdk + 0x337f28) (_ZN2nn2os6detail17CallFiberFunctionEPFPNS0_9FiberTypeEPvES4_ + 0x14)
    TLS Address:                 00000014b294b000
    TLS Dump:                                 00 01 02 03 04 05 06 07 08 09 0a 0b 0c 0d 0e 0f
                                 0014b294b000 00 00 01 00 09 08 e0 03 00 01 08 00 78 35 bb 8c
                                 0014b294b010 53 46 43 4f 00 00 00 00 00 00 00 00 99 5d e2 a4
                                 0014b294b020 00 00 00 00 00 00 00 00 00 00 00 00 00 00 00 00
                                 0014b294b030 00 00 00 00 01 00 00 00 01 00 00 00 00 00 00 00
                                 0014b294b040 02 00 e6 01 01 01 08 c0 0b 00 00 00 00 00 00 00
                                 0014b294b050 08 00 e6 01 78 35 bb 8c 40 00 08 00 00 00 00 00
                                 0014b294b060 00 00 00 00 18 00 00 00 d0 33 bb 8c 40 00 18 00
                                 0014b294b070 00 00 00 00 00 00 00 00 00 00 00 00 00 00 00 00
                                 0014b294b080 00 00 00 00 00 00 00 00 00 00 00 00 00 00 00 00
                                 0014b294b090 00 00 00 00 00 00 00 00 00 00 00 00 00 00 00 00
                                 0014b294b0a0 00 00 00 00 00 00 00 00 00 00 00 00 00 00 00 00
                                 0014b294b0b0 00 00 00 00 00 00 00 00 00 00 00 00 00 00 00 00
                                 0014b294b0c0 00 00 00 00 00 00 00 00 00 00 00 00 00 00 00 00
                                 0014b294b0d0 00 00 00 00 00 00 00 00 00 00 00 00 00 00 00 00
                                 0014b294b0e0 00 00 00 00 00 00 00 00 00 00 00 00 00 00 00 00
                                 0014b294b0f0 00 00 00 00 00 00 00 00 00 00 00 00 00 00 00 00
Threads[15]:
    Thread ID:                   000000000000051f
    Thread Name:                 ResUpdateThread
    Stack Region:                0000003cc3b4d000-0000003cc3b8d000
    Registers:
        X[00]:                   0000000000f42400
        X[01]:                   0000000000000000
        X[02]:                   0000000000000000
        X[03]:                   0000000000000000
        X[04]:                   0000000000000000
        X[05]:                   0000000000000000
        X[06]:                   0000000000000000
        X[07]:                   0000000000000000
        X[08]:                   0000000000000000
        X[09]:                   0000000000000000
        X[10]:                   0000000000000000
        X[11]:                   0000000000000000
        X[12]:                   0000000000000000
        X[13]:                   0000000000000000
        X[14]:                   0000000000000000
        X[15]:                   0000000000000000
        X[16]:                   0000000000000000
        X[17]:                   0000000000000000
        X[18]:                   0000000000000000
        X[19]:                   0000000000000000
        X[20]:                   0000000000000000
        X[21]:                   0000000000000000
        X[22]:                   0000000000000000
        X[23]:                   0000000000000000
        X[24]:                   0000000000000000
        X[25]:                   0000000000000000
        X[26]:                   0000000000000000
        X[27]:                   0000000000000000
        X[28]:                   0000000000000000
        FP:                      0000003cc3b8cf80
        LR:                      00000056c8d47070 (cross2_Release.nss + 0x3543070)
        SP:                      0000003cc3b8cf50
        PC:                      00000056cd70785c (nnSdk + 0x38985c)
    Stack Trace:
        ReturnAddress[00]:       00000056cd6b24b8 (nnSdk + 0x3344b8)
        ReturnAddress[01]:       00000056cd6b6984 (nnSdk + 0x338984)
        ReturnAddress[02]:       0000000000000000
    Stack Dump:                               00 01 02 03 04 05 06 07 08 09 0a 0b 0c 0d 0e 0f
                                 003cc3b8cf00 00 00 00 00 00 00 00 00 00 00 00 00 00 00 00 00
                                 003cc3b8cf10 00 00 00 00 00 00 00 00 04 00 00 00 00 00 00 00
                                 003cc3b8cf20 30 cf b8 c3 3c 00 00 00 04 f1 82 cd 56 00 00 00
                                 003cc3b8cf30 40 cf b8 c3 3c 00 00 00 24 2f 82 cd 56 00 00 00
                                 003cc3b8cf40 80 cf b8 c3 3c 00 00 00 00 70 d4 c8 56 00 00 00
                                 003cc3b8cf50 00 00 00 00 00 00 00 00 00 00 00 00 00 00 00 00
                                 003cc3b8cf60 00 00 00 00 00 00 00 00 bc 54 95 80 40 00 00 00
                                 003cc3b8cf70 b8 54 95 80 40 00 00 00 10 53 95 80 40 00 00 00
                                 003cc3b8cf80 b0 cf b8 c3 3c 00 00 00 b8 24 6b cd 56 00 00 00
                                 003cc3b8cf90 00 00 00 00 00 00 00 00 00 00 00 00 00 00 00 00
                                 003cc3b8cfa0 00 00 00 00 00 00 00 00 10 53 95 80 40 00 00 00
                                 003cc3b8cfb0 d0 cf b8 c3 3c 00 00 00 84 69 6b cd 56 00 00 00
                                 003cc3b8cfc0 00 00 00 00 00 00 00 00 00 00 00 00 00 00 00 00
                                 003cc3b8cfd0 00 00 00 00 00 00 00 00 00 00 00 00 00 00 00 00
                                 003cc3b8cfe0 50 24 6b cd 56 00 00 00 00 00 00 00 00 00 00 00
                                 003cc3b8cff0 00 00 00 00 00 00 00 00 00 00 00 00 00 00 00 00
    TLS Address:                 00000014b294b200
    TLS Dump:                                 00 01 02 03 04 05 06 07 08 09 0a 0b 0c 0d 0e 0f
                                 0014b294b200 00 00 00 00 00 00 00 00 00 00 00 00 00 00 00 00
                                 0014b294b210 00 00 00 00 00 00 00 00 00 00 00 00 00 00 00 00
                                 0014b294b220 00 00 00 00 00 00 00 00 00 00 00 00 00 00 00 00
                                 0014b294b230 00 00 00 00 00 00 00 00 00 00 00 00 00 00 00 00
                                 0014b294b240 00 00 00 00 00 00 00 00 00 00 00 00 00 00 00 00
                                 0014b294b250 00 00 00 00 00 00 00 00 00 00 00 00 00 00 00 00
                                 0014b294b260 00 00 00 00 00 00 00 00 00 00 00 00 00 00 00 00
                                 0014b294b270 00 00 00 00 00 00 00 00 00 00 00 00 00 00 00 00
                                 0014b294b280 00 00 00 00 00 00 00 00 00 00 00 00 00 00 00 00
                                 0014b294b290 00 00 00 00 00 00 00 00 00 00 00 00 00 00 00 00
                                 0014b294b2a0 00 00 00 00 00 00 00 00 00 00 00 00 00 00 00 00
                                 0014b294b2b0 00 00 00 00 00 00 00 00 00 00 00 00 00 00 00 00
                                 0014b294b2c0 00 00 00 00 00 00 00 00 00 00 00 00 00 00 00 00
                                 0014b294b2d0 00 00 00 00 00 00 00 00 00 00 00 00 00 00 00 00
                                 0014b294b2e0 00 00 00 00 00 00 00 00 00 00 00 00 00 00 00 00
                                 0014b294b2f0 00 00 00 00 00 00 00 00 00 00 00 00 00 00 00 00
Threads[16]:
    Thread ID:                   0000000000000520
    Thread Name:                 ResLoadingThread
    Stack Region:                0000003c51dba000-0000003c51dfa000
    Registers:
        X[00]:                   00000040806c875c
        X[01]:                   00000040806c8760
        X[02]:                   00000000002981bf
        X[03]:                   ffffffffffffffff
        X[04]:                   0000000000000000
        X[05]:                   0000000000000000
        X[06]:                   0000000000000000
        X[07]:                   0000000000000000
        X[08]:                   0000000000000000
        X[09]:                   0000000000000000
        X[10]:                   0000000000000000
        X[11]:                   0000000000000000
        X[12]:                   0000000000000000
        X[13]:                   0000000000000000
        X[14]:                   0000000000000000
        X[15]:                   0000000000000000
        X[16]:                   0000000000000000
        X[17]:                   0000000000000000
        X[18]:                   0000000000000000
        X[19]:                   0000000000000000
        X[20]:                   0000000000000000
        X[21]:                   0000000000000000
        X[22]:                   0000000000000000
        X[23]:                   0000000000000000
        X[24]:                   0000000000000000
        X[25]:                   0000000000000000
        X[26]:                   0000000000000000
        X[27]:                   0000000000000000
        X[28]:                   0000000000000000
        FP:                      0000003c51df9db0
        LR:                      00000056cd6b7998 (nnSdk + 0x339998) (_ZN2nn2os6detail38InternalConditionVariableImplByHorizon4WaitEPNS1_23InternalCriticalSectionE + 0x48)
        SP:                      0000003c51df9d90
        PC:                      00000056cd70792c (nnSdk + 0x38992c)
    Stack Trace:
        ReturnAddress[00]:       00000056cd6ac898 (nnSdk + 0x32e898) (_ZN2nn2os9WaitEventEPNS0_9EventTypeE + 0x48)
        ReturnAddress[01]:       00000056c8d4714c (cross2_Release.nss + 0x354314c)
        ReturnAddress[02]:       00000056cd6b24b8 (nnSdk + 0x3344b8)
        ReturnAddress[03]:       00000056cd6b6984 (nnSdk + 0x338984)
        ReturnAddress[04]:       0000000000000000
    Stack Dump:                               00 01 02 03 04 05 06 07 08 09 0a 0b 0c 0d 0e 0f
                                 003c51df9d90 60 87 6c 80 40 00 00 00 80 8f c2 83 40 00 00 00
                                 003c51df9da0 40 87 6c 80 40 00 00 00 5c 87 6c 80 40 00 00 00
                                 003c51df9db0 e0 9d df 51 3c 00 00 00 98 c8 6a cd 56 00 00 00
                                 003c51df9dc0 a8 9e df 51 3c 00 00 00 80 8f c2 83 40 00 00 00
                                 003c51df9dd0 90 9e df 51 3c 00 00 00 80 4d 95 80 40 00 00 00
                                 003c51df9de0 80 9f df 51 3c 00 00 00 4c 71 d4 c8 56 00 00 00
                                 003c51df9df0 00 00 00 00 00 00 00 00 dd c9 e5 97 40 00 00 00
                                 003c51df9e00 40 4e 95 80 40 00 00 00 28 4e 95 80 40 00 00 00
                                 003c51df9e10 10 4e 95 80 40 00 00 00 f8 4d 95 80 40 00 00 00
                                 003c51df9e20 e0 4d 95 80 40 00 00 00 e8 9e df 51 3c 00 00 00
                                 003c51df9e30 d0 9e df 51 3c 00 00 00 b8 9e df 51 3c 00 00 00
                                 003c51df9e40 a0 9e df 51 3c 00 00 00 f0 9e df 51 3c 00 00 00
                                 003c51df9e50 d8 9e df 51 3c 00 00 00 c0 9e df 51 3c 00 00 00
                                 003c51df9e60 a8 9e df 51 3c 00 00 00 90 9e df 51 3c 00 00 00
                                 003c51df9e70 04 00 00 00 00 00 00 00 e8 9e df 51 3c 00 00 00
                                 003c51df9e80 f0 9e df 51 3c 00 00 00 00 00 00 00 00 00 00 00
    TLS Address:                 00000014b294b400
    TLS Dump:                                 00 01 02 03 04 05 06 07 08 09 0a 0b 0c 0d 0e 0f
                                 0014b294b400 00 00 00 00 0c 00 00 00 00 00 00 00 00 00 00 00
                                 0014b294b410 00 00 00 00 00 00 00 00 00 00 00 00 00 00 00 00
                                 0014b294b420 53 46 43 4f 00 00 00 00 00 00 00 00 eb ca d2 c4
                                 0014b294b430 00 00 00 00 00 00 00 00 00 00 00 00 00 00 00 00
                                 0014b294b440 98 a2 d1 48 02 00 00 00 ed 36 00 00 00 00 00 00
                                 0014b294b450 00 00 00 00 00 00 00 00 00 00 00 00 00 00 00 00
                                 0014b294b460 00 00 00 00 00 00 00 00 00 00 00 00 00 00 00 00
                                 0014b294b470 00 00 00 00 00 00 00 00 00 00 00 00 00 00 00 00
                                 0014b294b480 00 00 00 00 00 00 00 00 00 00 00 00 00 00 00 00
                                 0014b294b490 00 00 00 00 00 00 00 00 00 00 00 00 00 00 00 00
                                 0014b294b4a0 00 00 00 00 00 00 00 00 00 00 00 00 00 00 00 00
                                 0014b294b4b0 00 00 00 00 00 00 00 00 00 00 00 00 00 00 00 00
                                 0014b294b4c0 00 00 00 00 00 00 00 00 00 00 00 00 00 00 00 00
                                 0014b294b4d0 00 00 00 00 00 00 00 00 00 00 00 00 00 00 00 00
                                 0014b294b4e0 00 00 00 00 00 00 00 00 00 00 00 00 00 00 00 00
                                 0014b294b4f0 00 00 00 00 00 00 00 00 00 00 00 00 00 00 00 00
Threads[17]:
    Thread ID:                   0000000000000521
    Thread Name:                 ResInflateThread
    Stack Region:                0000003c9fc7e000-0000003c9fcbe000
    Registers:
        X[00]:                   00000040806c87bc
        X[01]:                   00000040806c87c0
        X[02]:                   00000000002a01be
        X[03]:                   ffffffffffffffff
        X[04]:                   0000000000000000
        X[05]:                   0000000000000000
        X[06]:                   0000000000000000
        X[07]:                   0000000000000000
        X[08]:                   0000000000000000
        X[09]:                   0000000000000000
        X[10]:                   0000000000000000
        X[11]:                   0000000000000000
        X[12]:                   0000000000000000
        X[13]:                   0000000000000000
        X[14]:                   0000000000000000
        X[15]:                   0000000000000000
        X[16]:                   0000000000000000
        X[17]:                   0000000000000000
        X[18]:                   0000000000000000
        X[19]:                   0000000000000000
        X[20]:                   0000000000000000
        X[21]:                   0000000000000000
        X[22]:                   0000000000000000
        X[23]:                   0000000000000000
        X[24]:                   0000000000000000
        X[25]:                   0000000000000000
        X[26]:                   0000000000000000
        X[27]:                   0000000000000000
        X[28]:                   0000000000000000
        FP:                      0000003c9fcbde80
        LR:                      00000056cd6b7998 (nnSdk + 0x339998) (_ZN2nn2os6detail38InternalConditionVariableImplByHorizon4WaitEPNS1_23InternalCriticalSectionE + 0x48)
        SP:                      0000003c9fcbde60
        PC:                      00000056cd70792c (nnSdk + 0x38992c)
    Stack Trace:
        ReturnAddress[00]:       00000056cd6ac898 (nnSdk + 0x32e898) (_ZN2nn2os9WaitEventEPNS0_9EventTypeE + 0x48)
        ReturnAddress[01]:       00000056c8d48504 (cross2_Release.nss + 0x3544504)
        ReturnAddress[02]:       00000056cd6b24b8 (nnSdk + 0x3344b8)
        ReturnAddress[03]:       00000056cd6b6984 (nnSdk + 0x338984)
        ReturnAddress[04]:       0000000000000000
    Stack Dump:                               00 01 02 03 04 05 06 07 08 09 0a 0b 0c 0d 0e 0f
                                 003c9fcbde60 c0 87 6c 80 40 00 00 00 c8 dd 29 80 40 00 00 00
                                 003c9fcbde70 a0 87 6c 80 40 00 00 00 bc 87 6c 80 40 00 00 00
                                 003c9fcbde80 b0 de cb 9f 3c 00 00 00 98 c8 6a cd 56 00 00 00
                                 003c9fcbde90 00 00 00 00 00 00 00 00 04 00 00 00 00 00 00 00
                                 003c9fcbdea0 50 bd 0e 01 00 00 00 00 80 4d 95 80 40 00 00 00
                                 003c9fcbdeb0 80 df cb 9f 3c 00 00 00 04 85 d4 c8 56 00 00 00
                                 003c9fcbdec0 00 00 00 00 a1 be 06 00 01 00 00 00 00 00 00 00
                                 003c9fcbded0 00 80 dc f5 40 00 00 00 00 00 00 00 04 00 00 00
                                 003c9fcbdee0 00 00 00 00 00 00 00 00 68 b0 00 00 00 00 00 00
                                 003c9fcbdef0 ed 36 00 00 00 00 00 00 a0 d4 db 00 00 00 00 00
                                 003c9fcbdf00 00 80 dc f5 40 00 00 00 68 b0 00 00 00 00 00 00
                                 003c9fcbdf10 68 b0 00 00 00 00 00 00 40 63 1c 8c 40 00 00 00
                                 003c9fcbdf20 ed 36 00 00 00 00 00 00 ed 36 00 00 00 00 00 00
                                 003c9fcbdf30 00 00 00 00 00 00 00 00 00 00 00 00 00 00 00 00
                                 003c9fcbdf40 00 00 00 00 00 00 00 00 00 00 00 00 00 00 00 00
                                 003c9fcbdf50 00 00 00 00 00 00 00 00 00 00 00 00 00 00 00 00
    TLS Address:                 00000014b294b600
    TLS Dump:                                 00 01 02 03 04 05 06 07 08 09 0a 0b 0c 0d 0e 0f
                                 0014b294b600 00 00 00 00 00 00 00 00 00 00 00 00 00 00 00 00
                                 0014b294b610 00 00 00 00 00 00 00 00 00 00 00 00 00 00 00 00
                                 0014b294b620 00 00 00 00 00 00 00 00 00 00 00 00 00 00 00 00
                                 0014b294b630 00 00 00 00 00 00 00 00 00 00 00 00 00 00 00 00
                                 0014b294b640 00 00 00 00 00 00 00 00 00 00 00 00 00 00 00 00
                                 0014b294b650 00 00 00 00 00 00 00 00 00 00 00 00 00 00 00 00
                                 0014b294b660 00 00 00 00 00 00 00 00 00 00 00 00 00 00 00 00
                                 0014b294b670 00 00 00 00 00 00 00 00 00 00 00 00 00 00 00 00
                                 0014b294b680 00 00 00 00 00 00 00 00 00 00 00 00 00 00 00 00
                                 0014b294b690 00 00 00 00 00 00 00 00 00 00 00 00 00 00 00 00
                                 0014b294b6a0 00 00 00 00 00 00 00 00 00 00 00 00 00 00 00 00
                                 0014b294b6b0 00 00 00 00 00 00 00 00 00 00 00 00 00 00 00 00
                                 0014b294b6c0 00 00 00 00 00 00 00 00 00 00 00 00 00 00 00 00
                                 0014b294b6d0 00 00 00 00 00 00 00 00 00 00 00 00 00 00 00 00
                                 0014b294b6e0 00 00 00 00 00 00 00 00 00 00 00 00 00 00 00 00
                                 0014b294b6f0 00 00 00 00 00 00 00 00 00 00 00 00 00 00 00 00
Threads[18]:
    Thread ID:                   0000000000000523
    Thread Name:                 VSync Count Thread
    Stack Region:                0000003c5e62c000-0000003c5e66c000
    Registers:
        X[00]:                   0000003c5e66bf38
        X[01]:                   0000003c5e66bf3c
        X[02]:                   0000000000000001
        X[03]:                   ffffffffffffffff
        X[04]:                   0000000000000000
        X[05]:                   0000000000000000
        X[06]:                   0000000000000000
        X[07]:                   0000000000000000
        X[08]:                   0000000000000000
        X[09]:                   0000000000000000
        X[10]:                   0000000000000000
        X[11]:                   0000000000000000
        X[12]:                   0000000000000000
        X[13]:                   0000000000000000
        X[14]:                   0000000000000000
        X[15]:                   0000000000000000
        X[16]:                   0000000000000000
        X[17]:                   0000000000000000
        X[18]:                   0000000000000000
        X[19]:                   0000000000000000
        X[20]:                   0000000000000000
        X[21]:                   0000000000000000
        X[22]:                   0000000000000000
        X[23]:                   0000000000000000
        X[24]:                   0000000000000000
        X[25]:                   0000000000000000
        X[26]:                   0000000000000000
        X[27]:                   0000000000000000
        X[28]:                   0000000000000000
        FP:                      0000003c5e66bf50
        LR:                      00000056cd6b7444 (nnSdk + 0x339444) (_ZN2nn2os6detail30InterProcessEventImplByHorizon4WaitEjb + 0x34)
        SP:                      0000003c5e66bf20
        PC:                      00000056cd707900 (nnSdk + 0x389900)
    Stack Trace:
        ReturnAddress[00]:       00000056c9014a64 (cross2_Release.nss + 0x3810a64)
        ReturnAddress[01]:       00000056cd6b24b8 (nnSdk + 0x3344b8)
        ReturnAddress[02]:       00000056cd6b6984 (nnSdk + 0x338984)
        ReturnAddress[03]:       0000000000000000
    Stack Dump:                               00 01 02 03 04 05 06 07 08 09 0a 0b 0c 0d 0e 0f
                                 003c5e66bf00 00 00 00 00 00 00 00 00 00 00 00 00 00 00 00 00
                                 003c5e66bf10 00 00 00 00 00 00 00 00 00 00 00 00 00 00 00 00
                                 003c5e66bf20 38 bf 66 5e 3c 00 00 00 00 00 00 00 00 00 00 00
                                 003c5e66bf30 00 00 00 00 00 00 00 00 00 00 00 00 b3 01 31 00
                                 003c5e66bf40 00 2c 9a 80 40 00 00 00 08 2d 9a 80 40 00 00 00
                                 003c5e66bf50 80 bf 66 5e 3c 00 00 00 64 4a 01 c9 56 00 00 00
                                 003c5e66bf60 8c 2f 9a 80 40 00 00 00 00 00 00 00 00 00 00 00
                                 003c5e66bf70 88 2f 9a 80 40 00 00 00 e0 2d 9a 80 40 00 00 00
                                 003c5e66bf80 b0 bf 66 5e 3c 00 00 00 b8 24 6b cd 56 00 00 00
                                 003c5e66bf90 00 00 00 00 00 00 00 00 00 00 00 00 00 00 00 00
                                 003c5e66bfa0 00 00 00 00 00 00 00 00 e0 2d 9a 80 40 00 00 00
                                 003c5e66bfb0 d0 bf 66 5e 3c 00 00 00 84 69 6b cd 56 00 00 00
                                 003c5e66bfc0 00 00 00 00 00 00 00 00 00 00 00 00 00 00 00 00
                                 003c5e66bfd0 00 00 00 00 00 00 00 00 00 00 00 00 00 00 00 00
                                 003c5e66bfe0 50 24 6b cd 56 00 00 00 00 00 00 00 00 00 00 00
                                 003c5e66bff0 00 00 00 00 00 00 00 00 00 00 00 00 00 00 00 00
    TLS Address:                 0000001411e57e00
    TLS Dump:                                 00 01 02 03 04 05 06 07 08 09 0a 0b 0c 0d 0e 0f
                                 001411e57e00 00 00 00 00 00 00 00 00 00 00 00 00 00 00 00 00
                                 001411e57e10 00 00 00 00 00 00 00 00 00 00 00 00 00 00 00 00
                                 001411e57e20 00 00 00 00 00 00 00 00 00 00 00 00 00 00 00 00
                                 001411e57e30 00 00 00 00 00 00 00 00 00 00 00 00 00 00 00 00
                                 001411e57e40 00 00 00 00 00 00 00 00 00 00 00 00 00 00 00 00
                                 001411e57e50 00 00 00 00 00 00 00 00 00 00 00 00 00 00 00 00
                                 001411e57e60 00 00 00 00 00 00 00 00 00 00 00 00 00 00 00 00
                                 001411e57e70 00 00 00 00 00 00 00 00 00 00 00 00 00 00 00 00
                                 001411e57e80 00 00 00 00 00 00 00 00 00 00 00 00 00 00 00 00
                                 001411e57e90 00 00 00 00 00 00 00 00 00 00 00 00 00 00 00 00
                                 001411e57ea0 00 00 00 00 00 00 00 00 00 00 00 00 00 00 00 00
                                 001411e57eb0 00 00 00 00 00 00 00 00 00 00 00 00 00 00 00 00
                                 001411e57ec0 00 00 00 00 00 00 00 00 00 00 00 00 00 00 00 00
                                 001411e57ed0 00 00 00 00 00 00 00 00 00 00 00 00 00 00 00 00
                                 001411e57ee0 00 00 00 00 00 00 00 00 00 00 00 00 00 00 00 00
                                 001411e57ef0 00 00 00 00 00 00 00 00 00 00 00 00 00 00 00 00
Threads[19]:
    Thread ID:                   0000000000000524
    Thread Name:                 render dispatch
    Stack Region:                0000003ca0339000-0000003ca0379000
    Registers:
        X[00]:                   000000408393c058
        X[01]:                   000000408393c064
        X[02]:                   00000000003381b0
        X[03]:                   ffffffffffffffff
        X[04]:                   0000000000000000
        X[05]:                   0000000000000000
        X[06]:                   0000000000000001
        X[07]:                   0000000000000001
        X[08]:                   0000000000000000
        X[09]:                   0000000000000000
        X[10]:                   0000000000000000
        X[11]:                   0000000000000000
        X[12]:                   0000000000000000
        X[13]:                   0000000000000000
        X[14]:                   0000000000000000
        X[15]:                   0000000000000000
        X[16]:                   0000000000000000
        X[17]:                   0000000000000000
        X[18]:                   0000000000000000
        X[19]:                   0000000000000000
        X[20]:                   0000000000000000
        X[21]:                   0000000000000000
        X[22]:                   0000000000000000
        X[23]:                   0000000000000000
        X[24]:                   0000000000000000
        X[25]:                   0000000000000000
        X[26]:                   0000000000000000
        X[27]:                   0000000000000000
        X[28]:                   0000000000000000
        FP:                      0000003ca0378e70
        LR:                      00000056cd6b7998 (nnSdk + 0x339998) (_ZN2nn2os6detail38InternalConditionVariableImplByHorizon4WaitEPNS1_23InternalCriticalSectionE + 0x48)
        SP:                      0000003ca0378e50
        PC:                      00000056cd70792c (nnSdk + 0x38992c)
    Stack Trace:
        ReturnAddress[00]:       00000056cd6ac464 (nnSdk + 0x32e464) (_ZN2nn2os21WaitConditionVariableEPNS0_21ConditionVariableTypeEPNS0_9MutexTypeE + 0x44)
        ReturnAddress[01]:       00000056cd82f184 (nnSdk + 0x4b1184) (_ZNSt3__121__libcpp_condvar_waitEPNSt13__libcxx_shim19__libcxx_shim_ver_132__libcxx_shim_condition_variableEPNS1_19__libcxx_shi + 0xc)
        ReturnAddress[02]:       00000056cd7de618 (nnSdk + 0x460618) (_ZNSt3__118condition_variable4waitERNS_11unique_lockINS_5mutexEEE + 0x18)
        ReturnAddress[03]:       00000056c901a1f0 (cross2_Release.nss + 0x38161f0)
        ReturnAddress[04]:       00000056c8da7e68 (cross2_Release.nss + 0x35a3e68)
        ReturnAddress[05]:       00000056cd6b24b8 (nnSdk + 0x3344b8)
        ReturnAddress[06]:       00000056cd6b6984 (nnSdk + 0x338984)
        ReturnAddress[07]:       0000000000000000
    Stack Dump:                               00 01 02 03 04 05 06 07 08 09 0a 0b 0c 0d 0e 0f
                                 003ca0378e50 60 c0 93 83 40 00 00 00 03 00 00 00 01 00 00 00
                                 003ca0378e60 80 4d 06 d5 40 00 00 00 40 c0 93 83 40 00 00 00
                                 003ca0378e70 90 8e 37 a0 3c 00 00 00 64 c4 6a cd 56 00 00 00
                                 003ca0378e80 00 c0 93 83 40 00 00 00 00 c0 93 83 40 00 00 00
                                 003ca0378e90 a0 8e 37 a0 3c 00 00 00 84 f1 82 cd 56 00 00 00
                                 003ca0378ea0 b0 8e 37 a0 3c 00 00 00 18 e6 7d cd 56 00 00 00
                                 003ca0378eb0 60 8f 37 a0 3c 00 00 00 f0 a1 01 c9 56 00 00 00
                                 003ca0378ec0 cd ea 9a fa 81 00 00 00 40 c0 93 83 40 00 00 00
                                 003ca0378ed0 01 c0 a5 8b 40 00 00 00 78 1a 12 d7 40 00 00 00
                                 003ca0378ee0 00 00 00 00 00 00 00 00 01 00 00 00 00 00 00 00
                                 003ca0378ef0 b0 47 a3 ca 56 00 00 00 98 4d 06 d5 40 00 00 00
                                 003ca0378f00 08 57 12 d7 40 00 00 00 00 00 00 00 00 00 00 00
                                 003ca0378f10 00 00 00 00 00 00 00 00 00 00 00 00 00 00 00 00
                                 003ca0378f20 00 00 00 00 00 00 00 00 00 00 00 00 00 00 00 00
                                 003ca0378f30 00 00 00 00 00 00 00 00 00 00 00 00 00 00 00 00
                                 003ca0378f40 00 00 00 00 00 00 00 00 3c 48 39 d7 40 00 00 00
    TLS Address:                 00000014b294b800
    TLS Dump:                                 00 01 02 03 04 05 06 07 08 09 0a 0b 0c 0d 0e 0f
                                 0014b294b800 00 00 01 00 09 08 e0 03 c0 c0 28 00 a8 8a 37 a0
                                 0014b294b810 53 46 43 4f 00 00 00 00 00 00 00 00 99 5d e2 a4
                                 0014b294b820 00 00 00 00 00 00 00 00 00 00 00 00 00 00 00 00
                                 0014b294b830 00 00 00 00 01 00 00 00 01 00 00 00 00 00 00 00
                                 0014b294b840 01 00 e6 01 06 41 28 c0 00 00 00 00 00 00 00 00
                                 0014b294b850 28 00 00 00 a8 8a 37 a0 3c 00 28 00 00 00 00 00
                                 0014b294b860 00 00 00 00 00 00 00 00 00 00 00 00 00 00 00 00
                                 0014b294b870 00 00 00 00 00 00 00 00 00 00 00 00 00 00 00 00
                                 0014b294b880 00 00 00 00 00 00 00 00 00 00 00 00 00 00 00 00
                                 0014b294b890 00 00 00 00 00 00 00 00 00 00 00 00 00 00 00 00
                                 0014b294b8a0 00 00 00 00 00 00 00 00 00 00 00 00 00 00 00 00
                                 0014b294b8b0 00 00 00 00 00 00 00 00 00 00 00 00 00 00 00 00
                                 0014b294b8c0 00 00 00 00 00 00 00 00 00 00 00 00 00 00 00 00
                                 0014b294b8d0 00 00 00 00 00 00 00 00 00 00 00 00 00 00 00 00
                                 0014b294b8e0 00 00 00 00 00 00 00 00 00 00 00 00 00 00 00 00
                                 0014b294b8f0 00 00 00 00 00 00 00 00 00 00 00 00 00 00 00 00
Threads[20]:
    Thread ID:                   0000000000000525
    Thread Name:                 render dispatch
    Stack Region:                0000003cb503b000-0000003cb507b000
    Registers:
        X[00]:                   000000408393c058
        X[01]:                   000000408393c064
        X[02]:                   00000000003401af
        X[03]:                   ffffffffffffffff
        X[04]:                   0000000000000000
        X[05]:                   0000000000000000
        X[06]:                   0000000000000400
        X[07]:                   0000003cb507ad10
        X[08]:                   0000000000000000
        X[09]:                   0000000000000000
        X[10]:                   0000000000000000
        X[11]:                   0000000000000000
        X[12]:                   0000000000000000
        X[13]:                   0000000000000000
        X[14]:                   0000000000000000
        X[15]:                   0000000000000000
        X[16]:                   0000000000000000
        X[17]:                   0000000000000000
        X[18]:                   0000000000000000
        X[19]:                   0000000000000000
        X[20]:                   0000000000000000
        X[21]:                   0000000000000000
        X[22]:                   0000000000000000
        X[23]:                   0000000000000000
        X[24]:                   0000000000000000
        X[25]:                   0000000000000000
        X[26]:                   0000000000000000
        X[27]:                   0000000000000000
        X[28]:                   0000000000000000
        FP:                      0000003cb507ae70
        LR:                      00000056cd6b7998 (nnSdk + 0x339998) (_ZN2nn2os6detail38InternalConditionVariableImplByHorizon4WaitEPNS1_23InternalCriticalSectionE + 0x48)
        SP:                      0000003cb507ae50
        PC:                      00000056cd70792c (nnSdk + 0x38992c)
    Stack Trace:
        ReturnAddress[00]:       00000056cd6ac464 (nnSdk + 0x32e464) (_ZN2nn2os21WaitConditionVariableEPNS0_21ConditionVariableTypeEPNS0_9MutexTypeE + 0x44)
        ReturnAddress[01]:       00000056cd82f184 (nnSdk + 0x4b1184) (_ZNSt3__121__libcpp_condvar_waitEPNSt13__libcxx_shim19__libcxx_shim_ver_132__libcxx_shim_condition_variableEPNS1_19__libcxx_shi + 0xc)
        ReturnAddress[02]:       00000056cd7de618 (nnSdk + 0x460618) (_ZNSt3__118condition_variable4waitERNS_11unique_lockINS_5mutexEEE + 0x18)
        ReturnAddress[03]:       00000056c901a1f0 (cross2_Release.nss + 0x38161f0)
        ReturnAddress[04]:       00000056c8da7e68 (cross2_Release.nss + 0x35a3e68)
        ReturnAddress[05]:       00000056cd6b24b8 (nnSdk + 0x3344b8)
        ReturnAddress[06]:       00000056cd6b6984 (nnSdk + 0x338984)
        ReturnAddress[07]:       0000000000000000
    Stack Dump:                               00 01 02 03 04 05 06 07 08 09 0a 0b 0c 0d 0e 0f
                                 003cb507ae50 60 c0 93 83 40 00 00 00 04 00 00 00 01 00 00 00
                                 003cb507ae60 80 50 06 d5 40 00 00 00 40 c0 93 83 40 00 00 00
                                 003cb507ae70 90 ae 07 b5 3c 00 00 00 64 c4 6a cd 56 00 00 00
                                 003cb507ae80 00 c0 93 83 40 00 00 00 00 c0 93 83 40 00 00 00
                                 003cb507ae90 a0 ae 07 b5 3c 00 00 00 84 f1 82 cd 56 00 00 00
                                 003cb507aea0 b0 ae 07 b5 3c 00 00 00 18 e6 7d cd 56 00 00 00
                                 003cb507aeb0 60 af 07 b5 3c 00 00 00 f0 a1 01 c9 56 00 00 00
                                 003cb507aec0 01 e9 9a fa 81 00 00 00 40 c0 93 83 40 00 00 00
                                 003cb507aed0 01 29 a2 8b 40 00 00 00 90 1a 12 d7 40 00 00 00
                                 003cb507aee0 00 00 00 00 00 00 00 00 01 00 00 00 00 00 00 00
                                 003cb507aef0 b0 47 a3 ca 56 00 00 00 98 50 06 d5 40 00 00 00
                                 003cb507af00 d8 56 12 d7 40 00 00 00 00 00 00 00 00 00 00 00
                                 003cb507af10 00 00 00 00 00 00 00 00 00 00 00 00 00 00 00 00
                                 003cb507af20 00 00 00 00 00 00 00 00 00 00 00 00 00 00 00 00
                                 003cb507af30 00 00 00 00 00 00 00 00 00 00 00 00 00 00 00 00
                                 003cb507af40 00 00 00 00 00 00 00 00 bc 4a 39 d7 40 00 00 00
    TLS Address:                 00000014b294ba00
    TLS Dump:                                 00 01 02 03 04 05 06 07 08 09 0a 0b 0c 0d 0e 0f
                                 0014b294ba00 00 00 01 00 09 08 e0 03 c0 c0 28 00 a8 aa 07 b5
                                 0014b294ba10 53 46 43 4f 00 00 00 00 00 00 00 00 99 5d e2 a4
                                 0014b294ba20 00 00 00 00 00 00 00 00 00 00 00 00 00 00 00 00
                                 0014b294ba30 00 00 00 00 01 00 00 00 01 00 00 00 00 00 00 00
                                 0014b294ba40 01 00 e6 01 06 41 28 c0 00 00 00 00 00 00 00 00
                                 0014b294ba50 28 00 00 00 a8 aa 07 b5 3c 00 28 00 00 00 00 00
                                 0014b294ba60 00 00 00 00 00 00 00 00 00 00 00 00 00 00 00 00
                                 0014b294ba70 00 00 00 00 00 00 00 00 00 00 00 00 00 00 00 00
                                 0014b294ba80 00 00 00 00 00 00 00 00 00 00 00 00 00 00 00 00
                                 0014b294ba90 00 00 00 00 00 00 00 00 00 00 00 00 00 00 00 00
                                 0014b294baa0 00 00 00 00 00 00 00 00 00 00 00 00 00 00 00 00
                                 0014b294bab0 00 00 00 00 00 00 00 00 00 00 00 00 00 00 00 00
                                 0014b294bac0 00 00 00 00 00 00 00 00 00 00 00 00 00 00 00 00
                                 0014b294bad0 00 00 00 00 00 00 00 00 00 00 00 00 00 00 00 00
                                 0014b294bae0 00 00 00 00 00 00 00 00 00 00 00 00 00 00 00 00
                                 0014b294baf0 00 00 00 00 00 00 00 00 00 00 00 00 00 00 00 00
Threads[21]:
    Thread ID:                   0000000000000526
    Thread Name:                 nu::GraphicsDevice::Update
    Stack Region:                0000003ca7be2000-0000003ca7bf2000
    Registers:
        X[00]:                   00000040bf7c78f8
        X[01]:                   00000040bf7c7904
        X[02]:                   00000000003481ae
        X[03]:                   ffffffffffffffff
        X[04]:                   0000000000000000
        X[05]:                   0000000000000000
        X[06]:                   0000000000000000
        X[07]:                   0000000000000000
        X[08]:                   0000000000000000
        X[09]:                   0000000000000000
        X[10]:                   0000000000000000
        X[11]:                   0000000000000000
        X[12]:                   0000000000000000
        X[13]:                   0000000000000000
        X[14]:                   0000000000000000
        X[15]:                   0000000000000000
        X[16]:                   0000000000000000
        X[17]:                   0000000000000000
        X[18]:                   0000000000000000
        X[19]:                   0000000000000000
        X[20]:                   0000000000000000
        X[21]:                   0000000000000000
        X[22]:                   0000000000000000
        X[23]:                   0000000000000000
        X[24]:                   0000000000000000
        X[25]:                   0000000000000000
        X[26]:                   0000000000000000
        X[27]:                   0000000000000000
        X[28]:                   0000000000000000
        FP:                      0000003ca7bf1f00
        LR:                      00000056cd6b7998 (nnSdk + 0x339998) (_ZN2nn2os6detail38InternalConditionVariableImplByHorizon4WaitEPNS1_23InternalCriticalSectionE + 0x48)
        SP:                      0000003ca7bf1ee0
        PC:                      00000056cd70792c (nnSdk + 0x38992c)
    Stack Trace:
        ReturnAddress[00]:       00000056cd6ac464 (nnSdk + 0x32e464) (_ZN2nn2os21WaitConditionVariableEPNS0_21ConditionVariableTypeEPNS0_9MutexTypeE + 0x44)
        ReturnAddress[01]:       00000056cd82f184 (nnSdk + 0x4b1184) (_ZNSt3__121__libcpp_condvar_waitEPNSt13__libcxx_shim19__libcxx_shim_ver_132__libcxx_shim_condition_variableEPNS1_19__libcxx_shi + 0xc)
        ReturnAddress[02]:       00000056cd7de618 (nnSdk + 0x460618) (_ZNSt3__118condition_variable4waitERNS_11unique_lockINS_5mutexEEE + 0x18)
        ReturnAddress[03]:       00000056c8da2b98 (cross2_Release.nss + 0x359eb98)
        ReturnAddress[04]:       00000056cd6b24b8 (nnSdk + 0x3344b8)
        ReturnAddress[05]:       00000056cd6b6984 (nnSdk + 0x338984)
        ReturnAddress[06]:       0000000000000000
    Stack Dump:                               00 01 02 03 04 05 06 07 08 09 0a 0b 0c 0d 0e 0f
                                 003ca7bf1ee0 00 79 7c bf 40 00 00 00 00 00 00 00 00 00 00 00
                                 003ca7bf1ef0 e0 78 7c bf 40 00 00 00 e0 78 7c bf 40 00 00 00
                                 003ca7bf1f00 20 1f bf a7 3c 00 00 00 64 c4 6a cd 56 00 00 00
                                 003ca7bf1f10 80 76 7c bf 40 00 00 00 80 76 7c bf 40 00 00 00
                                 003ca7bf1f20 30 1f bf a7 3c 00 00 00 84 f1 82 cd 56 00 00 00
                                 003ca7bf1f30 40 1f bf a7 3c 00 00 00 18 e6 7d cd 56 00 00 00
                                 003ca7bf1f40 80 1f bf a7 3c 00 00 00 98 2b da c8 56 00 00 00
                                 003ca7bf1f50 e0 78 7c bf 40 00 00 00 01 00 00 00 00 00 00 00
                                 003ca7bf1f60 00 00 00 00 00 00 00 00 bc 78 7c bf 40 00 00 00
                                 003ca7bf1f70 b8 78 7c bf 40 00 00 00 10 77 7c bf 40 00 00 00
                                 003ca7bf1f80 b0 1f bf a7 3c 00 00 00 b8 24 6b cd 56 00 00 00
                                 003ca7bf1f90 00 00 00 00 00 00 00 00 00 00 00 00 00 00 00 00
                                 003ca7bf1fa0 00 00 00 00 00 00 00 00 10 77 7c bf 40 00 00 00
                                 003ca7bf1fb0 d0 1f bf a7 3c 00 00 00 84 69 6b cd 56 00 00 00
                                 003ca7bf1fc0 00 00 00 00 00 00 00 00 00 00 00 00 00 00 00 00
                                 003ca7bf1fd0 00 00 00 00 00 00 00 00 00 00 00 00 00 00 00 00
    TLS Address:                 00000014b294bc00
    TLS Dump:                                 00 01 02 03 04 05 06 07 08 09 0a 0b 0c 0d 0e 0f
                                 0014b294bc00 00 00 00 00 00 00 00 00 00 00 00 00 00 00 00 00
                                 0014b294bc10 00 00 00 00 00 00 00 00 00 00 00 00 00 00 00 00
                                 0014b294bc20 00 00 00 00 00 00 00 00 00 00 00 00 00 00 00 00
                                 0014b294bc30 00 00 00 00 00 00 00 00 00 00 00 00 00 00 00 00
                                 0014b294bc40 00 00 00 00 00 00 00 00 00 00 00 00 00 00 00 00
                                 0014b294bc50 00 00 00 00 00 00 00 00 00 00 00 00 00 00 00 00
                                 0014b294bc60 00 00 00 00 00 00 00 00 00 00 00 00 00 00 00 00
                                 0014b294bc70 00 00 00 00 00 00 00 00 00 00 00 00 00 00 00 00
                                 0014b294bc80 00 00 00 00 00 00 00 00 00 00 00 00 00 00 00 00
                                 0014b294bc90 00 00 00 00 00 00 00 00 00 00 00 00 00 00 00 00
                                 0014b294bca0 00 00 00 00 00 00 00 00 00 00 00 00 00 00 00 00
                                 0014b294bcb0 00 00 00 00 00 00 00 00 00 00 00 00 00 00 00 00
                                 0014b294bcc0 00 00 00 00 00 00 00 00 00 00 00 00 00 00 00 00
                                 0014b294bcd0 00 00 00 00 00 00 00 00 00 00 00 00 00 00 00 00
                                 0014b294bce0 00 00 00 00 00 00 00 00 00 00 00 00 00 00 00 00
                                 0014b294bcf0 00 00 00 00 00 00 00 00 00 00 00 00 00 00 00 00
Threads[22]:
    Thread ID:                   0000000000000527
    Thread Name:                 BCATCacheStorage
    Stack Region:                0000003cad40c000-0000003cad44c000
    Registers:
        X[00]:                   00000040d70855ec
        X[01]:                   00000040d70855f0
        X[02]:                   00000000003881a8
        X[03]:                   ffffffffffffffff
        X[04]:                   0000000000000000
        X[05]:                   0000000000000000
        X[06]:                   0000000000000000
        X[07]:                   0000000000000000
        X[08]:                   0000000000000000
        X[09]:                   0000000000000000
        X[10]:                   0000000000000000
        X[11]:                   0000000000000000
        X[12]:                   0000000000000000
        X[13]:                   0000000000000000
        X[14]:                   0000000000000000
        X[15]:                   0000000000000000
        X[16]:                   0000000000000000
        X[17]:                   0000000000000000
        X[18]:                   0000000000000000
        X[19]:                   0000000000000000
        X[20]:                   0000000000000000
        X[21]:                   0000000000000000
        X[22]:                   0000000000000000
        X[23]:                   0000000000000000
        X[24]:                   0000000000000000
        X[25]:                   0000000000000000
        X[26]:                   0000000000000000
        X[27]:                   0000000000000000
        X[28]:                   0000000000000000
        FP:                      0000003cad44beb0
        LR:                      00000056cd6b7998 (nnSdk + 0x339998) (_ZN2nn2os6detail38InternalConditionVariableImplByHorizon4WaitEPNS1_23InternalCriticalSectionE + 0x48)
        SP:                      0000003cad44be90
        PC:                      00000056cd70792c (nnSdk + 0x38992c)
    Stack Trace:
        ReturnAddress[00]:       00000056cd6ac898 (nnSdk + 0x32e898) (_ZN2nn2os9WaitEventEPNS0_9EventTypeE + 0x48)
        ReturnAddress[01]:       00000056c8efdb7c (cross2_Release.nss + 0x36f9b7c)
        ReturnAddress[02]:       00000056cd6b24b8 (nnSdk + 0x3344b8)
        ReturnAddress[03]:       00000056cd6b6984 (nnSdk + 0x338984)
        ReturnAddress[04]:       0000000000000000
    Stack Dump:                               00 01 02 03 04 05 06 07 08 09 0a 0b 0c 0d 0e 0f
                                 003cad44be90 f0 55 08 d7 40 00 00 00 38 7d 91 83 40 00 00 00
                                 003cad44bea0 d0 55 08 d7 40 00 00 00 ec 55 08 d7 40 00 00 00
                                 003cad44beb0 e0 be 44 ad 3c 00 00 00 98 c8 6a cd 56 00 00 00
                                 003cad44bec0 00 e0 78 de 40 00 00 00 78 7d 91 83 40 00 00 00
                                 003cad44bed0 38 7d 91 83 40 00 00 00 00 7d 91 83 40 00 00 00
                                 003cad44bee0 80 bf 44 ad 3c 00 00 00 7c db ef c8 56 00 00 00
                                 003cad44bef0 00 00 00 00 00 00 00 00 00 00 00 00 00 00 00 00
                                 003cad44bf00 80 e5 78 de 40 00 00 00 01 00 00 00 00 00 00 00
                                 003cad44bf10 00 80 6c a8 40 00 00 00 c4 87 01 00 00 00 00 00
                                 003cad44bf20 00 00 00 00 00 00 00 00 65 00 00 00 00 00 00 00
                                 003cad44bf30 00 00 00 00 00 00 00 00 00 00 00 00 00 00 00 00
                                 003cad44bf40 00 00 00 00 00 00 00 00 00 00 00 00 00 00 00 00
                                 003cad44bf50 00 00 00 00 00 00 00 00 00 00 00 00 00 00 00 00
                                 003cad44bf60 00 00 00 00 00 00 00 00 3c 9d 39 d7 40 00 00 00
                                 003cad44bf70 38 9d 39 d7 40 00 00 00 90 9b 39 d7 40 00 00 00
                                 003cad44bf80 b0 bf 44 ad 3c 00 00 00 b8 24 6b cd 56 00 00 00
    TLS Address:                 00000014b294be00
    TLS Dump:                                 00 01 02 03 04 05 06 07 08 09 0a 0b 0c 0d 0e 0f
                                 0014b294be00 06 00 00 00 08 08 e0 03 00 00 00 00 00 00 00 00
                                 0014b294be10 02 00 00 00 a0 00 00 00 00 00 00 00 00 00 00 00
                                 0014b294be20 53 46 43 4f 00 00 00 00 00 00 00 00 40 cd 33 00
                                 0014b294be30 c4 87 01 00 00 00 00 00 00 00 00 00 00 00 00 00
                                 0014b294be40 00 00 00 00 00 00 00 00 00 00 00 00 00 00 00 00
                                 0014b294be50 65 76 65 6e 74 5f 31 32 31 36 2e 62 69 6e 00 00
                                 0014b294be60 00 00 00 00 00 00 00 00 00 00 00 00 00 00 00 00
                                 0014b294be70 00 00 00 00 00 00 00 00 00 00 00 00 00 00 00 00
                                 0014b294be80 00 00 00 00 00 00 00 00 00 00 00 00 00 00 00 00
                                 0014b294be90 00 00 00 00 00 00 00 00 00 00 00 00 00 00 00 00
                                 0014b294bea0 00 00 00 00 00 00 00 00 00 00 00 00 00 00 00 00
                                 0014b294beb0 00 00 00 00 00 00 00 00 00 00 00 00 00 00 00 00
                                 0014b294bec0 00 00 00 00 00 00 00 00 00 00 00 00 00 00 00 00
                                 0014b294bed0 00 00 00 00 00 00 00 00 00 00 00 00 00 00 00 00
                                 0014b294bee0 00 00 00 00 00 00 00 00 00 00 00 00 00 00 00 00
                                 0014b294bef0 00 00 00 00 00 00 00 00 00 00 00 00 00 00 00 00
Threads[23]:
    Thread ID:                   0000000000000528
    Stack Region:                0000003c636fe000-0000003c63702000
    Registers:
        X[00]:                   00000056caaad2ac
        X[01]:                   00000056caaad2b0
        X[02]:                   00000000003901a7
        X[03]:                   ffffffffffffffff
        X[04]:                   0000000000000000
        X[05]:                   0000000000000000
        X[06]:                   0000000000000000
        X[07]:                   0000000000000000
        X[08]:                   0000000000000000
        X[09]:                   0000000000000000
        X[10]:                   0000000000000000
        X[11]:                   0000000000000000
        X[12]:                   0000000000000000
        X[13]:                   0000000000000000
        X[14]:                   0000000000000000
        X[15]:                   0000000000000000
        X[16]:                   0000000000000000
        X[17]:                   0000000000000000
        X[18]:                   0000000000000000
        X[19]:                   0000000000000000
        X[20]:                   0000000000000000
        X[21]:                   0000000000000000
        X[22]:                   0000000000000000
        X[23]:                   0000000000000000
        X[24]:                   0000000000000000
        X[25]:                   0000000000000000
        X[26]:                   0000000000000000
        X[27]:                   0000000000000000
        X[28]:                   0000000000000000
        FP:                      0000003c63701ef0
        LR:                      00000056cd6b7998 (nnSdk + 0x339998) (_ZN2nn2os6detail38InternalConditionVariableImplByHorizon4WaitEPNS1_23InternalCriticalSectionE + 0x48)
        SP:                      0000003c63701ed0
        PC:                      00000056cd70792c (nnSdk + 0x38992c)
    Stack Trace:
        ReturnAddress[00]:       00000056cd6ac898 (nnSdk + 0x32e898) (_ZN2nn2os9WaitEventEPNS0_9EventTypeE + 0x48)
        ReturnAddress[01]:       00000056c582bde4 (cross2_Release.nss + 0x27de4)
        ReturnAddress[02]:       00000056c582bc08 (cross2_Release.nss + 0x27c08)
        ReturnAddress[03]:       00000056cd6b24b8 (nnSdk + 0x3344b8)
        ReturnAddress[04]:       00000056cd6b6984 (nnSdk + 0x338984)
        ReturnAddress[05]:       0000000000000000
    Stack Dump:                               00 01 02 03 04 05 06 07 08 09 0a 0b 0c 0d 0e 0f
                                 003c63701ed0 b0 d2 aa ca 56 00 00 00 e4 f0 82 cd 56 00 00 00
                                 003c63701ee0 90 d2 aa ca 56 00 00 00 ac d2 aa ca 56 00 00 00
                                 003c63701ef0 20 1f 70 63 3c 00 00 00 98 c8 6a cd 56 00 00 00
                                 003c63701f00 b8 d2 aa ca 56 00 00 00 00 26 86 d7 40 00 00 00
                                 003c63701f10 00 00 00 00 00 00 00 00 80 d2 aa ca 56 00 00 00
                                 003c63701f20 60 1f 70 63 3c 00 00 00 e4 bd 82 c5 56 00 00 00
                                 003c63701f30 00 00 00 00 00 00 00 00 00 00 00 00 00 00 00 00
                                 003c63701f40 00 00 00 00 00 00 00 00 ac 21 86 d7 40 00 00 00
                                 003c63701f50 a8 21 86 d7 40 00 00 00 00 20 86 d7 40 00 00 00
                                 003c63701f60 80 1f 70 63 3c 00 00 00 08 bc 82 c5 56 00 00 00
                                 003c63701f70 00 20 86 d7 40 00 00 00 00 20 86 d7 40 00 00 00
                                 003c63701f80 b0 1f 70 63 3c 00 00 00 b8 24 6b cd 56 00 00 00
                                 003c63701f90 00 00 00 00 00 00 00 00 00 00 00 00 00 00 00 00
                                 003c63701fa0 00 00 00 00 00 00 00 00 00 20 86 d7 40 00 00 00
                                 003c63701fb0 d0 1f 70 63 3c 00 00 00 84 69 6b cd 56 00 00 00
                                 003c63701fc0 00 00 00 00 00 00 00 00 00 00 00 00 00 00 00 00
    TLS Address:                 0000000f1e1b1000
    TLS Dump:                                 00 01 02 03 04 05 06 07 08 09 0a 0b 0c 0d 0e 0f
                                 000f1e1b1000 00 00 00 00 00 00 00 00 00 00 00 00 00 00 00 00
                                 000f1e1b1010 00 00 00 00 00 00 00 00 00 00 00 00 00 00 00 00
                                 000f1e1b1020 00 00 00 00 00 00 00 00 00 00 00 00 00 00 00 00
                                 000f1e1b1030 00 00 00 00 00 00 00 00 00 00 00 00 00 00 00 00
                                 000f1e1b1040 00 00 00 00 00 00 00 00 00 00 00 00 00 00 00 00
                                 000f1e1b1050 00 00 00 00 00 00 00 00 00 00 00 00 00 00 00 00
                                 000f1e1b1060 00 00 00 00 00 00 00 00 00 00 00 00 00 00 00 00
                                 000f1e1b1070 00 00 00 00 00 00 00 00 00 00 00 00 00 00 00 00
                                 000f1e1b1080 00 00 00 00 00 00 00 00 00 00 00 00 00 00 00 00
                                 000f1e1b1090 00 00 00 00 00 00 00 00 00 00 00 00 00 00 00 00
                                 000f1e1b10a0 00 00 00 00 00 00 00 00 00 00 00 00 00 00 00 00
                                 000f1e1b10b0 00 00 00 00 00 00 00 00 00 00 00 00 00 00 00 00
                                 000f1e1b10c0 00 00 00 00 00 00 00 00 00 00 00 00 00 00 00 00
                                 000f1e1b10d0 00 00 00 00 00 00 00 00 00 00 00 00 00 00 00 00
                                 000f1e1b10e0 00 00 00 00 00 00 00 00 00 00 00 00 00 00 00 00
                                 000f1e1b10f0 00 00 00 00 00 00 00 00 00 00 00 00 00 00 00 00
Threads[24]:
    Thread ID:                   0000000000000529
    Thread Name:                 AsyncTonePreparer
    Stack Region:                0000003c7617d000-0000003c761bd000
    Registers:
        X[00]:                   00000040dc8bb9fc
        X[01]:                   00000040dc8bba00
        X[02]:                   00000000003a81a4
        X[03]:                   ffffffffffffffff
        X[04]:                   0000000000000002
        X[05]:                   0000000000000000
        X[06]:                   0000000000000001
        X[07]:                   0000000000000000
        X[08]:                   0000000000000000
        X[09]:                   0000000000000000
        X[10]:                   0000000000000000
        X[11]:                   0000000000000000
        X[12]:                   0000000000000000
        X[13]:                   0000000000000000
        X[14]:                   0000000000000000
        X[15]:                   0000000000000000
        X[16]:                   0000000000000000
        X[17]:                   0000000000000000
        X[18]:                   0000000000000000
        X[19]:                   0000000000000000
        X[20]:                   0000000000000000
        X[21]:                   0000000000000000
        X[22]:                   0000000000000000
        X[23]:                   0000000000000000
        X[24]:                   0000000000000000
        X[25]:                   0000000000000000
        X[26]:                   0000000000000000
        X[27]:                   0000000000000000
        X[28]:                   0000000000000000
        FP:                      0000003c761bce50
        LR:                      00000056cd6b7998 (nnSdk + 0x339998) (_ZN2nn2os6detail38InternalConditionVariableImplByHorizon4WaitEPNS1_23InternalCriticalSectionE + 0x48)
        SP:                      0000003c761bce30
        PC:                      00000056cd70792c (nnSdk + 0x38992c)
    Stack Trace:
        ReturnAddress[00]:       00000056cd6ac898 (nnSdk + 0x32e898) (_ZN2nn2os9WaitEventEPNS0_9EventTypeE + 0x48)
        ReturnAddress[01]:       00000056c7c18810 (cross2_Release.nss + 0x2414810)
        ReturnAddress[02]:       00000056c7c18780 (cross2_Release.nss + 0x2414780)
        ReturnAddress[03]:       00000056cd6b24b8 (nnSdk + 0x3344b8)
        ReturnAddress[04]:       00000056cd6b6984 (nnSdk + 0x338984)
        ReturnAddress[05]:       0000000000000000
    Stack Dump:                               00 01 02 03 04 05 06 07 08 09 0a 0b 0c 0d 0e 0f
                                 003c761bce30 00 ba 8b dc 40 00 00 00 68 c7 39 d7 40 00 00 00
                                 003c761bce40 e0 b9 8b dc 40 00 00 00 fc b9 8b dc 40 00 00 00
                                 003c761bce50 80 ce 1b 76 3c 00 00 00 98 c8 6a cd 56 00 00 00
                                 003c761bce60 d8 1f a6 8b 40 00 00 00 08 cf 1b 76 3c 00 00 00
                                 003c761bce70 50 c7 39 d7 40 00 00 00 68 c7 39 d7 40 00 00 00
                                 003c761bce80 b0 ce 1b 76 3c 00 00 00 10 88 c1 c7 56 00 00 00
                                 003c761bce90 d8 1f a6 8b 40 00 00 00 c0 1f a6 8b 40 00 00 00
                                 003c761bcea0 18 cf 1b 76 3c 00 00 00 50 c7 39 d7 40 00 00 00
                                 003c761bceb0 80 cf 1b 76 3c 00 00 00 80 87 c1 c7 56 00 00 00
                                 003c761bcec0 00 00 00 00 00 00 00 00 00 00 00 00 00 00 00 00
                                 003c761bced0 50 6d 77 ca 56 00 00 00 00 07 98 fa 40 00 00 00
                                 003c761bcee0 01 00 00 00 00 65 87 00 00 00 00 00 00 00 00 00
                                 003c761bcef0 00 00 00 00 00 00 00 00 00 00 00 00 00 00 00 00
                                 003c761bcf00 00 00 00 00 00 00 00 00 00 00 00 00 00 00 00 00
                                 003c761bcf10 97 c1 a8 d7 31 00 00 00 2e 60 c9 c6 32 00 00 00
                                 003c761bcf20 d8 1f a6 8b 40 00 00 00 c0 1f a6 8b 40 00 00 00
    TLS Address:                 0000000f1e1b1200
    TLS Dump:                                 00 01 02 03 04 05 06 07 08 09 0a 0b 0c 0d 0e 0f
                                 000f1e1b1200 00 00 00 00 0c 00 00 00 00 00 00 00 00 00 00 00
                                 000f1e1b1210 00 00 00 00 00 00 00 00 00 00 00 00 00 00 00 00
                                 000f1e1b1220 53 46 43 4f 00 00 00 00 00 00 00 00 eb ca d2 c4
                                 000f1e1b1230 00 00 00 00 00 00 00 00 00 00 00 00 00 00 00 00
                                 000f1e1b1240 28 7c a2 56 00 00 00 00 00 02 00 00 00 00 00 00
                                 000f1e1b1250 00 00 00 00 00 00 00 00 00 00 00 00 00 00 00 00
                                 000f1e1b1260 00 00 00 00 00 00 00 00 00 00 00 00 00 00 00 00
                                 000f1e1b1270 00 00 00 00 00 00 00 00 00 00 00 00 00 00 00 00
                                 000f1e1b1280 00 00 00 00 00 00 00 00 00 00 00 00 00 00 00 00
                                 000f1e1b1290 00 00 00 00 00 00 00 00 00 00 00 00 00 00 00 00
                                 000f1e1b12a0 00 00 00 00 00 00 00 00 00 00 00 00 00 00 00 00
                                 000f1e1b12b0 00 00 00 00 00 00 00 00 00 00 00 00 00 00 00 00
                                 000f1e1b12c0 00 00 00 00 00 00 00 00 00 00 00 00 00 00 00 00
                                 000f1e1b12d0 00 00 00 00 00 00 00 00 00 00 00 00 00 00 00 00
                                 000f1e1b12e0 00 00 00 00 00 00 00 00 00 00 00 00 00 00 00 00
                                 000f1e1b12f0 00 00 00 00 00 00 00 00 00 00 00 00 00 00 00 00
Threads[25]:
    Thread ID:                   000000000000052a
    Thread Name:                 nuscFileAsyncRequest
    Stack Region:                0000003c5b3bc000-0000003c5b3c4000
    Registers:
        X[00]:                   00000040d754a068
        X[01]:                   00000040d754a074
        X[02]:                   00000000003b01a3
        X[03]:                   ffffffffffffffff
        X[04]:                   0000000000000000
        X[05]:                   0000000000000000
        X[06]:                   0000000000000000
        X[07]:                   0000000000000000
        X[08]:                   0000000000000000
        X[09]:                   0000000000000000
        X[10]:                   0000000000000000
        X[11]:                   0000000000000000
        X[12]:                   0000000000000000
        X[13]:                   0000000000000000
        X[14]:                   0000000000000000
        X[15]:                   0000000000000000
        X[16]:                   0000000000000000
        X[17]:                   0000000000000000
        X[18]:                   0000000000000000
        X[19]:                   0000000000000000
        X[20]:                   0000000000000000
        X[21]:                   0000000000000000
        X[22]:                   0000000000000000
        X[23]:                   0000000000000000
        X[24]:                   0000000000000000
        X[25]:                   0000000000000000
        X[26]:                   0000000000000000
        X[27]:                   0000000000000000
        X[28]:                   0000000000000000
        FP:                      0000003c5b3c3ea0
        LR:                      00000056cd6b7998 (nnSdk + 0x339998) (_ZN2nn2os6detail38InternalConditionVariableImplByHorizon4WaitEPNS1_23InternalCriticalSectionE + 0x48)
        SP:                      0000003c5b3c3e80
        PC:                      00000056cd70792c (nnSdk + 0x38992c)
    Stack Trace:
        ReturnAddress[00]:       00000056cd6ac464 (nnSdk + 0x32e464) (_ZN2nn2os21WaitConditionVariableEPNS0_21ConditionVariableTypeEPNS0_9MutexTypeE + 0x44)
        ReturnAddress[01]:       00000056cd82f184 (nnSdk + 0x4b1184) (_ZNSt3__121__libcpp_condvar_waitEPNSt13__libcxx_shim19__libcxx_shim_ver_132__libcxx_shim_condition_variableEPNS1_19__libcxx_shi + 0xc)
        ReturnAddress[02]:       00000056cd7de618 (nnSdk + 0x460618) (_ZNSt3__118condition_variable4waitERNS_11unique_lockINS_5mutexEEE + 0x18)
        ReturnAddress[03]:       00000056c918a874 (cross2_Release.nss + 0x3986874)
        ReturnAddress[04]:       00000056c91a1634 (cross2_Release.nss + 0x399d634)
        ReturnAddress[05]:       00000056cd6b24b8 (nnSdk + 0x3344b8)
        ReturnAddress[06]:       00000056cd6b6984 (nnSdk + 0x338984)
        ReturnAddress[07]:       0000000000000000
    Stack Dump:                               00 01 02 03 04 05 06 07 08 09 0a 0b 0c 0d 0e 0f
                                 003c5b3c3e80 00 a0 54 d7 40 00 00 00 14 38 57 cd 56 00 00 00
                                 003c5b3c3e90 70 a0 54 d7 40 00 00 00 50 a0 54 d7 40 00 00 00
                                 003c5b3c3ea0 c0 3e 3c 5b 3c 00 00 00 64 c4 6a cd 56 00 00 00
                                 003c5b3c3eb0 50 a0 54 d7 40 00 00 00 50 a0 54 d7 40 00 00 00
                                 003c5b3c3ec0 d0 3e 3c 5b 3c 00 00 00 84 f1 82 cd 56 00 00 00
                                 003c5b3c3ed0 e0 3e 3c 5b 3c 00 00 00 18 e6 7d cd 56 00 00 00
                                 003c5b3c3ee0 60 3f 3c 5b 3c 00 00 00 74 a8 18 c9 56 00 00 00
                                 003c5b3c3ef0 41 19 72 de 40 00 00 00 60 32 55 d7 40 00 00 00
                                 003c5b3c3f00 50 a0 54 d7 40 00 00 00 01 00 00 00 00 00 00 00
                                 003c5b3c3f10 00 00 00 00 00 00 00 00 00 00 00 00 00 00 00 00
                                 003c5b3c3f20 00 00 00 00 00 00 00 00 00 00 00 00 00 00 00 00
                                 003c5b3c3f30 00 00 00 00 00 00 00 00 00 00 00 00 00 00 00 00
                                 003c5b3c3f40 00 00 00 00 00 00 00 00 34 a2 54 d7 40 00 00 00
                                 003c5b3c3f50 30 a2 54 d7 40 00 00 00 88 a0 54 d7 40 00 00 00
                                 003c5b3c3f60 80 3f 3c 5b 3c 00 00 00 34 16 1a c9 56 00 00 00
                                 003c5b3c3f70 88 a0 54 d7 40 00 00 00 88 a0 54 d7 40 00 00 00
    TLS Address:                 0000000f1e1b1400
    TLS Dump:                                 00 01 02 03 04 05 06 07 08 09 0a 0b 0c 0d 0e 0f
                                 000f1e1b1400 00 00 00 00 0c 00 00 00 00 00 00 00 00 00 00 00
                                 000f1e1b1410 00 00 00 00 00 00 00 00 00 00 00 00 00 00 00 00
                                 000f1e1b1420 53 46 43 4f 00 00 00 00 00 00 00 00 eb ca d2 c4
                                 000f1e1b1430 00 00 00 00 00 00 00 00 00 00 00 00 00 00 00 00
                                 000f1e1b1440 d8 7a a5 56 00 00 00 00 48 ff 00 00 00 00 00 00
                                 000f1e1b1450 00 00 00 00 00 00 00 00 00 00 00 00 00 00 00 00
                                 000f1e1b1460 00 00 00 00 00 00 00 00 00 00 00 00 00 00 00 00
                                 000f1e1b1470 00 00 00 00 00 00 00 00 00 00 00 00 00 00 00 00
                                 000f1e1b1480 00 00 00 00 00 00 00 00 00 00 00 00 00 00 00 00
                                 000f1e1b1490 00 00 00 00 00 00 00 00 00 00 00 00 00 00 00 00
                                 000f1e1b14a0 00 00 00 00 00 00 00 00 00 00 00 00 00 00 00 00
                                 000f1e1b14b0 00 00 00 00 00 00 00 00 00 00 00 00 00 00 00 00
                                 000f1e1b14c0 00 00 00 00 00 00 00 00 00 00 00 00 00 00 00 00
                                 000f1e1b14d0 00 00 00 00 00 00 00 00 00 00 00 00 00 00 00 00
                                 000f1e1b14e0 00 00 00 00 00 00 00 00 00 00 00 00 00 00 00 00
                                 000f1e1b14f0 00 00 00 00 00 00 00 00 00 00 00 00 00 00 00 00
Threads[26]:
    Thread ID:                   000000000000052b
    Thread Name:                 nus3::audio update
    Stack Region:                0000003cb6b80000-0000003cb6ba0000
    Registers:
        X[00]:                   0000003cb6b9f638
        X[01]:                   0000003cb6b9f63c
        X[02]:                   0000000000000001
        X[03]:                   0000000001e84763
        X[04]:                   0000000000000000
        X[05]:                   0000000000000000
        X[06]:                   0000000000000000
        X[07]:                   0000000000000000
        X[08]:                   0000000000000000
        X[09]:                   0000000000000000
        X[10]:                   0000000000000000
        X[11]:                   0000000000000000
        X[12]:                   0000000000000000
        X[13]:                   0000000000000000
        X[14]:                   0000000000000000
        X[15]:                   0000000000000000
        X[16]:                   0000000000000000
        X[17]:                   0000000000000000
        X[18]:                   0000000000000000
        X[19]:                   0000000000000000
        X[20]:                   0000000000000000
        X[21]:                   0000000000000000
        X[22]:                   0000000000000000
        X[23]:                   0000000000000000
        X[24]:                   0000000000000000
        X[25]:                   0000000000000000
        X[26]:                   0000000000000000
        X[27]:                   0000000000000000
        X[28]:                   0000000000000000
        FP:                      0000003cb6b9f650
        LR:                      00000056cd6b75c8 (nnSdk + 0x3395c8) (_ZN2nn2os6detail30InterProcessEventImplByHorizon9TimedWaitEjbNS_8TimeSpanE + 0x78)
        SP:                      0000003cb6b9f610
        PC:                      00000056cd707900 (nnSdk + 0x389900)
    Stack Trace:
        ReturnAddress[00]:       00000056c918bae4 (cross2_Release.nss + 0x3987ae4)
        ReturnAddress[01]:       00000056cd6b24b8 (nnSdk + 0x3344b8)
        ReturnAddress[02]:       00000056cd6b6984 (nnSdk + 0x338984)
        ReturnAddress[03]:       0000000000000000
    Stack Dump:                               00 01 02 03 04 05 06 07 08 09 0a 0b 0c 0d 0e 0f
                                 003cb6b9f610 38 f6 b9 b6 3c 00 00 00 bc 7f 41 cd 56 00 00 00
                                 003cb6b9f620 30 f6 b9 b6 3c 00 00 00 ed 46 a3 fa 81 00 00 00
                                 003cb6b9f630 00 02 00 00 00 00 00 00 00 00 00 00 a2 81 3c 00
                                 003cb6b9f640 88 8a 5d cc 56 00 00 00 62 6e 71 70 00 00 00 00
                                 003cb6b9f650 80 ff b9 b6 3c 00 00 00 e4 ba 18 c9 56 00 00 00
                                 003cb6b9f660 00 00 00 00 00 00 00 00 00 00 00 00 00 00 00 00
                                 003cb6b9f670 00 00 00 00 00 00 00 3c 00 00 00 43 00 80 3b 47
                                 003cb6b9f680 db 0f c9 40 00 80 bb 46 50 f8 b9 b6 3c 00 00 00
                                 003cb6b9f690 30 f8 b9 b6 3c 00 00 00 38 21 10 bc 71 1a 00 00
                                 003cb6b9f6a0 ce 3c 0e bc 71 1a 00 00 88 8a 5d cc 56 00 00 00
                                 003cb6b9f6b0 74 fe b9 b6 3c 00 00 00 00 fe b9 b6 3c 00 00 00
                                 003cb6b9f6c0 cd cc 4c 3f cd cc 4c 3f cd cc 4c 3f cd cc 4c 3f
                                 003cb6b9f6d0 00 00 00 00 00 00 00 00 c8 fe b9 b6 3c 00 00 00
                                 003cb6b9f6e0 a0 fe b9 b6 3c 00 00 00 00 20 43 dc 40 00 00 00
                                 003cb6b9f6f0 00 00 00 00 00 fe ff 46 08 00 00 00 00 00 00 00
                                 003cb6b9f700 04 00 98 dc 40 00 00 00 10 00 98 dc 40 00 00 00
    TLS Address:                 0000000f1e1b1600
    TLS Dump:                                 00 01 02 03 04 05 06 07 08 09 0a 0b 0c 0d 0e 0f
                                 000f1e1b1600 00 00 01 00 09 00 00 00 c0 c0 08 00 30 f6 b9 b6
                                 000f1e1b1610 53 46 43 4f 00 00 00 00 00 00 00 00 a5 25 62 61
                                 000f1e1b1620 00 00 00 00 00 00 00 00 00 00 00 00 00 00 00 00
                                 000f1e1b1630 00 00 00 00 08 00 00 00 30 f6 b9 b6 3c 00 08 00
                                 000f1e1b1640 00 00 00 00 00 00 00 00 00 00 00 00 00 00 00 00
                                 000f1e1b1650 00 00 00 00 00 00 00 00 00 00 00 00 00 00 00 00
                                 000f1e1b1660 00 00 00 00 00 00 00 00 00 00 00 00 00 00 00 00
                                 000f1e1b1670 00 00 00 00 00 00 00 00 00 00 00 00 00 00 00 00
                                 000f1e1b1680 00 00 00 00 00 00 00 00 00 00 00 00 00 00 00 00
                                 000f1e1b1690 00 00 00 00 00 00 00 00 00 00 00 00 00 00 00 00
                                 000f1e1b16a0 00 00 00 00 00 00 00 00 00 00 00 00 00 00 00 00
                                 000f1e1b16b0 00 00 00 00 00 00 00 00 00 00 00 00 00 00 00 00
                                 000f1e1b16c0 00 00 00 00 00 00 00 00 00 00 00 00 00 00 00 00
                                 000f1e1b16d0 00 00 00 00 00 00 00 00 00 00 00 00 00 00 00 00
                                 000f1e1b16e0 00 00 00 00 00 00 00 00 00 00 00 00 00 00 00 00
                                 000f1e1b16f0 00 00 00 00 00 00 00 00 00 00 00 00 00 00 00 00
Threads[27]:
    Thread ID:                   000000000000052c
    Thread Name:                 AudioDeviceChange
    Stack Region:                0000003cae71d000-0000003cae75d000
    Registers:
        X[00]:                   0000003cae75cd18
        X[01]:                   0000003cae75cd1c
        X[02]:                   0000000000000001
        X[03]:                   0000000000f4222b
        X[04]:                   0000000000000000
        X[05]:                   0000000000000000
        X[06]:                   0000000000000000
        X[07]:                   0000000000000000
        X[08]:                   0000000000000000
        X[09]:                   0000000000000000
        X[10]:                   0000000000000000
        X[11]:                   0000000000000000
        X[12]:                   0000000000000000
        X[13]:                   0000000000000000
        X[14]:                   0000000000000000
        X[15]:                   0000000000000000
        X[16]:                   0000000000000000
        X[17]:                   0000000000000000
        X[18]:                   0000000000000000
        X[19]:                   0000000000000000
        X[20]:                   0000000000000000
        X[21]:                   0000000000000000
        X[22]:                   0000000000000000
        X[23]:                   0000000000000000
        X[24]:                   0000000000000000
        X[25]:                   0000000000000000
        X[26]:                   0000000000000000
        X[27]:                   0000000000000000
        X[28]:                   0000000000000000
        FP:                      0000003cae75cd30
        LR:                      00000056cd6b75c8 (nnSdk + 0x3395c8) (_ZN2nn2os6detail30InterProcessEventImplByHorizon9TimedWaitEjbNS_8TimeSpanE + 0x78)
        SP:                      0000003cae75ccf0
        PC:                      00000056cd707900 (nnSdk + 0x389900)
    Stack Trace:
        ReturnAddress[00]:       00000056c8f445e8 (cross2_Release.nss + 0x37405e8)
        ReturnAddress[01]:       00000056cd6b24b8 (nnSdk + 0x3344b8)
        ReturnAddress[02]:       00000056cd6b6984 (nnSdk + 0x338984)
        ReturnAddress[03]:       0000000000000000
    Stack Dump:                               00 01 02 03 04 05 06 07 08 09 0a 0b 0c 0d 0e 0f
                                 003cae75ccf0 18 cd 75 ae 3c 00 00 00 00 00 00 00 00 00 00 00
                                 003cae75cd00 00 00 00 00 00 00 00 00 a1 13 9e fa 81 00 00 00
                                 003cae75cd10 08 55 06 d5 40 00 00 00 ff ff ff ff 9f 81 3e 00
                                 003cae75cd20 48 56 06 d5 40 00 00 00 00 55 06 d5 40 00 00 00
                                 003cae75cd30 80 cf 75 ae 3c 00 00 00 e8 45 f4 c8 56 00 00 00
                                 003cae75cd40 00 00 00 00 00 00 00 00 00 00 00 00 00 00 00 00
                                 003cae75cd50 00 00 00 00 00 00 00 00 00 00 00 00 00 00 00 00
                                 003cae75cd60 00 00 00 00 00 00 00 00 00 00 00 00 00 00 00 00
                                 003cae75cd70 00 00 00 00 00 00 00 00 00 00 00 00 00 00 00 00
                                 003cae75cd80 00 00 00 00 00 00 00 00 00 00 00 00 00 00 00 00
                                 003cae75cd90 00 00 00 00 00 00 00 00 00 00 00 00 00 00 00 00
                                 003cae75cda0 00 00 00 00 00 00 00 00 00 00 00 00 00 00 00 00
                                 003cae75cdb0 00 00 00 00 00 00 00 00 00 00 00 00 00 00 00 00
                                 003cae75cdc0 00 00 00 00 00 00 00 00 00 00 00 00 00 00 00 00
                                 003cae75cdd0 00 00 00 00 00 00 00 00 00 00 00 00 00 00 00 00
                                 003cae75cde0 00 00 00 00 00 00 00 00 00 00 00 00 00 00 00 00
    TLS Address:                 0000000f1e1b1800
    TLS Dump:                                 00 01 02 03 04 05 06 07 08 09 0a 0b 0c 0d 0e 0f
                                 000f1e1b1800 00 00 00 00 00 00 00 00 00 00 00 00 00 00 00 00
                                 000f1e1b1810 00 00 00 00 00 00 00 00 00 00 00 00 00 00 00 00
                                 000f1e1b1820 00 00 00 00 00 00 00 00 00 00 00 00 00 00 00 00
                                 000f1e1b1830 00 00 00 00 00 00 00 00 00 00 00 00 00 00 00 00
                                 000f1e1b1840 00 00 00 00 00 00 00 00 00 00 00 00 00 00 00 00
                                 000f1e1b1850 00 00 00 00 00 00 00 00 00 00 00 00 00 00 00 00
                                 000f1e1b1860 00 00 00 00 00 00 00 00 00 00 00 00 00 00 00 00
                                 000f1e1b1870 00 00 00 00 00 00 00 00 00 00 00 00 00 00 00 00
                                 000f1e1b1880 00 00 00 00 00 00 00 00 00 00 00 00 00 00 00 00
                                 000f1e1b1890 00 00 00 00 00 00 00 00 00 00 00 00 00 00 00 00
                                 000f1e1b18a0 00 00 00 00 00 00 00 00 00 00 00 00 00 00 00 00
                                 000f1e1b18b0 00 00 00 00 00 00 00 00 00 00 00 00 00 00 00 00
                                 000f1e1b18c0 00 00 00 00 00 00 00 00 00 00 00 00 00 00 00 00
                                 000f1e1b18d0 00 00 00 00 00 00 00 00 00 00 00 00 00 00 00 00
                                 000f1e1b18e0 00 00 00 00 00 00 00 00 00 00 00 00 00 00 00 00
                                 000f1e1b18f0 00 00 00 00 00 00 00 00 00 00 00 00 00 00 00 00
Threads[28]:
    Thread ID:                   000000000000052d
    Thread Name:                 sindou::update
    Stack Region:                0000003c7e57f000-0000003c7e58f000
    Registers:
        X[00]:                   00000000004c4b40
        X[01]:                   00000081fa9b4d2d
        X[02]:                   0000000000000000
        X[03]:                   0000000000000000
        X[04]:                   0000000000000000
        X[05]:                   0000000000000000
        X[06]:                   0000000000000000
        X[07]:                   0000000000000000
        X[08]:                   0000000000000000
        X[09]:                   0000000000000000
        X[10]:                   0000000000000000
        X[11]:                   0000000000000000
        X[12]:                   0000000000000000
        X[13]:                   0000000000000000
        X[14]:                   0000000000000000
        X[15]:                   0000000000000000
        X[16]:                   0000000000000000
        X[17]:                   0000000000000000
        X[18]:                   0000000000000000
        X[19]:                   0000000000000000
        X[20]:                   0000000000000000
        X[21]:                   0000000000000000
        X[22]:                   0000000000000000
        X[23]:                   0000000000000000
        X[24]:                   0000000000000000
        X[25]:                   0000000000000000
        X[26]:                   0000000000000000
        X[27]:                   0000000000000000
        X[28]:                   0000000000000000
        FP:                      0000003c7e58ef80
        LR:                      00000056c918f698 (cross2_Release.nss + 0x398b698)
        SP:                      0000003c7e58ef30
        PC:                      00000056cd70785c (nnSdk + 0x38985c)
    Stack Trace:
        ReturnAddress[00]:       00000056cd6b24b8 (nnSdk + 0x3344b8)
        ReturnAddress[01]:       00000056cd6b6984 (nnSdk + 0x338984)
        ReturnAddress[02]:       0000000000000000
    Stack Dump:                               00 01 02 03 04 05 06 07 08 09 0a 0b 0c 0d 0e 0f
                                 003c7e58ef00 80 ed a9 ca 56 00 00 00 00 a0 60 cc 56 00 00 00
                                 003c7e58ef10 95 88 21 bc 71 1a 00 00 c4 f2 a9 ca 56 00 00 00
                                 003c7e58ef20 80 ef 58 7e 3c 00 00 00 5c f3 18 c9 56 00 00 00
                                 003c7e58ef30 00 00 00 00 00 00 00 00 00 00 00 00 00 00 00 00
                                 003c7e58ef40 00 00 00 00 00 00 00 00 00 00 00 00 00 00 00 00
                                 003c7e58ef50 00 00 00 00 00 00 00 00 00 00 00 00 00 00 00 00
                                 003c7e58ef60 00 00 00 00 00 00 00 00 ac 92 5f cc 56 00 00 00
                                 003c7e58ef70 a8 92 5f cc 56 00 00 00 00 91 5f cc 56 00 00 00
                                 003c7e58ef80 b0 ef 58 7e 3c 00 00 00 b8 24 6b cd 56 00 00 00
                                 003c7e58ef90 00 00 00 00 00 00 00 00 00 00 00 00 00 00 00 00
                                 003c7e58efa0 00 00 00 00 00 00 00 00 00 91 5f cc 56 00 00 00
                                 003c7e58efb0 d0 ef 58 7e 3c 00 00 00 84 69 6b cd 56 00 00 00
                                 003c7e58efc0 00 00 00 00 00 00 00 00 00 00 00 00 00 00 00 00
                                 003c7e58efd0 00 00 00 00 00 00 00 00 00 00 00 00 00 00 00 00
                                 003c7e58efe0 50 24 6b cd 56 00 00 00 00 00 00 00 00 00 00 00
                                 003c7e58eff0 00 00 00 00 00 00 00 00 00 00 00 00 00 00 00 00
    TLS Address:                 0000000f1e1b1a00
    TLS Dump:                                 00 01 02 03 04 05 06 07 08 09 0a 0b 0c 0d 0e 0f
                                 000f1e1b1a00 00 00 00 00 00 00 00 00 00 00 00 00 00 00 00 00
                                 000f1e1b1a10 00 00 00 00 00 00 00 00 00 00 00 00 00 00 00 00
                                 000f1e1b1a20 00 00 00 00 00 00 00 00 00 00 00 00 00 00 00 00
                                 000f1e1b1a30 00 00 00 00 00 00 00 00 00 00 00 00 00 00 00 00
                                 000f1e1b1a40 00 00 00 00 00 00 00 00 00 00 00 00 00 00 00 00
                                 000f1e1b1a50 00 00 00 00 00 00 00 00 00 00 00 00 00 00 00 00
                                 000f1e1b1a60 00 00 00 00 00 00 00 00 00 00 00 00 00 00 00 00
                                 000f1e1b1a70 00 00 00 00 00 00 00 00 00 00 00 00 00 00 00 00
                                 000f1e1b1a80 00 00 00 00 00 00 00 00 00 00 00 00 00 00 00 00
                                 000f1e1b1a90 00 00 00 00 00 00 00 00 00 00 00 00 00 00 00 00
                                 000f1e1b1aa0 00 00 00 00 00 00 00 00 00 00 00 00 00 00 00 00
                                 000f1e1b1ab0 00 00 00 00 00 00 00 00 00 00 00 00 00 00 00 00
                                 000f1e1b1ac0 00 00 00 00 00 00 00 00 00 00 00 00 00 00 00 00
                                 000f1e1b1ad0 00 00 00 00 00 00 00 00 00 00 00 00 00 00 00 00
                                 000f1e1b1ae0 00 00 00 00 00 00 00 00 00 00 00 00 00 00 00 00
                                 000f1e1b1af0 00 00 00 00 00 00 00 00 00 00 00 00 00 00 00 00
Threads[29]:
    Thread ID:                   000000000000052e
    Thread Name:                 L2CDynamicModuleManager::thread
    Stack Region:                0000003ca67d6000-0000003ca6816000
    Registers:
        X[00]:                   00000040dc8bd16c
        X[01]:                   00000040dc8bd170
        X[02]:                   000000000046819c
        X[03]:                   ffffffffffffffff
        X[04]:                   0000000000000000
        X[05]:                   0000000000000000
        X[06]:                   0000003ca6815a3c
        X[07]:                   0000000000000000
        X[08]:                   0000000000000000
        X[09]:                   0000000000000000
        X[10]:                   0000000000000000
        X[11]:                   0000000000000000
        X[12]:                   0000000000000000
        X[13]:                   0000000000000000
        X[14]:                   0000000000000000
        X[15]:                   0000000000000000
        X[16]:                   0000000000000000
        X[17]:                   0000000000000000
        X[18]:                   0000000000000000
        X[19]:                   0000000000000000
        X[20]:                   0000000000000000
        X[21]:                   0000000000000000
        X[22]:                   0000000000000000
        X[23]:                   0000000000000000
        X[24]:                   0000000000000000
        X[25]:                   0000000000000000
        X[26]:                   0000000000000000
        X[27]:                   0000000000000000
        X[28]:                   0000000000000000
        FP:                      0000003ca6815db0
        LR:                      00000056cd6b7998 (nnSdk + 0x339998) (_ZN2nn2os6detail38InternalConditionVariableImplByHorizon4WaitEPNS1_23InternalCriticalSectionE + 0x48)
        SP:                      0000003ca6815d90
        PC:                      00000056cd70792c (nnSdk + 0x38992c)
    Stack Trace:
        ReturnAddress[00]:       00000056cd6ac898 (nnSdk + 0x32e898) (_ZN2nn2os9WaitEventEPNS0_9EventTypeE + 0x48)
        ReturnAddress[01]:       00000056c7aba680 (cross2_Release.nss + 0x22b6680)
        ReturnAddress[02]:       00000056cd6b24b8 (nnSdk + 0x3344b8)
        ReturnAddress[03]:       00000056cd6b6984 (nnSdk + 0x338984)
        ReturnAddress[04]:       0000000000000000
    Stack Dump:                               00 01 02 03 04 05 06 07 08 09 0a 0b 0c 0d 0e 0f
                                 003ca6815d90 70 d1 8b dc 40 00 00 00 a0 f1 09 d5 40 00 00 00
                                 003ca6815da0 50 d1 8b dc 40 00 00 00 6c d1 8b dc 40 00 00 00
                                 003ca6815db0 e0 5d 81 a6 3c 00 00 00 98 c8 6a cd 56 00 00 00
                                 003ca6815dc0 00 50 b3 ca 56 00 00 00 18 00 00 00 00 00 00 00
                                 003ca6815dd0 a0 f1 09 d5 40 00 00 00 05 00 00 00 00 00 00 00
                                 003ca6815de0 80 5f 81 a6 3c 00 00 00 80 a6 ab c7 56 00 00 00
                                 003ca6815df0 11 5e 81 a6 3c 00 00 00 50 f1 09 d5 40 00 00 00
                                 003ca6815e00 48 f1 09 d5 40 00 00 00 00 00 00 00 00 00 00 00
                                 003ca6815e10 70 72 65 62 75 69 6c 74 3a 2f 6e 72 6f 2f 52 65
                                 003ca6815e20 6c 65 61 73 65 2f 6c 75 61 32 63 70 70 5f 6d 61
                                 003ca6815e30 73 74 65 72 2e 6e 72 6f 00 00 00 00 00 00 00 00
                                 003ca6815e40 00 00 00 00 00 00 00 00 00 00 00 00 00 00 00 00
                                 003ca6815e50 00 00 00 00 00 00 00 00 00 00 00 00 00 00 00 00
                                 003ca6815e60 00 00 00 00 00 00 00 00 00 00 00 00 00 00 00 00
                                 003ca6815e70 00 00 00 00 00 00 00 00 00 00 00 00 00 00 00 00
                                 003ca6815e80 00 00 00 00 00 00 00 00 00 00 00 00 00 00 00 00
    TLS Address:                 0000000f1e1b1c00
    TLS Dump:                                 00 01 02 03 04 05 06 07 08 09 0a 0b 0c 0d 0e 0f
                                 000f1e1b1c00 00 00 00 00 08 00 00 00 01 00 00 00 95 00 00 00
                                 000f1e1b1c10 53 46 43 4f 00 00 00 00 00 00 00 00 a9 55 2c a5
                                 000f1e1b1c20 53 46 43 49 01 00 00 00 01 00 00 00 00 00 00 00
                                 000f1e1b1c30 00 00 00 00 00 00 00 00 00 90 37 51 7d 00 00 00
                                 000f1e1b1c40 00 00 41 00 00 00 00 00 00 00 00 00 00 00 00 00
                                 000f1e1b1c50 00 00 00 00 00 00 00 00 00 00 00 00 00 00 00 00
                                 000f1e1b1c60 00 00 00 00 00 00 00 00 00 00 00 00 00 00 00 00
                                 000f1e1b1c70 00 00 00 00 00 00 00 00 00 00 00 00 00 00 00 00
                                 000f1e1b1c80 00 00 00 00 00 00 00 00 00 00 00 00 00 00 00 00
                                 000f1e1b1c90 00 00 00 00 00 00 00 00 00 00 00 00 00 00 00 00
                                 000f1e1b1ca0 00 00 00 00 00 00 00 00 00 00 00 00 00 00 00 00
                                 000f1e1b1cb0 00 00 00 00 00 00 00 00 00 00 00 00 00 00 00 00
                                 000f1e1b1cc0 00 00 00 00 00 00 00 00 00 00 00 00 00 00 00 00
                                 000f1e1b1cd0 00 00 00 00 00 00 00 00 00 00 00 00 00 00 00 00
                                 000f1e1b1ce0 00 00 00 00 00 00 00 00 00 00 00 00 00 00 00 00
                                 000f1e1b1cf0 00 00 00 00 00 00 00 00 00 00 00 00 00 00 00 00
Threads[30]:
    Thread ID:                   000000000000052f
    Thread Name:                 SaveStorage
    Stack Region:                0000003c6ad35000-0000003c6ad75000
    Registers:
        X[00]:                   00000040de79031c
        X[01]:                   00000040de790320
        X[02]:                   0000000000478199
        X[03]:                   ffffffffffffffff
        X[04]:                   0000000000000000
        X[05]:                   0000000000000000
        X[06]:                   0000000000000000
        X[07]:                   0000000000000000
        X[08]:                   0000000000000000
        X[09]:                   0000000000000000
        X[10]:                   0000000000000000
        X[11]:                   0000000000000000
        X[12]:                   0000000000000000
        X[13]:                   0000000000000000
        X[14]:                   0000000000000000
        X[15]:                   0000000000000000
        X[16]:                   0000000000000000
        X[17]:                   0000000000000000
        X[18]:                   0000000000000000
        X[19]:                   0000000000000000
        X[20]:                   0000000000000000
        X[21]:                   0000000000000000
        X[22]:                   0000000000000000
        X[23]:                   0000000000000000
        X[24]:                   0000000000000000
        X[25]:                   0000000000000000
        X[26]:                   0000000000000000
        X[27]:                   0000000000000000
        X[28]:                   0000000000000000
        FP:                      0000003c6ad74ef0
        LR:                      00000056cd6b7998 (nnSdk + 0x339998) (_ZN2nn2os6detail38InternalConditionVariableImplByHorizon4WaitEPNS1_23InternalCriticalSectionE + 0x48)
        SP:                      0000003c6ad74ed0
        PC:                      00000056cd70792c (nnSdk + 0x38992c)
    Stack Trace:
        ReturnAddress[00]:       00000056cd6ac898 (nnSdk + 0x32e898) (_ZN2nn2os9WaitEventEPNS0_9EventTypeE + 0x48)
        ReturnAddress[01]:       00000056c8f25b50 (cross2_Release.nss + 0x3721b50)
        ReturnAddress[02]:       00000056cd6b24b8 (nnSdk + 0x3344b8)
        ReturnAddress[03]:       00000056cd6b6984 (nnSdk + 0x338984)
        ReturnAddress[04]:       0000000000000000
    Stack Dump:                               00 01 02 03 04 05 06 07 08 09 0a 0b 0c 0d 0e 0f
                                 003c6ad74ed0 20 03 79 de 40 00 00 00 70 ba 6d 80 40 00 00 00
                                 003c6ad74ee0 00 03 79 de 40 00 00 00 1c 03 79 de 40 00 00 00
                                 003c6ad74ef0 20 4f d7 6a 3c 00 00 00 98 c8 6a cd 56 00 00 00
                                 003c6ad74f00 c5 9d 1c 81 00 00 00 00 40 ba 6d 80 40 00 00 00
                                 003c6ad74f10 b0 e0 13 cb 56 00 00 00 70 ba 6d 80 40 00 00 00
                                 003c6ad74f20 80 4f d7 6a 3c 00 00 00 50 5b f2 c8 56 00 00 00
                                 003c6ad74f30 00 00 00 00 00 00 00 00 00 00 00 00 00 00 00 00
                                 003c6ad74f40 00 00 00 00 00 00 00 00 00 00 00 00 00 00 00 00
                                 003c6ad74f50 00 00 00 00 00 00 00 00 00 00 00 00 00 00 00 00
                                 003c6ad74f60 00 00 00 00 00 00 00 00 3c c8 3b d7 40 00 00 00
                                 003c6ad74f70 38 c8 3b d7 40 00 00 00 90 c6 3b d7 40 00 00 00
                                 003c6ad74f80 b0 4f d7 6a 3c 00 00 00 b8 24 6b cd 56 00 00 00
                                 003c6ad74f90 00 00 00 00 00 00 00 00 00 00 00 00 00 00 00 00
                                 003c6ad74fa0 00 00 00 00 00 00 00 00 90 c6 3b d7 40 00 00 00
                                 003c6ad74fb0 d0 4f d7 6a 3c 00 00 00 84 69 6b cd 56 00 00 00
                                 003c6ad74fc0 00 00 00 00 00 00 00 00 00 00 00 00 00 00 00 00
    TLS Address:                 0000000f1e1b1e00
    TLS Dump:                                 00 01 02 03 04 05 06 07 08 09 0a 0b 0c 0d 0e 0f
                                 000f1e1b1e00 06 00 00 00 08 00 00 00 00 00 00 00 00 00 00 00
                                 000f1e1b1e10 02 00 00 00 66 00 00 00 00 00 00 00 00 00 00 00
                                 000f1e1b1e20 53 46 43 4f 00 00 00 00 00 00 00 00 a1 6d 71 f3
                                 000f1e1b1e30 f8 4a 5b 00 00 00 00 00 00 00 00 00 00 00 00 00
                                 000f1e1b1e40 00 00 00 00 00 00 00 00 00 00 00 00 00 00 00 00
                                 000f1e1b1e50 40 43 06 00 00 00 00 00 00 00 00 00 00 00 00 00
                                 000f1e1b1e60 00 00 00 00 00 00 00 00 00 00 00 00 00 00 00 00
                                 000f1e1b1e70 00 00 00 00 00 00 00 00 00 00 00 00 00 00 00 00
                                 000f1e1b1e80 00 00 00 00 00 00 00 00 00 00 00 00 00 00 00 00
                                 000f1e1b1e90 00 00 00 00 00 00 00 00 00 00 00 00 00 00 00 00
                                 000f1e1b1ea0 00 00 00 00 00 00 00 00 00 00 00 00 00 00 00 00
                                 000f1e1b1eb0 00 00 00 00 00 00 00 00 00 00 00 00 00 00 00 00
                                 000f1e1b1ec0 00 00 00 00 00 00 00 00 00 00 00 00 00 00 00 00
                                 000f1e1b1ed0 00 00 00 00 00 00 00 00 00 00 00 00 00 00 00 00
                                 000f1e1b1ee0 00 00 00 00 00 00 00 00 00 00 00 00 00 00 00 00
                                 000f1e1b1ef0 00 00 00 00 00 00 00 00 00 00 00 00 00 00 00 00
Threads[31]:
    Thread ID:                   0000000000000531
    Thread Name:                 NetSystem
    Stack Region:                0000003cbac7e000-0000003cbacbe000
    Registers:
        X[00]:                   00000000004c4b40
        X[01]:                   00000040e7f61470
        X[02]:                   00000040e8626a08
        X[03]:                   00000000ffffffff
        X[04]:                   000000000000012c
        X[05]:                   0000000000000000
        X[06]:                   0000000000000000
        X[07]:                   0000000000000000
        X[08]:                   0000000000000000
        X[09]:                   0000000000000000
        X[10]:                   0000000000000000
        X[11]:                   0000000000000000
        X[12]:                   0000000000000000
        X[13]:                   0000000000000000
        X[14]:                   0000000000000000
        X[15]:                   0000000000000000
        X[16]:                   0000000000000000
        X[17]:                   0000000000000000
        X[18]:                   0000000000000000
        X[19]:                   0000000000000000
        X[20]:                   0000000000000000
        X[21]:                   0000000000000000
        X[22]:                   0000000000000000
        X[23]:                   0000000000000000
        X[24]:                   0000000000000000
        X[25]:                   0000000000000000
        X[26]:                   0000000000000000
        X[27]:                   0000000000000000
        X[28]:                   0000000000000000
        FP:                      0000003cbacbdf80
        LR:                      00000056c8f11ab4 (cross2_Release.nss + 0x370dab4)
        SP:                      0000003cbacbdd70
        PC:                      00000056cd70785c (nnSdk + 0x38985c)
    Stack Trace:
        ReturnAddress[00]:       00000056cd6b24b8 (nnSdk + 0x3344b8)
        ReturnAddress[01]:       00000056cd6b6984 (nnSdk + 0x338984)
        ReturnAddress[02]:       0000000000000000
    Stack Dump:                               00 01 02 03 04 05 06 07 08 09 0a 0b 0c 0d 0e 0f
                                 003cbacbdd70 fc de cb ba 3c 00 00 00 e4 de cb ba 3c 00 00 00
                                 003cbacbdd80 c8 db a4 e7 40 00 00 00 d0 fb a4 e7 40 00 00 00
                                 003cbacbdd90 28 5e e7 e7 40 00 00 00 2c 01 00 00 00 00 00 00
                                 003cbacbdda0 94 de cb ba 3c 00 00 00 e0 1b c5 e7 40 00 00 00
                                 003cbacbddb0 e8 1b e5 e7 40 00 00 00 00 90 86 83 40 00 00 00
                                 003cbacbddc0 e0 1b e5 e7 40 00 00 00 e8 1b e7 e7 40 00 00 00
                                 003cbacbddd0 8c de cb ba 3c 00 00 00 40 90 86 83 40 00 00 00
                                 003cbacbdde0 e0 ae 86 83 40 00 00 00 d8 ac 86 83 40 00 00 00
                                 003cbacbddf0 d0 aa 86 83 40 00 00 00 c8 a8 86 83 40 00 00 00
                                 003cbacbde00 c0 a6 86 83 40 00 00 00 b8 a4 86 83 40 00 00 00
                                 003cbacbde10 b0 a2 86 83 40 00 00 00 a8 a0 86 83 40 00 00 00
                                 003cbacbde20 a0 9e 86 83 40 00 00 00 98 9c 86 83 40 00 00 00
                                 003cbacbde30 90 9a 86 83 40 00 00 00 88 98 86 83 40 00 00 00
                                 003cbacbde40 80 96 86 83 40 00 00 00 78 94 86 83 40 00 00 00
                                 003cbacbde50 70 92 86 83 40 00 00 00 68 90 86 83 40 00 00 00
                                 003cbacbde60 f0 5b e7 e7 40 00 00 00 a0 a0 86 83 40 00 00 00
    TLS Address:                 000000103a922000
    TLS Dump:                                 00 01 02 03 04 05 06 07 08 09 0a 0b 0c 0d 0e 0f
                                 00103a922000 00 00 00 00 0d 00 00 00 00 00 00 00 00 00 00 00
                                 00103a922010 00 00 00 00 00 00 00 00 00 00 00 00 00 00 00 00
                                 00103a922020 53 46 43 4f 00 00 00 00 00 00 00 00 3c b3 18 0b
                                 00103a922030 02 00 04 00 00 00 00 00 00 00 00 00 00 00 00 00
                                 00103a922040 05 00 00 00 ff ff 00 00 20 00 00 00 00 00 00 00
                                 00103a922050 00 00 00 00 00 00 00 00 00 00 00 00 00 00 00 00
                                 00103a922060 00 00 00 00 00 00 00 00 00 00 00 00 00 00 00 00
                                 00103a922070 00 00 00 00 00 00 00 00 00 00 00 00 00 00 00 00
                                 00103a922080 00 00 00 00 00 00 00 00 00 00 00 00 00 00 00 00
                                 00103a922090 00 00 00 00 00 00 00 00 00 00 00 00 00 00 00 00
                                 00103a9220a0 00 00 00 00 00 00 00 00 00 00 00 00 00 00 00 00
                                 00103a9220b0 00 00 00 00 00 00 00 00 00 00 00 00 00 00 00 00
                                 00103a9220c0 00 00 00 00 00 00 00 00 00 00 00 00 00 00 00 00
                                 00103a9220d0 00 00 00 00 00 00 00 00 00 00 00 00 00 00 00 00
                                 00103a9220e0 00 00 00 00 00 00 00 00 00 00 00 00 00 00 00 00
                                 00103a9220f0 00 00 00 00 00 00 00 00 00 00 00 00 00 00 00 00
Threads[32]:
    Thread ID:                   0000000000000532
    Thread Name:                 NEX TransportBufferThread(send)
    Stack Region:                0000003c6e67b000-0000003c6e68b000
    Registers:
        X[00]:                   00000040e75d2310
        X[01]:                   00000040e759f094
        X[02]:                   0000000000cc8196
        X[03]:                   ffffffffffffffff
        X[04]:                   0000000000000000
        X[05]:                   0000000000000000
        X[06]:                   0000000000000000
        X[07]:                   0000000000000000
        X[08]:                   0000000000000000
        X[09]:                   0000000000000000
        X[10]:                   0000000000000000
        X[11]:                   0000000000000000
        X[12]:                   0000000000000000
        X[13]:                   0000000000000000
        X[14]:                   0000000000000000
        X[15]:                   0000000000000000
        X[16]:                   0000000000000000
        X[17]:                   0000000000000000
        X[18]:                   0000000000000000
        X[19]:                   0000000000000000
        X[20]:                   0000000000000000
        X[21]:                   0000000000000000
        X[22]:                   0000000000000000
        X[23]:                   0000000000000000
        X[24]:                   0000000000000000
        X[25]:                   0000000000000000
        X[26]:                   0000000000000000
        X[27]:                   0000000000000000
        X[28]:                   0000000000000000
        FP:                      0000003c6e68aec0
        LR:                      00000056cd6b7998 (nnSdk + 0x339998) (_ZN2nn2os6detail38InternalConditionVariableImplByHorizon4WaitEPNS1_23InternalCriticalSectionE + 0x48)
        SP:                      0000003c6e68aea0
        PC:                      00000056cd70792c (nnSdk + 0x38992c)
    Stack Trace:
        ReturnAddress[00]:       00000056cd6ac464 (nnSdk + 0x32e464) (_ZN2nn2os21WaitConditionVariableEPNS0_21ConditionVariableTypeEPNS0_9MutexTypeE + 0x44)
        ReturnAddress[01]:       00000056c59b8478 (cross2_Release.nss + 0x1b4478)
        ReturnAddress[02]:       00000056c59fa7fc (cross2_Release.nss + 0x1f67fc)
        ReturnAddress[03]:       00000056c59b65e4 (cross2_Release.nss + 0x1b25e4)
        ReturnAddress[04]:       00000056cd6b24b8 (nnSdk + 0x3344b8)
        ReturnAddress[05]:       00000056cd6b6984 (nnSdk + 0x338984)
        ReturnAddress[06]:       0000000000000000
    Stack Dump:                               00 01 02 03 04 05 06 07 08 09 0a 0b 0c 0d 0e 0f
                                 003c6e68aea0 d8 22 5d e7 40 00 00 00 00 00 00 00 00 00 00 00
                                 003c6e68aeb0 e8 22 5d e7 40 00 00 00 f8 22 5d e7 40 00 00 00
                                 003c6e68aec0 e0 ae 68 6e 3c 00 00 00 64 c4 6a cd 56 00 00 00
                                 003c6e68aed0 e0 22 5d e7 40 00 00 00 08 21 5d e7 40 00 00 00
                                 003c6e68aee0 00 af 68 6e 3c 00 00 00 78 84 9b c5 56 00 00 00
                                 003c6e68aef0 10 20 5d e7 40 00 00 00 10 20 5d e7 40 00 00 00
                                 003c6e68af00 50 af 68 6e 3c 00 00 00 fc a7 9f c5 56 00 00 00
                                 003c6e68af10 00 00 00 00 00 00 00 00 08 00 00 00 00 00 00 00
                                 003c6e68af20 00 00 00 00 00 00 00 00 00 00 00 00 00 00 00 00
                                 003c6e68af30 00 00 00 00 00 00 00 00 bc 91 5e e7 40 00 00 00
                                 003c6e68af40 0c 11 ab ca 56 00 00 00 30 a1 54 e7 40 00 00 00
                                 003c6e68af50 80 af 68 6e 3c 00 00 00 e4 65 9b c5 56 00 00 00
                                 003c6e68af60 00 00 00 00 00 00 00 00 30 a1 54 e7 40 00 00 00
                                 003c6e68af70 b8 91 5e e7 40 00 00 00 10 90 5e e7 40 00 00 00
                                 003c6e68af80 b0 af 68 6e 3c 00 00 00 b8 24 6b cd 56 00 00 00
                                 003c6e68af90 00 00 00 00 00 00 00 00 00 00 00 00 00 00 00 00
    TLS Address:                 000000103a922200
    TLS Dump:                                 00 01 02 03 04 05 06 07 08 09 0a 0b 0c 0d 0e 0f
                                 00103a922200 00 00 00 00 0d 00 00 00 00 00 00 00 00 00 00 00
                                 00103a922210 00 00 00 00 00 00 00 00 00 00 00 00 00 00 00 00
                                 00103a922220 53 46 43 4f 00 00 00 00 00 00 00 00 aa d9 b8 a9
                                 00103a922230 12 00 00 00 00 00 00 00 00 00 00 00 00 00 00 00
                                 00103a922240 00 00 00 00 00 00 00 00 00 00 00 00 00 00 00 00
                                 00103a922250 00 00 00 00 00 00 00 00 00 00 00 00 00 00 00 00
                                 00103a922260 00 00 00 00 00 00 00 00 00 00 00 00 00 00 00 00
                                 00103a922270 00 00 00 00 00 00 00 00 00 00 00 00 00 00 00 00
                                 00103a922280 00 00 00 00 00 00 00 00 00 00 00 00 00 00 00 00
                                 00103a922290 00 00 00 00 00 00 00 00 00 00 00 00 00 00 00 00
                                 00103a9222a0 00 00 00 00 00 00 00 00 00 00 00 00 00 00 00 00
                                 00103a9222b0 00 00 00 00 00 00 00 00 00 00 00 00 00 00 00 00
                                 00103a9222c0 00 00 00 00 00 00 00 00 00 00 00 00 00 00 00 00
                                 00103a9222d0 00 00 00 00 00 00 00 00 00 00 00 00 00 00 00 00
                                 00103a9222e0 00 00 00 00 00 00 00 00 00 00 00 00 00 00 00 00
                                 00103a9222f0 00 00 00 00 00 00 00 00 00 00 00 00 00 00 00 00
Threads[33]:
    Thread ID:                   0000000000000534
    Thread Name:                 NEX TransportBufferThread(recv 
    Stack Region:                0000003c98be7000-0000003c98bf7000
    Registers:
        X[00]:                   00000000001381df
        X[01]:                   000000103a922400
        X[02]:                   00000000001381df
        X[03]:                   0000003c98bf69c0
        X[04]:                   0000000000000fe0
        X[05]:                   0000000000000019
        X[06]:                   000000103a922400
        X[07]:                   0000000000000001
        X[08]:                   0000000000000000
        X[09]:                   0000000000000000
        X[10]:                   0000000000000000
        X[11]:                   0000000000000000
        X[12]:                   0000000000000000
        X[13]:                   0000000000000000
        X[14]:                   0000000000000000
        X[15]:                   0000000000000000
        X[16]:                   0000000000000000
        X[17]:                   0000000000000000
        X[18]:                   0000000000000000
        X[19]:                   0000000000000000
        X[20]:                   0000000000000000
        X[21]:                   0000000000000000
        X[22]:                   0000000000000000
        X[23]:                   0000000000000000
        X[24]:                   0000000000000000
        X[25]:                   0000000000000000
        X[26]:                   0000000000000000
        X[27]:                   0000000000000000
        X[28]:                   0000000000000000
        FP:                      0000003c98bf6930
        LR:                      00000056cd6e5684 (nnSdk + 0x367684) (_ZN2nn2sf4hipc15SendSyncRequestENS_3svc6HandleEPvm + 0x34)
        SP:                      0000003c98bf6930
        PC:                      00000056cd707954 (nnSdk + 0x389954)
    Stack Trace:
        ReturnAddress[00]:       00000056cd6f9160 (nnSdk + 0x37b160) (_ZN2nn2sf4cmif6client34CmifDomainProxyClientCoreProcessorINS0_4hipc6client38Hipc2ClientSessionManagedProxyKindBaseINS5_18Hipc2P + 0x160)
        ReturnAddress[01]:       00000056cd6f8160 (nnSdk + 0x37a160)
        ReturnAddress[02]:       00000056cd6f2928 (nnSdk + 0x374928) (_ZN2nn6socket6detail4PollEP6pollfdmi + 0xa8)
        ReturnAddress[03]:       00000056c59c1874 (cross2_Release.nss + 0x1bd874)
        ReturnAddress[04]:       00000056c59c2a7c (cross2_Release.nss + 0x1bea7c)
        ReturnAddress[05]:       00000056c59fb564 (cross2_Release.nss + 0x1f7564)
        ReturnAddress[06]:       00000056c59fb76c (cross2_Release.nss + 0x1f776c)
        ReturnAddress[07]:       00000056c59b65e4 (cross2_Release.nss + 0x1b25e4)
        ReturnAddress[08]:       00000056cd6b24b8 (nnSdk + 0x3344b8)
        ReturnAddress[09]:       00000056cd6b6984 (nnSdk + 0x338984)
        ReturnAddress[10]:       0000000000000000
    Stack Dump:                               00 01 02 03 04 05 06 07 08 09 0a 0b 0c 0d 0e 0f
                                 003c98bf6930 50 6a bf 98 3c 00 00 00 60 91 6f cd 56 00 00 00
                                 003c98bf6940 72 ad 08 00 00 00 00 00 a4 6a bf 98 3c 00 00 00
                                 003c98bf6950 a0 6a bf 98 3c 00 00 00 01 00 00 00 00 00 11 01
                                 003c98bf6960 0f 0c 00 00 00 00 00 00 00 00 00 00 00 00 00 00
                                 003c98bf6970 00 00 00 00 02 00 00 00 04 00 00 00 07 00 00 00
                                 003c98bf6980 00 00 00 00 0a 00 00 00 19 00 00 00 1b 00 00 00
                                 003c98bf6990 00 00 00 00 00 00 00 00 00 00 00 00 00 00 00 00
                                 003c98bf69a0 00 00 00 00 02 00 00 00 00 00 00 00 00 00 00 00
                                 003c98bf69b0 00 00 00 00 04 00 00 00 12 00 00 00 14 00 00 00
                                 003c98bf69c0 21 00 00 00 22 00 00 00 d0 6a bf 98 3c 00 00 00
                                 003c98bf69d0 08 00 00 00 00 00 00 00 d0 6a bf 98 3c 00 00 00
                                 003c98bf69e0 08 00 00 00 00 00 00 00 58 69 bf 98 3c 00 00 00
                                 003c98bf69f0 00 24 92 3a 10 00 00 00 00 00 00 00 00 00 00 00
                                 003c98bf6a00 48 6d bf 98 3c 00 00 00 00 00 00 00 00 00 00 00
                                 003c98bf6a10 01 00 00 00 00 00 00 00 04 00 00 00 00 00 00 00
                                 003c98bf6a20 60 6d bf 98 3c 00 00 00 dc 6a bf 98 3c 00 00 00
    TLS Address:                 000000103a922400
    TLS Dump:                                 00 01 02 03 04 05 06 07 08 09 0a 0b 0c 0d 0e 0f
                                 00103a922400 00 00 01 00 0e 08 e0 03 c0 c0 08 00 d0 6a bf 98
                                 00103a922410 00 00 00 00 00 00 00 00 00 00 00 00 00 00 00 00
                                 00103a922420 53 46 43 4f 00 00 00 00 00 00 00 00 91 ab e3 ac
                                 00103a922430 00 00 00 00 00 00 00 00 00 00 00 00 00 00 00 00
                                 00103a922440 00 00 00 00 00 00 00 00 06 00 00 00 00 00 00 00
                                 00103a922450 01 00 00 00 64 00 00 00 00 00 00 00 00 00 00 00
                                 00103a922460 08 00 00 00 d0 6a bf 98 3c 00 08 00 00 00 00 00
                                 00103a922470 00 00 00 00 00 00 00 00 00 00 00 00 00 00 00 00
                                 00103a922480 00 00 00 00 00 00 00 00 00 00 00 00 00 00 00 00
                                 00103a922490 00 00 00 00 00 00 00 00 00 00 00 00 00 00 00 00
                                 00103a9224a0 00 00 00 00 00 00 00 00 00 00 00 00 00 00 00 00
                                 00103a9224b0 00 00 00 00 00 00 00 00 00 00 00 00 00 00 00 00
                                 00103a9224c0 00 00 00 00 00 00 00 00 00 00 00 00 00 00 00 00
                                 00103a9224d0 00 00 00 00 00 00 00 00 00 00 00 00 00 00 00 00
                                 00103a9224e0 00 00 00 00 00 00 00 00 00 00 00 00 00 00 00 00
                                 00103a9224f0 00 00 00 00 00 00 00 00 00 00 00 00 00 00 00 00
Threads[34]:
    Thread ID:                   000000000000054e
    Thread Name:                 Pia BackgroundScheduler
    Stack Region:                0000003c7be59000-0000003c7be5e000
    Registers:
        X[00]:                   00000040e7f61654
        X[01]:                   00000040e7f61658
        X[02]:                   0000000000e00189
        X[03]:                   ffffffffffffffff
        X[04]:                   0000000000000000
        X[05]:                   0000000000000000
        X[06]:                   0000000000000000
        X[07]:                   0000000000000000
        X[08]:                   0000000000000000
        X[09]:                   0000000000000000
        X[10]:                   0000000000000000
        X[11]:                   0000000000000000
        X[12]:                   0000000000000000
        X[13]:                   0000000000000000
        X[14]:                   0000000000000000
        X[15]:                   0000000000000000
        X[16]:                   0000000000000000
        X[17]:                   0000000000000000
        X[18]:                   0000000000000000
        X[19]:                   0000000000000000
        X[20]:                   0000000000000000
        X[21]:                   0000000000000000
        X[22]:                   0000000000000000
        X[23]:                   0000000000000000
        X[24]:                   0000000000000000
        X[25]:                   0000000000000000
        X[26]:                   0000000000000000
        X[27]:                   0000000000000000
        X[28]:                   0000000000000000
        FP:                      0000003c7be5dec0
        LR:                      00000056cd6b7998 (nnSdk + 0x339998) (_ZN2nn2os6detail38InternalConditionVariableImplByHorizon4WaitEPNS1_23InternalCriticalSectionE + 0x48)
        SP:                      0000003c7be5dea0
        PC:                      00000056cd70792c (nnSdk + 0x38992c)
    Stack Trace:
        ReturnAddress[00]:       00000056cd6ac898 (nnSdk + 0x32e898) (_ZN2nn2os9WaitEventEPNS0_9EventTypeE + 0x48)
        ReturnAddress[01]:       00000056c58baddc (cross2_Release.nss + 0xb6ddc)
        ReturnAddress[02]:       00000056c593f620 (cross2_Release.nss + 0x13b620)
        ReturnAddress[03]:       00000056c594008c (cross2_Release.nss + 0x13c08c)
        ReturnAddress[04]:       00000056cd6b24b8 (nnSdk + 0x3344b8)
        ReturnAddress[05]:       00000056cd6b6984 (nnSdk + 0x338984)
        ReturnAddress[06]:       0000000000000000
    Stack Dump:                               00 01 02 03 04 05 06 07 08 09 0a 0b 0c 0d 0e 0f
                                 003c7be5dea0 58 16 f6 e7 40 00 00 00 78 96 62 e8 40 00 00 00
                                 003c7be5deb0 38 16 f6 e7 40 00 00 00 54 16 f6 e7 40 00 00 00
                                 003c7be5dec0 f0 de e5 7b 3c 00 00 00 98 c8 6a cd 56 00 00 00
                                 003c7be5ded0 68 16 f6 e7 40 00 00 00 f8 14 f6 e7 40 00 00 00
                                 003c7be5dee0 18 15 f6 e7 40 00 00 00 b0 14 f6 e7 40 00 00 00
                                 003c7be5def0 40 df e5 7b 3c 00 00 00 dc ad 8b c5 56 00 00 00
                                 003c7be5df00 00 00 00 00 00 00 00 00 6b 92 14 e5 81 00 00 00
                                 003c7be5df10 00 00 00 00 00 00 00 00 00 00 00 00 00 00 00 00
                                 003c7be5df20 00 00 00 00 00 00 00 00 cc 71 f6 e7 40 00 00 00
                                 003c7be5df30 48 15 f6 e7 40 00 00 00 18 15 f6 e7 40 00 00 00
                                 003c7be5df40 60 df e5 7b 3c 00 00 00 20 f6 93 c5 56 00 00 00
                                 003c7be5df50 1e 00 00 00 00 00 00 00 18 15 f6 e7 40 00 00 00
                                 003c7be5df60 80 df e5 7b 3c 00 00 00 8c 00 94 c5 56 00 00 00
                                 003c7be5df70 c8 71 f6 e7 40 00 00 00 20 70 f6 e7 40 00 00 00
                                 003c7be5df80 b0 df e5 7b 3c 00 00 00 b8 24 6b cd 56 00 00 00
                                 003c7be5df90 00 00 00 00 00 00 00 00 00 00 00 00 00 00 00 00
    TLS Address:                 000000103a922a00
    TLS Dump:                                 00 01 02 03 04 05 06 07 08 09 0a 0b 0c 0d 0e 0f
                                 00103a922a00 00 00 00 00 0c 08 e0 03 00 00 00 00 00 00 00 00
                                 00103a922a10 00 00 00 00 00 00 00 00 00 00 00 00 00 00 00 00
                                 00103a922a20 53 46 43 4f 00 00 00 00 00 00 00 00 7a c5 9f e8
                                 00103a922a30 00 00 00 00 00 00 00 00 00 00 00 00 00 00 00 00
                                 00103a922a40 53 46 43 49 01 00 00 00 ce 29 00 00 00 00 00 00
                                 00103a922a50 68 bb 95 11 28 6d 00 10 b0 d7 45 ce f1 a8 78 41
                                 00103a922a60 00 00 00 00 00 00 00 00 00 00 00 00 00 00 00 00
                                 00103a922a70 01 00 00 00 00 00 00 00 00 00 00 00 00 00 00 00
                                 00103a922a80 00 00 00 00 00 00 00 00 00 00 00 00 00 00 00 00
                                 00103a922a90 00 00 00 00 00 00 00 00 00 00 00 00 00 00 00 00
                                 00103a922aa0 00 00 00 00 00 00 00 00 00 00 00 00 00 00 00 00
                                 00103a922ab0 00 00 00 00 00 00 00 00 00 00 00 00 00 00 00 00
                                 00103a922ac0 00 00 00 00 00 00 00 00 00 00 00 00 00 00 00 00
                                 00103a922ad0 00 00 00 00 00 00 00 00 00 00 00 00 00 00 00 00
                                 00103a922ae0 00 00 00 00 00 00 00 00 00 00 00 00 00 00 00 00
                                 00103a922af0 00 00 00 00 00 00 00 00 00 00 00 00 00 00 00 00
Threads[35]:
    Thread ID:                   000000000000054f
    Thread Name:                 Pia ReceiveThreadStream
    Stack Region:                0000003cbede4000-0000003cbede8000
    Registers:
        X[00]:                   00000000001401de
        X[01]:                   000000103a922c00
        X[02]:                   00000000001401de
        X[03]:                   0000003cbede7ae0
        X[04]:                   0000000000000a30
        X[05]:                   0000000000000017
        X[06]:                   000000103a922c00
        X[07]:                   0000000000000001
        X[08]:                   0000000000000000
        X[09]:                   0000000000000000
        X[10]:                   0000000000000000
        X[11]:                   0000000000000000
        X[12]:                   0000000000000000
        X[13]:                   0000000000000000
        X[14]:                   0000000000000000
        X[15]:                   0000000000000000
        X[16]:                   0000000000000000
        X[17]:                   0000000000000000
        X[18]:                   0000000000000000
        X[19]:                   0000000000000000
        X[20]:                   0000000000000000
        X[21]:                   0000000000000000
        X[22]:                   0000000000000000
        X[23]:                   0000000000000000
        X[24]:                   0000000000000000
        X[25]:                   0000000000000000
        X[26]:                   0000000000000000
        X[27]:                   0000000000000000
        X[28]:                   0000000000000000
        FP:                      0000003cbede7a50
        LR:                      00000056cd6e5684 (nnSdk + 0x367684) (_ZN2nn2sf4hipc15SendSyncRequestENS_3svc6HandleEPvm + 0x34)
        SP:                      0000003cbede7a50
        PC:                      00000056cd707954 (nnSdk + 0x389954)
    Stack Trace:
        ReturnAddress[00]:       00000056cd6f9800 (nnSdk + 0x37b800) (_ZN2nn2sf4cmif6client34CmifDomainProxyClientCoreProcessorINS0_4hipc6client38Hipc2ClientSessionManagedProxyKindBaseINS5_18Hipc2P + 0x160)
        ReturnAddress[01]:       00000056cd6f823c (nnSdk + 0x37a23c)
        ReturnAddress[02]:       00000056cd6edf3c (nnSdk + 0x36ff3c) (_ZN2nn6socket6detail8RecvFromEiPvmNS0_7MsgFlagEPNS0_8SockAddrEPj + 0xcc)
        ReturnAddress[03]:       00000056c58be4d4 (cross2_Release.nss + 0xba4d4)
        ReturnAddress[04]:       00000056c58d3bec (cross2_Release.nss + 0xcfbec)
        ReturnAddress[05]:       00000056c5967bfc (cross2_Release.nss + 0x163bfc)
        ReturnAddress[06]:       00000056c59689fc (cross2_Release.nss + 0x1649fc)
        ReturnAddress[07]:       00000056c593f620 (cross2_Release.nss + 0x13b620)
        ReturnAddress[08]:       00000056c594008c (cross2_Release.nss + 0x13c08c)
        ReturnAddress[09]:       00000056cd6b24b8 (nnSdk + 0x3344b8)
        ReturnAddress[10]:       00000056cd6b6984 (nnSdk + 0x338984)
        ReturnAddress[11]:       0000000000000000
    Stack Dump:                               00 01 02 03 04 05 06 07 08 09 0a 0b 0c 0d 0e 0f
                                 003cbede7a50 70 7b de be 3c 00 00 00 00 98 6f cd 56 00 00 00
                                 003cbede7a60 e4 7b de be 3c 00 00 00 e0 7b de be 3c 00 00 00
                                 003cbede7a70 80 00 00 00 00 00 00 00 01 00 00 00 00 00 00 02
                                 003cbede7a80 0f 10 00 00 00 00 00 00 00 00 00 00 00 00 00 00
                                 003cbede7a90 00 00 00 00 00 00 00 00 00 00 00 00 02 00 00 00
                                 003cbede7aa0 00 00 00 00 08 00 00 00 17 00 00 00 1b 00 00 00
                                 003cbede7ab0 00 00 00 00 00 00 00 00 00 00 00 00 00 00 00 00
                                 003cbede7ac0 00 00 00 00 02 00 00 00 00 00 00 00 00 00 00 00
                                 003cbede7ad0 00 00 00 00 06 00 00 00 15 00 00 00 17 00 00 00
                                 003cbede7ae0 22 00 00 00 22 00 00 00 b0 1b fa e7 40 00 00 00
                                 003cbede7af0 c0 05 00 00 00 00 00 00 10 7c de be 3c 00 00 00
                                 003cbede7b00 10 00 00 00 00 00 00 00 78 7a de be 3c 00 00 00
                                 003cbede7b10 00 2c 92 3a 10 00 00 00 00 00 00 00 00 00 00 00
                                 003cbede7b20 01 00 00 00 00 00 00 00 02 00 00 00 00 00 00 00
                                 003cbede7b30 0d 4c 00 00 00 00 00 00 c0 05 00 00 00 00 00 00
                                 003cbede7b40 b0 1b fa e7 40 00 00 00 05 00 00 00 00 00 00 00
    TLS Address:                 000000103a922c00
    TLS Dump:                                 00 01 02 03 04 05 06 07 08 09 0a 0b 0c 0d 0e 0f
                                 00103a922c00 00 00 02 00 0f 08 e0 03 00 01 c0 05 b0 1b fa e7
                                 00103a922c10 c1 c0 10 00 10 7c de be 00 00 00 00 00 00 00 00
                                 00103a922c20 00 00 00 00 00 00 00 00 00 00 00 00 00 00 00 00
                                 00103a922c30 53 46 43 4f 00 00 00 00 00 00 00 00 91 ab e3 ac
                                 00103a922c40 ff ff ff ff 0b 00 00 00 00 00 00 00 00 00 00 00
                                 00103a922c50 00 00 00 00 00 00 00 00 c0 05 10 00 b0 1b fa e7
                                 00103a922c60 40 00 c0 05 10 7c de be 3c 00 10 00 00 00 00 00
                                 00103a922c70 00 00 00 00 00 00 00 00 00 00 00 00 00 00 00 00
                                 00103a922c80 00 00 00 00 00 00 00 00 00 00 00 00 00 00 00 00
                                 00103a922c90 00 00 00 00 00 00 00 00 00 00 00 00 00 00 00 00
                                 00103a922ca0 00 00 00 00 00 00 00 00 00 00 00 00 00 00 00 00
                                 00103a922cb0 00 00 00 00 00 00 00 00 00 00 00 00 00 00 00 00
                                 00103a922cc0 00 00 00 00 00 00 00 00 00 00 00 00 00 00 00 00
                                 00103a922cd0 00 00 00 00 00 00 00 00 00 00 00 00 00 00 00 00
                                 00103a922ce0 00 00 00 00 00 00 00 00 00 00 00 00 00 00 00 00
                                 00103a922cf0 00 00 00 00 00 00 00 00 00 00 00 00 00 00 00 00
Threads[36]:
    Thread ID:                   0000000000000550
    Thread Name:                 Pia SendThreadStream
    Stack Region:                0000003c8249e000-0000003c824a2000
    Registers:
        X[00]:                   00000040e7fd9cf4
        X[01]:                   00000040e7fd9cf8
        X[02]:                   0000000000e10188
        X[03]:                   00000000004c4762
        X[04]:                   0000000000000000
        X[05]:                   0000000000000000
        X[06]:                   0000000000000000
        X[07]:                   0000000000000000
        X[08]:                   0000000000000000
        X[09]:                   0000000000000000
        X[10]:                   0000000000000000
        X[11]:                   0000000000000000
        X[12]:                   0000000000000000
        X[13]:                   0000000000000000
        X[14]:                   0000000000000000
        X[15]:                   0000000000000000
        X[16]:                   0000000000000000
        X[17]:                   0000000000000000
        X[18]:                   0000000000000000
        X[19]:                   0000000000000000
        X[20]:                   0000000000000000
        X[21]:                   0000000000000000
        X[22]:                   0000000000000000
        X[23]:                   0000000000000000
        X[24]:                   0000000000000000
        X[25]:                   0000000000000000
        X[26]:                   0000000000000000
        X[27]:                   0000000000000000
        X[28]:                   0000000000000000
        FP:                      0000003c824a1e70
        LR:                      00000056cd6b7a54 (nnSdk + 0x339a54) (_ZN2nn2os6detail38InternalConditionVariableImplByHorizon9TimedWaitEPNS1_23InternalCriticalSectionERKNS1_13TimeoutHelperE + 0x64)
        SP:                      0000003c824a1e40
        PC:                      00000056cd70792c (nnSdk + 0x38992c)
    Stack Trace:
        ReturnAddress[00]:       00000056cd6ac9ac (nnSdk + 0x32e9ac) (_ZN2nn2os14TimedWaitEventEPNS0_9EventTypeENS_8TimeSpanE + 0x8c)
        ReturnAddress[01]:       00000056c5968ae4 (cross2_Release.nss + 0x164ae4)
        ReturnAddress[02]:       00000056c593f620 (cross2_Release.nss + 0x13b620)
        ReturnAddress[03]:       00000056c594008c (cross2_Release.nss + 0x13c08c)
        ReturnAddress[04]:       00000056cd6b24b8 (nnSdk + 0x3344b8)
        ReturnAddress[05]:       00000056cd6b6984 (nnSdk + 0x338984)
        ReturnAddress[06]:       0000000000000000
    Stack Dump:                               00 01 02 03 04 05 06 07 08 09 0a 0b 0c 0d 0e 0f
                                 003c824a1e40 00 00 00 00 00 00 00 00 09 2c 00 00 01 00 00 00
                                 003c824a1e50 00 00 00 00 00 00 00 00 f8 9c fd e7 40 00 00 00
                                 003c824a1e60 f4 9c fd e7 40 00 00 00 d8 9c fd e7 40 00 00 00
                                 003c824a1e70 b0 1e 4a 82 3c 00 00 00 ac c9 6a cd 56 00 00 00
                                 003c824a1e80 00 f8 24 01 00 00 00 00 a2 d7 9c fa 81 00 00 00
                                 003c824a1e90 cc 1e 4a 82 3c 00 00 00 b8 9c fd e7 40 00 00 00
                                 003c824a1ea0 68 a1 fd e7 40 00 00 00 60 9c fd e7 40 00 00 00
                                 003c824a1eb0 40 1f 4a 82 3c 00 00 00 e4 8a 96 c5 56 00 00 00
                                 003c824a1ec0 08 9d fd e7 40 00 00 00 09 2c 00 00 01 00 00 00
                                 003c824a1ed0 00 00 00 00 00 00 00 00 09 2c 00 00 01 00 00 00
                                 003c824a1ee0 00 00 00 00 40 00 00 00 00 00 00 00 40 00 00 00
                                 003c824a1ef0 00 00 00 00 00 00 00 00 00 00 00 00 00 00 00 00
                                 003c824a1f00 00 00 00 00 00 00 00 00 00 00 00 00 00 00 00 00
                                 003c824a1f10 00 00 00 00 00 00 00 00 00 00 00 00 00 00 00 00
                                 003c824a1f20 00 00 00 00 00 00 00 00 cc f1 fd e7 40 00 00 00
                                 003c824a1f30 98 a1 fd e7 40 00 00 00 68 a1 fd e7 40 00 00 00
    TLS Address:                 000000103a922e00
    TLS Dump:                                 00 01 02 03 04 05 06 07 08 09 0a 0b 0c 0d 0e 0f
                                 00103a922e00 00 00 00 00 0e 08 e0 03 00 00 00 00 00 00 00 00
                                 00103a922e10 00 00 00 00 00 00 00 00 00 00 00 00 00 00 00 00
                                 00103a922e20 53 46 43 4f 00 00 00 00 00 00 00 00 91 ab e3 ac
                                 00103a922e30 60 00 00 00 00 00 00 00 00 00 00 00 00 00 00 00
                                 00103a922e40 53 46 43 49 01 00 00 00 0b 00 00 00 00 00 00 00
                                 00103a922e50 05 00 00 00 00 00 00 00 00 00 00 00 00 00 00 00
                                 00103a922e60 00 00 00 00 00 00 00 00 00 00 00 00 00 00 00 00
                                 00103a922e70 00 00 00 00 00 00 00 00 00 00 00 00 00 00 00 00
                                 00103a922e80 00 00 00 00 00 00 00 00 00 00 00 00 00 00 00 00
                                 00103a922e90 00 00 00 00 00 00 00 00 00 00 00 00 00 00 00 00
                                 00103a922ea0 00 00 00 00 00 00 00 00 00 00 00 00 00 00 00 00
                                 00103a922eb0 00 00 00 00 00 00 00 00 00 00 00 00 00 00 00 00
                                 00103a922ec0 00 00 00 00 00 00 00 00 00 00 00 00 00 00 00 00
                                 00103a922ed0 00 00 00 00 00 00 00 00 00 00 00 00 00 00 00 00
                                 00103a922ee0 00 00 00 00 00 00 00 00 00 00 00 00 00 00 00 00
                                 00103a922ef0 00 00 00 00 00 00 00 00 00 00 00 00 00 00 00 00
Threads[37]:
    Thread ID:                   000000000000055d
    Thread Name:                 nus3::nopus decode
    Stack Region:                0000003cab17b000-0000003cab183000
    Registers:
        X[00]:                   00000000000f4240
        X[01]:                   0000000000000000
        X[02]:                   0000000000000000
        X[03]:                   0000000000000000
        X[04]:                   0000000000000000
        X[05]:                   0000000000000000
        X[06]:                   0000000000000000
        X[07]:                   0000000000000000
        X[08]:                   0000000000000000
        X[09]:                   0000000000000000
        X[10]:                   0000000000000000
        X[11]:                   0000000000000000
        X[12]:                   0000000000000000
        X[13]:                   0000000000000000
        X[14]:                   0000000000000000
        X[15]:                   0000000000000000
        X[16]:                   0000000000000000
        X[17]:                   0000000000000000
        X[18]:                   0000000000000000
        X[19]:                   0000000000000000
        X[20]:                   0000000000000000
        X[21]:                   0000000000000000
        X[22]:                   0000000000000000
        X[23]:                   0000000000000000
        X[24]:                   0000000000000000
        X[25]:                   0000000000000000
        X[26]:                   0000000000000000
        X[27]:                   0000000000000000
        X[28]:                   0000000000000000
        FP:                      0000003cab182f60
        LR:                      00000056c9198b50 (cross2_Release.nss + 0x3994b50)
        SP:                      0000003cab182e20
        PC:                      00000056cd70785c (nnSdk + 0x38985c)
    Stack Trace:
        ReturnAddress[00]:       00000056c91a1634 (cross2_Release.nss + 0x399d634)
        ReturnAddress[01]:       00000056cd6b24b8 (nnSdk + 0x3344b8)
        ReturnAddress[02]:       00000056cd6b6984 (nnSdk + 0x338984)
        ReturnAddress[03]:       0000000000000000
    Stack Dump:                               00 01 02 03 04 05 06 07 08 09 0a 0b 0c 0d 0e 0f
                                 003cab182e20 88 53 4c fa 40 00 00 00 a0 53 4c fa 40 00 00 00
                                 003cab182e30 14 53 4c fa 40 00 00 00 fc 52 4c fa 40 00 00 00
                                 003cab182e40 f8 52 4c fa 40 00 00 00 08 53 4c fa 40 00 00 00
                                 003cab182e50 90 53 4c fa 40 00 00 00 2c 53 4c fa 40 00 00 00
                                 003cab182e60 9a 53 4c fa 40 00 00 00 c0 52 4c fa 40 00 00 00
                                 003cab182e70 10 53 4c fa 40 00 00 00 04 53 4c fa 40 00 00 00
                                 003cab182e80 bc 52 4c fa 40 00 00 00 24 53 4c fa 40 00 00 00
                                 003cab182e90 f0 52 4c fa 40 00 00 00 a4 53 4c fa 40 00 00 00
                                 003cab182ea0 18 53 4c fa 40 00 00 00 8e 53 4c fa 40 00 00 00
                                 003cab182eb0 a8 53 4c fa 40 00 00 00 00 00 00 00 00 00 00 00
                                 003cab182ec0 38 53 4c fa 40 00 00 00 e8 52 4c fa 40 00 00 00
                                 003cab182ed0 d8 52 4c fa 40 00 00 00 ec 52 4c fa 40 00 00 00
                                 003cab182ee0 78 53 4c fa 40 00 00 00 98 53 4c fa 40 00 00 00
                                 003cab182ef0 e0 52 4c fa 40 00 00 00 00 00 00 00 c0 03 00 00
                                 003cab182f00 a8 00 00 00 00 00 00 00 00 00 00 00 00 00 00 00
                                 003cab182f10 00 00 00 00 00 00 00 00 00 00 00 00 00 00 00 00
    TLS Address:                 00000012173e3000
    TLS Dump:                                 00 01 02 03 04 05 06 07 08 09 0a 0b 0c 0d 0e 0f
                                 0012173e3000 00 00 00 00 0c 08 e0 03 00 00 00 00 00 00 00 00
                                 0012173e3010 53 46 43 4f 00 00 00 00 00 00 00 00 01 97 b0 7a
                                 0012173e3020 a8 00 00 00 c0 03 00 00 a0 03 00 00 00 00 00 00
                                 0012173e3030 00 00 00 00 00 00 00 00 00 00 00 00 00 00 00 00
                                 0012173e3040 00 00 00 00 00 00 00 00 00 00 00 00 00 00 00 00
                                 0012173e3050 00 00 00 00 00 00 00 00 00 00 00 00 00 00 00 00
                                 0012173e3060 00 00 00 00 00 00 00 00 00 00 00 00 00 00 00 00
                                 0012173e3070 00 00 00 00 00 00 00 00 00 00 00 00 00 00 00 00
                                 0012173e3080 00 00 00 00 00 00 00 00 00 00 00 00 00 00 00 00
                                 0012173e3090 00 00 00 00 00 00 00 00 00 00 00 00 00 00 00 00
                                 0012173e30a0 00 00 00 00 00 00 00 00 00 00 00 00 00 00 00 00
                                 0012173e30b0 00 00 00 00 00 00 00 00 00 00 00 00 00 00 00 00
                                 0012173e30c0 00 00 00 00 00 00 00 00 00 00 00 00 00 00 00 00
                                 0012173e30d0 00 00 00 00 00 00 00 00 00 00 00 00 00 00 00 00
                                 0012173e30e0 00 00 00 00 00 00 00 00 00 00 00 00 00 00 00 00
                                 0012173e30f0 00 00 00 00 00 00 00 00 00 00 00 00 00 00 00 00
