Atmosphère Crash Report (v1.7):
Result:                          0x0 (2000-0000)

Process Info:
    Process Name:                Application
    Program ID:                  01006a800016e000
    Process ID:                  000000000000008d
    Process Flags:               00000077
    User Exception Address:      000000564044b000
Exception Info:
    Type:                        User Break
    Address:                     0000007a0af07998 (nnSdk + 0x389998)
    Break Reason:                0x0
    Break Address:               0000004abefbfef8
    Break Size:                  0x4
Crashed Thread Info:
    Thread ID:                   00000000000002fe
    Thread Name:                 NxSystemThread
    Stack Region:                0000004abefbf000-0000004abefc0000
    Registers:
        X[00]:                   0000000000000000
        X[01]:                   0000004abefbfef8
        X[02]:                   0000000000000004
        X[03]:                   0000000000000000
        X[04]:                   0000000000000000
        X[05]:                   0000000000000000
        X[06]:                   0000000000000000
        X[07]:                   0000000000000000
        X[08]:                   0000000000000000
        X[09]:                   0000000000000000
        X[10]:                   0000000000000000
        X[11]:                   0000000000000000
        X[12]:                   0000000000000000
        X[13]:                   0000000000000000
        X[14]:                   0000000000000000
        X[15]:                   0000000000000000
        X[16]:                   0000000000000000
        X[17]:                   0000000000000000
        X[18]:                   0000000000000000
        X[19]:                   0000000000000000
        X[20]:                   0000000000000000
        X[21]:                   0000000000000000
        X[22]:                   0000000000000000
        X[23]:                   0000000000000000
        X[24]:                   0000000000000000
        X[25]:                   0000000000000000
        X[26]:                   0000000000000000
        X[27]:                   0000000000000000
        X[28]:                   0000000000000000
        FP:                      0000004abefbfd50
        LR:                      0000007a0ad01ad8 (nnSdk + 0x183ad8) (_ZN2nn4diag6detail5AbortEPKNS_6ResultE + 0x18)
        SP:                      0000004abefbfd50
        PC:                      0000007a0af07994 (nnSdk + 0x389994)
    Stack Trace:
        ReturnAddress[00]:       0000007a0ad004a0 (nnSdk + 0x1824a0) (_ZN2nn4diag6detail9AbortImplEPKcS3_S3_iPKNS_6ResultEPKNS_2os17UserExceptionInfoES3_z + 0x0)
        ReturnAddress[01]:       0000007a0ad00564 (nnSdk + 0x182564)
        ReturnAddress[02]:       0000007a0ad00600 (nnSdk + 0x182600) (_ZN2nn4diag6detail18OnAssertionFailureENS0_13AssertionTypeEPKcS4_S4_iS4_z + 0x0)
        ReturnAddress[03]:       0000007a0aeabfc8 (nnSdk + 0x32dfc8)
        ReturnAddress[04]:       0000007a0aeb05ac (nnSdk + 0x3325ac)
        ReturnAddress[05]:       0000007a0aeb055c (nnSdk + 0x33255c)
        ReturnAddress[06]:       0000007a0aeb054c (nnSdk + 0x33254c)
        ReturnAddress[07]:       0000007a0aeb24b8 (nnSdk + 0x3344b8)
        ReturnAddress[08]:       0000007a0aeb6984 (nnSdk + 0x338984)
        ReturnAddress[09]:       0000000000000000
    Stack Dump:                               00 01 02 03 04 05 06 07 08 09 0a 0b 0c 0d 0e 0f
                                 004abefbfd50 20 fe fb be 4a 00 00 00 a0 04 d0 0a 7a 00 00 00
                                 004abefbfd60 03 00 00 00 00 00 00 00 d0 fd fb be 4a 00 00 00
                                 004abefbfd70 2e cd 56 0b 7a 00 00 00 2e cd 56 0b 7a 00 00 00
                                 004abefbfd80 2e cd 56 0b 7a 00 00 00 00 00 00 00 00 00 00 00
                                 004abefbfd90 00 00 00 00 00 00 00 00 00 00 00 00 00 00 00 00
                                 004abefbfda0 03 00 00 00 00 00 00 00 d0 fd fb be 4a 00 00 00
                                 004abefbfdb0 2e cd 56 0b 7a 00 00 00 2e cd 56 0b 7a 00 00 00
                                 004abefbfdc0 2e cd 56 0b 7a 00 00 00 00 00 00 00 00 00 00 00
                                 004abefbfdd0 2e cd 56 0b 7a 00 00 00 c0 fe fb be 4a 00 00 00
                                 004abefbfde0 00 00 00 00 00 00 00 00 90 bf ea 0a 7a 00 00 00
                                 004abefbfdf0 50 82 84 0b 7a 00 00 00 00 7c 84 0b 7a 00 00 00
                                 004abefbfe00 f8 81 84 0b 7a 00 00 00 28 82 84 0b 7a 00 00 00
                                 004abefbfe10 c0 81 84 0b 7a 00 00 00 c8 81 84 0b 7a 00 00 00
                                 004abefbfe20 e0 fe fb be 4a 00 00 00 64 05 d0 0a 7a 00 00 00
                                 004abefbfe30 00 00 00 00 00 00 00 00 00 00 00 00 00 00 00 00
                                 004abefbfe40 00 00 00 00 00 00 00 00 00 00 00 00 00 00 00 00
    TLS Address:                 000000564044b400
    TLS Dump:                                 00 01 02 03 04 05 06 07 08 09 0a 0b 0c 0d 0e 0f
                                 00564044b400 00 00 00 00 0c 00 00 00 00 00 00 00 00 00 00 00
                                 00564044b410 00 00 00 00 00 00 00 00 00 00 00 00 00 00 00 00
                                 00564044b420 53 46 43 4f 00 00 00 00 00 00 00 00 0e 61 f9 21
                                 00564044b430 00 00 00 00 00 00 00 00 00 00 00 00 00 00 00 00
                                 00564044b440 00 00 00 00 00 00 00 00 00 00 00 00 00 00 00 00
                                 00564044b450 00 00 00 00 00 00 00 00 00 00 00 00 00 00 00 00
                                 00564044b460 00 00 00 00 00 00 00 00 00 00 00 00 00 00 00 00
                                 00564044b470 00 00 00 00 00 00 00 00 00 00 00 00 00 00 00 00
                                 00564044b480 00 00 00 00 00 00 00 00 00 00 00 00 00 00 00 00
                                 00564044b490 00 00 00 00 00 00 00 00 00 00 00 00 00 00 00 00
                                 00564044b4a0 00 00 00 00 00 00 00 00 00 00 00 00 00 00 00 00
                                 00564044b4b0 00 00 00 00 00 00 00 00 00 00 00 00 00 00 00 00
                                 00564044b4c0 00 00 00 00 00 00 00 00 00 00 00 00 00 00 00 00
                                 00564044b4d0 00 00 00 00 00 00 00 00 00 00 00 00 00 00 00 00
                                 00564044b4e0 00 00 00 00 00 00 00 00 00 00 00 00 00 00 00 00
                                 00564044b4f0 00 00 00 00 00 00 00 00 00 00 00 00 00 00 00 00
Module Info:
    Number of Modules:           10
    Module 00:
        Address:                 0000007a02fdc000-0000007a03000000
        Name:                    [00000000]
        Module Id:               0000000000000000000000000000000000000000000000000000000000000000
    Module 01:
        Address:                 0000007a03000000-0000007a03002000
        Name:                    nnrtld
        Module Id:               285183CAC95179371CC22CEC3723F882E1589659000000000000000000000000
    Module 02:
        Address:                 0000007a03004000-0000007a069cc000
        Name:                    cross2_Release.nss
        Module Id:               3EAE0063B12FD81E99FB5980BA56297049EA94F9000000000000000000000000
    Module 03:
        Address:                 0000007a0a44b000-0000007a0a7b8000
        Name:                    multimedia
        Module Id:               60C6EDBBFCEBD4176CC301D5D9CB5A6F094F9360000000000000000000000000
    Module 04:
        Address:                 0000007a0ab60000-0000007a0ab71000
        Name:                    Skyline
        Module Id:               84F953E76E1E2E976B0C1540F615449D25DA5BF3000000000000000000000000
    Module 05:
        Address:                 0000007a0ab7e000-0000007a0b0bf000
        Name:                    nnSdk
        Module Id:               5FD4F531C1195E9E5510C9E73F22CD39612839F8000000000000000000000000
    Module 06:
        Address:                 0000000008000000-0000000008064000
        Name:                    [00000000]
        Module Id:               0000000000000000000000000000000000000000000000000000000000000000
    Module 07:
        Address:                 0000002bbfd45000-0000002bbfec1000
        Name:                    arcropolis
        Module Id:               0000000000000000000000000000000000000000000000000000000000000000
    Module 08:
        Address:                 0000005dc2120000-0000005dc2136000
        Name:                    ssbu-pia-manager-impl
        Module Id:               0000000000000000000000000000000000000000000000000000000000000000
    Module 09:
        Address:                 000000198f6df000-000000198f863000
        Name:                    training_modpack
        Module Id:               0000000000000000000000000000000000000000000000000000000000000000
Thread Report:
Number of Threads:               35
Threads[00]:
    Thread ID:                   00000000000002fd
    Thread Name:                 MainThread
    Stack Region:                0000004ac80cf000-0000004ac81cf000
    Registers:
        X[00]:                   0000004ac81cbc98
        X[01]:                   0000004ac81cbc9c
        X[02]:                   0000000000000001
        X[03]:                   0000000005f5e0cb
        X[04]:                   0000000000000000
        X[05]:                   0000000000000000
        X[06]:                   0000000000000000
        X[07]:                   0000000000000000
        X[08]:                   0000000000000000
        X[09]:                   0000000000000000
        X[10]:                   0000000000000000
        X[11]:                   0000000000000000
        X[12]:                   0000000000000000
        X[13]:                   0000000000000000
        X[14]:                   0000000000000000
        X[15]:                   0000000000000000
        X[16]:                   0000000000000000
        X[17]:                   0000000000000000
        X[18]:                   0000000000000000
        X[19]:                   0000000000000000
        X[20]:                   0000000000000000
        X[21]:                   0000000000000000
        X[22]:                   0000000000000000
        X[23]:                   0000000000000000
        X[24]:                   0000000000000000
        X[25]:                   0000000000000000
        X[26]:                   0000000000000000
        X[27]:                   0000000000000000
        X[28]:                   0000000000000000
        FP:                      0000004ac81cbcb0
        LR:                      0000007a0aeb75c8 (nnSdk + 0x3395c8) (_ZN2nn2os6detail30InterProcessEventImplByHorizon9TimedWaitEjbNS_8TimeSpanE + 0x78)
        SP:                      0000004ac81cbc70
        PC:                      0000007a0af07900 (nnSdk + 0x389900)
    Stack Trace:
        ReturnAddress[00]:       0000007a0af4cf70 (nnSdk + 0x3cef70) (NvOsEventWait + 0x40)
        ReturnAddress[01]:       0000007a0af54608 (nnSdk + 0x3d6608)
        ReturnAddress[02]:       0000007a0af9e694 (nnSdk + 0x420694)
        ReturnAddress[03]:       0000007a0afa5154 (nnSdk + 0x427154)
        ReturnAddress[04]:       0000007a06873d38 (cross2_Release.nss + 0x386fd38)
        ReturnAddress[05]:       0000000008004b18 ([00000000] + 0x4b18)
        ReturnAddress[06]:       0000007a032c9cf0 (cross2_Release.nss + 0x2c5cf0)
        ReturnAddress[07]:       0000007a0ae1ba2c (nnSdk + 0x29da2c) (_ZN2nn4init5StartEmmPFvvES2_ + 0x4c)
        ReturnAddress[08]:       0000007a030000c0 (nnrtld + 0xc0)
    Stack Dump:                               00 01 02 03 04 05 06 07 08 09 0a 0b 0c 0d 0e 0f
                                 004ac81cbc70 98 bc 1c c8 4a 00 00 00 64 00 00 00 00 00 00 00
                                 004ac81cbc80 c0 bc 1c c8 4a 00 00 00 f2 d5 37 49 01 00 00 00
                                 004ac81cbc90 56 63 04 00 00 00 00 00 e0 bc 1c c8 c6 01 26 00
                                 004ac81cbca0 60 bd 1c c8 4a 00 00 00 64 00 00 00 00 00 00 00
                                 004ac81cbcb0 c0 bc 1c c8 4a 00 00 00 70 cf f4 0a 7a 00 00 00
                                 004ac81cbcc0 50 bd 1c c8 4a 00 00 00 08 46 f5 0a 7a 00 00 00
                                 004ac81cbcd0 1c 00 04 c0 1f 00 04 c0 70 c3 86 0b 7a 00 00 00
                                 004ac81cbce0 1a 00 00 00 6e 64 00 00 64 00 00 00 a0 01 00 00
                                 004ac81cbcf0 00 00 00 00 00 00 00 00 00 00 00 00 00 00 00 00
                                 004ac81cbd00 a0 86 01 00 00 00 00 00 d0 d0 86 0b 7a 00 00 00
                                 004ac81cbd10 00 10 6f 03 30 00 00 00 2c 3f 00 00 00 00 00 00
                                 004ac81cbd20 f3 93 99 5c 37 89 41 00 3b 0a 24 11 00 00 00 00
                                 004ac81cbd30 a0 bd 1c c8 4a 00 00 00 58 24 69 03 30 00 00 00
                                 004ac81cbd40 00 00 00 00 00 00 00 00 00 e1 f5 05 00 00 00 00
                                 004ac81cbd50 f0 bd 1c c8 4a 00 00 00 94 e6 f9 0a 7a 00 00 00
                                 004ac81cbd60 48 df 78 0b 7a 00 00 00 03 00 00 00 01 00 00 00
    TLS Address:                 000000564044b200
    TLS Dump:                                 00 01 02 03 04 05 06 07 08 09 0a 0b 0c 0d 0e 0f
                                 00564044b200 00 00 01 00 09 08 e0 03 00 a1 10 00 e0 bc 1c c8
                                 00564044b210 53 46 43 4f 00 00 00 00 00 00 00 00 99 5d e2 a4
                                 00564044b220 05 00 00 00 00 00 00 00 00 00 00 00 00 00 00 00
                                 00564044b230 00 00 00 00 01 00 00 00 01 00 00 00 00 00 00 00
                                 00564044b240 05 00 e6 01 1e 00 10 c0 00 00 00 00 00 00 00 00
                                 00564044b250 10 00 e6 01 e0 bc 1c c8 4a 00 10 00 00 00 00 00
                                 00564044b260 00 00 00 00 18 00 00 00 30 b8 1c c8 4a 00 18 00
                                 00564044b270 00 00 00 00 00 00 00 00 03 0d 08 00 00 04 0a 00
                                 00564044b280 08 04 0a 00 04 02 14 00 00 00 00 00 00 00 00 00
                                 00564044b290 00 00 00 00 00 00 00 00 00 00 00 00 00 00 00 00
                                 00564044b2a0 00 00 00 00 00 00 00 00 00 00 00 00 00 00 00 00
                                 00564044b2b0 00 00 00 00 00 00 00 00 00 00 00 00 00 00 00 00
                                 00564044b2c0 00 00 00 00 00 00 00 00 00 00 00 00 00 00 00 00
                                 00564044b2d0 00 00 00 00 00 00 00 00 00 00 00 00 00 00 00 00
                                 00564044b2e0 00 00 00 00 00 00 00 00 00 00 00 00 00 00 00 00
                                 00564044b2f0 00 00 00 00 00 00 00 00 00 00 00 00 00 00 00 00
Threads[01]:
    Thread ID:                   00000000000002fe
    Thread Name:                 NxSystemThread
    Stack Region:                0000004abefbf000-0000004abefc0000
    Registers:
        X[00]:                   0000000000000000
        X[01]:                   0000004abefbfef8
        X[02]:                   0000000000000004
        X[03]:                   0000000000000000
        X[04]:                   0000000000000000
        X[05]:                   0000000000000000
        X[06]:                   0000000000000000
        X[07]:                   0000000000000000
        X[08]:                   0000000000000000
        X[09]:                   0000000000000000
        X[10]:                   0000000000000000
        X[11]:                   0000000000000000
        X[12]:                   0000000000000000
        X[13]:                   0000000000000000
        X[14]:                   0000000000000000
        X[15]:                   0000000000000000
        X[16]:                   0000000000000000
        X[17]:                   0000000000000000
        X[18]:                   0000000000000000
        X[19]:                   0000000000000000
        X[20]:                   0000000000000000
        X[21]:                   0000000000000000
        X[22]:                   0000000000000000
        X[23]:                   0000000000000000
        X[24]:                   0000000000000000
        X[25]:                   0000000000000000
        X[26]:                   0000000000000000
        X[27]:                   0000000000000000
        X[28]:                   0000000000000000
        FP:                      0000004abefbfd50
        LR:                      0000007a0ad01ad8 (nnSdk + 0x183ad8) (_ZN2nn4diag6detail5AbortEPKNS_6ResultE + 0x18)
        SP:                      0000004abefbfd50
        PC:                      0000007a0af07994 (nnSdk + 0x389994)
    Stack Trace:
        ReturnAddress[00]:       0000007a0ad004a0 (nnSdk + 0x1824a0) (_ZN2nn4diag6detail9AbortImplEPKcS3_S3_iPKNS_6ResultEPKNS_2os17UserExceptionInfoES3_z + 0x0)
        ReturnAddress[01]:       0000007a0ad00564 (nnSdk + 0x182564)
        ReturnAddress[02]:       0000007a0ad00600 (nnSdk + 0x182600) (_ZN2nn4diag6detail18OnAssertionFailureENS0_13AssertionTypeEPKcS4_S4_iS4_z + 0x0)
        ReturnAddress[03]:       0000007a0aeabfc8 (nnSdk + 0x32dfc8)
        ReturnAddress[04]:       0000007a0aeb05ac (nnSdk + 0x3325ac)
        ReturnAddress[05]:       0000007a0aeb055c (nnSdk + 0x33255c)
        ReturnAddress[06]:       0000007a0aeb054c (nnSdk + 0x33254c)
        ReturnAddress[07]:       0000007a0aeb24b8 (nnSdk + 0x3344b8)
        ReturnAddress[08]:       0000007a0aeb6984 (nnSdk + 0x338984)
        ReturnAddress[09]:       0000000000000000
    Stack Dump:                               00 01 02 03 04 05 06 07 08 09 0a 0b 0c 0d 0e 0f
                                 004abefbfd50 20 fe fb be 4a 00 00 00 a0 04 d0 0a 7a 00 00 00
                                 004abefbfd60 03 00 00 00 00 00 00 00 d0 fd fb be 4a 00 00 00
                                 004abefbfd70 2e cd 56 0b 7a 00 00 00 2e cd 56 0b 7a 00 00 00
                                 004abefbfd80 2e cd 56 0b 7a 00 00 00 00 00 00 00 00 00 00 00
                                 004abefbfd90 00 00 00 00 00 00 00 00 00 00 00 00 00 00 00 00
                                 004abefbfda0 03 00 00 00 00 00 00 00 d0 fd fb be 4a 00 00 00
                                 004abefbfdb0 2e cd 56 0b 7a 00 00 00 2e cd 56 0b 7a 00 00 00
                                 004abefbfdc0 2e cd 56 0b 7a 00 00 00 00 00 00 00 00 00 00 00
                                 004abefbfdd0 2e cd 56 0b 7a 00 00 00 c0 fe fb be 4a 00 00 00
                                 004abefbfde0 00 00 00 00 00 00 00 00 90 bf ea 0a 7a 00 00 00
                                 004abefbfdf0 50 82 84 0b 7a 00 00 00 00 7c 84 0b 7a 00 00 00
                                 004abefbfe00 f8 81 84 0b 7a 00 00 00 28 82 84 0b 7a 00 00 00
                                 004abefbfe10 c0 81 84 0b 7a 00 00 00 c8 81 84 0b 7a 00 00 00
                                 004abefbfe20 e0 fe fb be 4a 00 00 00 64 05 d0 0a 7a 00 00 00
                                 004abefbfe30 00 00 00 00 00 00 00 00 00 00 00 00 00 00 00 00
                                 004abefbfe40 00 00 00 00 00 00 00 00 00 00 00 00 00 00 00 00
    TLS Address:                 000000564044b400
    TLS Dump:                                 00 01 02 03 04 05 06 07 08 09 0a 0b 0c 0d 0e 0f
                                 00564044b400 00 00 00 00 0c 00 00 00 00 00 00 00 00 00 00 00
                                 00564044b410 00 00 00 00 00 00 00 00 00 00 00 00 00 00 00 00
                                 00564044b420 53 46 43 4f 00 00 00 00 00 00 00 00 0e 61 f9 21
                                 00564044b430 00 00 00 00 00 00 00 00 00 00 00 00 00 00 00 00
                                 00564044b440 00 00 00 00 00 00 00 00 00 00 00 00 00 00 00 00
                                 00564044b450 00 00 00 00 00 00 00 00 00 00 00 00 00 00 00 00
                                 00564044b460 00 00 00 00 00 00 00 00 00 00 00 00 00 00 00 00
                                 00564044b470 00 00 00 00 00 00 00 00 00 00 00 00 00 00 00 00
                                 00564044b480 00 00 00 00 00 00 00 00 00 00 00 00 00 00 00 00
                                 00564044b490 00 00 00 00 00 00 00 00 00 00 00 00 00 00 00 00
                                 00564044b4a0 00 00 00 00 00 00 00 00 00 00 00 00 00 00 00 00
                                 00564044b4b0 00 00 00 00 00 00 00 00 00 00 00 00 00 00 00 00
                                 00564044b4c0 00 00 00 00 00 00 00 00 00 00 00 00 00 00 00 00
                                 00564044b4d0 00 00 00 00 00 00 00 00 00 00 00 00 00 00 00 00
                                 00564044b4e0 00 00 00 00 00 00 00 00 00 00 00 00 00 00 00 00
                                 00564044b4f0 00 00 00 00 00 00 00 00 00 00 00 00 00 00 00 00
Threads[02]:
    Thread ID:                   00000000000002ff
    Thread Name:                 <UNKNOWN>
    Stack Region:                0000004accac7000-0000004accb07000
    Registers:
        X[00]:                   0000004accb06ef8
        X[01]:                   0000004accb06efc
        X[02]:                   0000000000000001
        X[03]:                   ffffffffffffffff
        X[04]:                   0000000000000000
        X[05]:                   0000000000000000
        X[06]:                   0000000000000000
        X[07]:                   0000000000000000
        X[08]:                   0000000000000000
        X[09]:                   0000000000000000
        X[10]:                   0000000000000000
        X[11]:                   0000000000000000
        X[12]:                   0000000000000000
        X[13]:                   0000000000000000
        X[14]:                   0000000000000000
        X[15]:                   0000000000000000
        X[16]:                   0000000000000000
        X[17]:                   0000000000000000
        X[18]:                   0000000000000000
        X[19]:                   0000000000000000
        X[20]:                   0000000000000000
        X[21]:                   0000000000000000
        X[22]:                   0000000000000000
        X[23]:                   0000000000000000
        X[24]:                   0000000000000000
        X[25]:                   0000000000000000
        X[26]:                   0000000000000000
        X[27]:                   0000000000000000
        X[28]:                   0000000000000000
        FP:                      0000004accb06f10
        LR:                      0000007a0aeb7498 (nnSdk + 0x339498) (_ZN2nn2os6detail30InterProcessEventImplByHorizon4WaitEjb + 0x88)
        SP:                      0000004accb06ee0
        PC:                      0000007a0af07900 (nnSdk + 0x389900)
    Stack Trace:
        ReturnAddress[00]:       0000007a0675898c (cross2_Release.nss + 0x375498c)
        ReturnAddress[01]:       0000007a0aeb24b8 (nnSdk + 0x3344b8)
        ReturnAddress[02]:       0000007a0aeb6984 (nnSdk + 0x338984)
        ReturnAddress[03]:       0000000000000000
    Stack Dump:                               00 01 02 03 04 05 06 07 08 09 0a 0b 0c 0d 0e 0f
                                 004accb06ee0 f8 6e b0 cc 4a 00 00 00 00 00 00 00 00 00 00 00
                                 004accb06ef0 00 00 00 00 00 00 00 00 00 00 00 00 f7 01 05 00
                                 004accb06f00 06 00 00 00 00 00 00 00 f0 e4 93 08 7a 00 00 00
                                 004accb06f10 80 6f b0 cc 4a 00 00 00 8c 89 75 06 7a 00 00 00
                                 004accb06f20 00 00 00 00 00 00 00 00 00 00 00 00 00 00 00 00
                                 004accb06f30 00 00 00 00 00 00 00 00 00 00 00 00 00 00 00 00
                                 004accb06f40 00 00 00 00 00 00 00 00 00 00 00 00 00 00 00 00
                                 004accb06f50 00 00 00 00 00 00 00 00 00 00 00 00 00 00 00 00
                                 004accb06f60 00 00 00 00 00 00 00 00 bc 09 95 00 30 00 00 00
                                 004accb06f70 b8 09 95 00 30 00 00 00 10 08 95 00 30 00 00 00
                                 004accb06f80 b0 6f b0 cc 4a 00 00 00 b8 24 eb 0a 7a 00 00 00
                                 004accb06f90 00 00 00 00 00 00 00 00 00 00 00 00 00 00 00 00
                                 004accb06fa0 00 00 00 00 00 00 00 00 10 08 95 00 30 00 00 00
                                 004accb06fb0 d0 6f b0 cc 4a 00 00 00 84 69 eb 0a 7a 00 00 00
                                 004accb06fc0 00 00 00 00 00 00 00 00 00 00 00 00 00 00 00 00
                                 004accb06fd0 00 00 00 00 00 00 00 00 00 00 00 00 00 00 00 00
    TLS Address:                 000000564044b600
    TLS Dump:                                 00 01 02 03 04 05 06 07 08 09 0a 0b 0c 0d 0e 0f
                                 00564044b600 00 00 00 00 00 00 00 00 00 00 00 00 00 00 00 00
                                 00564044b610 00 00 00 00 00 00 00 00 00 00 00 00 00 00 00 00
                                 00564044b620 00 00 00 00 00 00 00 00 00 00 00 00 00 00 00 00
                                 00564044b630 00 00 00 00 00 00 00 00 00 00 00 00 00 00 00 00
                                 00564044b640 00 00 00 00 00 00 00 00 00 00 00 00 00 00 00 00
                                 00564044b650 00 00 00 00 00 00 00 00 00 00 00 00 00 00 00 00
                                 00564044b660 00 00 00 00 00 00 00 00 00 00 00 00 00 00 00 00
                                 00564044b670 00 00 00 00 00 00 00 00 00 00 00 00 00 00 00 00
                                 00564044b680 00 00 00 00 00 00 00 00 00 00 00 00 00 00 00 00
                                 00564044b690 00 00 00 00 00 00 00 00 00 00 00 00 00 00 00 00
                                 00564044b6a0 00 00 00 00 00 00 00 00 00 00 00 00 00 00 00 00
                                 00564044b6b0 00 00 00 00 00 00 00 00 00 00 00 00 00 00 00 00
                                 00564044b6c0 00 00 00 00 00 00 00 00 00 00 00 00 00 00 00 00
                                 00564044b6d0 00 00 00 00 00 00 00 00 00 00 00 00 00 00 00 00
                                 00564044b6e0 00 00 00 00 00 00 00 00 00 00 00 00 00 00 00 00
                                 00564044b6f0 00 00 00 00 00 00 00 00 00 00 00 00 00 00 00 00
Threads[03]:
    Thread ID:                   0000000000000302
    Thread Name:                 Thread_0x0000007A0AB6BDAC
    Stack Region:                0000004aacc15000-0000004aacc25000
    Registers:
        X[00]:                   0000003000950a40
        X[01]:                   0000003000950a48
        X[02]:                   00000000000d01ec
        X[03]:                   00000000009892a2
        X[04]:                   0000000000000000
        X[05]:                   0000000000000000
        X[06]:                   0000000000000000
        X[07]:                   0000000000000000
        X[08]:                   0000000000000000
        X[09]:                   0000000000000000
        X[10]:                   0000000000000000
        X[11]:                   0000000000000000
        X[12]:                   0000000000000000
        X[13]:                   0000000000000000
        X[14]:                   0000000000000000
        X[15]:                   0000000000000000
        X[16]:                   0000000000000000
        X[17]:                   0000000000000000
        X[18]:                   0000000000000000
        X[19]:                   0000000000000000
        X[20]:                   0000000000000000
        X[21]:                   0000000000000000
        X[22]:                   0000000000000000
        X[23]:                   0000000000000000
        X[24]:                   0000000000000000
        X[25]:                   0000000000000000
        X[26]:                   0000000000000000
        X[27]:                   0000000000000000
        X[28]:                   0000000000000000
        FP:                      0000004aacc24eb0
        LR:                      0000007a0aeb7a54 (nnSdk + 0x339a54) (_ZN2nn2os6detail38InternalConditionVariableImplByHorizon9TimedWaitEPNS1_23InternalCriticalSectionERKNS1_13TimeoutHelperE + 0x64)
        SP:                      0000004aacc24e80
        PC:                      0000007a0af0792c (nnSdk + 0x38992c)
    Stack Trace:
        ReturnAddress[00]:       0000007a0aeae550 (nnSdk + 0x330550) (_ZN2nn2os24TimedReceiveMessageQueueEPmPNS0_16MessageQueueTypeENS_8TimeSpanE + 0x100)
        ReturnAddress[01]:       0000007a0ab6c044 (Skyline + 0xc044)
        ReturnAddress[02]:       0000007a0aeb6984 (nnSdk + 0x338984)
        ReturnAddress[03]:       0000000000000000
    Stack Dump:                               00 01 02 03 04 05 06 07 08 09 0a 0b 0c 0d 0e 0f
                                 004aacc24e80 00 00 00 00 00 00 00 00 00 00 00 00 00 00 00 00
                                 004aacc24e90 48 0a 95 00 30 00 00 00 50 4f c2 ac 4a 00 00 00
                                 004aacc24ea0 40 0a 95 00 30 00 00 00 08 0a 95 00 30 00 00 00
                                 004aacc24eb0 f0 4e c2 ac 4a 00 00 00 50 e5 ea 0a 7a 00 00 00
                                 004aacc24ec0 30 1c 28 00 30 00 00 00 0f c8 2f 49 01 00 00 00
                                 004aacc24ed0 00 00 00 00 00 00 00 00 fc 0b 95 00 30 00 00 00
                                 004aacc24ee0 f8 0b 95 00 30 00 00 00 00 0a 95 00 30 00 00 00
                                 004aacc24ef0 b0 4f c2 ac 4a 00 00 00 44 c0 b6 0a 7a 00 00 00
                                 004aacc24f00 04 bf b6 0a 7a 00 00 00 c8 1d 28 00 30 00 00 00
                                 004aacc24f10 08 1c 28 00 30 00 00 00 80 96 98 00 00 00 00 00
                                 004aacc24f20 50 4f c2 ac 4a 00 00 00 00 0a 95 00 30 00 00 00
                                 004aacc24f30 c4 bd b6 0a 7a 00 00 00 50 0a 95 00 30 00 00 00
                                 004aacc24f40 00 00 00 00 00 00 00 00 00 0a 95 00 30 00 00 00
                                 004aacc24f50 80 0a 72 00 30 00 00 00 00 00 2f 00 30 00 00 00
                                 004aacc24f60 b8 24 eb 0a 7a 00 00 00 00 00 00 00 00 00 00 00
                                 004aacc24f70 f8 0b 95 00 30 00 00 00 00 0a 95 00 30 00 00 00
    TLS Address:                 000000564044b800
    TLS Dump:                                 00 01 02 03 04 05 06 07 08 09 0a 0b 0c 0d 0e 0f
                                 00564044b800 00 00 00 00 0c 00 00 00 00 00 00 00 00 00 00 00
                                 00564044b810 00 00 00 00 00 00 00 00 00 00 00 00 00 00 00 00
                                 00564044b820 53 46 43 4f 00 00 00 00 02 02 00 00 e7 59 ea d4
                                 00564044b830 00 00 00 00 00 00 00 00 00 00 00 00 00 00 00 00
                                 00564044b840 00 00 00 00 00 00 00 00 36 00 00 00 00 00 00 00
                                 00564044b850 20 00 00 00 00 00 00 00 00 00 00 00 00 00 00 00
                                 00564044b860 69 64 6c 65 00 00 00 00 00 00 00 00 00 00 00 00
                                 00564044b870 00 00 00 00 00 00 00 00 00 00 00 00 00 00 00 00
                                 00564044b880 00 00 00 00 00 00 00 00 00 00 00 00 00 00 00 00
                                 00564044b890 00 00 00 00 00 00 00 00 00 00 00 00 00 00 00 00
                                 00564044b8a0 00 00 00 00 00 00 00 00 00 00 00 00 00 00 00 00
                                 00564044b8b0 00 00 00 00 00 00 00 00 00 00 00 00 00 00 00 00
                                 00564044b8c0 00 00 00 00 00 00 00 00 00 00 00 00 00 00 00 00
                                 00564044b8d0 00 00 00 00 00 00 00 00 00 00 00 00 00 00 00 00
                                 00564044b8e0 00 00 00 00 00 00 00 00 00 00 00 00 00 00 00 00
                                 00564044b8f0 00 00 00 00 00 00 00 00 00 00 00 00 00 00 00 00
Threads[04]:
    Thread ID:                   0000000000000303
    Thread Name:                 Thread_0x0000007A0AB665D8
    Stack Region:                0000004ad3906000-0000004ad3909000
    Registers:
        X[00]:                   00000000001501dc
        X[01]:                   000000564044ba00
        X[02]:                   00000000001501dc
        X[03]:                   0000004ad3908e60
        X[04]:                   0000000000001000
        X[05]:                   0000000000000013
        X[06]:                   000000564044ba00
        X[07]:                   0000000000000001
        X[08]:                   0000000000000000
        X[09]:                   0000000000000000
        X[10]:                   0000000000000000
        X[11]:                   0000000000000000
        X[12]:                   0000000000000000
        X[13]:                   0000000000000000
        X[14]:                   0000000000000000
        X[15]:                   0000000000000000
        X[16]:                   0000000000000000
        X[17]:                   0000000000000000
        X[18]:                   0000000000000000
        X[19]:                   0000000000000000
        X[20]:                   0000000000000000
        X[21]:                   0000000000000000
        X[22]:                   0000000000000000
        X[23]:                   0000000000000000
        X[24]:                   0000000000000000
        X[25]:                   0000000000000000
        X[26]:                   0000000000000000
        X[27]:                   0000000000000000
        X[28]:                   0000000000000000
        FP:                      0000004ad3908dd0
        LR:                      0000007a0aee5684 (nnSdk + 0x367684) (_ZN2nn2sf4hipc15SendSyncRequestENS_3svc6HandleEPvm + 0x34)
        SP:                      0000004ad3908dd0
        PC:                      0000007a0af07954 (nnSdk + 0x389954)
    Stack Trace:
        ReturnAddress[00]:       0000007a0aef9e80 (nnSdk + 0x37be80) (_ZN2nn2sf4cmif6client34CmifDomainProxyClientCoreProcessorINS0_4hipc6client38Hipc2ClientSessionManagedProxyKindBaseINS5_18Hipc2P + 0x150)
        ReturnAddress[01]:       0000007a0aef8304 (nnSdk + 0x37a304)
        ReturnAddress[02]:       0000007a0aeefa24 (nnSdk + 0x371a24) (_ZN2nn6socket6detail6AcceptEiP8sockaddrPj + 0xa4)
        ReturnAddress[03]:       0000007a0ab666bc (Skyline + 0x66bc)
        ReturnAddress[04]:       0000007a0aeb6984 (nnSdk + 0x338984)
        ReturnAddress[05]:       0000000000000000
    Stack Dump:                               00 01 02 03 04 05 06 07 08 09 0a 0b 0c 0d 0e 0f
                                 004ad3908dd0 e0 8e 90 d3 4a 00 00 00 80 9e ef 0a 7a 00 00 00
                                 004ad3908de0 00 00 00 00 00 00 00 00 20 8f 90 d3 4a 00 00 00
                                 004ad3908df0 1c 8f 90 d3 4a 00 00 00 01 00 00 00 00 00 00 01
                                 004ad3908e00 0e 0c 00 00 00 00 00 00 00 00 00 00 00 00 00 00
                                 004ad3908e10 00 00 00 00 00 00 00 00 00 00 00 00 02 00 00 00
                                 004ad3908e20 00 00 00 00 05 00 00 00 13 00 00 00 15 00 00 00
                                 004ad3908e30 00 00 00 00 00 00 00 00 00 00 00 00 00 00 00 00
                                 004ad3908e40 00 00 00 00 00 00 00 00 00 00 00 00 00 00 00 00
                                 004ad3908e50 00 00 00 00 00 00 00 00 00 00 00 00 00 00 00 00
                                 004ad3908e60 22 00 00 00 00 00 00 00 70 8f 90 d3 4a 00 00 00
                                 004ad3908e70 00 00 00 00 00 00 00 00 f8 8d 90 d3 4a 00 00 00
                                 004ad3908e80 00 ba 44 40 56 00 00 00 00 00 00 00 00 00 00 00
                                 004ad3908e90 00 00 00 00 00 00 00 00 00 00 00 00 00 00 00 00
                                 004ad3908ea0 00 00 00 00 00 00 00 00 00 00 00 00 00 00 00 00
                                 004ad3908eb0 00 00 00 00 00 00 00 00 00 00 00 00 00 00 00 00
                                 004ad3908ec0 00 00 00 00 00 00 00 00 ac 01 d5 00 30 00 00 00
    TLS Address:                 000000564044ba00
    TLS Dump:                                 00 01 02 03 04 05 06 07 08 09 0a 0b 0c 0d 0e 0f
                                 00564044ba00 06 00 00 01 0e 0c 00 00 00 00 00 00 00 00 00 00
                                 00564044ba10 00 00 00 00 00 00 00 00 00 00 00 00 00 00 00 00
                                 00564044ba20 01 00 14 00 01 00 00 00 00 00 00 00 00 00 00 00
                                 00564044ba30 53 46 43 49 01 00 00 00 0c 00 00 00 00 00 00 00
                                 00564044ba40 00 00 00 00 ff ff 00 00 00 00 00 00 70 8f 90 d3
                                 00564044ba50 4a 00 00 00 00 00 00 00 00 00 00 00 00 00 00 00
                                 00564044ba60 00 00 00 00 00 00 00 00 00 00 00 00 00 00 00 00
                                 00564044ba70 00 00 00 00 00 00 00 00 00 00 00 00 00 00 00 00
                                 00564044ba80 00 00 00 00 00 00 00 00 00 00 00 00 00 00 00 00
                                 00564044ba90 00 00 00 00 00 00 00 00 00 00 00 00 00 00 00 00
                                 00564044baa0 00 00 00 00 00 00 00 00 00 00 00 00 00 00 00 00
                                 00564044bab0 00 00 00 00 00 00 00 00 00 00 00 00 00 00 00 00
                                 00564044bac0 00 00 00 00 00 00 00 00 00 00 00 00 00 00 00 00
                                 00564044bad0 00 00 00 00 00 00 00 00 00 00 00 00 00 00 00 00
                                 00564044bae0 00 00 00 00 00 00 00 00 00 00 00 00 00 00 00 00
                                 00564044baf0 00 00 00 00 00 00 00 00 00 00 00 00 00 00 00 00
Threads[05]:
    Thread ID:                   0000000000000304
    Thread Name:                 Thread_0x0000007A0AB64E5C
    Stack Region:                0000004aa3d89000-0000004aa3d8c000
    Registers:
        X[00]:                   0000000005f5e100
        X[01]:                   0000000000000000
        X[02]:                   0000000000000000
        X[03]:                   0000000000000000
        X[04]:                   0000000000000000
        X[05]:                   0000000000000000
        X[06]:                   0000000000000000
        X[07]:                   0000000000000000
        X[08]:                   0000000000000000
        X[09]:                   0000000000000000
        X[10]:                   0000000000000000
        X[11]:                   0000000000000000
        X[12]:                   0000000000000000
        X[13]:                   0000000000000000
        X[14]:                   0000000000000000
        X[15]:                   0000000000000000
        X[16]:                   0000000000000000
        X[17]:                   0000000000000000
        X[18]:                   0000000000000000
        X[19]:                   0000000000000000
        X[20]:                   0000000000000000
        X[21]:                   0000000000000000
        X[22]:                   0000000000000000
        X[23]:                   0000000000000000
        X[24]:                   0000000000000000
        X[25]:                   0000000000000000
        X[26]:                   0000000000000000
        X[27]:                   0000000000000000
        X[28]:                   0000000000000000
        FP:                      0000004aa3d8bfb0
        LR:                      0000007a0ab64ee4 (Skyline + 0x4ee4)
        SP:                      0000004aa3d8bf40
        PC:                      0000007a0af0785c (nnSdk + 0x38985c)
    Stack Trace:
        ReturnAddress[00]:       0000007a0aeb6984 (nnSdk + 0x338984)
        ReturnAddress[01]:       0000000000000000
    Stack Dump:                               00 01 02 03 04 05 06 07 08 09 0a 0b 0c 0d 0e 0f
                                 004aa3d8bf00 b0 bf d8 a3 4a 00 00 00 50 00 2f 00 30 00 00 00
                                 004aa3d8bf10 d0 4e b6 0a 7a 00 00 00 00 00 72 00 30 00 00 00
                                 004aa3d8bf20 00 00 00 00 00 00 00 00 00 e1 f5 05 00 00 00 00
                                 004aa3d8bf30 b0 bf d8 a3 4a 00 00 00 00 e1 f5 05 00 00 00 00
                                 004aa3d8bf40 b8 24 eb 0a 7a 00 00 00 c0 01 d5 00 30 00 00 00
                                 004aa3d8bf50 00 00 00 00 00 00 00 00 00 00 72 00 30 00 00 00
                                 004aa3d8bf60 00 00 00 00 00 00 00 00 78 bf d8 a3 4a 00 00 00
                                 004aa3d8bf70 09 00 00 00 00 00 00 00 54 63 70 4c 6f 67 67 65
                                 004aa3d8bf80 72 00 d8 a3 4a 00 00 00 00 00 72 00 30 00 00 00
                                 004aa3d8bf90 00 00 00 00 00 00 00 00 00 00 00 00 00 00 00 00
                                 004aa3d8bfa0 00 00 00 00 00 00 00 00 c0 01 d5 00 30 00 00 00
                                 004aa3d8bfb0 d0 bf d8 a3 4a 00 00 00 84 69 eb 0a 7a 00 00 00
                                 004aa3d8bfc0 00 00 00 00 00 00 00 00 00 00 00 00 00 00 00 00
                                 004aa3d8bfd0 00 00 00 00 00 00 00 00 00 00 00 00 00 00 00 00
                                 004aa3d8bfe0 50 24 eb 0a 7a 00 00 00 00 00 00 00 00 00 00 00
                                 004aa3d8bff0 00 00 00 00 00 00 00 00 00 00 00 00 00 00 00 00
    TLS Address:                 000000564044bc00
    TLS Dump:                                 00 01 02 03 04 05 06 07 08 09 0a 0b 0c 0d 0e 0f
                                 00564044bc00 00 00 00 00 0e 08 e0 03 00 00 00 00 00 00 00 00
                                 00564044bc10 00 00 00 00 00 00 00 00 00 00 00 00 00 00 00 00
                                 00564044bc20 53 46 43 4f 00 00 00 00 00 00 00 00 91 ab e3 ac
                                 00564044bc30 ff ff ff ff 6b 00 00 00 00 00 00 00 00 00 00 00
                                 00564044bc40 00 00 00 00 00 00 00 00 00 00 00 00 00 00 00 00
                                 00564044bc50 00 00 00 00 00 00 00 00 00 00 00 00 00 00 00 00
                                 00564044bc60 00 00 00 00 00 00 00 00 00 00 00 00 00 00 00 00
                                 00564044bc70 00 00 00 00 00 00 00 00 00 00 00 00 00 00 00 00
                                 00564044bc80 00 00 00 00 00 00 00 00 00 00 00 00 00 00 00 00
                                 00564044bc90 00 00 00 00 00 00 00 00 00 00 00 00 00 00 00 00
                                 00564044bca0 00 00 00 00 00 00 00 00 00 00 00 00 00 00 00 00
                                 00564044bcb0 00 00 00 00 00 00 00 00 00 00 00 00 00 00 00 00
                                 00564044bcc0 00 00 00 00 00 00 00 00 00 00 00 00 00 00 00 00
                                 00564044bcd0 00 00 00 00 00 00 00 00 00 00 00 00 00 00 00 00
                                 00564044bce0 00 00 00 00 00 00 00 00 00 00 00 00 00 00 00 00
                                 00564044bcf0 00 00 00 00 00 00 00 00 00 00 00 00 00 00 00 00
Threads[06]:
    Thread ID:                   0000000000000309
    Thread Name:                 Thread_0x0000007A0B097670
    Stack Region:                0000004a73ff1000-0000004a741f1000
    Registers:
        X[00]:                   0000000001312d00
        X[01]:                   0000000001312d00
        X[02]:                   0000000000000004
        X[03]:                   0000000000000000
        X[04]:                   0000000000000000
        X[05]:                   0000000000000000
        X[06]:                   0000000000000000
        X[07]:                   0000000000000000
        X[08]:                   0000000000000000
        X[09]:                   0000000000000000
        X[10]:                   0000000000000000
        X[11]:                   0000000000000000
        X[12]:                   0000000000000000
        X[13]:                   0000000000000000
        X[14]:                   0000000000000000
        X[15]:                   0000000000000000
        X[16]:                   0000000000000000
        X[17]:                   0000000000000000
        X[18]:                   0000000000000000
        X[19]:                   0000000000000000
        X[20]:                   0000000000000000
        X[21]:                   0000000000000000
        X[22]:                   0000000000000000
        X[23]:                   0000000000000000
        X[24]:                   0000000000000000
        X[25]:                   0000000000000000
        X[26]:                   0000000000000000
        X[27]:                   0000000000000000
        X[28]:                   0000000000000000
        FP:                      0000004a741f0e90
        LR:                      0000002bbfd6aa68 (arcropolis + 0x25a68)
        SP:                      0000004a741f0e90
        PC:                      0000007a0af0785c (nnSdk + 0x38985c)
    Stack Trace:
        ReturnAddress[00]:       0000002bbff5d098
        ReturnAddress[01]:       0000000000000008
    Stack Dump:                               00 01 02 03 04 05 06 07 08 09 0a 0b 0c 0d 0e 0f
                                 004a741f0e90 a0 d0 f5 bf 2b 00 00 00 98 d0 f5 bf 2b 00 00 00
                                 004a741f0ea0 04 00 00 00 00 00 00 00 04 00 00 00 00 00 00 00
                                 004a741f0eb0 00 00 00 00 00 00 00 00 04 00 00 00 00 00 00 00
                                 004a741f0ec0 80 0f 1f 74 4a 00 00 00 74 8f db bf 2b 00 00 00
                                 004a741f0ed0 00 00 00 00 00 00 00 00 00 00 00 00 00 00 00 00
                                 004a741f0ee0 00 00 00 00 00 00 00 00 00 00 00 00 00 00 00 00
                                 004a741f0ef0 00 00 00 00 00 00 00 00 00 00 00 00 00 00 00 00
                                 004a741f0f00 00 00 00 00 00 00 00 00 30 e4 f5 bf 2b 00 00 00
                                 004a741f0f10 e0 00 cb 02 30 00 00 00 80 00 dd 00 30 00 00 00
                                 004a741f0f20 00 00 00 00 00 00 00 00 00 00 00 00 00 00 00 00
                                 004a741f0f30 0c 9f e8 bf 2b 00 00 00 00 00 00 00 00 00 00 00
                                 004a741f0f40 80 00 dd 00 30 00 00 00 20 00 ad 02 30 00 00 00
                                 004a741f0f50 d0 76 09 0b 7a 00 00 00 ac 51 ee 04 30 00 00 00
                                 004a741f0f60 78 1e 7a 0b 7a 00 00 00 c0 51 ee 04 30 00 00 00
                                 004a741f0f70 a8 51 ee 04 30 00 00 00 00 50 ee 04 30 00 00 00
                                 004a741f0f80 b0 0f 1f 74 4a 00 00 00 b8 24 eb 0a 7a 00 00 00
    TLS Address:                 000000611b72f000
    TLS Dump:                                 00 01 02 03 04 05 06 07 08 09 0a 0b 0c 0d 0e 0f
                                 00611b72f000 00 00 00 00 00 00 00 00 00 00 00 00 00 00 00 00
                                 00611b72f010 00 00 00 00 00 00 00 00 00 00 00 00 00 00 00 00
                                 00611b72f020 00 00 00 00 00 00 00 00 00 00 00 00 00 00 00 00
                                 00611b72f030 00 00 00 00 00 00 00 00 00 00 00 00 00 00 00 00
                                 00611b72f040 00 00 00 00 00 00 00 00 00 00 00 00 00 00 00 00
                                 00611b72f050 00 00 00 00 00 00 00 00 00 00 00 00 00 00 00 00
                                 00611b72f060 00 00 00 00 00 00 00 00 00 00 00 00 00 00 00 00
                                 00611b72f070 00 00 00 00 00 00 00 00 00 00 00 00 00 00 00 00
                                 00611b72f080 00 00 00 00 00 00 00 00 00 00 00 00 00 00 00 00
                                 00611b72f090 00 00 00 00 00 00 00 00 00 00 00 00 00 00 00 00
                                 00611b72f0a0 00 00 00 00 00 00 00 00 00 00 00 00 00 00 00 00
                                 00611b72f0b0 00 00 00 00 00 00 00 00 00 00 00 00 00 00 00 00
                                 00611b72f0c0 00 00 00 00 00 00 00 00 00 00 00 00 00 00 00 00
                                 00611b72f0d0 00 00 00 00 00 00 00 00 00 00 00 00 00 00 00 00
                                 00611b72f0e0 00 00 00 00 00 00 00 00 00 00 00 00 00 00 00 00
                                 00611b72f0f0 00 00 00 00 00 00 00 00 00 00 00 00 00 00 00 00
Threads[07]:
    Thread ID:                   000000000000030a
    Thread Name:                 Thread_0x0000007A0B097670
    Stack Region:                0000004ae290f000-0000004ae2923000
    Registers:
        X[00]:                   0000003002c80048
        X[01]:                   0000003002c80014
        X[02]:                   00000000001b81d1
        X[03]:                   ffffffffffffffff
        X[04]:                   0000000000000000
        X[05]:                   0000000000000000
        X[06]:                   0000000000000000
        X[07]:                   0000000000000000
        X[08]:                   0000000000000000
        X[09]:                   0000000000000000
        X[10]:                   0000000000000000
        X[11]:                   0000000000000000
        X[12]:                   0000000000000000
        X[13]:                   0000000000000000
        X[14]:                   0000000000000000
        X[15]:                   0000000000000000
        X[16]:                   0000000000000000
        X[17]:                   0000000000000000
        X[18]:                   0000000000000000
        X[19]:                   0000000000000000
        X[20]:                   0000000000000000
        X[21]:                   0000000000000000
        X[22]:                   0000000000000000
        X[23]:                   0000000000000000
        X[24]:                   0000000000000000
        X[25]:                   0000000000000000
        X[26]:                   0000000000000000
        X[27]:                   0000000000000000
        X[28]:                   0000000000000000
        FP:                      0000004ae2922ed0
        LR:                      0000007a0aeb7998 (nnSdk + 0x339998) (_ZN2nn2os6detail38InternalConditionVariableImplByHorizon4WaitEPNS1_23InternalCriticalSectionE + 0x48)
        SP:                      0000004ae2922eb0
        PC:                      0000007a0af0792c (nnSdk + 0x38992c)
    Stack Trace:
        ReturnAddress[00]:       0000007a0aeac464 (nnSdk + 0x32e464) (_ZN2nn2os21WaitConditionVariableEPNS0_21ConditionVariableTypeEPNS0_9MutexTypeE + 0x44)
        ReturnAddress[01]:       0000007a0b097ebc (nnSdk + 0x519ebc) (__nnmusl_WaitConditionVariable + 0xc)
        ReturnAddress[02]:       0000007a0b098404 (nnSdk + 0x51a404) (__nx_pthread_detached_worker_start + 0x5c)
        ReturnAddress[03]:       0000007a0b0976d0 (nnSdk + 0x5196d0)
        ReturnAddress[04]:       0000007a0aeb24b8 (nnSdk + 0x3344b8)
        ReturnAddress[05]:       0000007a0aeb6984 (nnSdk + 0x338984)
        ReturnAddress[06]:       0000000000000000
    Stack Dump:                               00 01 02 03 04 05 06 07 08 09 0a 0b 0c 0d 0e 0f
                                 004ae2922eb0 00 00 c8 02 30 00 00 00 00 00 00 00 00 00 00 00
                                 004ae2922ec0 50 00 c8 02 30 00 00 00 30 00 c8 02 30 00 00 00
                                 004ae2922ed0 f0 2e 92 e2 4a 00 00 00 64 c4 ea 0a 7a 00 00 00
                                 004ae2922ee0 30 00 c8 02 30 00 00 00 30 00 c8 02 30 00 00 00
                                 004ae2922ef0 00 2f 92 e2 4a 00 00 00 bc 7e 09 0b 7a 00 00 00
                                 004ae2922f00 60 2f 92 e2 4a 00 00 00 04 84 09 0b 7a 00 00 00
                                 004ae2922f10 00 00 00 00 00 00 00 00 00 00 00 00 00 00 00 00
                                 004ae2922f20 00 00 00 00 00 00 00 00 00 00 00 00 00 00 00 00
                                 004ae2922f30 00 00 00 00 00 00 00 00 00 00 00 00 00 00 00 00
                                 004ae2922f40 00 00 00 00 00 00 00 00 ac 41 c4 03 30 00 00 00
                                 004ae2922f50 78 1e 7a 0b 7a 00 00 00 c0 41 c4 03 30 00 00 00
                                 004ae2922f60 80 2f 92 e2 4a 00 00 00 d0 76 09 0b 7a 00 00 00
                                 004ae2922f70 a8 41 c4 03 30 00 00 00 00 40 c4 03 30 00 00 00
                                 004ae2922f80 b0 2f 92 e2 4a 00 00 00 b8 24 eb 0a 7a 00 00 00
                                 004ae2922f90 00 00 00 00 00 00 00 00 00 00 00 00 00 00 00 00
                                 004ae2922fa0 00 00 00 00 00 00 00 00 00 40 c4 03 30 00 00 00
    TLS Address:                 000000611b72f200
    TLS Dump:                                 00 01 02 03 04 05 06 07 08 09 0a 0b 0c 0d 0e 0f
                                 00611b72f200 00 00 00 00 00 00 00 00 00 00 00 00 00 00 00 00
                                 00611b72f210 00 00 00 00 00 00 00 00 00 00 00 00 00 00 00 00
                                 00611b72f220 00 00 00 00 00 00 00 00 00 00 00 00 00 00 00 00
                                 00611b72f230 00 00 00 00 00 00 00 00 00 00 00 00 00 00 00 00
                                 00611b72f240 00 00 00 00 00 00 00 00 00 00 00 00 00 00 00 00
                                 00611b72f250 00 00 00 00 00 00 00 00 00 00 00 00 00 00 00 00
                                 00611b72f260 00 00 00 00 00 00 00 00 00 00 00 00 00 00 00 00
                                 00611b72f270 00 00 00 00 00 00 00 00 00 00 00 00 00 00 00 00
                                 00611b72f280 00 00 00 00 00 00 00 00 00 00 00 00 00 00 00 00
                                 00611b72f290 00 00 00 00 00 00 00 00 00 00 00 00 00 00 00 00
                                 00611b72f2a0 00 00 00 00 00 00 00 00 00 00 00 00 00 00 00 00
                                 00611b72f2b0 00 00 00 00 00 00 00 00 00 00 00 00 00 00 00 00
                                 00611b72f2c0 00 00 00 00 00 00 00 00 00 00 00 00 00 00 00 00
                                 00611b72f2d0 00 00 00 00 00 00 00 00 00 00 00 00 00 00 00 00
                                 00611b72f2e0 00 00 00 00 00 00 00 00 00 00 00 00 00 00 00 00
                                 00611b72f2f0 00 00 00 00 00 00 00 00 00 00 00 00 00 00 00 00
Threads[08]:
    Thread ID:                   000000000000030d
    Thread Name:                 Thread_0x0000007A0B097670
    Stack Region:                0000004ac9fa9000-0000004aca1a9000
    Registers:
        X[00]:                   0000000077359400
        X[01]:                   0000000000000011
        X[02]:                   0000000000000000
        X[03]:                   0000000000000000
        X[04]:                   0000000000000000
        X[05]:                   0000000000000000
        X[06]:                   0000000000000000
        X[07]:                   0000000000000000
        X[08]:                   0000000000000000
        X[09]:                   0000000000000000
        X[10]:                   0000000000000000
        X[11]:                   0000000000000000
        X[12]:                   0000000000000000
        X[13]:                   0000000000000000
        X[14]:                   0000000000000000
        X[15]:                   0000000000000000
        X[16]:                   0000000000000000
        X[17]:                   0000000000000000
        X[18]:                   0000000000000000
        X[19]:                   0000000000000000
        X[20]:                   0000000000000000
        X[21]:                   0000000000000000
        X[22]:                   0000000000000000
        X[23]:                   0000000000000000
        X[24]:                   0000000000000000
        X[25]:                   0000000000000000
        X[26]:                   0000000000000000
        X[27]:                   0000000000000000
        X[28]:                   0000000000000000
        FP:                      0000004aca1a8ed8
        LR:                      0000005dc212a73c (ssbu-pia-manager-impl + 0xa73c)
        SP:                      0000004aca1a8db0
        PC:                      0000007a0af0785c (nnSdk + 0x38985c)
    Stack Trace:
        ReturnAddress[00]:       0000004aca1a8f80
        ReturnAddress[01]:       00000030055f4000
        ReturnAddress[02]:       00000030052b1000
        ReturnAddress[03]:       0000003003c44000
        ReturnAddress[04]:       0000003004ee5000
        ReturnAddress[05]:       0000003000d501c0
        ReturnAddress[06]:       0000003000d50000
        ReturnAddress[07]:       0000003000950a50
        ReturnAddress[08]:       0000003000950810
        ReturnAddress[09]:       0000007a0b848000
        ReturnAddress[10]:       0000007a0b84a088
        ReturnAddress[11]:       0000007a0b84a250
        ReturnAddress[12]:       00000030808860e0
        ReturnAddress[13]:       0000003068cfc580
        ReturnAddress[14]:       0000003068cfc3b0
        ReturnAddress[15]:       0000003068cfc010
        ReturnAddress[16]:       00000030573adc10
        ReturnAddress[17]:       000000305739c690
        ReturnAddress[18]:       000000305737e910
        ReturnAddress[19]:       0000007a09df9100
        ReturnAddress[20]:       000000305737d790
        ReturnAddress[21]:       0000007a09dd8cc0
        ReturnAddress[22]:       000000305754a088
        ReturnAddress[23]:       000000305737c890
        ReturnAddress[24]:       00000030578bc000
        ReturnAddress[25]:       0000003057379b90
        ReturnAddress[26]:       000000303f7c7710
        ReturnAddress[27]:       0000003057374910
        ReturnAddress[28]:       0000003057374690
        ReturnAddress[29]:       00000030009a2de0
        ReturnAddress[30]:       0000003000955810
        ReturnAddress[31]:       0000003000955590
    Stack Dump:                               00 01 02 03 04 05 06 07 08 09 0a 0b 0c 0d 0e 0f
                                 004aca1a8db0 00 00 00 00 00 00 00 00 d0 8d 1a ca 4a 00 00 00
                                 004aca1a8dc0 a0 8e 1a ca 4a 00 00 00 00 00 00 00 00 00 00 00
                                 004aca1a8dd0 00 00 00 00 00 00 00 00 00 00 00 00 00 00 00 00
                                 004aca1a8de0 00 00 00 00 00 00 00 00 00 00 00 00 00 00 00 00
                                 004aca1a8df0 01 11 93 06 7a 00 00 00 3c 34 13 c2 5d 00 00 00
                                 004aca1a8e00 80 d6 13 c2 5d 00 00 00 00 10 2b 05 30 00 00 00
                                 004aca1a8e10 00 00 00 00 00 00 00 00 b0 8e 1a ca 4a 00 00 00
                                 004aca1a8e20 50 8e 1a ca 4a 00 00 00 80 8e 1a ca 4a 00 00 00
                                 004aca1a8e30 10 00 00 00 00 00 00 00 7c f5 92 06 00 00 00 00
                                 004aca1a8e40 c0 8e 1a ca 4a 00 00 00 60 1d 93 06 7a 00 00 00
                                 004aca1a8e50 a8 8e 1a ca 4a 00 00 00 01 00 00 00 00 00 00 00
                                 004aca1a8e60 10 00 00 00 00 00 00 00 10 00 00 00 00 00 00 00
                                 004aca1a8e70 00 01 dd 00 fe ff ff ff ff ff ff ff 30 00 00 00
                                 004aca1a8e80 00 01 00 01 01 00 00 00 01 00 00 00 00 00 00 00
                                 004aca1a8e90 00 00 00 00 00 00 00 00 d2 df 36 07 7a 00 00 00
                                 004aca1a8ea0 e0 2e 62 03 30 00 00 00 00 00 00 00 00 00 00 00
    TLS Address:                 000000611b72f400
    TLS Dump:                                 00 01 02 03 04 05 06 07 08 09 0a 0b 0c 0d 0e 0f
                                 00611b72f400 00 00 00 00 00 00 00 00 00 00 00 00 00 00 00 00
                                 00611b72f410 00 00 00 00 00 00 00 00 00 00 00 00 00 00 00 00
                                 00611b72f420 00 00 00 00 00 00 00 00 00 00 00 00 00 00 00 00
                                 00611b72f430 00 00 00 00 00 00 00 00 00 00 00 00 00 00 00 00
                                 00611b72f440 00 00 00 00 00 00 00 00 00 00 00 00 00 00 00 00
                                 00611b72f450 00 00 00 00 00 00 00 00 00 00 00 00 00 00 00 00
                                 00611b72f460 00 00 00 00 00 00 00 00 00 00 00 00 00 00 00 00
                                 00611b72f470 00 00 00 00 00 00 00 00 00 00 00 00 00 00 00 00
                                 00611b72f480 00 00 00 00 00 00 00 00 00 00 00 00 00 00 00 00
                                 00611b72f490 00 00 00 00 00 00 00 00 00 00 00 00 00 00 00 00
                                 00611b72f4a0 00 00 00 00 00 00 00 00 00 00 00 00 00 00 00 00
                                 00611b72f4b0 00 00 00 00 00 00 00 00 00 00 00 00 00 00 00 00
                                 00611b72f4c0 00 00 00 00 00 00 00 00 00 00 00 00 00 00 00 00
                                 00611b72f4d0 00 00 00 00 00 00 00 00 00 00 00 00 00 00 00 00
                                 00611b72f4e0 00 00 00 00 00 00 00 00 00 00 00 00 00 00 00 00
                                 00611b72f4f0 00 00 00 00 00 00 00 00 00 00 00 00 00 00 00 00
Threads[09]:
    Thread ID:                   0000000000000311
    Thread Name:                 Thread_0x0000007A0B097670
    Stack Region:                0000004adf886000-0000004adfa86000
    Registers:
        X[00]:                   00000002540be400
        X[01]:                   0000000000000000
        X[02]:                   0000000000000000
        X[03]:                   0000000000000000
        X[04]:                   0000000000000000
        X[05]:                   0000000000000000
        X[06]:                   0000000000000000
        X[07]:                   0000000000000000
        X[08]:                   0000000000000000
        X[09]:                   0000000000000000
        X[10]:                   0000000000000000
        X[11]:                   0000000000000000
        X[12]:                   0000000000000000
        X[13]:                   0000000000000000
        X[14]:                   0000000000000000
        X[15]:                   0000000000000000
        X[16]:                   0000000000000000
        X[17]:                   0000000000000000
        X[18]:                   0000000000000000
        X[19]:                   0000000000000000
        X[20]:                   0000000000000000
        X[21]:                   0000000000000000
        X[22]:                   0000000000000000
        X[23]:                   0000000000000000
        X[24]:                   0000000000000000
        X[25]:                   0000000000000000
        X[26]:                   0000000000000000
        X[27]:                   0000000000000000
        X[28]:                   0000000000000000
        FP:                      000000303f7c8bb0
        LR:                      000000198f81d104 (training_modpack + 0x13e104)
        SP:                      0000004adfa85850
        PC:                      0000007a0af0785c (nnSdk + 0x38985c)
    Stack Trace:
        ReturnAddress[00]:       000000303f57fec0
    Stack Dump:                               00 01 02 03 04 05 06 07 08 09 0a 0b 0c 0d 0e 0f
                                 004adfa85850 00 00 00 00 00 00 00 00 92 5d a8 df 4a 00 00 00
                                 004adfa85860 02 00 00 00 00 00 00 00 00 00 00 00 00 00 00 00
                                 004adfa85870 a5 5d a8 df 4a 00 00 00 c0 fd 57 3f 30 00 00 00
                                 004adfa85880 00 00 00 00 00 00 00 00 00 00 00 00 00 00 00 80
                                 004adfa85890 00 00 00 00 00 00 00 00 b0 59 a8 df 4a 00 00 00
                                 004adfa858a0 80 59 a8 df 4a 00 00 00 93 5d a8 df 4a 00 00 00
                                 004adfa858b0 50 00 ad 02 30 00 00 00 0a 00 00 00 00 00 00 00
                                 004adfa858c0 20 00 00 00 00 00 00 00 00 02 dd 00 30 00 00 00
                                 004adfa858d0 20 00 00 00 00 00 00 00 20 00 00 00 00 00 00 00
                                 004adfa858e0 40 02 dd 00 30 00 00 00 20 00 00 00 00 00 00 00
                                 004adfa858f0 40 00 00 00 00 00 00 00 40 06 dc 00 30 00 00 00
                                 004adfa85900 40 00 00 00 00 00 00 00 00 00 00 00 00 00 00 00
                                 004adfa85910 01 00 00 00 00 00 00 00 00 00 00 00 00 00 00 00
                                 004adfa85920 14 00 00 00 00 00 00 00 a0 02 dd 00 30 00 00 00
                                 004adfa85930 14 00 00 00 00 00 00 00 06 00 00 00 00 00 00 00
                                 004adfa85940 40 02 ad 02 30 00 00 00 06 00 00 00 00 00 00 00
    TLS Address:                 000000611b72f600
    TLS Dump:                                 00 01 02 03 04 05 06 07 08 09 0a 0b 0c 0d 0e 0f
                                 00611b72f600 06 00 00 00 08 00 00 00 00 00 00 00 00 00 00 00
                                 00611b72f610 02 00 00 00 02 00 00 00 00 00 00 00 00 00 00 00
                                 00611b72f620 53 46 43 4f 00 00 00 00 00 00 00 00 0c 8b df 46
                                 00611b72f630 00 00 00 00 00 00 00 00 00 00 00 00 00 00 00 00
                                 00611b72f640 03 00 00 00 ff ff 00 00 06 10 00 00 00 00 00 00
                                 00611b72f650 f8 c4 bf 01 0c 00 00 00 00 00 00 00 00 00 00 00
                                 00611b72f660 53 46 43 49 01 00 00 00 0c 00 00 00 00 00 00 00
                                 00611b72f670 01 00 00 00 00 00 00 00 00 00 00 00 00 00 00 00
                                 00611b72f680 00 00 00 00 00 00 00 00 00 00 00 00 00 00 00 00
                                 00611b72f690 00 00 00 00 00 00 00 00 00 00 00 00 00 00 00 00
                                 00611b72f6a0 00 00 00 00 00 00 00 00 00 00 00 00 00 00 00 00
                                 00611b72f6b0 00 00 00 00 00 00 00 00 00 00 00 00 00 00 00 00
                                 00611b72f6c0 00 00 00 00 00 00 00 00 00 00 00 00 00 00 00 00
                                 00611b72f6d0 00 00 00 00 00 00 00 00 00 00 00 00 00 00 00 00
                                 00611b72f6e0 00 00 00 00 00 00 00 00 00 00 00 00 00 00 00 00
                                 00611b72f6f0 00 00 00 00 00 00 00 00 00 00 00 00 00 00 00 00
Threads[10]:
    Thread ID:                   0000000000000312
    Thread Name:                 TaskWorker1
    Registers:
        X[00]:                   000000300bb80148
        X[01]:                   0000000000000002
        X[02]:                   0000000000000001
        X[03]:                   ffffffffffffffff
        X[04]:                   0000000000000000
        X[05]:                   0000000000000000
        X[06]:                   0000000000000000
        X[07]:                   0000000000000000
        X[08]:                   0000000000000000
        X[09]:                   0000000000000000
        X[10]:                   0000000000000000
        X[11]:                   0000000000000000
        X[12]:                   0000000000000000
        X[13]:                   0000000000000000
        X[14]:                   0000000000000000
        X[15]:                   0000000000000000
        X[16]:                   0000000000000000
        X[17]:                   0000000000000000
        X[18]:                   0000000000000000
        X[19]:                   0000000000000000
        X[20]:                   0000000000000000
        X[21]:                   0000000000000000
        X[22]:                   0000000000000000
        X[23]:                   0000000000000000
        X[24]:                   0000000000000000
        X[25]:                   0000000000000000
        X[26]:                   0000000000000000
        X[27]:                   0000000000000000
        X[28]:                   0000000000000000
        FP:                      000000300ba7fed0
        LR:                      0000007a0aeacc88 (nnSdk + 0x32ec88) (_ZN2nn2os6detail18WaitLightEventImplEPNS0_14LightEventTypeE + 0x88)
        SP:                      000000300ba7fea0
        PC:                      0000007a0af07a24 (nnSdk + 0x389a24)
    Stack Trace:
        ReturnAddress[00]:       0000007a0654e5ac (cross2_Release.nss + 0x354a5ac)
        ReturnAddress[01]:       0000007a06540f68 (cross2_Release.nss + 0x353cf68)
        ReturnAddress[02]:       0000007a067d052c (cross2_Release.nss + 0x37cc52c)
        ReturnAddress[03]:       0000007a0aeb5f28 (nnSdk + 0x337f28) (_ZN2nn2os6detail17CallFiberFunctionEPFPNS0_9FiberTypeEPvES4_ + 0x14)
    TLS Address:                 000000611b72f800
    TLS Dump:                                 00 01 02 03 04 05 06 07 08 09 0a 0b 0c 0d 0e 0f
                                 00611b72f800 00 00 01 00 09 08 e0 03 c0 00 18 00 48 fd a7 0b
                                 00611b72f810 53 46 43 4f 00 00 00 00 00 00 00 00 99 5d e2 a4
                                 00611b72f820 00 00 00 00 00 00 00 00 00 00 00 00 00 00 00 00
                                 00611b72f830 00 00 00 00 01 00 00 00 01 00 00 00 00 00 00 00
                                 00611b72f840 02 00 e6 01 05 01 18 c0 00 00 00 00 00 00 00 00
                                 00611b72f850 18 00 00 00 48 fd a7 0b 30 00 18 00 00 00 00 00
                                 00611b72f860 00 00 00 00 00 00 00 00 00 00 00 00 00 00 00 00
                                 00611b72f870 00 00 00 00 00 00 00 00 00 00 00 00 00 00 00 00
                                 00611b72f880 00 00 00 00 00 00 00 00 00 00 00 00 00 00 00 00
                                 00611b72f890 00 00 00 00 00 00 00 00 00 00 00 00 00 00 00 00
                                 00611b72f8a0 00 00 00 00 00 00 00 00 00 00 00 00 00 00 00 00
                                 00611b72f8b0 00 00 00 00 00 00 00 00 00 00 00 00 00 00 00 00
                                 00611b72f8c0 00 00 00 00 00 00 00 00 00 00 00 00 00 00 00 00
                                 00611b72f8d0 00 00 00 00 00 00 00 00 00 00 00 00 00 00 00 00
                                 00611b72f8e0 00 00 00 00 00 00 00 00 00 00 00 00 00 00 00 00
                                 00611b72f8f0 00 00 00 00 00 00 00 00 00 00 00 00 00 00 00 00
Threads[11]:
    Thread ID:                   0000000000000313
    Thread Name:                 TaskWorker2
    Registers:
        X[00]:                   000000300bbb0148
        X[01]:                   0000000000000002
        X[02]:                   0000000000000001
        X[03]:                   ffffffffffffffff
        X[04]:                   000000300bbffd20
        X[05]:                   000000300bbffd10
        X[06]:                   0000007a0afb2c10 (nnSdk + 0x434c10)
        X[07]:                   0000000000000008
        X[08]:                   0000000000000000
        X[09]:                   0000000000000000
        X[10]:                   0000000000000000
        X[11]:                   0000000000000000
        X[12]:                   0000000000000000
        X[13]:                   0000000000000000
        X[14]:                   0000000000000000
        X[15]:                   0000000000000000
        X[16]:                   0000000000000000
        X[17]:                   0000000000000000
        X[18]:                   0000000000000000
        X[19]:                   0000000000000000
        X[20]:                   0000000000000000
        X[21]:                   0000000000000000
        X[22]:                   0000000000000000
        X[23]:                   0000000000000000
        X[24]:                   0000000000000000
        X[25]:                   0000000000000000
        X[26]:                   0000000000000000
        X[27]:                   0000000000000000
        X[28]:                   0000000000000000
        FP:                      000000300bbffed0
        LR:                      0000007a0aeacc88 (nnSdk + 0x32ec88) (_ZN2nn2os6detail18WaitLightEventImplEPNS0_14LightEventTypeE + 0x88)
        SP:                      000000300bbffea0
        PC:                      0000007a0af07a24 (nnSdk + 0x389a24)
    Stack Trace:
        ReturnAddress[00]:       0000007a0654e5ac (cross2_Release.nss + 0x354a5ac)
        ReturnAddress[01]:       0000007a06540f68 (cross2_Release.nss + 0x353cf68)
        ReturnAddress[02]:       0000007a067d052c (cross2_Release.nss + 0x37cc52c)
        ReturnAddress[03]:       0000007a0aeb5f28 (nnSdk + 0x337f28) (_ZN2nn2os6detail17CallFiberFunctionEPFPNS0_9FiberTypeEPvES4_ + 0x14)
    TLS Address:                 000000611b72fa00
    TLS Dump:                                 00 01 02 03 04 05 06 07 08 09 0a 0b 0c 0d 0e 0f
                                 00611b72fa00 00 00 00 00 00 00 00 00 00 00 00 00 00 00 00 00
                                 00611b72fa10 00 00 00 00 00 00 00 00 00 00 00 00 00 00 00 00
                                 00611b72fa20 00 00 00 00 00 00 00 00 00 00 00 00 00 00 00 00
                                 00611b72fa30 00 00 00 00 00 00 00 00 00 00 00 00 00 00 00 00
                                 00611b72fa40 00 00 00 00 00 00 00 00 00 00 00 00 00 00 00 00
                                 00611b72fa50 00 00 00 00 00 00 00 00 00 00 00 00 00 00 00 00
                                 00611b72fa60 00 00 00 00 00 00 00 00 00 00 00 00 00 00 00 00
                                 00611b72fa70 00 00 00 00 00 00 00 00 00 00 00 00 00 00 00 00
                                 00611b72fa80 00 00 00 00 00 00 00 00 00 00 00 00 00 00 00 00
                                 00611b72fa90 00 00 00 00 00 00 00 00 00 00 00 00 00 00 00 00
                                 00611b72faa0 00 00 00 00 00 00 00 00 00 00 00 00 00 00 00 00
                                 00611b72fab0 00 00 00 00 00 00 00 00 00 00 00 00 00 00 00 00
                                 00611b72fac0 00 00 00 00 00 00 00 00 00 00 00 00 00 00 00 00
                                 00611b72fad0 00 00 00 00 00 00 00 00 00 00 00 00 00 00 00 00
                                 00611b72fae0 00 00 00 00 00 00 00 00 00 00 00 00 00 00 00 00
                                 00611b72faf0 00 00 00 00 00 00 00 00 00 00 00 00 00 00 00 00
Threads[12]:
    Thread ID:                   0000000000000314
    Thread Name:                 TaskWorker0
    Registers:
        X[00]:                   000000300092b248
        X[01]:                   0000000000000002
        X[02]:                   0000000000000001
        X[03]:                   ffffffffffffffff
        X[04]:                   0000000000000002
        X[05]:                   0000000000000000
        X[06]:                   0000000000000001
        X[07]:                   000000305e799450
        X[08]:                   0000000000000000
        X[09]:                   0000000000000000
        X[10]:                   0000000000000000
        X[11]:                   0000000000000000
        X[12]:                   0000000000000000
        X[13]:                   0000000000000000
        X[14]:                   0000000000000000
        X[15]:                   0000000000000000
        X[16]:                   0000000000000000
        X[17]:                   0000000000000000
        X[18]:                   0000000000000000
        X[19]:                   0000000000000000
        X[20]:                   0000000000000000
        X[21]:                   0000000000000000
        X[22]:                   0000000000000000
        X[23]:                   0000000000000000
        X[24]:                   0000000000000000
        X[25]:                   0000000000000000
        X[26]:                   0000000000000000
        X[27]:                   0000000000000000
        X[28]:                   0000000000000000
        FP:                      000000300c16e8d0
        LR:                      0000007a0aeacc88 (nnSdk + 0x32ec88) (_ZN2nn2os6detail18WaitLightEventImplEPNS0_14LightEventTypeE + 0x88)
        SP:                      000000300c16e8a0
        PC:                      0000007a0af07a24 (nnSdk + 0x389a24)
    Stack Trace:
        ReturnAddress[00]:       0000007a0654e5ac (cross2_Release.nss + 0x354a5ac)
        ReturnAddress[01]:       0000007a06540f68 (cross2_Release.nss + 0x353cf68)
        ReturnAddress[02]:       0000007a067d052c (cross2_Release.nss + 0x37cc52c)
        ReturnAddress[03]:       0000007a0aeb5f28 (nnSdk + 0x337f28) (_ZN2nn2os6detail17CallFiberFunctionEPFPNS0_9FiberTypeEPvES4_ + 0x14)
    TLS Address:                 000000611b72fc00
    TLS Dump:                                 00 01 02 03 04 05 06 07 08 09 0a 0b 0c 0d 0e 0f
                                 00611b72fc00 00 00 01 00 09 08 e0 03 c0 00 28 00 58 d5 16 0c
                                 00611b72fc10 53 46 43 4f 00 00 00 00 00 00 00 00 99 5d e2 a4
                                 00611b72fc20 00 00 00 00 00 00 00 00 00 00 00 00 00 00 00 00
                                 00611b72fc30 00 00 00 00 01 00 00 00 01 00 00 00 00 00 00 00
                                 00611b72fc40 01 00 e6 01 06 41 28 c0 00 00 00 00 00 00 00 00
                                 00611b72fc50 28 00 00 00 58 d5 16 0c 30 00 28 00 00 00 00 00
                                 00611b72fc60 00 00 00 00 00 00 00 00 00 00 00 00 00 00 00 00
                                 00611b72fc70 00 00 00 00 00 00 00 00 00 00 00 00 00 00 00 00
                                 00611b72fc80 00 00 00 00 00 00 00 00 00 00 00 00 00 00 00 00
                                 00611b72fc90 00 00 00 00 00 00 00 00 00 00 00 00 00 00 00 00
                                 00611b72fca0 00 00 00 00 00 00 00 00 00 00 00 00 00 00 00 00
                                 00611b72fcb0 00 00 00 00 00 00 00 00 00 00 00 00 00 00 00 00
                                 00611b72fcc0 00 00 00 00 00 00 00 00 00 00 00 00 00 00 00 00
                                 00611b72fcd0 00 00 00 00 00 00 00 00 00 00 00 00 00 00 00 00
                                 00611b72fce0 00 00 00 00 00 00 00 00 00 00 00 00 00 00 00 00
                                 00611b72fcf0 00 00 00 00 00 00 00 00 00 00 00 00 00 00 00 00
Threads[13]:
    Thread ID:                   0000000000000315
    Thread Name:                 TaskWorker1
    Registers:
        X[00]:                   000000300bb89748
        X[01]:                   0000000000000002
        X[02]:                   0000000000000001
        X[03]:                   ffffffffffffffff
        X[04]:                   0000000000000000
        X[05]:                   0000000000000000
        X[06]:                   0000000000000000
        X[07]:                   0000000000000000
        X[08]:                   0000000000000000
        X[09]:                   0000000000000000
        X[10]:                   0000000000000000
        X[11]:                   0000000000000000
        X[12]:                   0000000000000000
        X[13]:                   0000000000000000
        X[14]:                   0000000000000000
        X[15]:                   0000000000000000
        X[16]:                   0000000000000000
        X[17]:                   0000000000000000
        X[18]:                   0000000000000000
        X[19]:                   0000000000000000
        X[20]:                   0000000000000000
        X[21]:                   0000000000000000
        X[22]:                   0000000000000000
        X[23]:                   0000000000000000
        X[24]:                   0000000000000000
        X[25]:                   0000000000000000
        X[26]:                   0000000000000000
        X[27]:                   0000000000000000
        X[28]:                   0000000000000000
        FP:                      000000300ca9df90
        LR:                      0000007a0aeacc88 (nnSdk + 0x32ec88) (_ZN2nn2os6detail18WaitLightEventImplEPNS0_14LightEventTypeE + 0x88)
        SP:                      000000300ca9df60
        PC:                      0000007a0af07a24 (nnSdk + 0x389a24)
    Stack Trace:
        ReturnAddress[00]:       0000007a0654e5ac (cross2_Release.nss + 0x354a5ac)
        ReturnAddress[01]:       0000007a06540f68 (cross2_Release.nss + 0x353cf68)
        ReturnAddress[02]:       0000007a067d052c (cross2_Release.nss + 0x37cc52c)
        ReturnAddress[03]:       0000007a0aeb5f28 (nnSdk + 0x337f28) (_ZN2nn2os6detail17CallFiberFunctionEPFPNS0_9FiberTypeEPvES4_ + 0x14)
    TLS Address:                 000000611b72fe00
    TLS Dump:                                 00 01 02 03 04 05 06 07 08 09 0a 0b 0c 0d 0e 0f
                                 00611b72fe00 00 00 01 00 09 08 e0 03 c0 00 28 00 18 cc a9 0c
                                 00611b72fe10 53 46 43 4f 00 00 00 00 00 00 00 00 99 5d e2 a4
                                 00611b72fe20 00 00 00 00 00 00 00 00 00 00 00 00 00 00 00 00
                                 00611b72fe30 00 00 00 00 01 00 00 00 01 00 00 00 00 00 00 00
                                 00611b72fe40 01 00 e6 01 06 41 28 c0 00 00 00 00 00 00 00 00
                                 00611b72fe50 28 00 00 00 18 cc a9 0c 30 00 28 00 00 00 00 00
                                 00611b72fe60 00 00 00 00 00 00 00 00 00 00 00 00 00 00 00 00
                                 00611b72fe70 00 00 00 00 00 00 00 00 00 00 00 00 00 00 00 00
                                 00611b72fe80 00 00 00 00 00 00 00 00 00 00 00 00 00 00 00 00
                                 00611b72fe90 00 00 00 00 00 00 00 00 00 00 00 00 00 00 00 00
                                 00611b72fea0 00 00 00 00 00 00 00 00 00 00 00 00 00 00 00 00
                                 00611b72feb0 00 00 00 00 00 00 00 00 00 00 00 00 00 00 00 00
                                 00611b72fec0 00 00 00 00 00 00 00 00 00 00 00 00 00 00 00 00
                                 00611b72fed0 00 00 00 00 00 00 00 00 00 00 00 00 00 00 00 00
                                 00611b72fee0 00 00 00 00 00 00 00 00 00 00 00 00 00 00 00 00
                                 00611b72fef0 00 00 00 00 00 00 00 00 00 00 00 00 00 00 00 00
Threads[14]:
    Thread ID:                   0000000000000316
    Thread Name:                 TaskWorker2
    Registers:
        X[00]:                   000000300bbb9748
        X[01]:                   0000000000000002
        X[02]:                   0000000000000001
        X[03]:                   ffffffffffffffff
        X[04]:                   0000000000000000
        X[05]:                   0000000000000000
        X[06]:                   0000000000000001
        X[07]:                   0000000000000780
        X[08]:                   0000000000000000
        X[09]:                   0000000000000000
        X[10]:                   0000000000000000
        X[11]:                   0000000000000000
        X[12]:                   0000000000000000
        X[13]:                   0000000000000000
        X[14]:                   0000000000000000
        X[15]:                   0000000000000000
        X[16]:                   0000000000000000
        X[17]:                   0000000000000000
        X[18]:                   0000000000000000
        X[19]:                   0000000000000000
        X[20]:                   0000000000000000
        X[21]:                   0000000000000000
        X[22]:                   0000000000000000
        X[23]:                   0000000000000000
        X[24]:                   0000000000000000
        X[25]:                   0000000000000000
        X[26]:                   0000000000000000
        X[27]:                   0000000000000000
        X[28]:                   0000000000000000
        FP:                      000000300cbbd650
        LR:                      0000007a0aeacc88 (nnSdk + 0x32ec88) (_ZN2nn2os6detail18WaitLightEventImplEPNS0_14LightEventTypeE + 0x88)
        SP:                      000000300cbbd620
        PC:                      0000007a0af07a24 (nnSdk + 0x389a24)
    Stack Trace:
        ReturnAddress[00]:       0000007a0654e5ac (cross2_Release.nss + 0x354a5ac)
        ReturnAddress[01]:       0000007a06540f68 (cross2_Release.nss + 0x353cf68)
        ReturnAddress[02]:       0000007a067d052c (cross2_Release.nss + 0x37cc52c)
        ReturnAddress[03]:       0000007a0aeb5f28 (nnSdk + 0x337f28) (_ZN2nn2os6detail17CallFiberFunctionEPFPNS0_9FiberTypeEPvES4_ + 0x14)
    TLS Address:                 00000061a7ebf000
    TLS Dump:                                 00 01 02 03 04 05 06 07 08 09 0a 0b 0c 0d 0e 0f
                                 0061a7ebf000 00 00 01 00 09 08 e0 03 c0 00 18 00 b8 c6 bb 0c
                                 0061a7ebf010 53 46 43 4f 00 00 00 00 00 00 00 00 99 5d e2 a4
                                 0061a7ebf020 00 00 00 00 00 00 00 00 00 00 00 00 00 00 00 00
                                 0061a7ebf030 00 00 00 00 01 00 00 00 01 00 00 00 00 00 00 00
                                 0061a7ebf040 02 00 e6 01 05 01 18 c0 0b 00 00 00 00 00 00 00
                                 0061a7ebf050 18 00 e6 01 b8 c6 bb 0c 30 00 18 00 00 00 00 00
                                 0061a7ebf060 00 00 00 00 18 00 00 00 50 c4 bb 0c 30 00 18 00
                                 0061a7ebf070 00 00 00 00 00 00 00 00 00 00 00 00 00 00 00 00
                                 0061a7ebf080 00 00 00 00 00 00 00 00 00 00 00 00 00 00 00 00
                                 0061a7ebf090 00 00 00 00 00 00 00 00 00 00 00 00 00 00 00 00
                                 0061a7ebf0a0 00 00 00 00 00 00 00 00 00 00 00 00 00 00 00 00
                                 0061a7ebf0b0 00 00 00 00 00 00 00 00 00 00 00 00 00 00 00 00
                                 0061a7ebf0c0 00 00 00 00 00 00 00 00 00 00 00 00 00 00 00 00
                                 0061a7ebf0d0 00 00 00 00 00 00 00 00 00 00 00 00 00 00 00 00
                                 0061a7ebf0e0 00 00 00 00 00 00 00 00 00 00 00 00 00 00 00 00
                                 0061a7ebf0f0 00 00 00 00 00 00 00 00 00 00 00 00 00 00 00 00
Threads[15]:
    Thread ID:                   0000000000000317
    Thread Name:                 ResUpdateThread
    Stack Region:                0000004a6e66c000-0000004a6e6ac000
    Registers:
        X[00]:                   0000000000f42400
        X[01]:                   0000000000000000
        X[02]:                   0000000000000000
        X[03]:                   0000000000000000
        X[04]:                   0000000000000000
        X[05]:                   0000000000000000
        X[06]:                   0000000000000000
        X[07]:                   0000000000000000
        X[08]:                   0000000000000000
        X[09]:                   0000000000000000
        X[10]:                   0000000000000000
        X[11]:                   0000000000000000
        X[12]:                   0000000000000000
        X[13]:                   0000000000000000
        X[14]:                   0000000000000000
        X[15]:                   0000000000000000
        X[16]:                   0000000000000000
        X[17]:                   0000000000000000
        X[18]:                   0000000000000000
        X[19]:                   0000000000000000
        X[20]:                   0000000000000000
        X[21]:                   0000000000000000
        X[22]:                   0000000000000000
        X[23]:                   0000000000000000
        X[24]:                   0000000000000000
        X[25]:                   0000000000000000
        X[26]:                   0000000000000000
        X[27]:                   0000000000000000
        X[28]:                   0000000000000000
        FP:                      0000004a6e6abf80
        LR:                      0000007a06547070 (cross2_Release.nss + 0x3543070)
        SP:                      0000004a6e6abf50
        PC:                      0000007a0af0785c (nnSdk + 0x38985c)
    Stack Trace:
        ReturnAddress[00]:       0000007a0aeb24b8 (nnSdk + 0x3344b8)
        ReturnAddress[01]:       0000007a0aeb6984 (nnSdk + 0x338984)
        ReturnAddress[02]:       0000000000000000
    Stack Dump:                               00 01 02 03 04 05 06 07 08 09 0a 0b 0c 0d 0e 0f
                                 004a6e6abf00 40 87 6c 00 30 00 00 00 5c 87 6c 00 30 00 00 00
                                 004a6e6abf10 40 bf 6a 6e 4a 00 00 00 90 c7 ea 0a 7a 00 00 00
                                 004a6e6abf20 80 8f c2 03 30 00 00 00 04 f1 02 0b 7a 00 00 00
                                 004a6e6abf30 00 24 f4 00 00 00 00 00 00 00 00 00 30 00 00 00
                                 004a6e6abf40 80 bf 6a 6e 4a 00 00 00 64 70 54 06 7a 00 00 00
                                 004a6e6abf50 00 00 00 00 00 00 00 00 00 00 00 00 00 00 00 00
                                 004a6e6abf60 00 00 00 00 00 00 00 00 bc 54 95 00 30 00 00 00
                                 004a6e6abf70 b8 54 95 00 30 00 00 00 10 53 95 00 30 00 00 00
                                 004a6e6abf80 b0 bf 6a 6e 4a 00 00 00 b8 24 eb 0a 7a 00 00 00
                                 004a6e6abf90 00 00 00 00 00 00 00 00 00 00 00 00 00 00 00 00
                                 004a6e6abfa0 00 00 00 00 00 00 00 00 10 53 95 00 30 00 00 00
                                 004a6e6abfb0 d0 bf 6a 6e 4a 00 00 00 84 69 eb 0a 7a 00 00 00
                                 004a6e6abfc0 00 00 00 00 00 00 00 00 00 00 00 00 00 00 00 00
                                 004a6e6abfd0 00 00 00 00 00 00 00 00 00 00 00 00 00 00 00 00
                                 004a6e6abfe0 50 24 eb 0a 7a 00 00 00 00 00 00 00 00 00 00 00
                                 004a6e6abff0 00 00 00 00 00 00 00 00 00 00 00 00 00 00 00 00
    TLS Address:                 00000061a7ebf200
    TLS Dump:                                 00 01 02 03 04 05 06 07 08 09 0a 0b 0c 0d 0e 0f
                                 0061a7ebf200 00 00 00 00 00 00 00 00 00 00 00 00 00 00 00 00
                                 0061a7ebf210 00 00 00 00 00 00 00 00 00 00 00 00 00 00 00 00
                                 0061a7ebf220 00 00 00 00 00 00 00 00 00 00 00 00 00 00 00 00
                                 0061a7ebf230 00 00 00 00 00 00 00 00 00 00 00 00 00 00 00 00
                                 0061a7ebf240 00 00 00 00 00 00 00 00 00 00 00 00 00 00 00 00
                                 0061a7ebf250 00 00 00 00 00 00 00 00 00 00 00 00 00 00 00 00
                                 0061a7ebf260 00 00 00 00 00 00 00 00 00 00 00 00 00 00 00 00
                                 0061a7ebf270 00 00 00 00 00 00 00 00 00 00 00 00 00 00 00 00
                                 0061a7ebf280 00 00 00 00 00 00 00 00 00 00 00 00 00 00 00 00
                                 0061a7ebf290 00 00 00 00 00 00 00 00 00 00 00 00 00 00 00 00
                                 0061a7ebf2a0 00 00 00 00 00 00 00 00 00 00 00 00 00 00 00 00
                                 0061a7ebf2b0 00 00 00 00 00 00 00 00 00 00 00 00 00 00 00 00
                                 0061a7ebf2c0 00 00 00 00 00 00 00 00 00 00 00 00 00 00 00 00
                                 0061a7ebf2d0 00 00 00 00 00 00 00 00 00 00 00 00 00 00 00 00
                                 0061a7ebf2e0 00 00 00 00 00 00 00 00 00 00 00 00 00 00 00 00
                                 0061a7ebf2f0 00 00 00 00 00 00 00 00 00 00 00 00 00 00 00 00
Threads[16]:
    Thread ID:                   0000000000000318
    Thread Name:                 ResLoadingThread
    Stack Region:                0000004a8ffdd000-0000004a9001d000
    Registers:
        X[00]:                   00000030006c875c
        X[01]:                   00000030006c8760
        X[02]:                   00000000002981bf
        X[03]:                   ffffffffffffffff
        X[04]:                   0000000000000000
        X[05]:                   0000000000000000
        X[06]:                   0000000000000000
        X[07]:                   0000000000000000
        X[08]:                   0000000000000000
        X[09]:                   0000000000000000
        X[10]:                   0000000000000000
        X[11]:                   0000000000000000
        X[12]:                   0000000000000000
        X[13]:                   0000000000000000
        X[14]:                   0000000000000000
        X[15]:                   0000000000000000
        X[16]:                   0000000000000000
        X[17]:                   0000000000000000
        X[18]:                   0000000000000000
        X[19]:                   0000000000000000
        X[20]:                   0000000000000000
        X[21]:                   0000000000000000
        X[22]:                   0000000000000000
        X[23]:                   0000000000000000
        X[24]:                   0000000000000000
        X[25]:                   0000000000000000
        X[26]:                   0000000000000000
        X[27]:                   0000000000000000
        X[28]:                   0000000000000000
        FP:                      0000004a9001cdb0
        LR:                      0000007a0aeb7998 (nnSdk + 0x339998) (_ZN2nn2os6detail38InternalConditionVariableImplByHorizon4WaitEPNS1_23InternalCriticalSectionE + 0x48)
        SP:                      0000004a9001cd90
        PC:                      0000007a0af0792c (nnSdk + 0x38992c)
    Stack Trace:
        ReturnAddress[00]:       0000007a0aeac898 (nnSdk + 0x32e898) (_ZN2nn2os9WaitEventEPNS0_9EventTypeE + 0x48)
        ReturnAddress[01]:       0000007a0654714c (cross2_Release.nss + 0x354314c)
        ReturnAddress[02]:       0000007a0aeb24b8 (nnSdk + 0x3344b8)
        ReturnAddress[03]:       0000007a0aeb6984 (nnSdk + 0x338984)
        ReturnAddress[04]:       0000000000000000
    Stack Dump:                               00 01 02 03 04 05 06 07 08 09 0a 0b 0c 0d 0e 0f
                                 004a9001cd90 60 87 6c 00 30 00 00 00 c8 c1 29 00 30 00 00 00
                                 004a9001cda0 40 87 6c 00 30 00 00 00 5c 87 6c 00 30 00 00 00
                                 004a9001cdb0 e0 cd 01 90 4a 00 00 00 98 c8 ea 0a 7a 00 00 00
                                 004a9001cdc0 a8 ce 01 90 4a 00 00 00 80 8f c2 03 30 00 00 00
                                 004a9001cdd0 90 ce 01 90 4a 00 00 00 80 4d 95 00 30 00 00 00
                                 004a9001cde0 80 cf 01 90 4a 00 00 00 4c 71 54 06 7a 00 00 00
                                 004a9001cdf0 00 00 00 00 00 00 00 00 e5 93 cb 17 30 00 00 00
                                 004a9001ce00 40 4e 95 00 30 00 00 00 28 4e 95 00 30 00 00 00
                                 004a9001ce10 10 4e 95 00 30 00 00 00 f8 4d 95 00 30 00 00 00
                                 004a9001ce20 e0 4d 95 00 30 00 00 00 e8 ce 01 90 4a 00 00 00
                                 004a9001ce30 d0 ce 01 90 4a 00 00 00 b8 ce 01 90 4a 00 00 00
                                 004a9001ce40 a0 ce 01 90 4a 00 00 00 f0 ce 01 90 4a 00 00 00
                                 004a9001ce50 d8 ce 01 90 4a 00 00 00 c0 ce 01 90 4a 00 00 00
                                 004a9001ce60 a8 ce 01 90 4a 00 00 00 90 ce 01 90 4a 00 00 00
                                 004a9001ce70 04 00 00 00 00 00 00 00 e8 ce 01 90 4a 00 00 00
                                 004a9001ce80 f0 ce 01 90 4a 00 00 00 00 00 00 00 00 00 00 00
    TLS Address:                 00000061a7ebf400
    TLS Dump:                                 00 01 02 03 04 05 06 07 08 09 0a 0b 0c 0d 0e 0f
                                 0061a7ebf400 00 00 00 00 0c 00 00 00 00 00 00 00 00 00 00 00
                                 0061a7ebf410 00 00 00 00 00 00 00 00 00 00 00 00 00 00 00 00
                                 0061a7ebf420 53 46 43 4f 00 00 00 00 00 00 00 00 eb ca d2 c4
                                 0061a7ebf430 00 00 00 00 00 00 00 00 00 00 00 00 00 00 00 00
                                 0061a7ebf440 98 e5 55 2a 02 00 00 00 b0 28 00 00 00 00 00 00
                                 0061a7ebf450 00 00 00 00 00 00 00 00 00 00 00 00 00 00 00 00
                                 0061a7ebf460 00 00 00 00 00 00 00 00 00 00 00 00 00 00 00 00
                                 0061a7ebf470 00 00 00 00 00 00 00 00 00 00 00 00 00 00 00 00
                                 0061a7ebf480 00 00 00 00 00 00 00 00 00 00 00 00 00 00 00 00
                                 0061a7ebf490 00 00 00 00 00 00 00 00 00 00 00 00 00 00 00 00
                                 0061a7ebf4a0 00 00 00 00 00 00 00 00 00 00 00 00 00 00 00 00
                                 0061a7ebf4b0 00 00 00 00 00 00 00 00 00 00 00 00 00 00 00 00
                                 0061a7ebf4c0 00 00 00 00 00 00 00 00 00 00 00 00 00 00 00 00
                                 0061a7ebf4d0 00 00 00 00 00 00 00 00 00 00 00 00 00 00 00 00
                                 0061a7ebf4e0 00 00 00 00 00 00 00 00 00 00 00 00 00 00 00 00
                                 0061a7ebf4f0 00 00 00 00 00 00 00 00 00 00 00 00 00 00 00 00
Threads[17]:
    Thread ID:                   0000000000000319
    Thread Name:                 ResInflateThread
    Stack Region:                0000004abfbf1000-0000004abfc31000
    Registers:
        X[00]:                   00000030006c87bc
        X[01]:                   00000030006c87c0
        X[02]:                   00000000002a01be
        X[03]:                   ffffffffffffffff
        X[04]:                   0000000000000000
        X[05]:                   0000000000000000
        X[06]:                   0000000000000000
        X[07]:                   0000000000000000
        X[08]:                   0000000000000000
        X[09]:                   0000000000000000
        X[10]:                   0000000000000000
        X[11]:                   0000000000000000
        X[12]:                   0000000000000000
        X[13]:                   0000000000000000
        X[14]:                   0000000000000000
        X[15]:                   0000000000000000
        X[16]:                   0000000000000000
        X[17]:                   0000000000000000
        X[18]:                   0000000000000000
        X[19]:                   0000000000000000
        X[20]:                   0000000000000000
        X[21]:                   0000000000000000
        X[22]:                   0000000000000000
        X[23]:                   0000000000000000
        X[24]:                   0000000000000000
        X[25]:                   0000000000000000
        X[26]:                   0000000000000000
        X[27]:                   0000000000000000
        X[28]:                   0000000000000000
        FP:                      0000004abfc30e80
        LR:                      0000007a0aeb7998 (nnSdk + 0x339998) (_ZN2nn2os6detail38InternalConditionVariableImplByHorizon4WaitEPNS1_23InternalCriticalSectionE + 0x48)
        SP:                      0000004abfc30e60
        PC:                      0000007a0af0792c (nnSdk + 0x38992c)
    Stack Trace:
        ReturnAddress[00]:       0000007a0aeac898 (nnSdk + 0x32e898) (_ZN2nn2os9WaitEventEPNS0_9EventTypeE + 0x48)
        ReturnAddress[01]:       0000007a06548504 (cross2_Release.nss + 0x3544504)
        ReturnAddress[02]:       0000007a0aeb24b8 (nnSdk + 0x3344b8)
        ReturnAddress[03]:       0000007a0aeb6984 (nnSdk + 0x338984)
        ReturnAddress[04]:       0000000000000000
    Stack Dump:                               00 01 02 03 04 05 06 07 08 09 0a 0b 0c 0d 0e 0f
                                 004abfc30e60 c0 87 6c 00 30 00 00 00 a0 8f c2 03 30 00 00 00
                                 004abfc30e70 a0 87 6c 00 30 00 00 00 bc 87 6c 00 30 00 00 00
                                 004abfc30e80 b0 0e c3 bf 4a 00 00 00 98 c8 ea 0a 7a 00 00 00
                                 004abfc30e90 00 63 09 18 30 00 00 00 a0 8f c2 03 30 00 00 00
                                 004abfc30ea0 70 26 00 00 00 00 00 00 80 4d 95 00 30 00 00 00
                                 004abfc30eb0 80 0f c3 bf 4a 00 00 00 04 85 54 06 7a 00 00 00
                                 004abfc30ec0 00 00 00 00 90 7f 06 00 04 00 00 00 00 00 00 00
                                 004abfc30ed0 00 c4 d6 1d 30 00 00 00 00 00 00 00 00 00 00 00
                                 004abfc30ee0 00 00 00 00 00 00 00 00 dc 1a 00 00 00 00 00 00
                                 004abfc30ef0 5e 0c 00 00 00 00 00 00 f8 77 00 00 00 00 00 00
                                 004abfc30f00 00 c4 d6 1d 30 00 00 00 dc 1a 00 00 00 00 00 00
                                 004abfc30f10 dc 1a 00 00 00 00 00 00 50 a5 5c 0c 30 00 00 00
                                 004abfc30f20 5e 0c 00 00 00 00 00 00 5e 0c 00 00 00 00 00 00
                                 004abfc30f30 00 00 00 00 00 00 00 00 00 00 00 00 00 00 00 00
                                 004abfc30f40 00 00 00 00 00 00 00 00 00 00 00 00 00 00 00 00
                                 004abfc30f50 00 00 00 00 00 00 00 00 00 00 00 00 00 00 00 00
    TLS Address:                 00000061a7ebf600
    TLS Dump:                                 00 01 02 03 04 05 06 07 08 09 0a 0b 0c 0d 0e 0f
                                 0061a7ebf600 00 00 00 00 00 00 00 00 00 00 00 00 00 00 00 00
                                 0061a7ebf610 00 00 00 00 00 00 00 00 00 00 00 00 00 00 00 00
                                 0061a7ebf620 00 00 00 00 00 00 00 00 00 00 00 00 00 00 00 00
                                 0061a7ebf630 00 00 00 00 00 00 00 00 00 00 00 00 00 00 00 00
                                 0061a7ebf640 00 00 00 00 00 00 00 00 00 00 00 00 00 00 00 00
                                 0061a7ebf650 00 00 00 00 00 00 00 00 00 00 00 00 00 00 00 00
                                 0061a7ebf660 00 00 00 00 00 00 00 00 00 00 00 00 00 00 00 00
                                 0061a7ebf670 00 00 00 00 00 00 00 00 00 00 00 00 00 00 00 00
                                 0061a7ebf680 00 00 00 00 00 00 00 00 00 00 00 00 00 00 00 00
                                 0061a7ebf690 00 00 00 00 00 00 00 00 00 00 00 00 00 00 00 00
                                 0061a7ebf6a0 00 00 00 00 00 00 00 00 00 00 00 00 00 00 00 00
                                 0061a7ebf6b0 00 00 00 00 00 00 00 00 00 00 00 00 00 00 00 00
                                 0061a7ebf6c0 00 00 00 00 00 00 00 00 00 00 00 00 00 00 00 00
                                 0061a7ebf6d0 00 00 00 00 00 00 00 00 00 00 00 00 00 00 00 00
                                 0061a7ebf6e0 00 00 00 00 00 00 00 00 00 00 00 00 00 00 00 00
                                 0061a7ebf6f0 00 00 00 00 00 00 00 00 00 00 00 00 00 00 00 00
Threads[18]:
    Thread ID:                   000000000000031b
    Thread Name:                 VSync Count Thread
    Stack Region:                0000004aa39e5000-0000004aa3a25000
    Registers:
        X[00]:                   0000004aa3a24f38
        X[01]:                   0000004aa3a24f3c
        X[02]:                   0000000000000001
        X[03]:                   ffffffffffffffff
        X[04]:                   0000000000000000
        X[05]:                   0000000000000000
        X[06]:                   0000000000000000
        X[07]:                   0000000000000000
        X[08]:                   0000000000000000
        X[09]:                   0000000000000000
        X[10]:                   0000000000000000
        X[11]:                   0000000000000000
        X[12]:                   0000000000000000
        X[13]:                   0000000000000000
        X[14]:                   0000000000000000
        X[15]:                   0000000000000000
        X[16]:                   0000000000000000
        X[17]:                   0000000000000000
        X[18]:                   0000000000000000
        X[19]:                   0000000000000000
        X[20]:                   0000000000000000
        X[21]:                   0000000000000000
        X[22]:                   0000000000000000
        X[23]:                   0000000000000000
        X[24]:                   0000000000000000
        X[25]:                   0000000000000000
        X[26]:                   0000000000000000
        X[27]:                   0000000000000000
        X[28]:                   0000000000000000
        FP:                      0000004aa3a24f50
        LR:                      0000007a0aeb7444 (nnSdk + 0x339444) (_ZN2nn2os6detail30InterProcessEventImplByHorizon4WaitEjb + 0x34)
        SP:                      0000004aa3a24f20
        PC:                      0000007a0af07900 (nnSdk + 0x389900)
    Stack Trace:
        ReturnAddress[00]:       0000007a06814a64 (cross2_Release.nss + 0x3810a64)
        ReturnAddress[01]:       0000007a0aeb24b8 (nnSdk + 0x3344b8)
        ReturnAddress[02]:       0000007a0aeb6984 (nnSdk + 0x338984)
        ReturnAddress[03]:       0000000000000000
    Stack Dump:                               00 01 02 03 04 05 06 07 08 09 0a 0b 0c 0d 0e 0f
                                 004aa3a24f00 00 00 00 00 00 00 00 00 00 00 00 00 00 00 00 00
                                 004aa3a24f10 00 00 00 00 00 00 00 00 00 00 00 00 00 00 00 00
                                 004aa3a24f20 38 4f a2 a3 4a 00 00 00 00 00 00 00 00 00 00 00
                                 004aa3a24f30 00 00 00 00 00 00 00 00 00 00 00 00 b3 01 31 00
                                 004aa3a24f40 00 2c 9a 00 30 00 00 00 08 2d 9a 00 30 00 00 00
                                 004aa3a24f50 80 4f a2 a3 4a 00 00 00 64 4a 81 06 7a 00 00 00
                                 004aa3a24f60 8c 2f 9a 00 30 00 00 00 00 00 00 00 00 00 00 00
                                 004aa3a24f70 88 2f 9a 00 30 00 00 00 e0 2d 9a 00 30 00 00 00
                                 004aa3a24f80 b0 4f a2 a3 4a 00 00 00 b8 24 eb 0a 7a 00 00 00
                                 004aa3a24f90 00 00 00 00 00 00 00 00 00 00 00 00 00 00 00 00
                                 004aa3a24fa0 00 00 00 00 00 00 00 00 e0 2d 9a 00 30 00 00 00
                                 004aa3a24fb0 d0 4f a2 a3 4a 00 00 00 84 69 eb 0a 7a 00 00 00
                                 004aa3a24fc0 00 00 00 00 00 00 00 00 00 00 00 00 00 00 00 00
                                 004aa3a24fd0 00 00 00 00 00 00 00 00 00 00 00 00 00 00 00 00
                                 004aa3a24fe0 50 24 eb 0a 7a 00 00 00 00 00 00 00 00 00 00 00
                                 004aa3a24ff0 00 00 00 00 00 00 00 00 00 00 00 00 00 00 00 00
    TLS Address:                 000000564044be00
    TLS Dump:                                 00 01 02 03 04 05 06 07 08 09 0a 0b 0c 0d 0e 0f
                                 00564044be00 00 00 00 00 00 00 00 00 00 00 00 00 00 00 00 00
                                 00564044be10 00 00 00 00 00 00 00 00 00 00 00 00 00 00 00 00
                                 00564044be20 00 00 00 00 00 00 00 00 00 00 00 00 00 00 00 00
                                 00564044be30 00 00 00 00 00 00 00 00 00 00 00 00 00 00 00 00
                                 00564044be40 00 00 00 00 00 00 00 00 00 00 00 00 00 00 00 00
                                 00564044be50 00 00 00 00 00 00 00 00 00 00 00 00 00 00 00 00
                                 00564044be60 00 00 00 00 00 00 00 00 00 00 00 00 00 00 00 00
                                 00564044be70 00 00 00 00 00 00 00 00 00 00 00 00 00 00 00 00
                                 00564044be80 00 00 00 00 00 00 00 00 00 00 00 00 00 00 00 00
                                 00564044be90 00 00 00 00 00 00 00 00 00 00 00 00 00 00 00 00
                                 00564044bea0 00 00 00 00 00 00 00 00 00 00 00 00 00 00 00 00
                                 00564044beb0 00 00 00 00 00 00 00 00 00 00 00 00 00 00 00 00
                                 00564044bec0 00 00 00 00 00 00 00 00 00 00 00 00 00 00 00 00
                                 00564044bed0 00 00 00 00 00 00 00 00 00 00 00 00 00 00 00 00
                                 00564044bee0 00 00 00 00 00 00 00 00 00 00 00 00 00 00 00 00
                                 00564044bef0 00 00 00 00 00 00 00 00 00 00 00 00 00 00 00 00
Threads[19]:
    Thread ID:                   000000000000031c
    Thread Name:                 render dispatch
    Stack Region:                0000004a78793000-0000004a787d3000
    Registers:
        X[00]:                   000000300393c058
        X[01]:                   000000300393c064
        X[02]:                   00000000003381b0
        X[03]:                   ffffffffffffffff
        X[04]:                   0000000000000000
        X[05]:                   0000000000000000
        X[06]:                   0000000000000001
        X[07]:                   0000000000000001
        X[08]:                   0000000000000000
        X[09]:                   0000000000000000
        X[10]:                   0000000000000000
        X[11]:                   0000000000000000
        X[12]:                   0000000000000000
        X[13]:                   0000000000000000
        X[14]:                   0000000000000000
        X[15]:                   0000000000000000
        X[16]:                   0000000000000000
        X[17]:                   0000000000000000
        X[18]:                   0000000000000000
        X[19]:                   0000000000000000
        X[20]:                   0000000000000000
        X[21]:                   0000000000000000
        X[22]:                   0000000000000000
        X[23]:                   0000000000000000
        X[24]:                   0000000000000000
        X[25]:                   0000000000000000
        X[26]:                   0000000000000000
        X[27]:                   0000000000000000
        X[28]:                   0000000000000000
        FP:                      0000004a787d2e70
        LR:                      0000007a0aeb7998 (nnSdk + 0x339998) (_ZN2nn2os6detail38InternalConditionVariableImplByHorizon4WaitEPNS1_23InternalCriticalSectionE + 0x48)
        SP:                      0000004a787d2e50
        PC:                      0000007a0af0792c (nnSdk + 0x38992c)
    Stack Trace:
        ReturnAddress[00]:       0000007a0aeac464 (nnSdk + 0x32e464) (_ZN2nn2os21WaitConditionVariableEPNS0_21ConditionVariableTypeEPNS0_9MutexTypeE + 0x44)
        ReturnAddress[01]:       0000007a0b02f184 (nnSdk + 0x4b1184) (_ZNSt3__121__libcpp_condvar_waitEPNSt13__libcxx_shim19__libcxx_shim_ver_132__libcxx_shim_condition_variableEPNS1_19__libcxx_shi + 0xc)
        ReturnAddress[02]:       0000007a0afde618 (nnSdk + 0x460618) (_ZNSt3__118condition_variable4waitERNS_11unique_lockINS_5mutexEEE + 0x18)
        ReturnAddress[03]:       0000007a0681a1f0 (cross2_Release.nss + 0x38161f0)
        ReturnAddress[04]:       0000007a065a7e68 (cross2_Release.nss + 0x35a3e68)
        ReturnAddress[05]:       0000007a0aeb24b8 (nnSdk + 0x3344b8)
        ReturnAddress[06]:       0000007a0aeb6984 (nnSdk + 0x338984)
        ReturnAddress[07]:       0000000000000000
    Stack Dump:                               00 01 02 03 04 05 06 07 08 09 0a 0b 0c 0d 0e 0f
                                 004a787d2e50 60 c0 93 03 30 00 00 00 03 00 00 00 01 00 00 00
                                 004a787d2e60 80 4d 06 55 30 00 00 00 40 c0 93 03 30 00 00 00
                                 004a787d2e70 90 2e 7d 78 4a 00 00 00 64 c4 ea 0a 7a 00 00 00
                                 004a787d2e80 00 c0 93 03 30 00 00 00 00 c0 93 03 30 00 00 00
                                 004a787d2e90 a0 2e 7d 78 4a 00 00 00 84 f1 02 0b 7a 00 00 00
                                 004a787d2ea0 b0 2e 7d 78 4a 00 00 00 18 e6 fd 0a 7a 00 00 00
                                 004a787d2eb0 60 2f 7d 78 4a 00 00 00 f0 a1 81 06 7a 00 00 00
                                 004a787d2ec0 cf 10 01 43 01 00 00 00 40 c0 93 03 30 00 00 00
                                 004a787d2ed0 01 4d a5 0b 30 00 00 00 d0 28 12 57 30 00 00 00
                                 004a787d2ee0 00 00 00 00 00 00 00 00 01 00 00 00 00 00 00 00
                                 004a787d2ef0 b0 47 23 08 7a 00 00 00 98 4d 06 55 30 00 00 00
                                 004a787d2f00 08 57 12 57 30 00 00 00 00 00 00 00 00 00 00 00
                                 004a787d2f10 00 00 00 00 00 00 00 00 00 00 00 00 00 00 00 00
                                 004a787d2f20 00 00 00 00 00 00 00 00 00 00 00 00 00 00 00 00
                                 004a787d2f30 00 00 00 00 00 00 00 00 00 00 00 00 00 00 00 00
                                 004a787d2f40 00 00 00 00 00 00 00 00 3c 48 37 57 30 00 00 00
    TLS Address:                 00000061a7ebf800
    TLS Dump:                                 00 01 02 03 04 05 06 07 08 09 0a 0b 0c 0d 0e 0f
                                 0061a7ebf800 00 00 01 00 09 08 e0 03 00 a1 28 00 a8 2a 7d 78
                                 0061a7ebf810 53 46 43 4f 00 00 00 00 00 00 00 00 99 5d e2 a4
                                 0061a7ebf820 00 00 00 00 00 00 00 00 00 00 00 00 00 00 00 00
                                 0061a7ebf830 00 00 00 00 01 00 00 00 01 00 00 00 00 00 00 00
                                 0061a7ebf840 01 00 e6 01 06 41 28 c0 00 00 00 00 00 00 00 00
                                 0061a7ebf850 28 00 00 00 a8 2a 7d 78 4a 00 28 00 00 00 00 00
                                 0061a7ebf860 00 00 00 00 00 00 00 00 00 00 00 00 00 00 00 00
                                 0061a7ebf870 00 00 00 00 00 00 00 00 00 00 00 00 00 00 00 00
                                 0061a7ebf880 00 00 00 00 00 00 00 00 00 00 00 00 00 00 00 00
                                 0061a7ebf890 00 00 00 00 00 00 00 00 00 00 00 00 00 00 00 00
                                 0061a7ebf8a0 00 00 00 00 00 00 00 00 00 00 00 00 00 00 00 00
                                 0061a7ebf8b0 00 00 00 00 00 00 00 00 00 00 00 00 00 00 00 00
                                 0061a7ebf8c0 00 00 00 00 00 00 00 00 00 00 00 00 00 00 00 00
                                 0061a7ebf8d0 00 00 00 00 00 00 00 00 00 00 00 00 00 00 00 00
                                 0061a7ebf8e0 00 00 00 00 00 00 00 00 00 00 00 00 00 00 00 00
                                 0061a7ebf8f0 00 00 00 00 00 00 00 00 00 00 00 00 00 00 00 00
Threads[20]:
    Thread ID:                   000000000000031d
    Thread Name:                 render dispatch
    Stack Region:                0000004aa4541000-0000004aa4581000
    Registers:
        X[00]:                   000000300393c058
        X[01]:                   000000300393c064
        X[02]:                   00000000003401af
        X[03]:                   ffffffffffffffff
        X[04]:                   0000000000000000
        X[05]:                   0000000000000000
        X[06]:                   0000000000000400
        X[07]:                   0000004aa4580d10
        X[08]:                   0000000000000000
        X[09]:                   0000000000000000
        X[10]:                   0000000000000000
        X[11]:                   0000000000000000
        X[12]:                   0000000000000000
        X[13]:                   0000000000000000
        X[14]:                   0000000000000000
        X[15]:                   0000000000000000
        X[16]:                   0000000000000000
        X[17]:                   0000000000000000
        X[18]:                   0000000000000000
        X[19]:                   0000000000000000
        X[20]:                   0000000000000000
        X[21]:                   0000000000000000
        X[22]:                   0000000000000000
        X[23]:                   0000000000000000
        X[24]:                   0000000000000000
        X[25]:                   0000000000000000
        X[26]:                   0000000000000000
        X[27]:                   0000000000000000
        X[28]:                   0000000000000000
        FP:                      0000004aa4580e70
        LR:                      0000007a0aeb7998 (nnSdk + 0x339998) (_ZN2nn2os6detail38InternalConditionVariableImplByHorizon4WaitEPNS1_23InternalCriticalSectionE + 0x48)
        SP:                      0000004aa4580e50
        PC:                      0000007a0af0792c (nnSdk + 0x38992c)
    Stack Trace:
        ReturnAddress[00]:       0000007a0aeac464 (nnSdk + 0x32e464) (_ZN2nn2os21WaitConditionVariableEPNS0_21ConditionVariableTypeEPNS0_9MutexTypeE + 0x44)
        ReturnAddress[01]:       0000007a0b02f184 (nnSdk + 0x4b1184) (_ZNSt3__121__libcpp_condvar_waitEPNSt13__libcxx_shim19__libcxx_shim_ver_132__libcxx_shim_condition_variableEPNS1_19__libcxx_shi + 0xc)
        ReturnAddress[02]:       0000007a0afde618 (nnSdk + 0x460618) (_ZNSt3__118condition_variable4waitERNS_11unique_lockINS_5mutexEEE + 0x18)
        ReturnAddress[03]:       0000007a0681a1f0 (cross2_Release.nss + 0x38161f0)
        ReturnAddress[04]:       0000007a065a7e68 (cross2_Release.nss + 0x35a3e68)
        ReturnAddress[05]:       0000007a0aeb24b8 (nnSdk + 0x3344b8)
        ReturnAddress[06]:       0000007a0aeb6984 (nnSdk + 0x338984)
        ReturnAddress[07]:       0000000000000000
    Stack Dump:                               00 01 02 03 04 05 06 07 08 09 0a 0b 0c 0d 0e 0f
                                 004aa4580e50 60 c0 93 03 30 00 00 00 04 00 00 00 01 00 00 00
                                 004aa4580e60 80 50 06 55 30 00 00 00 40 c0 93 03 30 00 00 00
                                 004aa4580e70 90 0e 58 a4 4a 00 00 00 64 c4 ea 0a 7a 00 00 00
                                 004aa4580e80 00 c0 93 03 30 00 00 00 00 c0 93 03 30 00 00 00
                                 004aa4580e90 a0 0e 58 a4 4a 00 00 00 84 f1 02 0b 7a 00 00 00
                                 004aa4580ea0 b0 0e 58 a4 4a 00 00 00 18 e6 fd 0a 7a 00 00 00
                                 004aa4580eb0 60 0f 58 a4 4a 00 00 00 f0 a1 81 06 7a 00 00 00
                                 004aa4580ec0 ca 0d 01 43 01 00 00 00 40 c0 93 03 30 00 00 00
                                 004aa4580ed0 01 20 a2 0b 30 00 00 00 e0 1b 12 57 30 00 00 00
                                 004aa4580ee0 00 00 00 00 00 00 00 00 01 00 00 00 00 00 00 00
                                 004aa4580ef0 b0 47 23 08 7a 00 00 00 98 50 06 55 30 00 00 00
                                 004aa4580f00 d8 56 12 57 30 00 00 00 00 00 00 00 00 00 00 00
                                 004aa4580f10 00 00 00 00 00 00 00 00 00 00 00 00 00 00 00 00
                                 004aa4580f20 00 00 00 00 00 00 00 00 00 00 00 00 00 00 00 00
                                 004aa4580f30 00 00 00 00 00 00 00 00 00 00 00 00 00 00 00 00
                                 004aa4580f40 00 00 00 00 00 00 00 00 bc 4a 37 57 30 00 00 00
    TLS Address:                 00000061a7ebfa00
    TLS Dump:                                 00 01 02 03 04 05 06 07 08 09 0a 0b 0c 0d 0e 0f
                                 0061a7ebfa00 00 00 01 00 09 08 e0 03 00 a1 28 00 a8 0a 58 a4
                                 0061a7ebfa10 53 46 43 4f 00 00 00 00 00 00 00 00 99 5d e2 a4
                                 0061a7ebfa20 00 00 00 00 00 00 00 00 00 00 00 00 00 00 00 00
                                 0061a7ebfa30 00 00 00 00 01 00 00 00 01 00 00 00 00 00 00 00
                                 0061a7ebfa40 01 00 e6 01 06 41 28 c0 00 00 00 00 00 00 00 00
                                 0061a7ebfa50 28 00 00 00 a8 0a 58 a4 4a 00 28 00 00 00 00 00
                                 0061a7ebfa60 00 00 00 00 00 00 00 00 00 00 00 00 00 00 00 00
                                 0061a7ebfa70 00 00 00 00 00 00 00 00 00 00 00 00 00 00 00 00
                                 0061a7ebfa80 00 00 00 00 00 00 00 00 00 00 00 00 00 00 00 00
                                 0061a7ebfa90 00 00 00 00 00 00 00 00 00 00 00 00 00 00 00 00
                                 0061a7ebfaa0 00 00 00 00 00 00 00 00 00 00 00 00 00 00 00 00
                                 0061a7ebfab0 00 00 00 00 00 00 00 00 00 00 00 00 00 00 00 00
                                 0061a7ebfac0 00 00 00 00 00 00 00 00 00 00 00 00 00 00 00 00
                                 0061a7ebfad0 00 00 00 00 00 00 00 00 00 00 00 00 00 00 00 00
                                 0061a7ebfae0 00 00 00 00 00 00 00 00 00 00 00 00 00 00 00 00
                                 0061a7ebfaf0 00 00 00 00 00 00 00 00 00 00 00 00 00 00 00 00
Threads[21]:
    Thread ID:                   000000000000031e
    Thread Name:                 nu::GraphicsDevice::Update
    Stack Region:                0000004ab4300000-0000004ab4310000
    Registers:
        X[00]:                   000000303f7c78f8
        X[01]:                   000000303f7c7904
        X[02]:                   00000000003481ae
        X[03]:                   ffffffffffffffff
        X[04]:                   0000000000000000
        X[05]:                   0000000000000000
        X[06]:                   0000000000000000
        X[07]:                   0000000000000000
        X[08]:                   0000000000000000
        X[09]:                   0000000000000000
        X[10]:                   0000000000000000
        X[11]:                   0000000000000000
        X[12]:                   0000000000000000
        X[13]:                   0000000000000000
        X[14]:                   0000000000000000
        X[15]:                   0000000000000000
        X[16]:                   0000000000000000
        X[17]:                   0000000000000000
        X[18]:                   0000000000000000
        X[19]:                   0000000000000000
        X[20]:                   0000000000000000
        X[21]:                   0000000000000000
        X[22]:                   0000000000000000
        X[23]:                   0000000000000000
        X[24]:                   0000000000000000
        X[25]:                   0000000000000000
        X[26]:                   0000000000000000
        X[27]:                   0000000000000000
        X[28]:                   0000000000000000
        FP:                      0000004ab430ff00
        LR:                      0000007a0aeb7998 (nnSdk + 0x339998) (_ZN2nn2os6detail38InternalConditionVariableImplByHorizon4WaitEPNS1_23InternalCriticalSectionE + 0x48)
        SP:                      0000004ab430fee0
        PC:                      0000007a0af0792c (nnSdk + 0x38992c)
    Stack Trace:
        ReturnAddress[00]:       0000007a0aeac464 (nnSdk + 0x32e464) (_ZN2nn2os21WaitConditionVariableEPNS0_21ConditionVariableTypeEPNS0_9MutexTypeE + 0x44)
        ReturnAddress[01]:       0000007a0b02f184 (nnSdk + 0x4b1184) (_ZNSt3__121__libcpp_condvar_waitEPNSt13__libcxx_shim19__libcxx_shim_ver_132__libcxx_shim_condition_variableEPNS1_19__libcxx_shi + 0xc)
        ReturnAddress[02]:       0000007a0afde618 (nnSdk + 0x460618) (_ZNSt3__118condition_variable4waitERNS_11unique_lockINS_5mutexEEE + 0x18)
        ReturnAddress[03]:       0000007a065a2b98 (cross2_Release.nss + 0x359eb98)
        ReturnAddress[04]:       0000007a0aeb24b8 (nnSdk + 0x3344b8)
        ReturnAddress[05]:       0000007a0aeb6984 (nnSdk + 0x338984)
        ReturnAddress[06]:       0000000000000000
    Stack Dump:                               00 01 02 03 04 05 06 07 08 09 0a 0b 0c 0d 0e 0f
                                 004ab430fee0 00 79 7c 3f 30 00 00 00 00 00 00 00 00 00 00 00
                                 004ab430fef0 e0 78 7c 3f 30 00 00 00 e0 78 7c 3f 30 00 00 00
                                 004ab430ff00 20 ff 30 b4 4a 00 00 00 64 c4 ea 0a 7a 00 00 00
                                 004ab430ff10 80 76 7c 3f 30 00 00 00 80 76 7c 3f 30 00 00 00
                                 004ab430ff20 30 ff 30 b4 4a 00 00 00 84 f1 02 0b 7a 00 00 00
                                 004ab430ff30 40 ff 30 b4 4a 00 00 00 18 e6 fd 0a 7a 00 00 00
                                 004ab430ff40 80 ff 30 b4 4a 00 00 00 98 2b 5a 06 7a 00 00 00
                                 004ab430ff50 e0 78 7c 3f 30 00 00 00 01 00 00 00 00 00 00 00
                                 004ab430ff60 00 00 00 00 00 00 00 00 bc 78 7c 3f 30 00 00 00
                                 004ab430ff70 b8 78 7c 3f 30 00 00 00 10 77 7c 3f 30 00 00 00
                                 004ab430ff80 b0 ff 30 b4 4a 00 00 00 b8 24 eb 0a 7a 00 00 00
                                 004ab430ff90 00 00 00 00 00 00 00 00 00 00 00 00 00 00 00 00
                                 004ab430ffa0 00 00 00 00 00 00 00 00 10 77 7c 3f 30 00 00 00
                                 004ab430ffb0 d0 ff 30 b4 4a 00 00 00 84 69 eb 0a 7a 00 00 00
                                 004ab430ffc0 00 00 00 00 00 00 00 00 00 00 00 00 00 00 00 00
                                 004ab430ffd0 00 00 00 00 00 00 00 00 00 00 00 00 00 00 00 00
    TLS Address:                 00000061a7ebfc00
    TLS Dump:                                 00 01 02 03 04 05 06 07 08 09 0a 0b 0c 0d 0e 0f
                                 0061a7ebfc00 00 00 00 00 00 00 00 00 00 00 00 00 00 00 00 00
                                 0061a7ebfc10 00 00 00 00 00 00 00 00 00 00 00 00 00 00 00 00
                                 0061a7ebfc20 00 00 00 00 00 00 00 00 00 00 00 00 00 00 00 00
                                 0061a7ebfc30 00 00 00 00 00 00 00 00 00 00 00 00 00 00 00 00
                                 0061a7ebfc40 00 00 00 00 00 00 00 00 00 00 00 00 00 00 00 00
                                 0061a7ebfc50 00 00 00 00 00 00 00 00 00 00 00 00 00 00 00 00
                                 0061a7ebfc60 00 00 00 00 00 00 00 00 00 00 00 00 00 00 00 00
                                 0061a7ebfc70 00 00 00 00 00 00 00 00 00 00 00 00 00 00 00 00
                                 0061a7ebfc80 00 00 00 00 00 00 00 00 00 00 00 00 00 00 00 00
                                 0061a7ebfc90 00 00 00 00 00 00 00 00 00 00 00 00 00 00 00 00
                                 0061a7ebfca0 00 00 00 00 00 00 00 00 00 00 00 00 00 00 00 00
                                 0061a7ebfcb0 00 00 00 00 00 00 00 00 00 00 00 00 00 00 00 00
                                 0061a7ebfcc0 00 00 00 00 00 00 00 00 00 00 00 00 00 00 00 00
                                 0061a7ebfcd0 00 00 00 00 00 00 00 00 00 00 00 00 00 00 00 00
                                 0061a7ebfce0 00 00 00 00 00 00 00 00 00 00 00 00 00 00 00 00
                                 0061a7ebfcf0 00 00 00 00 00 00 00 00 00 00 00 00 00 00 00 00
Threads[22]:
    Thread ID:                   000000000000031f
    Thread Name:                 BCATCacheStorage
    Stack Region:                0000004a9b39d000-0000004a9b3dd000
    Registers:
        X[00]:                   00000030570855ec
        X[01]:                   00000030570855f0
        X[02]:                   00000000003881a6
        X[03]:                   ffffffffffffffff
        X[04]:                   0000000000000000
        X[05]:                   0000000000000000
        X[06]:                   0000000000000000
        X[07]:                   0000000000000000
        X[08]:                   0000000000000000
        X[09]:                   0000000000000000
        X[10]:                   0000000000000000
        X[11]:                   0000000000000000
        X[12]:                   0000000000000000
        X[13]:                   0000000000000000
        X[14]:                   0000000000000000
        X[15]:                   0000000000000000
        X[16]:                   0000000000000000
        X[17]:                   0000000000000000
        X[18]:                   0000000000000000
        X[19]:                   0000000000000000
        X[20]:                   0000000000000000
        X[21]:                   0000000000000000
        X[22]:                   0000000000000000
        X[23]:                   0000000000000000
        X[24]:                   0000000000000000
        X[25]:                   0000000000000000
        X[26]:                   0000000000000000
        X[27]:                   0000000000000000
        X[28]:                   0000000000000000
        FP:                      0000004a9b3dceb0
        LR:                      0000007a0aeb7998 (nnSdk + 0x339998) (_ZN2nn2os6detail38InternalConditionVariableImplByHorizon4WaitEPNS1_23InternalCriticalSectionE + 0x48)
        SP:                      0000004a9b3dce90
        PC:                      0000007a0af0792c (nnSdk + 0x38992c)
    Stack Trace:
        ReturnAddress[00]:       0000007a0aeac898 (nnSdk + 0x32e898) (_ZN2nn2os9WaitEventEPNS0_9EventTypeE + 0x48)
        ReturnAddress[01]:       0000007a066fdb7c (cross2_Release.nss + 0x36f9b7c)
        ReturnAddress[02]:       0000007a0aeb24b8 (nnSdk + 0x3344b8)
        ReturnAddress[03]:       0000007a0aeb6984 (nnSdk + 0x338984)
        ReturnAddress[04]:       0000000000000000
    Stack Dump:                               00 01 02 03 04 05 06 07 08 09 0a 0b 0c 0d 0e 0f
                                 004a9b3dce90 f0 55 08 57 30 00 00 00 38 7d 91 03 30 00 00 00
                                 004a9b3dcea0 d0 55 08 57 30 00 00 00 ec 55 08 57 30 00 00 00
                                 004a9b3dceb0 e0 ce 3d 9b 4a 00 00 00 98 c8 ea 0a 7a 00 00 00
                                 004a9b3dcec0 00 e0 78 5e 30 00 00 00 78 7d 91 03 30 00 00 00
                                 004a9b3dced0 38 7d 91 03 30 00 00 00 00 7d 91 03 30 00 00 00
                                 004a9b3dcee0 80 cf 3d 9b 4a 00 00 00 7c db 6f 06 7a 00 00 00
                                 004a9b3dcef0 00 00 00 00 00 00 00 00 00 00 00 00 00 00 00 00
                                 004a9b3dcf00 30 e6 78 5e 30 00 00 00 01 00 00 00 00 00 00 00
                                 004a9b3dcf10 00 c0 0f 85 30 00 00 00 c4 87 01 00 00 00 00 00
                                 004a9b3dcf20 00 00 00 00 00 00 00 00 66 00 00 00 00 00 00 00
                                 004a9b3dcf30 00 00 00 00 00 00 00 00 00 00 00 00 00 00 00 00
                                 004a9b3dcf40 00 00 00 00 00 00 00 00 00 00 00 00 00 00 00 00
                                 004a9b3dcf50 00 00 00 00 00 00 00 00 00 00 00 00 00 00 00 00
                                 004a9b3dcf60 00 00 00 00 00 00 00 00 3c 9d 37 57 30 00 00 00
                                 004a9b3dcf70 38 9d 37 57 30 00 00 00 90 9b 37 57 30 00 00 00
                                 004a9b3dcf80 b0 cf 3d 9b 4a 00 00 00 b8 24 eb 0a 7a 00 00 00
    TLS Address:                 00000061a7ebfe00
    TLS Dump:                                 00 01 02 03 04 05 06 07 08 09 0a 0b 0c 0d 0e 0f
                                 0061a7ebfe00 06 00 00 00 08 08 e0 03 00 00 00 00 00 00 00 00
                                 0061a7ebfe10 02 00 00 00 9e 00 00 00 00 00 00 00 00 00 00 00
                                 0061a7ebfe20 53 46 43 4f 00 00 00 00 00 00 00 00 40 cd 33 00
                                 0061a7ebfe30 c4 87 01 00 00 00 00 00 00 00 00 00 00 00 00 00
                                 0061a7ebfe40 00 00 00 00 00 00 00 00 00 00 00 00 00 00 00 00
                                 0061a7ebfe50 65 76 65 6e 74 5f 31 32 31 36 2e 62 69 6e 00 00
                                 0061a7ebfe60 00 00 00 00 00 00 00 00 00 00 00 00 00 00 00 00
                                 0061a7ebfe70 00 00 00 00 00 00 00 00 00 00 00 00 00 00 00 00
                                 0061a7ebfe80 00 00 00 00 00 00 00 00 00 00 00 00 00 00 00 00
                                 0061a7ebfe90 00 00 00 00 00 00 00 00 00 00 00 00 00 00 00 00
                                 0061a7ebfea0 00 00 00 00 00 00 00 00 00 00 00 00 00 00 00 00
                                 0061a7ebfeb0 00 00 00 00 00 00 00 00 00 00 00 00 00 00 00 00
                                 0061a7ebfec0 00 00 00 00 00 00 00 00 00 00 00 00 00 00 00 00
                                 0061a7ebfed0 00 00 00 00 00 00 00 00 00 00 00 00 00 00 00 00
                                 0061a7ebfee0 00 00 00 00 00 00 00 00 00 00 00 00 00 00 00 00
                                 0061a7ebfef0 00 00 00 00 00 00 00 00 00 00 00 00 00 00 00 00
Threads[23]:
    Thread ID:                   0000000000000320
    Stack Region:                0000004ae4d13000-0000004ae4d17000
    Registers:
        X[00]:                   0000007a082ad2ac
        X[01]:                   0000007a082ad2b0
        X[02]:                   00000000003901a5
        X[03]:                   ffffffffffffffff
        X[04]:                   0000000000000000
        X[05]:                   0000000000000000
        X[06]:                   0000000000000000
        X[07]:                   0000000000000000
        X[08]:                   0000000000000000
        X[09]:                   0000000000000000
        X[10]:                   0000000000000000
        X[11]:                   0000000000000000
        X[12]:                   0000000000000000
        X[13]:                   0000000000000000
        X[14]:                   0000000000000000
        X[15]:                   0000000000000000
        X[16]:                   0000000000000000
        X[17]:                   0000000000000000
        X[18]:                   0000000000000000
        X[19]:                   0000000000000000
        X[20]:                   0000000000000000
        X[21]:                   0000000000000000
        X[22]:                   0000000000000000
        X[23]:                   0000000000000000
        X[24]:                   0000000000000000
        X[25]:                   0000000000000000
        X[26]:                   0000000000000000
        X[27]:                   0000000000000000
        X[28]:                   0000000000000000
        FP:                      0000004ae4d16ef0
        LR:                      0000007a0aeb7998 (nnSdk + 0x339998) (_ZN2nn2os6detail38InternalConditionVariableImplByHorizon4WaitEPNS1_23InternalCriticalSectionE + 0x48)
        SP:                      0000004ae4d16ed0
        PC:                      0000007a0af0792c (nnSdk + 0x38992c)
    Stack Trace:
        ReturnAddress[00]:       0000007a0aeac898 (nnSdk + 0x32e898) (_ZN2nn2os9WaitEventEPNS0_9EventTypeE + 0x48)
        ReturnAddress[01]:       0000007a0302bde4 (cross2_Release.nss + 0x27de4)
        ReturnAddress[02]:       0000007a0302bc08 (cross2_Release.nss + 0x27c08)
        ReturnAddress[03]:       0000007a0aeb24b8 (nnSdk + 0x3344b8)
        ReturnAddress[04]:       0000007a0aeb6984 (nnSdk + 0x338984)
        ReturnAddress[05]:       0000000000000000
    Stack Dump:                               00 01 02 03 04 05 06 07 08 09 0a 0b 0c 0d 0e 0f
                                 004ae4d16ed0 b0 d2 2a 08 7a 00 00 00 e4 f0 02 0b 7a 00 00 00
                                 004ae4d16ee0 90 d2 2a 08 7a 00 00 00 ac d2 2a 08 7a 00 00 00
                                 004ae4d16ef0 20 6f d1 e4 4a 00 00 00 98 c8 ea 0a 7a 00 00 00
                                 004ae4d16f00 b8 d2 2a 08 7a 00 00 00 00 c4 8b 57 30 00 00 00
                                 004ae4d16f10 00 00 00 00 00 00 00 00 80 d2 2a 08 7a 00 00 00
                                 004ae4d16f20 60 6f d1 e4 4a 00 00 00 e4 bd 02 03 7a 00 00 00
                                 004ae4d16f30 00 00 00 00 00 00 00 00 00 00 00 00 00 00 00 00
                                 004ae4d16f40 00 00 00 00 00 00 00 00 ac c1 8b 57 30 00 00 00
                                 004ae4d16f50 a8 c1 8b 57 30 00 00 00 00 c0 8b 57 30 00 00 00
                                 004ae4d16f60 80 6f d1 e4 4a 00 00 00 08 bc 02 03 7a 00 00 00
                                 004ae4d16f70 00 c0 8b 57 30 00 00 00 00 c0 8b 57 30 00 00 00
                                 004ae4d16f80 b0 6f d1 e4 4a 00 00 00 b8 24 eb 0a 7a 00 00 00
                                 004ae4d16f90 00 00 00 00 00 00 00 00 00 00 00 00 00 00 00 00
                                 004ae4d16fa0 00 00 00 00 00 00 00 00 00 c0 8b 57 30 00 00 00
                                 004ae4d16fb0 d0 6f d1 e4 4a 00 00 00 84 69 eb 0a 7a 00 00 00
                                 004ae4d16fc0 00 00 00 00 00 00 00 00 00 00 00 00 00 00 00 00
    TLS Address:                 00000055dd0c4000
    TLS Dump:                                 00 01 02 03 04 05 06 07 08 09 0a 0b 0c 0d 0e 0f
                                 0055dd0c4000 00 00 00 00 00 00 00 00 00 00 00 00 00 00 00 00
                                 0055dd0c4010 00 00 00 00 00 00 00 00 00 00 00 00 00 00 00 00
                                 0055dd0c4020 00 00 00 00 00 00 00 00 00 00 00 00 00 00 00 00
                                 0055dd0c4030 00 00 00 00 00 00 00 00 00 00 00 00 00 00 00 00
                                 0055dd0c4040 00 00 00 00 00 00 00 00 00 00 00 00 00 00 00 00
                                 0055dd0c4050 00 00 00 00 00 00 00 00 00 00 00 00 00 00 00 00
                                 0055dd0c4060 00 00 00 00 00 00 00 00 00 00 00 00 00 00 00 00
                                 0055dd0c4070 00 00 00 00 00 00 00 00 00 00 00 00 00 00 00 00
                                 0055dd0c4080 00 00 00 00 00 00 00 00 00 00 00 00 00 00 00 00
                                 0055dd0c4090 00 00 00 00 00 00 00 00 00 00 00 00 00 00 00 00
                                 0055dd0c40a0 00 00 00 00 00 00 00 00 00 00 00 00 00 00 00 00
                                 0055dd0c40b0 00 00 00 00 00 00 00 00 00 00 00 00 00 00 00 00
                                 0055dd0c40c0 00 00 00 00 00 00 00 00 00 00 00 00 00 00 00 00
                                 0055dd0c40d0 00 00 00 00 00 00 00 00 00 00 00 00 00 00 00 00
                                 0055dd0c40e0 00 00 00 00 00 00 00 00 00 00 00 00 00 00 00 00
                                 0055dd0c40f0 00 00 00 00 00 00 00 00 00 00 00 00 00 00 00 00
Threads[24]:
    Thread ID:                   0000000000000321
    Thread Name:                 AsyncTonePreparer
    Stack Region:                0000004aad2b9000-0000004aad2f9000
    Registers:
        X[00]:                   000000305c8bb9fc
        X[01]:                   000000305c8bba00
        X[02]:                   00000000003981a4
        X[03]:                   ffffffffffffffff
        X[04]:                   0000000000000002
        X[05]:                   0000000000000000
        X[06]:                   0000000000000001
        X[07]:                   0000000000000000
        X[08]:                   0000000000000000
        X[09]:                   0000000000000000
        X[10]:                   0000000000000000
        X[11]:                   0000000000000000
        X[12]:                   0000000000000000
        X[13]:                   0000000000000000
        X[14]:                   0000000000000000
        X[15]:                   0000000000000000
        X[16]:                   0000000000000000
        X[17]:                   0000000000000000
        X[18]:                   0000000000000000
        X[19]:                   0000000000000000
        X[20]:                   0000000000000000
        X[21]:                   0000000000000000
        X[22]:                   0000000000000000
        X[23]:                   0000000000000000
        X[24]:                   0000000000000000
        X[25]:                   0000000000000000
        X[26]:                   0000000000000000
        X[27]:                   0000000000000000
        X[28]:                   0000000000000000
        FP:                      0000004aad2f8e50
        LR:                      0000007a0aeb7998 (nnSdk + 0x339998) (_ZN2nn2os6detail38InternalConditionVariableImplByHorizon4WaitEPNS1_23InternalCriticalSectionE + 0x48)
        SP:                      0000004aad2f8e30
        PC:                      0000007a0af0792c (nnSdk + 0x38992c)
    Stack Trace:
        ReturnAddress[00]:       0000007a0aeac898 (nnSdk + 0x32e898) (_ZN2nn2os9WaitEventEPNS0_9EventTypeE + 0x48)
        ReturnAddress[01]:       0000007a05418810 (cross2_Release.nss + 0x2414810)
        ReturnAddress[02]:       0000007a05418780 (cross2_Release.nss + 0x2414780)
        ReturnAddress[03]:       0000007a0aeb24b8 (nnSdk + 0x3344b8)
        ReturnAddress[04]:       0000007a0aeb6984 (nnSdk + 0x338984)
        ReturnAddress[05]:       0000000000000000
    Stack Dump:                               00 01 02 03 04 05 06 07 08 09 0a 0b 0c 0d 0e 0f
                                 004aad2f8e30 00 ba 8b 5c 30 00 00 00 68 c7 37 57 30 00 00 00
                                 004aad2f8e40 e0 b9 8b 5c 30 00 00 00 fc b9 8b 5c 30 00 00 00
                                 004aad2f8e50 80 8e 2f ad 4a 00 00 00 98 c8 ea 0a 7a 00 00 00
                                 004aad2f8e60 d8 16 a6 0b 30 00 00 00 08 8f 2f ad 4a 00 00 00
                                 004aad2f8e70 50 c7 37 57 30 00 00 00 68 c7 37 57 30 00 00 00
                                 004aad2f8e80 b0 8e 2f ad 4a 00 00 00 10 88 41 05 7a 00 00 00
                                 004aad2f8e90 d8 16 a6 0b 30 00 00 00 c0 16 a6 0b 30 00 00 00
                                 004aad2f8ea0 18 8f 2f ad 4a 00 00 00 50 c7 37 57 30 00 00 00
                                 004aad2f8eb0 80 8f 2f ad 4a 00 00 00 80 87 41 05 7a 00 00 00
                                 004aad2f8ec0 00 00 00 00 00 00 00 00 00 00 00 00 00 00 00 00
                                 004aad2f8ed0 50 6d f7 07 7a 00 00 00 00 00 e8 7d 30 00 00 00
                                 004aad2f8ee0 01 00 00 00 00 65 87 00 00 00 00 00 00 00 00 00
                                 004aad2f8ef0 00 00 00 00 00 00 00 00 00 00 00 00 00 00 00 00
                                 004aad2f8f00 00 00 00 00 00 00 00 00 00 00 00 00 00 00 00 00
                                 004aad2f8f10 51 7f fc b0 2e 00 00 00 15 53 a9 b4 2f 00 00 00
                                 004aad2f8f20 d8 16 a6 0b 30 00 00 00 c0 16 a6 0b 30 00 00 00
    TLS Address:                 00000055dd0c4200
    TLS Dump:                                 00 01 02 03 04 05 06 07 08 09 0a 0b 0c 0d 0e 0f
                                 0055dd0c4200 00 00 00 00 0c 00 00 00 00 00 00 00 00 00 00 00
                                 0055dd0c4210 00 00 00 00 00 00 00 00 00 00 00 00 00 00 00 00
                                 0055dd0c4220 53 46 43 4f 00 00 00 00 00 00 00 00 eb ca d2 c4
                                 0055dd0c4230 00 00 00 00 00 00 00 00 00 00 00 00 00 00 00 00
                                 0055dd0c4240 88 84 eb 15 00 00 00 00 00 02 00 00 00 00 00 00
                                 0055dd0c4250 00 00 00 00 00 00 00 00 00 00 00 00 00 00 00 00
                                 0055dd0c4260 00 00 00 00 00 00 00 00 00 00 00 00 00 00 00 00
                                 0055dd0c4270 00 00 00 00 00 00 00 00 00 00 00 00 00 00 00 00
                                 0055dd0c4280 00 00 00 00 00 00 00 00 00 00 00 00 00 00 00 00
                                 0055dd0c4290 00 00 00 00 00 00 00 00 00 00 00 00 00 00 00 00
                                 0055dd0c42a0 00 00 00 00 00 00 00 00 00 00 00 00 00 00 00 00
                                 0055dd0c42b0 00 00 00 00 00 00 00 00 00 00 00 00 00 00 00 00
                                 0055dd0c42c0 00 00 00 00 00 00 00 00 00 00 00 00 00 00 00 00
                                 0055dd0c42d0 00 00 00 00 00 00 00 00 00 00 00 00 00 00 00 00
                                 0055dd0c42e0 00 00 00 00 00 00 00 00 00 00 00 00 00 00 00 00
                                 0055dd0c42f0 00 00 00 00 00 00 00 00 00 00 00 00 00 00 00 00
Threads[25]:
    Thread ID:                   0000000000000322
    Thread Name:                 nuscFileAsyncRequest
    Stack Region:                0000004a96f78000-0000004a96f80000
    Registers:
        X[00]:                   000000305754a068
        X[01]:                   000000305754a074
        X[02]:                   00000000003a01a3
        X[03]:                   ffffffffffffffff
        X[04]:                   0000000000000000
        X[05]:                   0000000000000000
        X[06]:                   0000000000000000
        X[07]:                   0000000000000000
        X[08]:                   0000000000000000
        X[09]:                   0000000000000000
        X[10]:                   0000000000000000
        X[11]:                   0000000000000000
        X[12]:                   0000000000000000
        X[13]:                   0000000000000000
        X[14]:                   0000000000000000
        X[15]:                   0000000000000000
        X[16]:                   0000000000000000
        X[17]:                   0000000000000000
        X[18]:                   0000000000000000
        X[19]:                   0000000000000000
        X[20]:                   0000000000000000
        X[21]:                   0000000000000000
        X[22]:                   0000000000000000
        X[23]:                   0000000000000000
        X[24]:                   0000000000000000
        X[25]:                   0000000000000000
        X[26]:                   0000000000000000
        X[27]:                   0000000000000000
        X[28]:                   0000000000000000
        FP:                      0000004a96f7fea0
        LR:                      0000007a0aeb7998 (nnSdk + 0x339998) (_ZN2nn2os6detail38InternalConditionVariableImplByHorizon4WaitEPNS1_23InternalCriticalSectionE + 0x48)
        SP:                      0000004a96f7fe80
        PC:                      0000007a0af0792c (nnSdk + 0x38992c)
    Stack Trace:
        ReturnAddress[00]:       0000007a0aeac464 (nnSdk + 0x32e464) (_ZN2nn2os21WaitConditionVariableEPNS0_21ConditionVariableTypeEPNS0_9MutexTypeE + 0x44)
        ReturnAddress[01]:       0000007a0b02f184 (nnSdk + 0x4b1184) (_ZNSt3__121__libcpp_condvar_waitEPNSt13__libcxx_shim19__libcxx_shim_ver_132__libcxx_shim_condition_variableEPNS1_19__libcxx_shi + 0xc)
        ReturnAddress[02]:       0000007a0afde618 (nnSdk + 0x460618) (_ZNSt3__118condition_variable4waitERNS_11unique_lockINS_5mutexEEE + 0x18)
        ReturnAddress[03]:       0000007a0698a874 (cross2_Release.nss + 0x3986874)
        ReturnAddress[04]:       0000007a069a1634 (cross2_Release.nss + 0x399d634)
        ReturnAddress[05]:       0000007a0aeb24b8 (nnSdk + 0x3344b8)
        ReturnAddress[06]:       0000007a0aeb6984 (nnSdk + 0x338984)
        ReturnAddress[07]:       0000000000000000
    Stack Dump:                               00 01 02 03 04 05 06 07 08 09 0a 0b 0c 0d 0e 0f
                                 004a96f7fe80 00 a0 54 57 30 00 00 00 14 38 d7 0a 7a 00 00 00
                                 004a96f7fe90 70 a0 54 57 30 00 00 00 50 a0 54 57 30 00 00 00
                                 004a96f7fea0 c0 fe f7 96 4a 00 00 00 64 c4 ea 0a 7a 00 00 00
                                 004a96f7feb0 50 a0 54 57 30 00 00 00 50 a0 54 57 30 00 00 00
                                 004a96f7fec0 d0 fe f7 96 4a 00 00 00 84 f1 02 0b 7a 00 00 00
                                 004a96f7fed0 e0 fe f7 96 4a 00 00 00 18 e6 fd 0a 7a 00 00 00
                                 004a96f7fee0 60 ff f7 96 4a 00 00 00 74 a8 98 06 7a 00 00 00
                                 004a96f7fef0 41 19 72 5e 30 00 00 00 60 32 55 57 30 00 00 00
                                 004a96f7ff00 50 a0 54 57 30 00 00 00 01 00 00 00 00 00 00 00
                                 004a96f7ff10 00 00 00 00 00 00 00 00 00 00 00 00 00 00 00 00
                                 004a96f7ff20 00 00 00 00 00 00 00 00 00 00 00 00 00 00 00 00
                                 004a96f7ff30 00 00 00 00 00 00 00 00 00 00 00 00 00 00 00 00
                                 004a96f7ff40 00 00 00 00 00 00 00 00 34 a2 54 57 30 00 00 00
                                 004a96f7ff50 30 a2 54 57 30 00 00 00 88 a0 54 57 30 00 00 00
                                 004a96f7ff60 80 ff f7 96 4a 00 00 00 34 16 9a 06 7a 00 00 00
                                 004a96f7ff70 88 a0 54 57 30 00 00 00 88 a0 54 57 30 00 00 00
    TLS Address:                 00000055dd0c4400
    TLS Dump:                                 00 01 02 03 04 05 06 07 08 09 0a 0b 0c 0d 0e 0f
                                 0055dd0c4400 00 00 00 00 0c 00 00 00 00 00 00 00 00 00 00 00
                                 0055dd0c4410 00 00 00 00 00 00 00 00 00 00 00 00 00 00 00 00
                                 0055dd0c4420 53 46 43 4f 00 00 00 00 00 00 00 00 eb ca d2 c4
                                 0055dd0c4430 00 00 00 00 00 00 00 00 00 00 00 00 00 00 00 00
                                 0055dd0c4440 18 83 f0 15 00 00 00 00 48 ff 00 00 00 00 00 00
                                 0055dd0c4450 00 00 00 00 00 00 00 00 00 00 00 00 00 00 00 00
                                 0055dd0c4460 00 00 00 00 00 00 00 00 00 00 00 00 00 00 00 00
                                 0055dd0c4470 00 00 00 00 00 00 00 00 00 00 00 00 00 00 00 00
                                 0055dd0c4480 00 00 00 00 00 00 00 00 00 00 00 00 00 00 00 00
                                 0055dd0c4490 00 00 00 00 00 00 00 00 00 00 00 00 00 00 00 00
                                 0055dd0c44a0 00 00 00 00 00 00 00 00 00 00 00 00 00 00 00 00
                                 0055dd0c44b0 00 00 00 00 00 00 00 00 00 00 00 00 00 00 00 00
                                 0055dd0c44c0 00 00 00 00 00 00 00 00 00 00 00 00 00 00 00 00
                                 0055dd0c44d0 00 00 00 00 00 00 00 00 00 00 00 00 00 00 00 00
                                 0055dd0c44e0 00 00 00 00 00 00 00 00 00 00 00 00 00 00 00 00
                                 0055dd0c44f0 00 00 00 00 00 00 00 00 00 00 00 00 00 00 00 00
Threads[26]:
    Thread ID:                   0000000000000323
    Thread Name:                 nus3::audio update
    Stack Region:                0000004ae9f05000-0000004ae9f25000
    Registers:
        X[00]:                   0000004ae9f24638
        X[01]:                   0000004ae9f2463c
        X[02]:                   0000000000000001
        X[03]:                   0000000001e84797
        X[04]:                   0000000000000000
        X[05]:                   0000000000000000
        X[06]:                   0000000000000000
        X[07]:                   0000000000000000
        X[08]:                   0000000000000000
        X[09]:                   0000000000000000
        X[10]:                   0000000000000000
        X[11]:                   0000000000000000
        X[12]:                   0000000000000000
        X[13]:                   0000000000000000
        X[14]:                   0000000000000000
        X[15]:                   0000000000000000
        X[16]:                   0000000000000000
        X[17]:                   0000000000000000
        X[18]:                   0000000000000000
        X[19]:                   0000000000000000
        X[20]:                   0000000000000000
        X[21]:                   0000000000000000
        X[22]:                   0000000000000000
        X[23]:                   0000000000000000
        X[24]:                   0000000000000000
        X[25]:                   0000000000000000
        X[26]:                   0000000000000000
        X[27]:                   0000000000000000
        X[28]:                   0000000000000000
        FP:                      0000004ae9f24650
        LR:                      0000007a0aeb75c8 (nnSdk + 0x3395c8) (_ZN2nn2os6detail30InterProcessEventImplByHorizon9TimedWaitEjbNS_8TimeSpanE + 0x78)
        SP:                      0000004ae9f24610
        PC:                      0000007a0af07900 (nnSdk + 0x389900)
    Stack Trace:
        ReturnAddress[00]:       0000007a0698bae4 (cross2_Release.nss + 0x3987ae4)
        ReturnAddress[01]:       0000007a0aeb24b8 (nnSdk + 0x3344b8)
        ReturnAddress[02]:       0000007a0aeb6984 (nnSdk + 0x338984)
        ReturnAddress[03]:       0000000000000000
    Stack Dump:                               00 01 02 03 04 05 06 07 08 09 0a 0b 0c 0d 0e 0f
                                 004ae9f24610 38 46 f2 e9 4a 00 00 00 bc 7f c1 0a 7a 00 00 00
                                 004ae9f24620 30 46 f2 e9 4a 00 00 00 0f 36 34 49 01 00 00 00
                                 004ae9f24630 00 02 00 00 00 00 00 00 00 00 00 00 a2 81 3b 00
                                 004ae9f24640 38 8a dd 09 7a 00 00 00 62 6e 71 70 00 00 00 00
                                 004ae9f24650 80 4f f2 e9 4a 00 00 00 e4 ba 98 06 7a 00 00 00
                                 004ae9f24660 00 00 00 00 00 00 00 00 00 00 00 00 00 00 00 00
                                 004ae9f24670 00 00 00 00 00 00 00 3c 00 00 00 43 00 80 3b 47
                                 004ae9f24680 db 0f c9 40 00 80 bb 46 50 48 f2 e9 4a 00 00 00
                                 004ae9f24690 30 48 f2 e9 4a 00 00 00 26 0c 0e f8 42 00 00 00
                                 004ae9f246a0 dd 46 0c f8 42 00 00 00 38 8a dd 09 7a 00 00 00
                                 004ae9f246b0 74 4e f2 e9 4a 00 00 00 00 4e f2 e9 4a 00 00 00
                                 004ae9f246c0 cd cc 4c 3f cd cc 4c 3f cd cc 4c 3f cd cc 4c 3f
                                 004ae9f246d0 00 00 00 00 00 00 00 00 c8 4e f2 e9 4a 00 00 00
                                 004ae9f246e0 a0 4e f2 e9 4a 00 00 00 00 20 49 5c 30 00 00 00
                                 004ae9f246f0 00 00 00 00 00 fe ff 46 08 00 00 00 00 00 00 00
                                 004ae9f24700 04 00 98 5c 30 00 00 00 10 00 98 5c 30 00 00 00
    TLS Address:                 00000055dd0c4600
    TLS Dump:                                 00 01 02 03 04 05 06 07 08 09 0a 0b 0c 0d 0e 0f
                                 0055dd0c4600 00 00 01 00 09 00 00 00 00 a1 08 00 30 46 f2 e9
                                 0055dd0c4610 53 46 43 4f 00 00 00 00 00 00 00 00 a5 25 62 61
                                 0055dd0c4620 00 00 00 00 00 00 00 00 00 00 00 00 00 00 00 00
                                 0055dd0c4630 00 00 00 00 08 00 00 00 30 46 f2 e9 4a 00 08 00
                                 0055dd0c4640 00 00 00 00 00 00 00 00 00 00 00 00 00 00 00 00
                                 0055dd0c4650 00 00 00 00 00 00 00 00 00 00 00 00 00 00 00 00
                                 0055dd0c4660 00 00 00 00 00 00 00 00 00 00 00 00 00 00 00 00
                                 0055dd0c4670 00 00 00 00 00 00 00 00 00 00 00 00 00 00 00 00
                                 0055dd0c4680 00 00 00 00 00 00 00 00 00 00 00 00 00 00 00 00
                                 0055dd0c4690 00 00 00 00 00 00 00 00 00 00 00 00 00 00 00 00
                                 0055dd0c46a0 00 00 00 00 00 00 00 00 00 00 00 00 00 00 00 00
                                 0055dd0c46b0 00 00 00 00 00 00 00 00 00 00 00 00 00 00 00 00
                                 0055dd0c46c0 00 00 00 00 00 00 00 00 00 00 00 00 00 00 00 00
                                 0055dd0c46d0 00 00 00 00 00 00 00 00 00 00 00 00 00 00 00 00
                                 0055dd0c46e0 00 00 00 00 00 00 00 00 00 00 00 00 00 00 00 00
                                 0055dd0c46f0 00 00 00 00 00 00 00 00 00 00 00 00 00 00 00 00
Threads[27]:
    Thread ID:                   0000000000000324
    Thread Name:                 AudioDeviceChange
    Stack Region:                0000004aa9e9d000-0000004aa9edd000
    Registers:
        X[00]:                   0000004aa9edcd18
        X[01]:                   0000004aa9edcd1c
        X[02]:                   0000000000000001
        X[03]:                   0000000000f42434
        X[04]:                   0000000000000000
        X[05]:                   0000000000000000
        X[06]:                   0000000000000000
        X[07]:                   0000000000000000
        X[08]:                   0000000000000000
        X[09]:                   0000000000000000
        X[10]:                   0000000000000000
        X[11]:                   0000000000000000
        X[12]:                   0000000000000000
        X[13]:                   0000000000000000
        X[14]:                   0000000000000000
        X[15]:                   0000000000000000
        X[16]:                   0000000000000000
        X[17]:                   0000000000000000
        X[18]:                   0000000000000000
        X[19]:                   0000000000000000
        X[20]:                   0000000000000000
        X[21]:                   0000000000000000
        X[22]:                   0000000000000000
        X[23]:                   0000000000000000
        X[24]:                   0000000000000000
        X[25]:                   0000000000000000
        X[26]:                   0000000000000000
        X[27]:                   0000000000000000
        X[28]:                   0000000000000000
        FP:                      0000004aa9edcd30
        LR:                      0000007a0aeb75c8 (nnSdk + 0x3395c8) (_ZN2nn2os6detail30InterProcessEventImplByHorizon9TimedWaitEjbNS_8TimeSpanE + 0x78)
        SP:                      0000004aa9edccf0
        PC:                      0000007a0af07900 (nnSdk + 0x389900)
    Stack Trace:
        ReturnAddress[00]:       0000007a067445e8 (cross2_Release.nss + 0x37405e8)
        ReturnAddress[01]:       0000007a0aeb24b8 (nnSdk + 0x3344b8)
        ReturnAddress[02]:       0000007a0aeb6984 (nnSdk + 0x338984)
        ReturnAddress[03]:       0000000000000000
    Stack Dump:                               00 01 02 03 04 05 06 07 08 09 0a 0b 0c 0d 0e 0f
                                 004aa9edccf0 18 cd ed a9 4a 00 00 00 00 00 00 00 00 00 00 00
                                 004aa9edcd00 00 00 00 00 00 00 00 00 38 d5 2f 49 01 00 00 00
                                 004aa9edcd10 08 55 06 55 30 00 00 00 ff ff ff ff 9f 81 3d 00
                                 004aa9edcd20 48 56 06 55 30 00 00 00 00 55 06 55 30 00 00 00
                                 004aa9edcd30 80 cf ed a9 4a 00 00 00 e8 45 74 06 7a 00 00 00
                                 004aa9edcd40 00 00 00 00 00 00 00 00 00 00 00 00 00 00 00 00
                                 004aa9edcd50 00 00 00 00 00 00 00 00 00 00 00 00 00 00 00 00
                                 004aa9edcd60 00 00 00 00 00 00 00 00 00 00 00 00 00 00 00 00
                                 004aa9edcd70 00 00 00 00 00 00 00 00 00 00 00 00 00 00 00 00
                                 004aa9edcd80 00 00 00 00 00 00 00 00 00 00 00 00 00 00 00 00
                                 004aa9edcd90 00 00 00 00 00 00 00 00 00 00 00 00 00 00 00 00
                                 004aa9edcda0 00 00 00 00 00 00 00 00 00 00 00 00 00 00 00 00
                                 004aa9edcdb0 00 00 00 00 00 00 00 00 00 00 00 00 00 00 00 00
                                 004aa9edcdc0 00 00 00 00 00 00 00 00 00 00 00 00 00 00 00 00
                                 004aa9edcdd0 00 00 00 00 00 00 00 00 00 00 00 00 00 00 00 00
                                 004aa9edcde0 00 00 00 00 00 00 00 00 00 00 00 00 00 00 00 00
    TLS Address:                 00000055dd0c4800
    TLS Dump:                                 00 01 02 03 04 05 06 07 08 09 0a 0b 0c 0d 0e 0f
                                 0055dd0c4800 00 00 00 00 00 00 00 00 00 00 00 00 00 00 00 00
                                 0055dd0c4810 00 00 00 00 00 00 00 00 00 00 00 00 00 00 00 00
                                 0055dd0c4820 00 00 00 00 00 00 00 00 00 00 00 00 00 00 00 00
                                 0055dd0c4830 00 00 00 00 00 00 00 00 00 00 00 00 00 00 00 00
                                 0055dd0c4840 00 00 00 00 00 00 00 00 00 00 00 00 00 00 00 00
                                 0055dd0c4850 00 00 00 00 00 00 00 00 00 00 00 00 00 00 00 00
                                 0055dd0c4860 00 00 00 00 00 00 00 00 00 00 00 00 00 00 00 00
                                 0055dd0c4870 00 00 00 00 00 00 00 00 00 00 00 00 00 00 00 00
                                 0055dd0c4880 00 00 00 00 00 00 00 00 00 00 00 00 00 00 00 00
                                 0055dd0c4890 00 00 00 00 00 00 00 00 00 00 00 00 00 00 00 00
                                 0055dd0c48a0 00 00 00 00 00 00 00 00 00 00 00 00 00 00 00 00
                                 0055dd0c48b0 00 00 00 00 00 00 00 00 00 00 00 00 00 00 00 00
                                 0055dd0c48c0 00 00 00 00 00 00 00 00 00 00 00 00 00 00 00 00
                                 0055dd0c48d0 00 00 00 00 00 00 00 00 00 00 00 00 00 00 00 00
                                 0055dd0c48e0 00 00 00 00 00 00 00 00 00 00 00 00 00 00 00 00
                                 0055dd0c48f0 00 00 00 00 00 00 00 00 00 00 00 00 00 00 00 00
Threads[28]:
    Thread ID:                   0000000000000325
    Thread Name:                 sindou::update
    Stack Region:                0000004a9728a000-0000004a9729a000
    Registers:
        X[00]:                   00000000004c4b40
        X[01]:                   00000001492db85b
        X[02]:                   0000000000000000
        X[03]:                   0000000000000000
        X[04]:                   0000000000000000
        X[05]:                   0000000000000000
        X[06]:                   0000000000000000
        X[07]:                   0000000000000000
        X[08]:                   0000000000000000
        X[09]:                   0000000000000000
        X[10]:                   0000000000000000
        X[11]:                   0000000000000000
        X[12]:                   0000000000000000
        X[13]:                   0000000000000000
        X[14]:                   0000000000000000
        X[15]:                   0000000000000000
        X[16]:                   0000000000000000
        X[17]:                   0000000000000000
        X[18]:                   0000000000000000
        X[19]:                   0000000000000000
        X[20]:                   0000000000000000
        X[21]:                   0000000000000000
        X[22]:                   0000000000000000
        X[23]:                   0000000000000000
        X[24]:                   0000000000000000
        X[25]:                   0000000000000000
        X[26]:                   0000000000000000
        X[27]:                   0000000000000000
        X[28]:                   0000000000000000
        FP:                      0000004a97299f80
        LR:                      0000007a0698f698 (cross2_Release.nss + 0x398b698)
        SP:                      0000004a97299f30
        PC:                      0000007a0af0785c (nnSdk + 0x38985c)
    Stack Trace:
        ReturnAddress[00]:       0000007a0aeb24b8 (nnSdk + 0x3344b8)
        ReturnAddress[01]:       0000007a0aeb6984 (nnSdk + 0x338984)
        ReturnAddress[02]:       0000000000000000
    Stack Dump:                               00 01 02 03 04 05 06 07 08 09 0a 0b 0c 0d 0e 0f
                                 004a97299f00 80 ed 29 08 7a 00 00 00 00 a0 e0 09 7a 00 00 00
                                 004a97299f10 c4 8f 6b f8 42 00 00 00 c4 f2 29 08 7a 00 00 00
                                 004a97299f20 80 9f 29 97 4a 00 00 00 5c f3 98 06 7a 00 00 00
                                 004a97299f30 00 00 00 00 00 00 00 00 00 00 00 00 00 00 00 00
                                 004a97299f40 00 00 00 00 00 00 00 00 00 00 00 00 00 00 00 00
                                 004a97299f50 00 00 00 00 00 00 00 00 00 00 00 00 00 00 00 00
                                 004a97299f60 00 00 00 00 00 00 00 00 ac 92 df 09 7a 00 00 00
                                 004a97299f70 a8 92 df 09 7a 00 00 00 00 91 df 09 7a 00 00 00
                                 004a97299f80 b0 9f 29 97 4a 00 00 00 b8 24 eb 0a 7a 00 00 00
                                 004a97299f90 00 00 00 00 00 00 00 00 00 00 00 00 00 00 00 00
                                 004a97299fa0 00 00 00 00 00 00 00 00 00 91 df 09 7a 00 00 00
                                 004a97299fb0 d0 9f 29 97 4a 00 00 00 84 69 eb 0a 7a 00 00 00
                                 004a97299fc0 00 00 00 00 00 00 00 00 00 00 00 00 00 00 00 00
                                 004a97299fd0 00 00 00 00 00 00 00 00 00 00 00 00 00 00 00 00
                                 004a97299fe0 50 24 eb 0a 7a 00 00 00 00 00 00 00 00 00 00 00
                                 004a97299ff0 00 00 00 00 00 00 00 00 00 00 00 00 00 00 00 00
    TLS Address:                 00000055dd0c4a00
    TLS Dump:                                 00 01 02 03 04 05 06 07 08 09 0a 0b 0c 0d 0e 0f
                                 0055dd0c4a00 00 00 00 00 00 00 00 00 00 00 00 00 00 00 00 00
                                 0055dd0c4a10 00 00 00 00 00 00 00 00 00 00 00 00 00 00 00 00
                                 0055dd0c4a20 00 00 00 00 00 00 00 00 00 00 00 00 00 00 00 00
                                 0055dd0c4a30 00 00 00 00 00 00 00 00 00 00 00 00 00 00 00 00
                                 0055dd0c4a40 00 00 00 00 00 00 00 00 00 00 00 00 00 00 00 00
                                 0055dd0c4a50 00 00 00 00 00 00 00 00 00 00 00 00 00 00 00 00
                                 0055dd0c4a60 00 00 00 00 00 00 00 00 00 00 00 00 00 00 00 00
                                 0055dd0c4a70 00 00 00 00 00 00 00 00 00 00 00 00 00 00 00 00
                                 0055dd0c4a80 00 00 00 00 00 00 00 00 00 00 00 00 00 00 00 00
                                 0055dd0c4a90 00 00 00 00 00 00 00 00 00 00 00 00 00 00 00 00
                                 0055dd0c4aa0 00 00 00 00 00 00 00 00 00 00 00 00 00 00 00 00
                                 0055dd0c4ab0 00 00 00 00 00 00 00 00 00 00 00 00 00 00 00 00
                                 0055dd0c4ac0 00 00 00 00 00 00 00 00 00 00 00 00 00 00 00 00
                                 0055dd0c4ad0 00 00 00 00 00 00 00 00 00 00 00 00 00 00 00 00
                                 0055dd0c4ae0 00 00 00 00 00 00 00 00 00 00 00 00 00 00 00 00
                                 0055dd0c4af0 00 00 00 00 00 00 00 00 00 00 00 00 00 00 00 00
Threads[29]:
    Thread ID:                   0000000000000326
    Thread Name:                 L2CDynamicModuleManager::thread
    Stack Region:                0000004a732d9000-0000004a73319000
    Registers:
        X[00]:                   000000305c8bd16c
        X[01]:                   000000305c8bd170
        X[02]:                   000000000045819c
        X[03]:                   ffffffffffffffff
        X[04]:                   0000000000000000
        X[05]:                   0000000000000000
        X[06]:                   0000000000000001
        X[07]:                   0000000e2c5e2558
        X[08]:                   0000000000000000
        X[09]:                   0000000000000000
        X[10]:                   0000000000000000
        X[11]:                   0000000000000000
        X[12]:                   0000000000000000
        X[13]:                   0000000000000000
        X[14]:                   0000000000000000
        X[15]:                   0000000000000000
        X[16]:                   0000000000000000
        X[17]:                   0000000000000000
        X[18]:                   0000000000000000
        X[19]:                   0000000000000000
        X[20]:                   0000000000000000
        X[21]:                   0000000000000000
        X[22]:                   0000000000000000
        X[23]:                   0000000000000000
        X[24]:                   0000000000000000
        X[25]:                   0000000000000000
        X[26]:                   0000000000000000
        X[27]:                   0000000000000000
        X[28]:                   0000000000000000
        FP:                      0000004a73318db0
        LR:                      0000007a0aeb7998 (nnSdk + 0x339998) (_ZN2nn2os6detail38InternalConditionVariableImplByHorizon4WaitEPNS1_23InternalCriticalSectionE + 0x48)
        SP:                      0000004a73318d90
        PC:                      0000007a0af0792c (nnSdk + 0x38992c)
    Stack Trace:
        ReturnAddress[00]:       0000007a0aeac898 (nnSdk + 0x32e898) (_ZN2nn2os9WaitEventEPNS0_9EventTypeE + 0x48)
        ReturnAddress[01]:       0000007a052ba680 (cross2_Release.nss + 0x22b6680)
        ReturnAddress[02]:       0000007a0aeb24b8 (nnSdk + 0x3344b8)
        ReturnAddress[03]:       0000007a0aeb6984 (nnSdk + 0x338984)
        ReturnAddress[04]:       0000000000000000
    Stack Dump:                               00 01 02 03 04 05 06 07 08 09 0a 0b 0c 0d 0e 0f
                                 004a73318d90 70 d1 8b 5c 30 00 00 00 a0 f1 09 55 30 00 00 00
                                 004a73318da0 50 d1 8b 5c 30 00 00 00 6c d1 8b 5c 30 00 00 00
                                 004a73318db0 e0 8d 31 73 4a 00 00 00 98 c8 ea 0a 7a 00 00 00
                                 004a73318dc0 00 50 33 08 7a 00 00 00 18 00 00 00 00 00 00 00
                                 004a73318dd0 a0 f1 09 55 30 00 00 00 a8 32 1d 7f 30 00 00 00
                                 004a73318de0 80 8f 31 73 4a 00 00 00 80 a6 2b 05 7a 00 00 00
                                 004a73318df0 11 8e 31 73 4a 00 00 00 50 f1 09 55 30 00 00 00
                                 004a73318e00 48 f1 09 55 30 00 00 00 00 00 00 00 00 00 00 00
                                 004a73318e10 70 72 65 62 75 69 6c 74 3a 2f 6e 72 6f 2f 52 65
                                 004a73318e20 6c 65 61 73 65 2f 6c 75 61 32 63 70 70 5f 70 61
                                 004a73318e30 63 6d 61 6e 2e 6e 72 6f 00 00 00 00 00 00 00 00
                                 004a73318e40 00 00 00 00 00 00 00 00 00 00 00 00 00 00 00 00
                                 004a73318e50 00 00 00 00 00 00 00 00 00 00 00 00 00 00 00 00
                                 004a73318e60 00 00 00 00 00 00 00 00 00 00 00 00 00 00 00 00
                                 004a73318e70 00 00 00 00 00 00 00 00 00 00 00 00 00 00 00 00
                                 004a73318e80 00 00 00 00 00 00 00 00 00 00 00 00 00 00 00 00
    TLS Address:                 00000055dd0c4c00
    TLS Dump:                                 00 01 02 03 04 05 06 07 08 09 0a 0b 0c 0d 0e 0f
                                 0055dd0c4c00 00 00 00 00 0a 00 00 00 00 00 00 00 00 00 00 00
                                 0055dd0c4c10 53 46 43 4f 00 00 00 00 00 00 00 00 a9 55 2c a5
                                 0055dd0c4c20 00 c0 46 2c 0e 00 00 00 02 02 00 00 e7 59 ea d4
                                 0055dd0c4c30 00 00 00 00 00 00 00 00 00 c0 46 2d 30 00 00 00
                                 0055dd0c4c40 00 70 17 00 00 00 00 00 00 00 00 00 00 00 00 00
                                 0055dd0c4c50 00 00 00 00 00 00 00 00 00 00 00 00 00 00 00 00
                                 0055dd0c4c60 00 00 00 00 00 00 00 00 00 00 00 00 00 00 00 00
                                 0055dd0c4c70 00 00 00 00 00 00 00 00 00 00 00 00 00 00 00 00
                                 0055dd0c4c80 00 00 00 00 00 00 00 00 00 00 00 00 00 00 00 00
                                 0055dd0c4c90 00 00 00 00 00 00 00 00 00 00 00 00 00 00 00 00
                                 0055dd0c4ca0 00 00 00 00 00 00 00 00 00 00 00 00 00 00 00 00
                                 0055dd0c4cb0 00 00 00 00 00 00 00 00 00 00 00 00 00 00 00 00
                                 0055dd0c4cc0 00 00 00 00 00 00 00 00 00 00 00 00 00 00 00 00
                                 0055dd0c4cd0 00 00 00 00 00 00 00 00 00 00 00 00 00 00 00 00
                                 0055dd0c4ce0 00 00 00 00 00 00 00 00 00 00 00 00 00 00 00 00
                                 0055dd0c4cf0 00 00 00 00 00 00 00 00 00 00 00 00 00 00 00 00
Threads[30]:
    Thread ID:                   0000000000000327
    Thread Name:                 SaveStorage
    Stack Region:                0000004abd5ee000-0000004abd62e000
    Registers:
        X[00]:                   000000305e79019c
        X[01]:                   000000305e7901a0
        X[02]:                   0000000000468199
        X[03]:                   ffffffffffffffff
        X[04]:                   0000000000000000
        X[05]:                   0000000000000000
        X[06]:                   0000000000000000
        X[07]:                   0000000000000000
        X[08]:                   0000000000000000
        X[09]:                   0000000000000000
        X[10]:                   0000000000000000
        X[11]:                   0000000000000000
        X[12]:                   0000000000000000
        X[13]:                   0000000000000000
        X[14]:                   0000000000000000
        X[15]:                   0000000000000000
        X[16]:                   0000000000000000
        X[17]:                   0000000000000000
        X[18]:                   0000000000000000
        X[19]:                   0000000000000000
        X[20]:                   0000000000000000
        X[21]:                   0000000000000000
        X[22]:                   0000000000000000
        X[23]:                   0000000000000000
        X[24]:                   0000000000000000
        X[25]:                   0000000000000000
        X[26]:                   0000000000000000
        X[27]:                   0000000000000000
        X[28]:                   0000000000000000
        FP:                      0000004abd62def0
        LR:                      0000007a0aeb7998 (nnSdk + 0x339998) (_ZN2nn2os6detail38InternalConditionVariableImplByHorizon4WaitEPNS1_23InternalCriticalSectionE + 0x48)
        SP:                      0000004abd62ded0
        PC:                      0000007a0af0792c (nnSdk + 0x38992c)
    Stack Trace:
        ReturnAddress[00]:       0000007a0aeac898 (nnSdk + 0x32e898) (_ZN2nn2os9WaitEventEPNS0_9EventTypeE + 0x48)
        ReturnAddress[01]:       0000007a06725b50 (cross2_Release.nss + 0x3721b50)
        ReturnAddress[02]:       0000007a0aeb24b8 (nnSdk + 0x3344b8)
        ReturnAddress[03]:       0000007a0aeb6984 (nnSdk + 0x338984)
        ReturnAddress[04]:       0000000000000000
    Stack Dump:                               00 01 02 03 04 05 06 07 08 09 0a 0b 0c 0d 0e 0f
                                 004abd62ded0 a0 01 79 5e 30 00 00 00 70 ba 6d 00 30 00 00 00
                                 004abd62dee0 80 01 79 5e 30 00 00 00 9c 01 79 5e 30 00 00 00
                                 004abd62def0 20 df 62 bd 4a 00 00 00 98 c8 ea 0a 7a 00 00 00
                                 004abd62df00 c5 9d 1c 81 00 00 00 00 40 ba 6d 00 30 00 00 00
                                 004abd62df10 b0 e0 93 08 7a 00 00 00 70 ba 6d 00 30 00 00 00
                                 004abd62df20 80 df 62 bd 4a 00 00 00 50 5b 72 06 7a 00 00 00
                                 004abd62df30 00 00 00 00 00 00 00 00 00 00 00 00 00 00 00 00
                                 004abd62df40 00 00 00 00 00 00 00 00 00 00 00 00 00 00 00 00
                                 004abd62df50 00 00 00 00 00 00 00 00 00 00 00 00 00 00 00 00
                                 004abd62df60 00 00 00 00 00 00 00 00 3c c8 39 57 30 00 00 00
                                 004abd62df70 38 c8 39 57 30 00 00 00 90 c6 39 57 30 00 00 00
                                 004abd62df80 b0 df 62 bd 4a 00 00 00 b8 24 eb 0a 7a 00 00 00
                                 004abd62df90 00 00 00 00 00 00 00 00 00 00 00 00 00 00 00 00
                                 004abd62dfa0 00 00 00 00 00 00 00 00 90 c6 39 57 30 00 00 00
                                 004abd62dfb0 d0 df 62 bd 4a 00 00 00 84 69 eb 0a 7a 00 00 00
                                 004abd62dfc0 00 00 00 00 00 00 00 00 00 00 00 00 00 00 00 00
    TLS Address:                 00000055dd0c4e00
    TLS Dump:                                 00 01 02 03 04 05 06 07 08 09 0a 0b 0c 0d 0e 0f
                                 0055dd0c4e00 06 00 00 00 08 00 00 00 00 00 00 00 00 00 00 00
                                 0055dd0c4e10 02 00 00 00 9e 00 00 00 00 00 00 00 00 00 00 00
                                 0055dd0c4e20 53 46 43 4f 00 00 00 00 00 00 00 00 a1 6d 71 f3
                                 0055dd0c4e30 f8 4a 5b 00 00 00 00 00 00 00 00 00 00 00 00 00
                                 0055dd0c4e40 00 00 00 00 00 00 00 00 00 00 00 00 00 00 00 00
                                 0055dd0c4e50 40 43 06 00 00 00 00 00 00 00 00 00 00 00 00 00
                                 0055dd0c4e60 00 00 00 00 00 00 00 00 00 00 00 00 00 00 00 00
                                 0055dd0c4e70 00 00 00 00 00 00 00 00 00 00 00 00 00 00 00 00
                                 0055dd0c4e80 00 00 00 00 00 00 00 00 00 00 00 00 00 00 00 00
                                 0055dd0c4e90 00 00 00 00 00 00 00 00 00 00 00 00 00 00 00 00
                                 0055dd0c4ea0 00 00 00 00 00 00 00 00 00 00 00 00 00 00 00 00
                                 0055dd0c4eb0 00 00 00 00 00 00 00 00 00 00 00 00 00 00 00 00
                                 0055dd0c4ec0 00 00 00 00 00 00 00 00 00 00 00 00 00 00 00 00
                                 0055dd0c4ed0 00 00 00 00 00 00 00 00 00 00 00 00 00 00 00 00
                                 0055dd0c4ee0 00 00 00 00 00 00 00 00 00 00 00 00 00 00 00 00
                                 0055dd0c4ef0 00 00 00 00 00 00 00 00 00 00 00 00 00 00 00 00
Threads[31]:
    Thread ID:                   000000000000033a
    Thread Name:                 NetSystem
    Stack Region:                0000004acd812000-0000004acd852000
    Registers:
        X[00]:                   00000000004c4b40
        X[01]:                   00000000c528eded
        X[02]:                   0000004acd851cd8
        X[03]:                   0000004acd851cf8
        X[04]:                   0000000000000000
        X[05]:                   0000000000000000
        X[06]:                   0000000000000000
        X[07]:                   0000000000000000
        X[08]:                   0000000000000000
        X[09]:                   0000000000000000
        X[10]:                   0000000000000000
        X[11]:                   0000000000000000
        X[12]:                   0000000000000000
        X[13]:                   0000000000000000
        X[14]:                   0000000000000000
        X[15]:                   0000000000000000
        X[16]:                   0000000000000000
        X[17]:                   0000000000000000
        X[18]:                   0000000000000000
        X[19]:                   0000000000000000
        X[20]:                   0000000000000000
        X[21]:                   0000000000000000
        X[22]:                   0000000000000000
        X[23]:                   0000000000000000
        X[24]:                   0000000000000000
        X[25]:                   0000000000000000
        X[26]:                   0000000000000000
        X[27]:                   0000000000000000
        X[28]:                   0000000000000000
        FP:                      0000004acd851f80
        LR:                      0000007a06711ab4 (cross2_Release.nss + 0x370dab4)
        SP:                      0000004acd851d70
        PC:                      0000007a0af0785c (nnSdk + 0x38985c)
    Stack Trace:
        ReturnAddress[00]:       0000007a0aeb24b8 (nnSdk + 0x3344b8)
        ReturnAddress[01]:       0000007a0aeb6984 (nnSdk + 0x338984)
        ReturnAddress[02]:       0000000000000000
    Stack Dump:                               00 01 02 03 04 05 06 07 08 09 0a 0b 0c 0d 0e 0f
                                 004acd851d70 fc 1e 85 cd 4a 00 00 00 e4 1e 85 cd 4a 00 00 00
                                 004acd851d80 00 00 00 00 00 00 00 00 00 00 00 00 00 00 00 00
                                 004acd851d90 00 00 00 00 00 00 00 00 00 00 00 00 00 00 00 00
                                 004acd851da0 94 1e 85 cd 4a 00 00 00 00 00 00 00 00 00 00 00
                                 004acd851db0 00 00 00 00 00 00 00 00 00 b8 43 31 30 00 00 00
                                 004acd851dc0 00 00 00 00 00 00 00 00 00 00 00 00 00 00 00 00
                                 004acd851dd0 8c 1e 85 cd 4a 00 00 00 40 b8 43 31 30 00 00 00
                                 004acd851de0 e0 d6 43 31 30 00 00 00 d8 d4 43 31 30 00 00 00
                                 004acd851df0 d0 d2 43 31 30 00 00 00 c8 d0 43 31 30 00 00 00
                                 004acd851e00 c0 ce 43 31 30 00 00 00 b8 cc 43 31 30 00 00 00
                                 004acd851e10 b0 ca 43 31 30 00 00 00 a8 c8 43 31 30 00 00 00
                                 004acd851e20 a0 c6 43 31 30 00 00 00 98 c4 43 31 30 00 00 00
                                 004acd851e30 90 c2 43 31 30 00 00 00 88 c0 43 31 30 00 00 00
                                 004acd851e40 80 be 43 31 30 00 00 00 78 bc 43 31 30 00 00 00
                                 004acd851e50 70 ba 43 31 30 00 00 00 68 b8 43 31 30 00 00 00
                                 004acd851e60 00 00 00 00 00 00 00 00 a0 c8 43 31 30 00 00 00
    TLS Address:                 00000062c6ee3c00
    TLS Dump:                                 00 01 02 03 04 05 06 07 08 09 0a 0b 0c 0d 0e 0f
                                 0062c6ee3c00 00 00 00 00 0d 00 00 00 00 00 00 00 00 00 00 00
                                 0062c6ee3c10 00 00 00 00 00 00 00 00 00 00 00 00 00 00 00 00
                                 0062c6ee3c20 53 46 43 4f 00 00 00 00 00 00 00 00 3c b3 18 0b
                                 0062c6ee3c30 c0 a8 01 75 00 00 00 00 00 00 00 00 00 00 00 00
                                 0062c6ee3c40 00 00 00 00 00 00 00 00 00 00 00 00 00 00 00 00
                                 0062c6ee3c50 00 00 00 00 00 00 00 00 00 00 00 00 00 00 00 00
                                 0062c6ee3c60 00 00 00 00 00 00 00 00 00 00 00 00 00 00 00 00
                                 0062c6ee3c70 00 00 00 00 00 00 00 00 00 00 00 00 00 00 00 00
                                 0062c6ee3c80 00 00 00 00 00 00 00 00 00 00 00 00 00 00 00 00
                                 0062c6ee3c90 00 00 00 00 00 00 00 00 00 00 00 00 00 00 00 00
                                 0062c6ee3ca0 00 00 00 00 00 00 00 00 00 00 00 00 00 00 00 00
                                 0062c6ee3cb0 00 00 00 00 00 00 00 00 00 00 00 00 00 00 00 00
                                 0062c6ee3cc0 00 00 00 00 00 00 00 00 00 00 00 00 00 00 00 00
                                 0062c6ee3cd0 00 00 00 00 00 00 00 00 00 00 00 00 00 00 00 00
                                 0062c6ee3ce0 00 00 00 00 00 00 00 00 00 00 00 00 00 00 00 00
                                 0062c6ee3cf0 00 00 00 00 00 00 00 00 00 00 00 00 00 00 00 00
Threads[32]:
    Thread ID:                   000000000000033b
    Thread Name:                 NEX TransportBufferThread(send)
    Stack Region:                0000004ab9189000-0000004ab9199000
    Registers:
        X[00]:                   0000003068ce5310
        X[01]:                   0000003068cb2094
        X[02]:                   0000000000d30188
        X[03]:                   ffffffffffffffff
        X[04]:                   0000000000000000
        X[05]:                   0000000000000000
        X[06]:                   0000000000000000
        X[07]:                   0000000000000000
        X[08]:                   0000000000000000
        X[09]:                   0000000000000000
        X[10]:                   0000000000000000
        X[11]:                   0000000000000000
        X[12]:                   0000000000000000
        X[13]:                   0000000000000000
        X[14]:                   0000000000000000
        X[15]:                   0000000000000000
        X[16]:                   0000000000000000
        X[17]:                   0000000000000000
        X[18]:                   0000000000000000
        X[19]:                   0000000000000000
        X[20]:                   0000000000000000
        X[21]:                   0000000000000000
        X[22]:                   0000000000000000
        X[23]:                   0000000000000000
        X[24]:                   0000000000000000
        X[25]:                   0000000000000000
        X[26]:                   0000000000000000
        X[27]:                   0000000000000000
        X[28]:                   0000000000000000
        FP:                      0000004ab9198ec0
        LR:                      0000007a0aeb7998 (nnSdk + 0x339998) (_ZN2nn2os6detail38InternalConditionVariableImplByHorizon4WaitEPNS1_23InternalCriticalSectionE + 0x48)
        SP:                      0000004ab9198ea0
        PC:                      0000007a0af0792c (nnSdk + 0x38992c)
    Stack Trace:
        ReturnAddress[00]:       0000007a0aeac464 (nnSdk + 0x32e464) (_ZN2nn2os21WaitConditionVariableEPNS0_21ConditionVariableTypeEPNS0_9MutexTypeE + 0x44)
        ReturnAddress[01]:       0000007a031b8478 (cross2_Release.nss + 0x1b4478)
        ReturnAddress[02]:       0000007a031fa7fc (cross2_Release.nss + 0x1f67fc)
        ReturnAddress[03]:       0000007a031b65e4 (cross2_Release.nss + 0x1b25e4)
        ReturnAddress[04]:       0000007a0aeb24b8 (nnSdk + 0x3344b8)
        ReturnAddress[05]:       0000007a0aeb6984 (nnSdk + 0x338984)
        ReturnAddress[06]:       0000000000000000
    Stack Dump:                               00 01 02 03 04 05 06 07 08 09 0a 0b 0c 0d 0e 0f
                                 004ab9198ea0 d8 52 ce 68 30 00 00 00 00 00 00 00 00 00 00 00
                                 004ab9198eb0 e8 52 ce 68 30 00 00 00 f8 52 ce 68 30 00 00 00
                                 004ab9198ec0 e0 8e 19 b9 4a 00 00 00 64 c4 ea 0a 7a 00 00 00
                                 004ab9198ed0 e0 52 ce 68 30 00 00 00 08 51 ce 68 30 00 00 00
                                 004ab9198ee0 00 8f 19 b9 4a 00 00 00 78 84 1b 03 7a 00 00 00
                                 004ab9198ef0 10 50 ce 68 30 00 00 00 10 50 ce 68 30 00 00 00
                                 004ab9198f00 50 8f 19 b9 4a 00 00 00 fc a7 1f 03 7a 00 00 00
                                 004ab9198f10 00 00 00 00 00 00 00 00 08 00 00 00 00 00 00 00
                                 004ab9198f20 00 00 00 00 00 00 00 00 00 00 00 00 00 00 00 00
                                 004ab9198f30 00 00 00 00 00 00 00 00 bc c1 cf 68 30 00 00 00
                                 004ab9198f40 0c 11 2b 08 7a 00 00 00 30 d1 c5 68 30 00 00 00
                                 004ab9198f50 80 8f 19 b9 4a 00 00 00 e4 65 1b 03 7a 00 00 00
                                 004ab9198f60 00 00 00 00 00 00 00 00 30 d1 c5 68 30 00 00 00
                                 004ab9198f70 b8 c1 cf 68 30 00 00 00 10 c0 cf 68 30 00 00 00
                                 004ab9198f80 b0 8f 19 b9 4a 00 00 00 b8 24 eb 0a 7a 00 00 00
                                 004ab9198f90 00 00 00 00 00 00 00 00 00 00 00 00 00 00 00 00
    TLS Address:                 00000062c6ee3e00
    TLS Dump:                                 00 01 02 03 04 05 06 07 08 09 0a 0b 0c 0d 0e 0f
                                 0062c6ee3e00 00 00 00 00 0d 00 00 00 00 00 00 00 00 00 00 00
                                 0062c6ee3e10 00 00 00 00 00 00 00 00 00 00 00 00 00 00 00 00
                                 0062c6ee3e20 53 46 43 4f 00 00 00 00 00 00 00 00 aa d9 b8 a9
                                 0062c6ee3e30 12 00 00 00 00 00 00 00 00 00 00 00 00 00 00 00
                                 0062c6ee3e40 00 00 00 00 00 00 00 00 00 00 00 00 00 00 00 00
                                 0062c6ee3e50 00 00 00 00 00 00 00 00 00 00 00 00 00 00 00 00
                                 0062c6ee3e60 00 00 00 00 00 00 00 00 00 00 00 00 00 00 00 00
                                 0062c6ee3e70 00 00 00 00 00 00 00 00 00 00 00 00 00 00 00 00
                                 0062c6ee3e80 00 00 00 00 00 00 00 00 00 00 00 00 00 00 00 00
                                 0062c6ee3e90 00 00 00 00 00 00 00 00 00 00 00 00 00 00 00 00
                                 0062c6ee3ea0 00 00 00 00 00 00 00 00 00 00 00 00 00 00 00 00
                                 0062c6ee3eb0 00 00 00 00 00 00 00 00 00 00 00 00 00 00 00 00
                                 0062c6ee3ec0 00 00 00 00 00 00 00 00 00 00 00 00 00 00 00 00
                                 0062c6ee3ed0 00 00 00 00 00 00 00 00 00 00 00 00 00 00 00 00
                                 0062c6ee3ee0 00 00 00 00 00 00 00 00 00 00 00 00 00 00 00 00
                                 0062c6ee3ef0 00 00 00 00 00 00 00 00 00 00 00 00 00 00 00 00
Threads[33]:
    Thread ID:                   000000000000033d
    Thread Name:                 NEX TransportBufferThread(recv 
    Stack Region:                0000004a87209000-0000004a87219000
    Registers:
        X[00]:                   00000000001401de
        X[01]:                   0000006274e99000
        X[02]:                   00000000001401de
        X[03]:                   0000004a872189c0
        X[04]:                   0000000000000fe0
        X[05]:                   0000000000000019
        X[06]:                   0000006274e99000
        X[07]:                   0000000000000001
        X[08]:                   0000000000000000
        X[09]:                   0000000000000000
        X[10]:                   0000000000000000
        X[11]:                   0000000000000000
        X[12]:                   0000000000000000
        X[13]:                   0000000000000000
        X[14]:                   0000000000000000
        X[15]:                   0000000000000000
        X[16]:                   0000000000000000
        X[17]:                   0000000000000000
        X[18]:                   0000000000000000
        X[19]:                   0000000000000000
        X[20]:                   0000000000000000
        X[21]:                   0000000000000000
        X[22]:                   0000000000000000
        X[23]:                   0000000000000000
        X[24]:                   0000000000000000
        X[25]:                   0000000000000000
        X[26]:                   0000000000000000
        X[27]:                   0000000000000000
        X[28]:                   0000000000000000
        FP:                      0000004a87218930
        LR:                      0000007a0aee5684 (nnSdk + 0x367684) (_ZN2nn2sf4hipc15SendSyncRequestENS_3svc6HandleEPvm + 0x34)
        SP:                      0000004a87218930
        PC:                      0000007a0af07954 (nnSdk + 0x389954)
    Stack Trace:
        ReturnAddress[00]:       0000007a0aef9160 (nnSdk + 0x37b160) (_ZN2nn2sf4cmif6client34CmifDomainProxyClientCoreProcessorINS0_4hipc6client38Hipc2ClientSessionManagedProxyKindBaseINS5_18Hipc2P + 0x160)
        ReturnAddress[01]:       0000007a0aef8160 (nnSdk + 0x37a160)
        ReturnAddress[02]:       0000007a0aef2928 (nnSdk + 0x374928) (_ZN2nn6socket6detail4PollEP6pollfdmi + 0xa8)
        ReturnAddress[03]:       0000007a031c1874 (cross2_Release.nss + 0x1bd874)
        ReturnAddress[04]:       0000007a031c2a7c (cross2_Release.nss + 0x1bea7c)
        ReturnAddress[05]:       0000007a031fb564 (cross2_Release.nss + 0x1f7564)
        ReturnAddress[06]:       0000007a031fb76c (cross2_Release.nss + 0x1f776c)
        ReturnAddress[07]:       0000007a031b65e4 (cross2_Release.nss + 0x1b25e4)
        ReturnAddress[08]:       0000007a0aeb24b8 (nnSdk + 0x3344b8)
        ReturnAddress[09]:       0000007a0aeb6984 (nnSdk + 0x338984)
        ReturnAddress[10]:       0000000000000000
    Stack Dump:                               00 01 02 03 04 05 06 07 08 09 0a 0b 0c 0d 0e 0f
                                 004a87218930 50 8a 21 87 4a 00 00 00 60 91 ef 0a 7a 00 00 00
                                 004a87218940 72 ad 08 00 00 00 00 00 a4 8a 21 87 4a 00 00 00
                                 004a87218950 a0 8a 21 87 4a 00 00 00 01 00 00 00 00 00 11 01
                                 004a87218960 0f 0c 00 00 00 00 00 00 00 00 00 00 00 00 00 00
                                 004a87218970 00 00 00 00 02 00 00 00 04 00 00 00 07 00 00 00
                                 004a87218980 00 00 00 00 0a 00 00 00 19 00 00 00 1b 00 00 00
                                 004a87218990 00 00 00 00 00 00 00 00 00 00 00 00 00 00 00 00
                                 004a872189a0 00 00 00 00 02 00 00 00 00 00 00 00 00 00 00 00
                                 004a872189b0 00 00 00 00 04 00 00 00 12 00 00 00 14 00 00 00
                                 004a872189c0 21 00 00 00 22 00 00 00 d0 8a 21 87 4a 00 00 00
                                 004a872189d0 08 00 00 00 00 00 00 00 d0 8a 21 87 4a 00 00 00
                                 004a872189e0 08 00 00 00 00 00 00 00 58 89 21 87 4a 00 00 00
                                 004a872189f0 00 90 e9 74 62 00 00 00 00 00 00 00 00 00 00 00
                                 004a87218a00 48 8d 21 87 4a 00 00 00 00 00 00 00 00 00 00 00
                                 004a87218a10 01 00 00 00 00 00 00 00 04 00 00 00 00 00 00 00
                                 004a87218a20 60 8d 21 87 4a 00 00 00 dc 8a 21 87 4a 00 00 00
    TLS Address:                 0000006274e99000
    TLS Dump:                                 00 01 02 03 04 05 06 07 08 09 0a 0b 0c 0d 0e 0f
                                 006274e99000 00 00 01 00 0e 08 e0 03 00 a1 08 00 d0 8a 21 87
                                 006274e99010 00 00 00 00 00 00 00 00 00 00 00 00 00 00 00 00
                                 006274e99020 53 46 43 4f 00 00 00 00 00 00 00 00 91 ab e3 ac
                                 006274e99030 00 00 00 00 00 00 00 00 00 00 00 00 00 00 00 00
                                 006274e99040 00 00 00 00 00 00 00 00 06 00 00 00 00 00 00 00
                                 006274e99050 01 00 00 00 64 00 00 00 00 00 00 00 00 00 00 00
                                 006274e99060 08 00 00 00 d0 8a 21 87 4a 00 08 00 00 00 00 00
                                 006274e99070 00 00 00 00 00 00 00 00 00 00 00 00 00 00 00 00
                                 006274e99080 00 00 00 00 00 00 00 00 00 00 00 00 00 00 00 00
                                 006274e99090 00 00 00 00 00 00 00 00 00 00 00 00 00 00 00 00
                                 006274e990a0 00 00 00 00 00 00 00 00 00 00 00 00 00 00 00 00
                                 006274e990b0 00 00 00 00 00 00 00 00 00 00 00 00 00 00 00 00
                                 006274e990c0 00 00 00 00 00 00 00 00 00 00 00 00 00 00 00 00
                                 006274e990d0 00 00 00 00 00 00 00 00 00 00 00 00 00 00 00 00
                                 006274e990e0 00 00 00 00 00 00 00 00 00 00 00 00 00 00 00 00
                                 006274e990f0 00 00 00 00 00 00 00 00 00 00 00 00 00 00 00 00
Threads[34]:
    Thread ID:                   0000000000000347
    Thread Name:                 nus3::nopus decode
    Stack Region:                0000004ad3d27000-0000004ad3d2f000
    Registers:
        X[00]:                   00000000000f4240
        X[01]:                   0000000000000000
        X[02]:                   0000000000000000
        X[03]:                   0000000000000000
        X[04]:                   0000000000000000
        X[05]:                   0000000000000000
        X[06]:                   0000000000000000
        X[07]:                   0000000000000000
        X[08]:                   0000000000000000
        X[09]:                   0000000000000000
        X[10]:                   0000000000000000
        X[11]:                   0000000000000000
        X[12]:                   0000000000000000
        X[13]:                   0000000000000000
        X[14]:                   0000000000000000
        X[15]:                   0000000000000000
        X[16]:                   0000000000000000
        X[17]:                   0000000000000000
        X[18]:                   0000000000000000
        X[19]:                   0000000000000000
        X[20]:                   0000000000000000
        X[21]:                   0000000000000000
        X[22]:                   0000000000000000
        X[23]:                   0000000000000000
        X[24]:                   0000000000000000
        X[25]:                   0000000000000000
        X[26]:                   0000000000000000
        X[27]:                   0000000000000000
        X[28]:                   0000000000000000
        FP:                      0000004ad3d2ef60
        LR:                      0000007a06998b50 (cross2_Release.nss + 0x3994b50)
        SP:                      0000004ad3d2ee20
        PC:                      0000007a0af0785c (nnSdk + 0x38985c)
    Stack Trace:
        ReturnAddress[00]:       0000007a069a1634 (cross2_Release.nss + 0x399d634)
        ReturnAddress[01]:       0000007a0aeb24b8 (nnSdk + 0x3344b8)
        ReturnAddress[02]:       0000007a0aeb6984 (nnSdk + 0x338984)
        ReturnAddress[03]:       0000000000000000
    Stack Dump:                               00 01 02 03 04 05 06 07 08 09 0a 0b 0c 0d 0e 0f
                                 004ad3d2ee20 88 f3 88 80 30 00 00 00 a0 f3 88 80 30 00 00 00
                                 004ad3d2ee30 14 f3 88 80 30 00 00 00 fc f2 88 80 30 00 00 00
                                 004ad3d2ee40 f8 f2 88 80 30 00 00 00 08 f3 88 80 30 00 00 00
                                 004ad3d2ee50 90 f3 88 80 30 00 00 00 2c f3 88 80 30 00 00 00
                                 004ad3d2ee60 9a f3 88 80 30 00 00 00 c0 f2 88 80 30 00 00 00
                                 004ad3d2ee70 10 f3 88 80 30 00 00 00 04 f3 88 80 30 00 00 00
                                 004ad3d2ee80 bc f2 88 80 30 00 00 00 24 f3 88 80 30 00 00 00
                                 004ad3d2ee90 f0 f2 88 80 30 00 00 00 a4 f3 88 80 30 00 00 00
                                 004ad3d2eea0 18 f3 88 80 30 00 00 00 8e f3 88 80 30 00 00 00
                                 004ad3d2eeb0 a8 f3 88 80 30 00 00 00 00 00 00 00 00 00 00 00
                                 004ad3d2eec0 38 f3 88 80 30 00 00 00 e8 f2 88 80 30 00 00 00
                                 004ad3d2eed0 d8 f2 88 80 30 00 00 00 ec f2 88 80 30 00 00 00
                                 004ad3d2eee0 78 f3 88 80 30 00 00 00 98 f3 88 80 30 00 00 00
                                 004ad3d2eef0 e0 f2 88 80 30 00 00 00 00 00 00 00 c0 03 00 00
                                 004ad3d2ef00 a8 00 00 00 00 00 00 00 00 00 00 00 00 00 00 00
                                 004ad3d2ef10 00 00 00 00 00 00 00 00 00 00 00 00 00 00 00 00
    TLS Address:                 0000006274e99400
    TLS Dump:                                 00 01 02 03 04 05 06 07 08 09 0a 0b 0c 0d 0e 0f
                                 006274e99400 00 00 00 00 0c 08 e0 03 00 00 00 00 00 00 00 00
                                 006274e99410 53 46 43 4f 00 00 00 00 00 00 00 00 01 97 b0 7a
                                 006274e99420 a8 00 00 00 c0 03 00 00 6d 03 00 00 00 00 00 00
                                 006274e99430 00 00 00 00 00 00 00 00 00 00 00 00 00 00 00 00
                                 006274e99440 00 00 00 00 00 00 00 00 00 00 00 00 00 00 00 00
                                 006274e99450 00 00 00 00 00 00 00 00 00 00 00 00 00 00 00 00
                                 006274e99460 00 00 00 00 00 00 00 00 00 00 00 00 00 00 00 00
                                 006274e99470 00 00 00 00 00 00 00 00 00 00 00 00 00 00 00 00
                                 006274e99480 00 00 00 00 00 00 00 00 00 00 00 00 00 00 00 00
                                 006274e99490 00 00 00 00 00 00 00 00 00 00 00 00 00 00 00 00
                                 006274e994a0 00 00 00 00 00 00 00 00 00 00 00 00 00 00 00 00
                                 006274e994b0 00 00 00 00 00 00 00 00 00 00 00 00 00 00 00 00
                                 006274e994c0 00 00 00 00 00 00 00 00 00 00 00 00 00 00 00 00
                                 006274e994d0 00 00 00 00 00 00 00 00 00 00 00 00 00 00 00 00
                                 006274e994e0 00 00 00 00 00 00 00 00 00 00 00 00 00 00 00 00
                                 006274e994f0 00 00 00 00 00 00 00 00 00 00 00 00 00 00 00 00
