Atmosphère Crash Report (v1.7):
Result:                          0x4A8 (2168-0002)

Process Info:
    Process Name:                Application
    Program ID:                  01006a800016e000
    Process ID:                  00000000000000b8
    Process Flags:               00000077
    User Exception Address:      0000002fc05fe000
Exception Info:
    Type:                        Data Abort
    Address:                     0000004897b989b0
    Fault Address:               0000000000000000
Crashed Thread Info:
    Thread ID:                   0000000000001c4f
    Thread Name:                 MainThread
    Stack Region:                0000007dea37a000-0000007dea47a000
    Registers:
        X[00]:                   0000000000000000
        X[01]:                   00000009b46741c6
        X[02]:                   0000007dea475b80
        X[03]:                   0000007dea475b70
        X[04]:                   0000007dea475b60
        X[05]:                   0000000000000000
        X[06]:                   0000000000000001
        X[07]:                   0000000000000000
        X[08]:                   0000000000000001
        X[09]:                   0000002a5793e000
        X[10]:                   fffffffb6d964c50
        X[11]:                   6703cafae2877778
        X[12]:                   0000002a537dcd50 (cross2_Release.nss + 0x17d8d50)
        X[13]:                   0000004856c61350
        X[14]:                   000000000000a79a
        X[15]:                   000000000000a798
        X[16]:                   0000002a5a7b1ed8
        X[17]:                   0000002a59eb7f30 (nnSdk + 0x339f30) (_ZN2nn2os6detail36InternalCriticalSectionImplByHorizon5EnterEv + 0x0)
        X[18]:                   0000000000000000
        X[19]:                   0000004805012410
        X[20]:                   00000040b0d04835
        X[21]:                   00000040a3d70a3d
        X[22]:                   0000004805012400
        X[23]:                   0000004897b98980
        X[24]:                   0000007dea479e60
        X[25]:                   0000002a5793e440
        X[26]:                   0000000000000001
        X[27]:                   0000002a56475000
        X[28]:                   0000002a5733c860
        FP:                      0000007dea476b40
        LR:                      0000002a523af5c4 (cross2_Release.nss + 0x3ab5c4)
        SP:                      0000007dea476a80
        PC:                      0000002a523af5c4 (cross2_Release.nss + 0x3ab5c4)
    Stack Trace:
        ReturnAddress[00]:       000000262a4f1360 (ssbusync + 0x10360) (ssbusync__post_scene_update_submit_render + 0xb0)
        ReturnAddress[01]:       0000002a522c9cf0 (cross2_Release.nss + 0x2c5cf0)
        ReturnAddress[02]:       0000002a59e1ba2c (nnSdk + 0x29da2c) (_ZN2nn4init5StartEmmPFvvES2_ + 0x4c)
        ReturnAddress[03]:       0000002a520000c0 (nnrtld + 0xc0)
    Stack Dump:                               00 01 02 03 04 05 06 07 08 09 0a 0b 0c 0d 0e 0f
                                 007dea476a80 a0 6a 47 ea 7d 00 00 00 c0 c1 92 55 01 00 00 00
                                 007dea476a90 d0 01 28 00 48 00 00 00 08 00 28 00 48 00 00 00
                                 007dea476aa0 c0 6a 47 ea 7d 00 00 00 08 c2 92 55 2a 00 00 00
                                 007dea476ab0 24 7f 00 00 00 00 00 00 d0 01 28 00 48 00 00 00
                                 007dea476ac0 e0 6a 47 ea 7d 00 00 00 c0 c1 92 55 2a 00 00 00
                                 007dea476ad0 c8 01 28 00 48 00 00 00 08 00 28 00 48 00 00 00
                                 007dea476ae0 20 6b 47 ea 7d 00 00 00 fc f8 92 55 2a 00 00 00
                                 007dea476af0 60 c8 33 57 2a 00 00 00 00 50 47 56 2a 00 00 00
                                 007dea476b00 01 00 00 00 00 00 00 00 40 e4 93 57 2a 00 00 00
                                 007dea476b10 60 9e 47 ea 7d 00 00 00 00 00 00 00 00 00 00 00
                                 007dea476b20 48 7d ef 56 48 00 00 00 3d 0a d7 a3 40 00 00 00
                                 007dea476b30 35 48 d0 b0 40 00 00 00 00 16 c3 8c 48 00 00 00
                                 007dea476b40 10 95 47 ea 7d 00 00 00 60 13 4f 2a 26 00 00 00
                                 007dea476b50 d8 6b 47 ea 7d 00 00 00 c8 01 28 00 48 00 00 00
                                 007dea476b60 30 e5 24 7f 48 00 00 00 08 00 28 00 48 00 00 00
                                 007dea476b70 b0 6b 47 ea 7d 00 00 00 24 f5 92 55 2a 00 00 00
    TLS Address:                 0000002fc05fe200
    TLS Dump:                                 00 01 02 03 04 05 06 07 08 09 0a 0b 0c 0d 0e 0f
                                 002fc05fe200 00 00 00 00 0c 00 00 00 00 00 00 00 00 00 00 00
                                 002fc05fe210 00 00 00 00 00 00 00 00 00 00 00 00 00 00 00 00
                                 002fc05fe220 53 46 43 4f 00 00 00 00 00 00 00 00 a1 ea ef 56
                                 002fc05fe230 00 00 00 00 00 00 00 00 01 00 00 00 00 00 00 00
                                 002fc05fe240 05 00 76 01 1e 00 10 c0 0b 00 00 00 00 00 00 00
                                 002fc05fe250 10 00 76 01 10 6a 47 ea 7d 00 10 00 00 00 00 00
                                 002fc05fe260 00 00 00 00 18 00 00 00 f0 6b 47 ea 7d 00 18 00
                                 002fc05fe270 02 0a 11 04 09 16 13 04 03 0d 07 00 00 04 0a 00
                                 002fc05fe280 08 04 0a 00 04 02 14 00 00 00 00 00 00 00 00 00
                                 002fc05fe290 00 00 00 00 00 00 00 00 00 00 00 00 00 00 00 00
                                 002fc05fe2a0 00 00 00 00 00 00 00 00 00 00 00 00 00 00 00 00
                                 002fc05fe2b0 00 00 00 00 00 00 00 00 00 00 00 00 00 00 00 00
                                 002fc05fe2c0 00 00 00 00 00 00 00 00 00 00 00 00 00 00 00 00
                                 002fc05fe2d0 00 00 00 00 00 00 00 00 00 00 00 00 00 00 00 00
                                 002fc05fe2e0 00 00 00 00 00 00 00 00 00 00 00 00 00 00 00 00
                                 002fc05fe2f0 00 00 00 00 00 00 00 00 00 00 00 00 00 00 00 00
Module Info:
    Number of Modules:           09
    Module 00:
        Address:                 0000002a51fdc000-0000002a52000000
        Name:                    [00000000]
        Module Id:               0000000000000000000000000000000000000000000000000000000000000000
    Module 01:
        Address:                 0000002a52000000-0000002a52002000
        Name:                    nnrtld
        Module Id:               285183CAC95179371CC22CEC3723F882E1589659000000000000000000000000
    Module 02:
        Address:                 0000002a52004000-0000002a559cc000
        Name:                    cross2_Release.nss
        Module Id:               3EAE0063B12FD81E99FB5980BA56297049EA94F9000000000000000000000000
    Module 03:
        Address:                 0000002a5944b000-0000002a597b8000
        Name:                    multimedia
        Module Id:               60C6EDBBFCEBD4176CC301D5D9CB5A6F094F9360000000000000000000000000
    Module 04:
        Address:                 0000002a59b60000-0000002a59b71000
        Name:                    Skyline
        Module Id:               84F953E76E1E2E976B0C1540F615449D25DA5BF3000000000000000000000000
    Module 05:
        Address:                 0000002a59b7e000-0000002a5a0bf000
        Name:                    nnSdk
        Module Id:               5FD4F531C1195E9E5510C9E73F22CD39612839F8000000000000000000000000
    Module 06:
        Address:                 000000262a4e1000-000000262a566000
        Name:                    ssbusync
        Module Id:               0000000000000000000000000000000000000000000000000000000000000000
    Module 07:
        Address:                 0000000eb6970000-0000000eb6aec000
        Name:                    arcropolis
        Module Id:               0000000000000000000000000000000000000000000000000000000000000000
    Module 08:
        Address:                 00000038927b7000-000000389293b000
        Name:                    training_modpack
        Module Id:               0000000000000000000000000000000000000000000000000000000000000000
Thread Report:
Number of Threads:               36
Threads[00]:
    Thread ID:                   0000000000001c4f
    Thread Name:                 MainThread
    Stack Region:                0000007dea37a000-0000007dea47a000
    Registers:
        X[00]:                   0000000000000000
        X[01]:                   00000009b46741c6
        X[02]:                   0000007dea475b80
        X[03]:                   0000007dea475b70
        X[04]:                   0000007dea475b60
        X[05]:                   0000000000000000
        X[06]:                   0000000000000001
        X[07]:                   0000000000000000
        X[08]:                   0000000000000001
        X[09]:                   0000002a5793e000
        X[10]:                   fffffffb6d964c50
        X[11]:                   6703cafae2877778
        X[12]:                   0000002a537dcd50 (cross2_Release.nss + 0x17d8d50)
        X[13]:                   0000004856c61350
        X[14]:                   000000000000a79a
        X[15]:                   000000000000a798
        X[16]:                   0000002a5a7b1ed8
        X[17]:                   0000002a59eb7f30 (nnSdk + 0x339f30) (_ZN2nn2os6detail36InternalCriticalSectionImplByHorizon5EnterEv + 0x0)
        X[18]:                   0000000000000000
        X[19]:                   0000004805012410
        X[20]:                   00000040b0d04835
        X[21]:                   00000040a3d70a3d
        X[22]:                   0000004805012400
        X[23]:                   0000004897b98980
        X[24]:                   0000007dea479e60
        X[25]:                   0000002a5793e440
        X[26]:                   0000000000000001
        X[27]:                   0000002a56475000
        X[28]:                   0000002a5733c860
        FP:                      0000007dea476b40
        LR:                      0000002a523af5c4 (cross2_Release.nss + 0x3ab5c4)
        SP:                      0000007dea476a80
        PC:                      0000002a523af5c4 (cross2_Release.nss + 0x3ab5c4)
    Stack Trace:
        ReturnAddress[00]:       000000262a4f1360 (ssbusync + 0x10360) (ssbusync__post_scene_update_submit_render + 0xb0)
        ReturnAddress[01]:       0000002a522c9cf0 (cross2_Release.nss + 0x2c5cf0)
        ReturnAddress[02]:       0000002a59e1ba2c (nnSdk + 0x29da2c) (_ZN2nn4init5StartEmmPFvvES2_ + 0x4c)
        ReturnAddress[03]:       0000002a520000c0 (nnrtld + 0xc0)
    Stack Dump:                               00 01 02 03 04 05 06 07 08 09 0a 0b 0c 0d 0e 0f
                                 007dea476a80 a0 6a 47 ea 7d 00 00 00 c0 c1 92 55 01 00 00 00
                                 007dea476a90 d0 01 28 00 48 00 00 00 08 00 28 00 48 00 00 00
                                 007dea476aa0 c0 6a 47 ea 7d 00 00 00 08 c2 92 55 2a 00 00 00
                                 007dea476ab0 24 7f 00 00 00 00 00 00 d0 01 28 00 48 00 00 00
                                 007dea476ac0 e0 6a 47 ea 7d 00 00 00 c0 c1 92 55 2a 00 00 00
                                 007dea476ad0 c8 01 28 00 48 00 00 00 08 00 28 00 48 00 00 00
                                 007dea476ae0 20 6b 47 ea 7d 00 00 00 fc f8 92 55 2a 00 00 00
                                 007dea476af0 60 c8 33 57 2a 00 00 00 00 50 47 56 2a 00 00 00
                                 007dea476b00 01 00 00 00 00 00 00 00 40 e4 93 57 2a 00 00 00
                                 007dea476b10 60 9e 47 ea 7d 00 00 00 00 00 00 00 00 00 00 00
                                 007dea476b20 48 7d ef 56 48 00 00 00 3d 0a d7 a3 40 00 00 00
                                 007dea476b30 35 48 d0 b0 40 00 00 00 00 16 c3 8c 48 00 00 00
                                 007dea476b40 10 95 47 ea 7d 00 00 00 60 13 4f 2a 26 00 00 00
                                 007dea476b50 d8 6b 47 ea 7d 00 00 00 c8 01 28 00 48 00 00 00
                                 007dea476b60 30 e5 24 7f 48 00 00 00 08 00 28 00 48 00 00 00
                                 007dea476b70 b0 6b 47 ea 7d 00 00 00 24 f5 92 55 2a 00 00 00
    TLS Address:                 0000002fc05fe200
    TLS Dump:                                 00 01 02 03 04 05 06 07 08 09 0a 0b 0c 0d 0e 0f
                                 002fc05fe200 00 00 00 00 0c 00 00 00 00 00 00 00 00 00 00 00
                                 002fc05fe210 00 00 00 00 00 00 00 00 00 00 00 00 00 00 00 00
                                 002fc05fe220 53 46 43 4f 00 00 00 00 00 00 00 00 a1 ea ef 56
                                 002fc05fe230 00 00 00 00 00 00 00 00 01 00 00 00 00 00 00 00
                                 002fc05fe240 05 00 76 01 1e 00 10 c0 0b 00 00 00 00 00 00 00
                                 002fc05fe250 10 00 76 01 10 6a 47 ea 7d 00 10 00 00 00 00 00
                                 002fc05fe260 00 00 00 00 18 00 00 00 f0 6b 47 ea 7d 00 18 00
                                 002fc05fe270 02 0a 11 04 09 16 13 04 03 0d 07 00 00 04 0a 00
                                 002fc05fe280 08 04 0a 00 04 02 14 00 00 00 00 00 00 00 00 00
                                 002fc05fe290 00 00 00 00 00 00 00 00 00 00 00 00 00 00 00 00
                                 002fc05fe2a0 00 00 00 00 00 00 00 00 00 00 00 00 00 00 00 00
                                 002fc05fe2b0 00 00 00 00 00 00 00 00 00 00 00 00 00 00 00 00
                                 002fc05fe2c0 00 00 00 00 00 00 00 00 00 00 00 00 00 00 00 00
                                 002fc05fe2d0 00 00 00 00 00 00 00 00 00 00 00 00 00 00 00 00
                                 002fc05fe2e0 00 00 00 00 00 00 00 00 00 00 00 00 00 00 00 00
                                 002fc05fe2f0 00 00 00 00 00 00 00 00 00 00 00 00 00 00 00 00
Threads[01]:
    Thread ID:                   0000000000001c50
    Thread Name:                 NxSystemThread
    Stack Region:                0000007df4fb2000-0000007df4fb3000
    Registers:
        X[00]:                   0000007df4fb2b5c
        X[01]:                   0000007df4fb2d74
        X[02]:                   0000000000000001
        X[03]:                   ffffffffffffffff
        X[04]:                   ffffffffffffffff
        X[05]:                   0000000000000000
        X[06]:                   0000000000000000
        X[07]:                   0000000000000000
        X[08]:                   0000000000000000
        X[09]:                   0000000000000000
        X[10]:                   0000000000000000
        X[11]:                   0000000000000000
        X[12]:                   0000000000000000
        X[13]:                   0000000000000000
        X[14]:                   0000000000000000
        X[15]:                   0000000000000000
        X[16]:                   0000000000000000
        X[17]:                   0000000000000000
        X[18]:                   0000000000000000
        X[19]:                   0000000000000000
        X[20]:                   0000000000000000
        X[21]:                   0000000000000000
        X[22]:                   0000000000000000
        X[23]:                   0000000000000000
        X[24]:                   0000000000000000
        X[25]:                   0000000000000000
        X[26]:                   0000000000000000
        X[27]:                   0000000000000000
        X[28]:                   0000000000000000
        FP:                      0000007df4fb2b60
        LR:                      0000002a59eb6464 (nnSdk + 0x338464) (_ZN2nn2os6detail22MultiWaitImplByHorizon20WaitSynchronizationNEiPjil + 0x24)
        SP:                      0000007df4fb2b40
        PC:                      0000002a59f07900 (nnSdk + 0x389900)
    Stack Trace:
        ReturnAddress[00]:       0000002a59eb3c48 (nnSdk + 0x335c48) (_ZN2nn2os6detail13MultiWaitImpl19InternalWaitAnyImplEbNS_8TimeSpanE + 0x138)
        ReturnAddress[01]:       0000002a59eb3e78 (nnSdk + 0x335e78) (_ZN2nn2os6detail13MultiWaitImpl11WaitAnyImplEbNS_8TimeSpanE + 0xa8)
        ReturnAddress[02]:       0000002a59eb05f4 (nnSdk + 0x3325f4)
        ReturnAddress[03]:       0000002a59eb055c (nnSdk + 0x33255c)
        ReturnAddress[04]:       0000002a59eb054c (nnSdk + 0x33254c)
        ReturnAddress[05]:       0000002a59eb24b8 (nnSdk + 0x3344b8)
        ReturnAddress[06]:       0000002a59eb6984 (nnSdk + 0x338984)
        ReturnAddress[07]:       0000000000000000
    Stack Dump:                               00 01 02 03 04 05 06 07 08 09 0a 0b 0c 0d 0e 0f
                                 007df4fb2b40 5c 2b fb f4 7d 00 00 00 00 00 00 00 00 00 00 00
                                 007df4fb2b50 6c 0b 21 87 f3 4c ff 7f d0 81 84 5a 2a 00 00 00
                                 007df4fb2b60 d0 2e fb f4 7d 00 00 00 48 3c eb 59 2a 00 00 00
                                 007df4fb2b70 00 7c 84 5a 2a 00 00 00 00 00 00 00 00 00 00 00
                                 007df4fb2b80 00 00 00 00 00 00 00 00 00 00 00 00 00 00 00 00
                                 007df4fb2b90 00 00 00 00 00 00 00 00 00 00 00 00 00 00 00 00
                                 007df4fb2ba0 00 00 00 00 00 00 00 00 00 00 00 00 00 00 00 00
                                 007df4fb2bb0 00 00 00 00 00 00 00 00 00 00 00 00 00 00 00 00
                                 007df4fb2bc0 00 00 00 00 00 00 00 00 00 00 00 00 00 00 00 00
                                 007df4fb2bd0 00 00 00 00 00 00 00 00 00 00 00 00 00 00 00 00
                                 007df4fb2be0 00 00 00 00 00 00 00 00 00 00 00 00 00 00 00 00
                                 007df4fb2bf0 00 00 00 00 00 00 00 00 00 00 00 00 00 00 00 00
                                 007df4fb2c00 00 00 00 00 00 00 00 00 00 00 00 00 00 00 00 00
                                 007df4fb2c10 00 00 00 00 00 00 00 00 00 00 00 00 00 00 00 00
                                 007df4fb2c20 00 00 00 00 00 00 00 00 00 00 00 00 00 00 00 00
                                 007df4fb2c30 00 00 00 00 00 00 00 00 00 00 00 00 00 00 00 00
    TLS Address:                 0000002fc05fe400
    TLS Dump:                                 00 01 02 03 04 05 06 07 08 09 0a 0b 0c 0d 0e 0f
                                 002fc05fe400 00 00 00 00 00 00 00 00 00 00 00 00 00 00 00 00
                                 002fc05fe410 00 00 00 00 00 00 00 00 00 00 00 00 00 00 00 00
                                 002fc05fe420 00 00 00 00 00 00 00 00 00 00 00 00 00 00 00 00
                                 002fc05fe430 00 00 00 00 00 00 00 00 00 00 00 00 00 00 00 00
                                 002fc05fe440 00 00 00 00 00 00 00 00 00 00 00 00 00 00 00 00
                                 002fc05fe450 00 00 00 00 00 00 00 00 00 00 00 00 00 00 00 00
                                 002fc05fe460 00 00 00 00 00 00 00 00 00 00 00 00 00 00 00 00
                                 002fc05fe470 00 00 00 00 00 00 00 00 00 00 00 00 00 00 00 00
                                 002fc05fe480 00 00 00 00 00 00 00 00 00 00 00 00 00 00 00 00
                                 002fc05fe490 00 00 00 00 00 00 00 00 00 00 00 00 00 00 00 00
                                 002fc05fe4a0 00 00 00 00 00 00 00 00 00 00 00 00 00 00 00 00
                                 002fc05fe4b0 00 00 00 00 00 00 00 00 00 00 00 00 00 00 00 00
                                 002fc05fe4c0 00 00 00 00 00 00 00 00 00 00 00 00 00 00 00 00
                                 002fc05fe4d0 00 00 00 00 00 00 00 00 00 00 00 00 00 00 00 00
                                 002fc05fe4e0 00 00 00 00 00 00 00 00 00 00 00 00 00 00 00 00
                                 002fc05fe4f0 00 00 00 00 00 00 00 00 00 00 00 00 00 00 00 00
Threads[02]:
    Thread ID:                   0000000000001c51
    Thread Name:                 <UNKNOWN>
    Stack Region:                0000007dbb559000-0000007dbb599000
    Registers:
        X[00]:                   0000007dbb598ef8
        X[01]:                   0000007dbb598efc
        X[02]:                   0000000000000001
        X[03]:                   ffffffffffffffff
        X[04]:                   0000000000000000
        X[05]:                   0000000000000000
        X[06]:                   0000000000000000
        X[07]:                   0000000000000000
        X[08]:                   0000000000000000
        X[09]:                   0000000000000000
        X[10]:                   0000000000000000
        X[11]:                   0000000000000000
        X[12]:                   0000000000000000
        X[13]:                   0000000000000000
        X[14]:                   0000000000000000
        X[15]:                   0000000000000000
        X[16]:                   0000000000000000
        X[17]:                   0000000000000000
        X[18]:                   0000000000000000
        X[19]:                   0000000000000000
        X[20]:                   0000000000000000
        X[21]:                   0000000000000000
        X[22]:                   0000000000000000
        X[23]:                   0000000000000000
        X[24]:                   0000000000000000
        X[25]:                   0000000000000000
        X[26]:                   0000000000000000
        X[27]:                   0000000000000000
        X[28]:                   0000000000000000
        FP:                      0000007dbb598f10
        LR:                      0000002a59eb7498 (nnSdk + 0x339498) (_ZN2nn2os6detail30InterProcessEventImplByHorizon4WaitEjb + 0x88)
        SP:                      0000007dbb598ee0
        PC:                      0000002a59f07900 (nnSdk + 0x389900)
    Stack Trace:
        ReturnAddress[00]:       0000002a5575898c (cross2_Release.nss + 0x375498c)
        ReturnAddress[01]:       0000002a59eb24b8 (nnSdk + 0x3344b8)
        ReturnAddress[02]:       0000002a59eb6984 (nnSdk + 0x338984)
        ReturnAddress[03]:       0000000000000000
    Stack Dump:                               00 01 02 03 04 05 06 07 08 09 0a 0b 0c 0d 0e 0f
                                 007dbb598ee0 f8 8e 59 bb 7d 00 00 00 28 8f 59 bb 7d 00 00 00
                                 007dbb598ef0 10 8f 59 bb 7d 00 00 00 bc a7 ea 59 f7 01 05 00
                                 007dbb598f00 06 00 00 00 00 00 00 00 f0 e4 93 57 2a 00 00 00
                                 007dbb598f10 80 8f 59 bb 7d 00 00 00 8c 89 75 55 2a 00 00 00
                                 007dbb598f20 00 00 00 00 00 00 00 00 0f 00 00 00 02 00 00 00
                                 007dbb598f30 00 00 00 00 00 00 00 00 00 00 00 00 00 00 00 00
                                 007dbb598f40 00 00 00 00 00 00 00 00 00 00 00 00 00 00 00 00
                                 007dbb598f50 00 00 00 00 00 00 00 00 00 00 00 00 00 00 00 00
                                 007dbb598f60 00 00 00 00 00 00 00 00 bc 09 95 00 48 00 00 00
                                 007dbb598f70 b8 09 95 00 48 00 00 00 10 08 95 00 48 00 00 00
                                 007dbb598f80 b0 8f 59 bb 7d 00 00 00 b8 24 eb 59 2a 00 00 00
                                 007dbb598f90 00 00 00 00 00 00 00 00 00 00 00 00 00 00 00 00
                                 007dbb598fa0 00 00 00 00 00 00 00 00 10 08 95 00 48 00 00 00
                                 007dbb598fb0 d0 8f 59 bb 7d 00 00 00 84 69 eb 59 2a 00 00 00
                                 007dbb598fc0 00 00 00 00 00 00 00 00 00 00 00 00 00 00 00 00
                                 007dbb598fd0 00 00 00 00 00 00 00 00 00 00 00 00 00 00 00 00
    TLS Address:                 0000002fc05fe600
    TLS Dump:                                 00 01 02 03 04 05 06 07 08 09 0a 0b 0c 0d 0e 0f
                                 002fc05fe600 00 00 00 00 0d 00 00 00 00 00 00 00 00 00 00 00
                                 002fc05fe610 00 00 00 00 00 00 00 00 00 00 00 00 00 00 00 00
                                 002fc05fe620 53 46 43 4f 00 00 00 00 00 00 00 00 77 7d f2 32
                                 002fc05fe630 01 00 00 00 00 00 00 00 00 00 00 00 00 00 00 00
                                 002fc05fe640 00 00 00 00 00 00 00 00 00 00 00 00 00 00 00 00
                                 002fc05fe650 00 00 00 00 00 00 00 00 00 00 00 00 00 00 00 00
                                 002fc05fe660 00 00 00 00 00 00 00 00 00 00 00 00 00 00 00 00
                                 002fc05fe670 00 00 00 00 00 00 00 00 00 00 00 00 00 00 00 00
                                 002fc05fe680 00 00 00 00 00 00 00 00 00 00 00 00 00 00 00 00
                                 002fc05fe690 00 00 00 00 00 00 00 00 00 00 00 00 00 00 00 00
                                 002fc05fe6a0 00 00 00 00 00 00 00 00 00 00 00 00 00 00 00 00
                                 002fc05fe6b0 00 00 00 00 00 00 00 00 00 00 00 00 00 00 00 00
                                 002fc05fe6c0 00 00 00 00 00 00 00 00 00 00 00 00 00 00 00 00
                                 002fc05fe6d0 00 00 00 00 00 00 00 00 00 00 00 00 00 00 00 00
                                 002fc05fe6e0 00 00 00 00 00 00 00 00 00 00 00 00 00 00 00 00
                                 002fc05fe6f0 00 00 00 00 00 00 00 00 00 00 00 00 00 00 00 00
Threads[03]:
    Thread ID:                   0000000000001c52
    Thread Name:                 Thread_0x0000002A59B6BDAC
    Stack Region:                0000007db2ded000-0000007db2dfd000
    Registers:
        X[00]:                   0000004800950a40
        X[01]:                   0000004800950a48
        X[02]:                   00000000000d01ec
        X[03]:                   00000000009893da
        X[04]:                   0000000000000000
        X[05]:                   0000000000000000
        X[06]:                   0000000000000000
        X[07]:                   0000000000000000
        X[08]:                   0000000000000000
        X[09]:                   0000000000000000
        X[10]:                   0000000000000000
        X[11]:                   0000000000000000
        X[12]:                   0000000000000000
        X[13]:                   0000000000000000
        X[14]:                   0000000000000000
        X[15]:                   0000000000000000
        X[16]:                   0000000000000000
        X[17]:                   0000000000000000
        X[18]:                   0000000000000000
        X[19]:                   0000000000000000
        X[20]:                   0000000000000000
        X[21]:                   0000000000000000
        X[22]:                   0000000000000000
        X[23]:                   0000000000000000
        X[24]:                   0000000000000000
        X[25]:                   0000000000000000
        X[26]:                   0000000000000000
        X[27]:                   0000000000000000
        X[28]:                   0000000000000000
        FP:                      0000007db2dfceb0
        LR:                      0000002a59eb7a54 (nnSdk + 0x339a54) (_ZN2nn2os6detail38InternalConditionVariableImplByHorizon9TimedWaitEPNS1_23InternalCriticalSectionERKNS1_13TimeoutHelperE + 0x64)
        SP:                      0000007db2dfce80
        PC:                      0000002a59f0792c (nnSdk + 0x38992c)
    Stack Trace:
        ReturnAddress[00]:       0000002a59eae550 (nnSdk + 0x330550) (_ZN2nn2os24TimedReceiveMessageQueueEPmPNS0_16MessageQueueTypeENS_8TimeSpanE + 0x100)
        ReturnAddress[01]:       0000002a59b6c044 (Skyline + 0xc044)
        ReturnAddress[02]:       0000002a59eb6984 (nnSdk + 0x338984)
        ReturnAddress[03]:       0000000000000000
    Stack Dump:                               00 01 02 03 04 05 06 07 08 09 0a 0b 0c 0d 0e 0f
                                 007db2dfce80 00 00 00 00 00 00 00 00 00 00 00 00 00 00 00 00
                                 007db2dfce90 48 0a 95 00 48 00 00 00 50 cf df b2 7d 00 00 00
                                 007db2dfcea0 40 0a 95 00 48 00 00 00 08 0a 95 00 48 00 00 00
                                 007db2dfceb0 f0 ce df b2 7d 00 00 00 50 e5 ea 59 2a 00 00 00
                                 007db2dfcec0 30 1c 28 00 48 00 00 00 6e 57 db c3 79 03 00 00
                                 007db2dfced0 00 00 00 00 00 00 00 00 fc 0b 95 00 48 00 00 00
                                 007db2dfcee0 f8 0b 95 00 48 00 00 00 00 0a 95 00 48 00 00 00
                                 007db2dfcef0 b0 cf df b2 7d 00 00 00 44 c0 b6 59 2a 00 00 00
                                 007db2dfcf00 04 bf b6 59 2a 00 00 00 c8 1d 28 00 48 00 00 00
                                 007db2dfcf10 08 1c 28 00 48 00 00 00 80 96 98 00 00 00 00 00
                                 007db2dfcf20 50 cf df b2 7d 00 00 00 00 0a 95 00 48 00 00 00
                                 007db2dfcf30 c4 bd b6 59 2a 00 00 00 50 0a 95 00 48 00 00 00
                                 007db2dfcf40 00 00 00 00 00 00 00 00 00 0a 95 00 48 00 00 00
                                 007db2dfcf50 80 0a 72 00 48 00 00 00 00 00 2f 00 48 00 00 00
                                 007db2dfcf60 b8 24 eb 59 2a 00 00 00 00 00 00 00 00 00 00 00
                                 007db2dfcf70 f8 0b 95 00 48 00 00 00 00 0a 95 00 48 00 00 00
    TLS Address:                 0000002fc05fe800
    TLS Dump:                                 00 01 02 03 04 05 06 07 08 09 0a 0b 0c 0d 0e 0f
                                 002fc05fe800 00 00 00 00 0c 00 00 00 00 00 00 00 00 00 00 00
                                 002fc05fe810 00 00 00 00 00 00 00 00 00 00 00 00 00 00 00 00
                                 002fc05fe820 53 46 43 4f 00 00 00 00 02 02 00 00 e7 59 ea d4
                                 002fc05fe830 00 00 00 00 00 00 00 00 00 00 00 00 00 00 00 00
                                 002fc05fe840 00 00 00 00 00 00 00 00 36 00 00 00 00 00 00 00
                                 002fc05fe850 20 00 00 00 00 00 00 00 01 00 00 00 00 00 00 00
                                 002fc05fe860 00 00 00 00 00 00 00 00 00 00 00 00 00 00 00 00
                                 002fc05fe870 00 00 00 00 00 00 00 00 00 00 00 00 00 00 00 00
                                 002fc05fe880 00 00 00 00 00 00 00 00 00 00 00 00 00 00 00 00
                                 002fc05fe890 00 00 00 00 00 00 00 00 00 00 00 00 00 00 00 00
                                 002fc05fe8a0 00 00 00 00 00 00 00 00 00 00 00 00 00 00 00 00
                                 002fc05fe8b0 00 00 00 00 00 00 00 00 00 00 00 00 00 00 00 00
                                 002fc05fe8c0 00 00 00 00 00 00 00 00 00 00 00 00 00 00 00 00
                                 002fc05fe8d0 00 00 00 00 00 00 00 00 00 00 00 00 00 00 00 00
                                 002fc05fe8e0 00 00 00 00 00 00 00 00 00 00 00 00 00 00 00 00
                                 002fc05fe8f0 00 00 00 00 00 00 00 00 00 00 00 00 00 00 00 00
Threads[04]:
    Thread ID:                   0000000000001c53
    Thread Name:                 Thread_0x0000002A59B665D8
    Stack Region:                0000007deadd4000-0000007deadd7000
    Registers:
        X[00]:                   00000000001501dc
        X[01]:                   0000002fc05fea00
        X[02]:                   00000000001501dc
        X[03]:                   0000007deadd6e60
        X[04]:                   0000000000001000
        X[05]:                   0000000000000013
        X[06]:                   0000002fc05fea00
        X[07]:                   0000000000000001
        X[08]:                   0000000000000000
        X[09]:                   0000000000000000
        X[10]:                   0000000000000000
        X[11]:                   0000000000000000
        X[12]:                   0000000000000000
        X[13]:                   0000000000000000
        X[14]:                   0000000000000000
        X[15]:                   0000000000000000
        X[16]:                   0000000000000000
        X[17]:                   0000000000000000
        X[18]:                   0000000000000000
        X[19]:                   0000000000000000
        X[20]:                   0000000000000000
        X[21]:                   0000000000000000
        X[22]:                   0000000000000000
        X[23]:                   0000000000000000
        X[24]:                   0000000000000000
        X[25]:                   0000000000000000
        X[26]:                   0000000000000000
        X[27]:                   0000000000000000
        X[28]:                   0000000000000000
        FP:                      0000007deadd6dd0
        LR:                      0000002a59ee5684 (nnSdk + 0x367684) (_ZN2nn2sf4hipc15SendSyncRequestENS_3svc6HandleEPvm + 0x34)
        SP:                      0000007deadd6dd0
        PC:                      0000002a59f07954 (nnSdk + 0x389954)
    Stack Trace:
        ReturnAddress[00]:       0000002a59ef9e80 (nnSdk + 0x37be80) (_ZN2nn2sf4cmif6client34CmifDomainProxyClientCoreProcessorINS0_4hipc6client38Hipc2ClientSessionManagedProxyKindBaseINS5_18Hipc2P + 0x150)
        ReturnAddress[01]:       0000002a59ef8304 (nnSdk + 0x37a304)
        ReturnAddress[02]:       0000002a59eefa24 (nnSdk + 0x371a24) (_ZN2nn6socket6detail6AcceptEiP8sockaddrPj + 0xa4)
        ReturnAddress[03]:       0000002a59b666bc (Skyline + 0x66bc)
        ReturnAddress[04]:       0000002a59eb6984 (nnSdk + 0x338984)
        ReturnAddress[05]:       0000000000000000
    Stack Dump:                               00 01 02 03 04 05 06 07 08 09 0a 0b 0c 0d 0e 0f
                                 007deadd6dd0 e0 6e dd ea 7d 00 00 00 80 9e ef 59 2a 00 00 00
                                 007deadd6de0 00 00 00 00 00 00 00 00 20 6f dd ea 7d 00 00 00
                                 007deadd6df0 1c 6f dd ea 7d 00 00 00 01 00 00 00 00 00 00 01
                                 007deadd6e00 0e 0c 00 00 00 00 00 00 00 00 00 00 00 00 00 00
                                 007deadd6e10 00 00 00 00 00 00 00 00 00 00 00 00 02 00 00 00
                                 007deadd6e20 00 00 00 00 05 00 00 00 13 00 00 00 15 00 00 00
                                 007deadd6e30 00 00 00 00 00 00 00 00 00 00 00 00 00 00 00 00
                                 007deadd6e40 00 00 00 00 00 00 00 00 00 00 00 00 00 00 00 00
                                 007deadd6e50 00 00 00 00 00 00 00 00 00 00 00 00 00 00 00 00
                                 007deadd6e60 22 00 00 00 00 00 00 00 70 6f dd ea 7d 00 00 00
                                 007deadd6e70 00 00 00 00 00 00 00 00 f8 6d dd ea 7d 00 00 00
                                 007deadd6e80 00 ea 5f c0 2f 00 00 00 00 00 00 00 00 00 00 00
                                 007deadd6e90 00 00 00 00 00 00 00 00 00 00 00 00 00 00 00 00
                                 007deadd6ea0 00 00 00 00 00 00 00 00 00 00 00 00 00 00 00 00
                                 007deadd6eb0 00 00 00 00 00 00 00 00 00 00 00 00 00 00 00 00
                                 007deadd6ec0 00 00 00 00 00 00 00 00 ac 01 d5 00 48 00 00 00
    TLS Address:                 0000002fc05fea00
    TLS Dump:                                 00 01 02 03 04 05 06 07 08 09 0a 0b 0c 0d 0e 0f
                                 002fc05fea00 06 00 00 01 0e 0c 00 00 00 00 00 00 00 00 00 00
                                 002fc05fea10 00 00 00 00 00 00 00 00 00 00 00 00 00 00 00 00
                                 002fc05fea20 01 00 14 00 01 00 00 00 00 00 00 00 00 00 00 00
                                 002fc05fea30 53 46 43 49 01 00 00 00 0c 00 00 00 00 00 00 00
                                 002fc05fea40 00 00 00 00 ff ff 00 00 00 00 00 00 70 6f dd ea
                                 002fc05fea50 7d 00 00 00 00 00 00 00 00 00 00 00 00 00 00 00
                                 002fc05fea60 00 00 00 00 00 00 00 00 00 00 00 00 00 00 00 00
                                 002fc05fea70 00 00 00 00 00 00 00 00 00 00 00 00 00 00 00 00
                                 002fc05fea80 00 00 00 00 00 00 00 00 00 00 00 00 00 00 00 00
                                 002fc05fea90 00 00 00 00 00 00 00 00 00 00 00 00 00 00 00 00
                                 002fc05feaa0 00 00 00 00 00 00 00 00 00 00 00 00 00 00 00 00
                                 002fc05feab0 00 00 00 00 00 00 00 00 00 00 00 00 00 00 00 00
                                 002fc05feac0 00 00 00 00 00 00 00 00 00 00 00 00 00 00 00 00
                                 002fc05fead0 00 00 00 00 00 00 00 00 00 00 00 00 00 00 00 00
                                 002fc05feae0 00 00 00 00 00 00 00 00 00 00 00 00 00 00 00 00
                                 002fc05feaf0 00 00 00 00 00 00 00 00 00 00 00 00 00 00 00 00
Threads[05]:
    Thread ID:                   0000000000001c54
    Thread Name:                 Thread_0x0000002A59B64E5C
    Stack Region:                0000007dca1b3000-0000007dca1b6000
    Registers:
        X[00]:                   0000000005f5e100
        X[01]:                   0000000000000000
        X[02]:                   0000000000000000
        X[03]:                   0000000000000000
        X[04]:                   0000000000000000
        X[05]:                   0000000000000000
        X[06]:                   0000000000000000
        X[07]:                   0000000000000000
        X[08]:                   0000000000000000
        X[09]:                   0000000000000000
        X[10]:                   0000000000000000
        X[11]:                   0000000000000000
        X[12]:                   0000000000000000
        X[13]:                   0000000000000000
        X[14]:                   0000000000000000
        X[15]:                   0000000000000000
        X[16]:                   0000000000000000
        X[17]:                   0000000000000000
        X[18]:                   0000000000000000
        X[19]:                   0000000000000000
        X[20]:                   0000000000000000
        X[21]:                   0000000000000000
        X[22]:                   0000000000000000
        X[23]:                   0000000000000000
        X[24]:                   0000000000000000
        X[25]:                   0000000000000000
        X[26]:                   0000000000000000
        X[27]:                   0000000000000000
        X[28]:                   0000000000000000
        FP:                      0000007dca1b5fb0
        LR:                      0000002a59b64ee4 (Skyline + 0x4ee4)
        SP:                      0000007dca1b5f40
        PC:                      0000002a59f0785c (nnSdk + 0x38985c)
    Stack Trace:
        ReturnAddress[00]:       0000002a59eb6984 (nnSdk + 0x338984)
        ReturnAddress[01]:       0000000000000000
    Stack Dump:                               00 01 02 03 04 05 06 07 08 09 0a 0b 0c 0d 0e 0f
                                 007dca1b5f00 b0 5f 1b ca 7d 00 00 00 50 00 2f 00 48 00 00 00
                                 007dca1b5f10 d0 4e b6 59 2a 00 00 00 00 00 72 00 48 00 00 00
                                 007dca1b5f20 00 00 00 00 00 00 00 00 00 e1 f5 05 00 00 00 00
                                 007dca1b5f30 b0 5f 1b ca 7d 00 00 00 00 e1 f5 05 00 00 00 00
                                 007dca1b5f40 b8 24 eb 59 2a 00 00 00 c0 01 d5 00 48 00 00 00
                                 007dca1b5f50 00 00 00 00 00 00 00 00 00 00 72 00 48 00 00 00
                                 007dca1b5f60 00 00 00 00 00 00 00 00 78 5f 1b ca 7d 00 00 00
                                 007dca1b5f70 09 00 00 00 00 00 00 00 54 63 70 4c 6f 67 67 65
                                 007dca1b5f80 72 00 1b ca 7d 00 00 00 00 00 72 00 48 00 00 00
                                 007dca1b5f90 00 00 00 00 00 00 00 00 00 00 00 00 00 00 00 00
                                 007dca1b5fa0 00 00 00 00 00 00 00 00 c0 01 d5 00 48 00 00 00
                                 007dca1b5fb0 d0 5f 1b ca 7d 00 00 00 84 69 eb 59 2a 00 00 00
                                 007dca1b5fc0 00 00 00 00 00 00 00 00 00 00 00 00 00 00 00 00
                                 007dca1b5fd0 00 00 00 00 00 00 00 00 00 00 00 00 00 00 00 00
                                 007dca1b5fe0 50 24 eb 59 2a 00 00 00 00 00 00 00 00 00 00 00
                                 007dca1b5ff0 00 00 00 00 00 00 00 00 00 00 00 00 00 00 00 00
    TLS Address:                 0000002fc05fec00
    TLS Dump:                                 00 01 02 03 04 05 06 07 08 09 0a 0b 0c 0d 0e 0f
                                 002fc05fec00 00 00 00 00 0e 08 e0 03 00 00 00 00 00 00 00 00
                                 002fc05fec10 00 00 00 00 00 00 00 00 00 00 00 00 00 00 00 00
                                 002fc05fec20 53 46 43 4f 00 00 00 00 00 00 00 00 91 ab e3 ac
                                 002fc05fec30 ff ff ff ff 6b 00 00 00 00 00 00 00 00 00 00 00
                                 002fc05fec40 00 00 00 00 00 00 00 00 00 00 00 00 00 00 00 00
                                 002fc05fec50 00 00 00 00 00 00 00 00 00 00 00 00 00 00 00 00
                                 002fc05fec60 00 00 00 00 00 00 00 00 00 00 00 00 00 00 00 00
                                 002fc05fec70 00 00 00 00 00 00 00 00 00 00 00 00 00 00 00 00
                                 002fc05fec80 00 00 00 00 00 00 00 00 00 00 00 00 00 00 00 00
                                 002fc05fec90 00 00 00 00 00 00 00 00 00 00 00 00 00 00 00 00
                                 002fc05feca0 00 00 00 00 00 00 00 00 00 00 00 00 00 00 00 00
                                 002fc05fecb0 00 00 00 00 00 00 00 00 00 00 00 00 00 00 00 00
                                 002fc05fecc0 00 00 00 00 00 00 00 00 00 00 00 00 00 00 00 00
                                 002fc05fecd0 00 00 00 00 00 00 00 00 00 00 00 00 00 00 00 00
                                 002fc05fece0 00 00 00 00 00 00 00 00 00 00 00 00 00 00 00 00
                                 002fc05fecf0 00 00 00 00 00 00 00 00 00 00 00 00 00 00 00 00
Threads[06]:
    Thread ID:                   0000000000001c59
    Thread Name:                 Thread_0x0000002A5A097670
    Stack Region:                0000007dea550000-0000007dea750000
    Registers:
        X[00]:                   0000000001312d00
        X[01]:                   0000000001312d00
        X[02]:                   0000000000000004
        X[03]:                   0000000000000000
        X[04]:                   0000000000000000
        X[05]:                   0000000000000000
        X[06]:                   0000000000000000
        X[07]:                   0000000000000000
        X[08]:                   0000000000000000
        X[09]:                   0000000000000000
        X[10]:                   0000000000000000
        X[11]:                   0000000000000000
        X[12]:                   0000000000000000
        X[13]:                   0000000000000000
        X[14]:                   0000000000000000
        X[15]:                   0000000000000000
        X[16]:                   0000000000000000
        X[17]:                   0000000000000000
        X[18]:                   0000000000000000
        X[19]:                   0000000000000000
        X[20]:                   0000000000000000
        X[21]:                   0000000000000000
        X[22]:                   0000000000000000
        X[23]:                   0000000000000000
        X[24]:                   0000000000000000
        X[25]:                   0000000000000000
        X[26]:                   0000000000000000
        X[27]:                   0000000000000000
        X[28]:                   0000000000000000
        FP:                      0000007dea74fe90
        LR:                      0000000eb6995a68 (arcropolis + 0x25a68)
        SP:                      0000007dea74fe90
        PC:                      0000002a59f0785c (nnSdk + 0x38985c)
    Stack Trace:
        ReturnAddress[00]:       0000000eb6b88098
        ReturnAddress[01]:       0000000000000008
    Stack Dump:                               00 01 02 03 04 05 06 07 08 09 0a 0b 0c 0d 0e 0f
                                 007dea74fe90 a0 80 b8 b6 0e 00 00 00 98 80 b8 b6 0e 00 00 00
                                 007dea74fea0 04 00 00 00 00 00 00 00 04 00 00 00 00 00 00 00
                                 007dea74feb0 00 00 00 00 00 00 00 00 04 00 00 00 00 00 00 00
                                 007dea74fec0 80 ff 74 ea 7d 00 00 00 74 3f 9e b6 0e 00 00 00
                                 007dea74fed0 00 00 00 00 00 00 00 00 00 00 00 00 00 00 00 00
                                 007dea74fee0 00 00 00 00 00 00 00 00 00 00 00 00 00 00 00 00
                                 007dea74fef0 00 00 00 00 00 00 00 00 00 00 00 00 00 00 00 00
                                 007dea74ff00 00 00 00 00 00 00 00 00 30 94 b8 b6 0e 00 00 00
                                 007dea74ff10 e0 00 87 02 48 00 00 00 80 00 dd 00 48 00 00 00
                                 007dea74ff20 00 00 00 00 00 00 00 00 00 00 00 00 00 00 00 00
                                 007dea74ff30 0c 4f ab b6 0e 00 00 00 00 00 00 00 00 00 00 00
                                 007dea74ff40 80 00 dd 00 48 00 00 00 20 00 6c 02 48 00 00 00
                                 007dea74ff50 d0 76 09 5a 2a 00 00 00 ac d1 aa 04 48 00 00 00
                                 007dea74ff60 78 1e 7a 5a 2a 00 00 00 c0 d1 aa 04 48 00 00 00
                                 007dea74ff70 a8 d1 aa 04 48 00 00 00 00 d0 aa 04 48 00 00 00
                                 007dea74ff80 b0 ff 74 ea 7d 00 00 00 b8 24 eb 59 2a 00 00 00
    TLS Address:                 00000032ef3b3000
    TLS Dump:                                 00 01 02 03 04 05 06 07 08 09 0a 0b 0c 0d 0e 0f
                                 0032ef3b3000 00 00 00 00 00 00 00 00 00 00 00 00 00 00 00 00
                                 0032ef3b3010 00 00 00 00 00 00 00 00 00 00 00 00 00 00 00 00
                                 0032ef3b3020 00 00 00 00 00 00 00 00 00 00 00 00 00 00 00 00
                                 0032ef3b3030 00 00 00 00 00 00 00 00 00 00 00 00 00 00 00 00
                                 0032ef3b3040 00 00 00 00 00 00 00 00 00 00 00 00 00 00 00 00
                                 0032ef3b3050 00 00 00 00 00 00 00 00 00 00 00 00 00 00 00 00
                                 0032ef3b3060 00 00 00 00 00 00 00 00 00 00 00 00 00 00 00 00
                                 0032ef3b3070 00 00 00 00 00 00 00 00 00 00 00 00 00 00 00 00
                                 0032ef3b3080 00 00 00 00 00 00 00 00 00 00 00 00 00 00 00 00
                                 0032ef3b3090 00 00 00 00 00 00 00 00 00 00 00 00 00 00 00 00
                                 0032ef3b30a0 00 00 00 00 00 00 00 00 00 00 00 00 00 00 00 00
                                 0032ef3b30b0 00 00 00 00 00 00 00 00 00 00 00 00 00 00 00 00
                                 0032ef3b30c0 00 00 00 00 00 00 00 00 00 00 00 00 00 00 00 00
                                 0032ef3b30d0 00 00 00 00 00 00 00 00 00 00 00 00 00 00 00 00
                                 0032ef3b30e0 00 00 00 00 00 00 00 00 00 00 00 00 00 00 00 00
                                 0032ef3b30f0 00 00 00 00 00 00 00 00 00 00 00 00 00 00 00 00
Threads[07]:
    Thread ID:                   0000000000001c5a
    Thread Name:                 Thread_0x0000002A5A097670
    Stack Region:                0000007dc2784000-0000007dc2798000
    Registers:
        X[00]:                   0000004802840048
        X[01]:                   0000004802840014
        X[02]:                   00000000001b81d1
        X[03]:                   ffffffffffffffff
        X[04]:                   0000000000000000
        X[05]:                   0000000000000000
        X[06]:                   0000000000000000
        X[07]:                   0000000000000000
        X[08]:                   0000000000000000
        X[09]:                   0000000000000000
        X[10]:                   0000000000000000
        X[11]:                   0000000000000000
        X[12]:                   0000000000000000
        X[13]:                   0000000000000000
        X[14]:                   0000000000000000
        X[15]:                   0000000000000000
        X[16]:                   0000000000000000
        X[17]:                   0000000000000000
        X[18]:                   0000000000000000
        X[19]:                   0000000000000000
        X[20]:                   0000000000000000
        X[21]:                   0000000000000000
        X[22]:                   0000000000000000
        X[23]:                   0000000000000000
        X[24]:                   0000000000000000
        X[25]:                   0000000000000000
        X[26]:                   0000000000000000
        X[27]:                   0000000000000000
        X[28]:                   0000000000000000
        FP:                      0000007dc2797ed0
        LR:                      0000002a59eb7998 (nnSdk + 0x339998) (_ZN2nn2os6detail38InternalConditionVariableImplByHorizon4WaitEPNS1_23InternalCriticalSectionE + 0x48)
        SP:                      0000007dc2797eb0
        PC:                      0000002a59f0792c (nnSdk + 0x38992c)
    Stack Trace:
        ReturnAddress[00]:       0000002a59eac464 (nnSdk + 0x32e464) (_ZN2nn2os21WaitConditionVariableEPNS0_21ConditionVariableTypeEPNS0_9MutexTypeE + 0x44)
        ReturnAddress[01]:       0000002a5a097ebc (nnSdk + 0x519ebc) (__nnmusl_WaitConditionVariable + 0xc)
        ReturnAddress[02]:       0000002a5a098404 (nnSdk + 0x51a404) (__nx_pthread_detached_worker_start + 0x5c)
        ReturnAddress[03]:       0000002a5a0976d0 (nnSdk + 0x5196d0)
        ReturnAddress[04]:       0000002a59eb24b8 (nnSdk + 0x3344b8)
        ReturnAddress[05]:       0000002a59eb6984 (nnSdk + 0x338984)
        ReturnAddress[06]:       0000000000000000
    Stack Dump:                               00 01 02 03 04 05 06 07 08 09 0a 0b 0c 0d 0e 0f
                                 007dc2797eb0 00 00 84 02 48 00 00 00 00 00 00 00 00 00 00 00
                                 007dc2797ec0 50 00 84 02 48 00 00 00 30 00 84 02 48 00 00 00
                                 007dc2797ed0 f0 7e 79 c2 7d 00 00 00 64 c4 ea 59 2a 00 00 00
                                 007dc2797ee0 30 00 84 02 48 00 00 00 30 00 84 02 48 00 00 00
                                 007dc2797ef0 00 7f 79 c2 7d 00 00 00 bc 7e 09 5a 2a 00 00 00
                                 007dc2797f00 60 7f 79 c2 7d 00 00 00 04 84 09 5a 2a 00 00 00
                                 007dc2797f10 00 00 00 00 00 00 00 00 00 00 00 00 00 00 00 00
                                 007dc2797f20 00 00 00 00 00 00 00 00 00 00 00 00 00 00 00 00
                                 007dc2797f30 00 00 00 00 00 00 00 00 00 00 00 00 00 00 00 00
                                 007dc2797f40 00 00 00 00 00 00 00 00 ac c1 02 02 48 00 00 00
                                 007dc2797f50 78 1e 7a 5a 2a 00 00 00 c0 c1 02 02 48 00 00 00
                                 007dc2797f60 80 7f 79 c2 7d 00 00 00 d0 76 09 5a 2a 00 00 00
                                 007dc2797f70 a8 c1 02 02 48 00 00 00 00 c0 02 02 48 00 00 00
                                 007dc2797f80 b0 7f 79 c2 7d 00 00 00 b8 24 eb 59 2a 00 00 00
                                 007dc2797f90 00 00 00 00 00 00 00 00 00 00 00 00 00 00 00 00
                                 007dc2797fa0 00 00 00 00 00 00 00 00 00 c0 02 02 48 00 00 00
    TLS Address:                 00000032ef3b3200
    TLS Dump:                                 00 01 02 03 04 05 06 07 08 09 0a 0b 0c 0d 0e 0f
                                 0032ef3b3200 00 00 00 00 00 00 00 00 00 00 00 00 00 00 00 00
                                 0032ef3b3210 00 00 00 00 00 00 00 00 00 00 00 00 00 00 00 00
                                 0032ef3b3220 00 00 00 00 00 00 00 00 00 00 00 00 00 00 00 00
                                 0032ef3b3230 00 00 00 00 00 00 00 00 00 00 00 00 00 00 00 00
                                 0032ef3b3240 00 00 00 00 00 00 00 00 00 00 00 00 00 00 00 00
                                 0032ef3b3250 00 00 00 00 00 00 00 00 00 00 00 00 00 00 00 00
                                 0032ef3b3260 00 00 00 00 00 00 00 00 00 00 00 00 00 00 00 00
                                 0032ef3b3270 00 00 00 00 00 00 00 00 00 00 00 00 00 00 00 00
                                 0032ef3b3280 00 00 00 00 00 00 00 00 00 00 00 00 00 00 00 00
                                 0032ef3b3290 00 00 00 00 00 00 00 00 00 00 00 00 00 00 00 00
                                 0032ef3b32a0 00 00 00 00 00 00 00 00 00 00 00 00 00 00 00 00
                                 0032ef3b32b0 00 00 00 00 00 00 00 00 00 00 00 00 00 00 00 00
                                 0032ef3b32c0 00 00 00 00 00 00 00 00 00 00 00 00 00 00 00 00
                                 0032ef3b32d0 00 00 00 00 00 00 00 00 00 00 00 00 00 00 00 00
                                 0032ef3b32e0 00 00 00 00 00 00 00 00 00 00 00 00 00 00 00 00
                                 0032ef3b32f0 00 00 00 00 00 00 00 00 00 00 00 00 00 00 00 00
Threads[08]:
    Thread ID:                   0000000000001c68
    Thread Name:                 Thread_0x0000002A5A097670
    Stack Region:                0000007dfd046000-0000007dfd246000
    Registers:
        X[00]:                   00000002540be400
        X[01]:                   0000000000000000
        X[02]:                   0000000000000000
        X[03]:                   0000000000000000
        X[04]:                   0000000000000000
        X[05]:                   0000000000000000
        X[06]:                   0000000000000000
        X[07]:                   0000000000000000
        X[08]:                   0000000000000000
        X[09]:                   0000000000000000
        X[10]:                   0000000000000000
        X[11]:                   0000000000000000
        X[12]:                   0000000000000000
        X[13]:                   0000000000000000
        X[14]:                   0000000000000000
        X[15]:                   0000000000000000
        X[16]:                   0000000000000000
        X[17]:                   0000000000000000
        X[18]:                   0000000000000000
        X[19]:                   0000000000000000
        X[20]:                   0000000000000000
        X[21]:                   0000000000000000
        X[22]:                   0000000000000000
        X[23]:                   0000000000000000
        X[24]:                   0000000000000000
        X[25]:                   0000000000000000
        X[26]:                   0000000000000000
        X[27]:                   0000000000000000
        X[28]:                   0000000000000000
        FP:                      000000483f05ae90
        LR:                      00000038928f5104 (training_modpack + 0x13e104)
        SP:                      0000007dfd245850
        PC:                      0000002a59f0785c (nnSdk + 0x38985c)
    Stack Trace:
        ReturnAddress[00]:       000000483fb05e60
    Stack Dump:                               00 01 02 03 04 05 06 07 08 09 0a 0b 0c 0d 0e 0f
                                 007dfd245850 00 00 00 00 00 00 00 00 92 5d 24 fd 7d 00 00 00
                                 007dfd245860 02 00 00 00 00 00 00 00 00 00 00 00 00 00 00 00
                                 007dfd245870 a5 5d 24 fd 7d 00 00 00 80 5d b0 3f 48 00 00 00
                                 007dfd245880 00 00 00 00 00 00 00 00 00 00 00 00 00 00 00 80
                                 007dfd245890 00 00 00 00 00 00 00 00 b0 59 24 fd 7d 00 00 00
                                 007dfd2458a0 80 59 24 fd 7d 00 00 00 93 5d 24 fd 7d 00 00 00
                                 007dfd2458b0 b0 00 6c 02 48 00 00 00 0a 00 00 00 00 00 00 00
                                 007dfd2458c0 20 00 00 00 00 00 00 00 40 01 dd 00 48 00 00 00
                                 007dfd2458d0 20 00 00 00 00 00 00 00 20 00 00 00 00 00 00 00
                                 007dfd2458e0 00 01 dd 00 48 00 00 00 20 00 00 00 00 00 00 00
                                 007dfd2458f0 40 00 00 00 00 00 00 00 c0 06 dc 00 48 00 00 00
                                 007dfd245900 40 00 00 00 00 00 00 00 00 00 00 00 00 00 00 00
                                 007dfd245910 01 00 00 00 00 00 00 00 00 00 00 00 00 00 00 00
                                 007dfd245920 14 00 00 00 00 00 00 00 c0 01 dd 00 48 00 00 00
                                 007dfd245930 14 00 00 00 00 00 00 00 06 00 00 00 00 00 00 00
                                 007dfd245940 30 02 6c 02 48 00 00 00 06 00 00 00 00 00 00 00
    TLS Address:                 00000032ef3b3400
    TLS Dump:                                 00 01 02 03 04 05 06 07 08 09 0a 0b 0c 0d 0e 0f
                                 0032ef3b3400 06 00 00 00 08 00 00 00 00 00 00 00 00 00 00 00
                                 0032ef3b3410 02 00 00 00 02 00 00 00 00 00 00 00 00 00 00 00
                                 0032ef3b3420 53 46 43 4f 00 00 00 00 00 00 00 00 0c 8b df 46
                                 0032ef3b3430 00 00 00 00 00 00 00 00 00 00 00 00 00 00 00 00
                                 0032ef3b3440 03 00 00 00 ff ff 00 00 06 10 00 00 00 00 00 00
                                 0032ef3b3450 f8 04 bf 01 10 00 00 80 00 00 00 00 00 00 00 00
                                 0032ef3b3460 53 46 43 49 01 00 00 00 0c 00 00 00 00 00 00 00
                                 0032ef3b3470 01 00 00 00 00 00 00 00 00 00 00 00 00 00 00 00
                                 0032ef3b3480 00 00 00 00 00 00 00 00 00 00 00 00 00 00 00 00
                                 0032ef3b3490 00 00 00 00 00 00 00 00 00 00 00 00 00 00 00 00
                                 0032ef3b34a0 00 00 00 00 00 00 00 00 00 00 00 00 00 00 00 00
                                 0032ef3b34b0 00 00 00 00 00 00 00 00 00 00 00 00 00 00 00 00
                                 0032ef3b34c0 00 00 00 00 00 00 00 00 00 00 00 00 00 00 00 00
                                 0032ef3b34d0 00 00 00 00 00 00 00 00 00 00 00 00 00 00 00 00
                                 0032ef3b34e0 00 00 00 00 00 00 00 00 00 00 00 00 00 00 00 00
                                 0032ef3b34f0 00 00 00 00 00 00 00 00 00 00 00 00 00 00 00 00
Threads[09]:
    Thread ID:                   0000000000001c69
    Thread Name:                 TaskWorker1
    Registers:
        X[00]:                   0000004805220148
        X[01]:                   0000000000000002
        X[02]:                   0000000000000001
        X[03]:                   ffffffffffffffff
        X[04]:                   0000000000000000
        X[05]:                   0000000000000000
        X[06]:                   0000000000000000
        X[07]:                   0000000000000000
        X[08]:                   0000000000000000
        X[09]:                   0000000000000000
        X[10]:                   0000000000000000
        X[11]:                   0000000000000000
        X[12]:                   0000000000000000
        X[13]:                   0000000000000000
        X[14]:                   0000000000000000
        X[15]:                   0000000000000000
        X[16]:                   0000000000000000
        X[17]:                   0000000000000000
        X[18]:                   0000000000000000
        X[19]:                   0000000000000000
        X[20]:                   0000000000000000
        X[21]:                   0000000000000000
        X[22]:                   0000000000000000
        X[23]:                   0000000000000000
        X[24]:                   0000000000000000
        X[25]:                   0000000000000000
        X[26]:                   0000000000000000
        X[27]:                   0000000000000000
        X[28]:                   0000000000000000
        FP:                      000000480b16fed0
        LR:                      0000002a59eacc88 (nnSdk + 0x32ec88) (_ZN2nn2os6detail18WaitLightEventImplEPNS0_14LightEventTypeE + 0x88)
        SP:                      000000480b16fea0
        PC:                      0000002a59f07a24 (nnSdk + 0x389a24)
    Stack Trace:
        ReturnAddress[00]:       0000002a5554e5ac (cross2_Release.nss + 0x354a5ac)
        ReturnAddress[01]:       0000002a55540f68 (cross2_Release.nss + 0x353cf68)
        ReturnAddress[02]:       0000002a557d052c (cross2_Release.nss + 0x37cc52c)
        ReturnAddress[03]:       0000002a59eb5f28 (nnSdk + 0x337f28) (_ZN2nn2os6detail17CallFiberFunctionEPFPNS0_9FiberTypeEPvES4_ + 0x14)
    TLS Address:                 00000032ef3b3600
    TLS Dump:                                 00 01 02 03 04 05 06 07 08 09 0a 0b 0c 0d 0e 0f
                                 0032ef3b3600 00 00 01 00 09 08 e0 03 00 81 18 00 c8 fc 16 0b
                                 0032ef3b3610 53 46 43 4f 00 00 00 00 00 00 00 00 99 5d e2 a4
                                 0032ef3b3620 00 00 00 00 00 00 00 00 00 00 00 00 00 00 00 00
                                 0032ef3b3630 00 00 00 00 01 00 00 00 01 00 00 00 00 00 00 00
                                 0032ef3b3640 02 00 76 01 05 01 18 c0 00 00 00 00 00 00 00 00
                                 0032ef3b3650 18 00 00 00 c8 fc 16 0b 48 00 18 00 00 00 00 00
                                 0032ef3b3660 00 00 00 00 00 00 00 00 00 00 00 00 00 00 00 00
                                 0032ef3b3670 00 00 00 00 00 00 00 00 00 00 00 00 00 00 00 00
                                 0032ef3b3680 00 00 00 00 00 00 00 00 00 00 00 00 00 00 00 00
                                 0032ef3b3690 00 00 00 00 00 00 00 00 00 00 00 00 00 00 00 00
                                 0032ef3b36a0 00 00 00 00 00 00 00 00 00 00 00 00 00 00 00 00
                                 0032ef3b36b0 00 00 00 00 00 00 00 00 00 00 00 00 00 00 00 00
                                 0032ef3b36c0 00 00 00 00 00 00 00 00 00 00 00 00 00 00 00 00
                                 0032ef3b36d0 00 00 00 00 00 00 00 00 00 00 00 00 00 00 00 00
                                 0032ef3b36e0 00 00 00 00 00 00 00 00 00 00 00 00 00 00 00 00
                                 0032ef3b36f0 00 00 00 00 00 00 00 00 00 00 00 00 00 00 00 00
Threads[10]:
    Thread ID:                   0000000000001c6a
    Thread Name:                 TaskWorker2
    Registers:
        X[00]:                   0000004803190148
        X[01]:                   0000000000000002
        X[02]:                   0000000000000001
        X[03]:                   ffffffffffffffff
        X[04]:                   0000000544150070
        X[05]:                   0000000000000000
        X[06]:                   0000000000000000
        X[07]:                   000000000000000d
        X[08]:                   0000000000000000
        X[09]:                   0000000000000000
        X[10]:                   0000000000000000
        X[11]:                   0000000000000000
        X[12]:                   0000000000000000
        X[13]:                   0000000000000000
        X[14]:                   0000000000000000
        X[15]:                   0000000000000000
        X[16]:                   0000000000000000
        X[17]:                   0000000000000000
        X[18]:                   0000000000000000
        X[19]:                   0000000000000000
        X[20]:                   0000000000000000
        X[21]:                   0000000000000000
        X[22]:                   0000000000000000
        X[23]:                   0000000000000000
        X[24]:                   0000000000000000
        X[25]:                   0000000000000000
        X[26]:                   0000000000000000
        X[27]:                   0000000000000000
        X[28]:                   0000000000000000
        FP:                      000000480b19fed0
        LR:                      0000002a59eacc88 (nnSdk + 0x32ec88) (_ZN2nn2os6detail18WaitLightEventImplEPNS0_14LightEventTypeE + 0x88)
        SP:                      000000480b19fea0
        PC:                      0000002a59f07a24 (nnSdk + 0x389a24)
    Stack Trace:
        ReturnAddress[00]:       0000002a5554e5ac (cross2_Release.nss + 0x354a5ac)
        ReturnAddress[01]:       0000002a55540f68 (cross2_Release.nss + 0x353cf68)
        ReturnAddress[02]:       0000002a557d052c (cross2_Release.nss + 0x37cc52c)
        ReturnAddress[03]:       0000002a59eb5f28 (nnSdk + 0x337f28) (_ZN2nn2os6detail17CallFiberFunctionEPFPNS0_9FiberTypeEPvES4_ + 0x14)
    TLS Address:                 00000032ef3b3800
    TLS Dump:                                 00 01 02 03 04 05 06 07 08 09 0a 0b 0c 0d 0e 0f
                                 0032ef3b3800 00 00 00 00 00 00 00 00 00 00 00 00 00 00 00 00
                                 0032ef3b3810 00 00 00 00 00 00 00 00 00 00 00 00 00 00 00 00
                                 0032ef3b3820 00 00 00 00 00 00 00 00 00 00 00 00 00 00 00 00
                                 0032ef3b3830 00 00 00 00 00 00 00 00 00 00 00 00 00 00 00 00
                                 0032ef3b3840 00 00 00 00 00 00 00 00 00 00 00 00 00 00 00 00
                                 0032ef3b3850 00 00 00 00 00 00 00 00 00 00 00 00 00 00 00 00
                                 0032ef3b3860 00 00 00 00 00 00 00 00 00 00 00 00 00 00 00 00
                                 0032ef3b3870 00 00 00 00 00 00 00 00 00 00 00 00 00 00 00 00
                                 0032ef3b3880 00 00 00 00 00 00 00 00 00 00 00 00 00 00 00 00
                                 0032ef3b3890 00 00 00 00 00 00 00 00 00 00 00 00 00 00 00 00
                                 0032ef3b38a0 00 00 00 00 00 00 00 00 00 00 00 00 00 00 00 00
                                 0032ef3b38b0 00 00 00 00 00 00 00 00 00 00 00 00 00 00 00 00
                                 0032ef3b38c0 00 00 00 00 00 00 00 00 00 00 00 00 00 00 00 00
                                 0032ef3b38d0 00 00 00 00 00 00 00 00 00 00 00 00 00 00 00 00
                                 0032ef3b38e0 00 00 00 00 00 00 00 00 00 00 00 00 00 00 00 00
                                 0032ef3b38f0 00 00 00 00 00 00 00 00 00 00 00 00 00 00 00 00
Threads[11]:
    Thread ID:                   0000000000001c6b
    Thread Name:                 TaskWorker0
    Registers:
        X[00]:                   000000480092b248
        X[01]:                   0000000000000002
        X[02]:                   0000000000000001
        X[03]:                   ffffffffffffffff
        X[04]:                   0000000000000000
        X[05]:                   0000000000000000
        X[06]:                   0000000000000000
        X[07]:                   0000000000000000
        X[08]:                   0000000000000000
        X[09]:                   0000000000000000
        X[10]:                   0000000000000000
        X[11]:                   0000000000000000
        X[12]:                   0000000000000000
        X[13]:                   0000000000000000
        X[14]:                   0000000000000000
        X[15]:                   0000000000000000
        X[16]:                   0000000000000000
        X[17]:                   0000000000000000
        X[18]:                   0000000000000000
        X[19]:                   0000000000000000
        X[20]:                   0000000000000000
        X[21]:                   0000000000000000
        X[22]:                   0000000000000000
        X[23]:                   0000000000000000
        X[24]:                   0000000000000000
        X[25]:                   0000000000000000
        X[26]:                   0000000000000000
        X[27]:                   0000000000000000
        X[28]:                   0000000000000000
        FP:                      000000480b0c2990
        LR:                      0000002a59eacc88 (nnSdk + 0x32ec88) (_ZN2nn2os6detail18WaitLightEventImplEPNS0_14LightEventTypeE + 0x88)
        SP:                      000000480b0c2960
        PC:                      0000002a59f07a24 (nnSdk + 0x389a24)
    Stack Trace:
        ReturnAddress[00]:       0000002a5554e5ac (cross2_Release.nss + 0x354a5ac)
        ReturnAddress[01]:       0000002a55540f68 (cross2_Release.nss + 0x353cf68)
        ReturnAddress[02]:       0000002a557d052c (cross2_Release.nss + 0x37cc52c)
        ReturnAddress[03]:       0000002a59eb5f28 (nnSdk + 0x337f28) (_ZN2nn2os6detail17CallFiberFunctionEPFPNS0_9FiberTypeEPvES4_ + 0x14)
    TLS Address:                 00000032ef3b3a00
    TLS Dump:                                 00 01 02 03 04 05 06 07 08 09 0a 0b 0c 0d 0e 0f
                                 0032ef3b3a00 00 00 00 00 14 08 e0 03 00 00 00 00 00 00 00 00
                                 0032ef3b3a10 00 00 00 00 00 00 00 00 00 00 00 00 00 00 00 00
                                 0032ef3b3a20 53 46 43 4f 00 00 00 00 00 00 00 00 95 c8 f5 88
                                 0032ef3b3a30 ea 07 08 07 15 1e 10 00 05 00 00 00 da 00 00 00
                                 0032ef3b3a40 2d 30 34 00 00 00 00 00 00 00 00 00 c0 c7 ff ff
                                 0032ef3b3a50 00 00 00 00 00 00 00 00 00 00 00 00 00 00 00 00
                                 0032ef3b3a60 00 00 00 00 00 00 00 00 00 00 00 00 00 00 00 00
                                 0032ef3b3a70 00 00 00 00 00 00 00 00 00 00 00 00 00 00 00 00
                                 0032ef3b3a80 00 00 00 00 00 00 00 00 00 00 00 00 00 00 00 00
                                 0032ef3b3a90 00 00 00 00 00 00 00 00 00 00 00 00 00 00 00 00
                                 0032ef3b3aa0 00 00 00 00 00 00 00 00 00 00 00 00 00 00 00 00
                                 0032ef3b3ab0 00 00 00 00 00 00 00 00 00 00 00 00 00 00 00 00
                                 0032ef3b3ac0 00 00 00 00 00 00 00 00 00 00 00 00 00 00 00 00
                                 0032ef3b3ad0 00 00 00 00 00 00 00 00 00 00 00 00 00 00 00 00
                                 0032ef3b3ae0 00 00 00 00 00 00 00 00 00 00 00 00 00 00 00 00
                                 0032ef3b3af0 00 00 00 00 00 00 00 00 00 00 00 00 00 00 00 00
Threads[12]:
    Thread ID:                   0000000000001c6c
    Thread Name:                 TaskWorker1
    Registers:
        X[00]:                   0000004805229748
        X[01]:                   0000000000000002
        X[02]:                   0000000000000001
        X[03]:                   ffffffffffffffff
        X[04]:                   0000000000000000
        X[05]:                   0000000000000000
        X[06]:                   0000000000000001
        X[07]:                   0000000000000000
        X[08]:                   0000000000000000
        X[09]:                   0000000000000000
        X[10]:                   0000000000000000
        X[11]:                   0000000000000000
        X[12]:                   0000000000000000
        X[13]:                   0000000000000000
        X[14]:                   0000000000000000
        X[15]:                   0000000000000000
        X[16]:                   0000000000000000
        X[17]:                   0000000000000000
        X[18]:                   0000000000000000
        X[19]:                   0000000000000000
        X[20]:                   0000000000000000
        X[21]:                   0000000000000000
        X[22]:                   0000000000000000
        X[23]:                   0000000000000000
        X[24]:                   0000000000000000
        X[25]:                   0000000000000000
        X[26]:                   0000000000000000
        X[27]:                   0000000000000000
        X[28]:                   0000000000000000
        FP:                      000000480c342010
        LR:                      0000002a59eacc88 (nnSdk + 0x32ec88) (_ZN2nn2os6detail18WaitLightEventImplEPNS0_14LightEventTypeE + 0x88)
        SP:                      000000480c341fe0
        PC:                      0000002a59f07a24 (nnSdk + 0x389a24)
    Stack Trace:
        ReturnAddress[00]:       0000002a5554e5ac (cross2_Release.nss + 0x354a5ac)
        ReturnAddress[01]:       0000002a55540f68 (cross2_Release.nss + 0x353cf68)
        ReturnAddress[02]:       0000002a557d052c (cross2_Release.nss + 0x37cc52c)
        ReturnAddress[03]:       0000002a59eb5f28 (nnSdk + 0x337f28) (_ZN2nn2os6detail17CallFiberFunctionEPFPNS0_9FiberTypeEPvES4_ + 0x14)
    TLS Address:                 00000032ef3b3c00
    TLS Dump:                                 00 01 02 03 04 05 06 07 08 09 0a 0b 0c 0d 0e 0f
                                 0032ef3b3c00 00 00 01 00 09 08 e0 03 00 81 28 00 98 0c 34 0c
                                 0032ef3b3c10 53 46 43 4f 00 00 00 00 00 00 00 00 99 5d e2 a4
                                 0032ef3b3c20 00 00 00 00 00 00 00 00 00 00 00 00 00 00 00 00
                                 0032ef3b3c30 00 00 00 00 01 00 00 00 01 00 00 00 00 00 00 00
                                 0032ef3b3c40 01 00 76 01 06 41 28 c0 aa 00 00 00 00 00 00 00
                                 0032ef3b3c50 28 00 00 00 98 0c 34 0c 48 00 28 00 00 00 00 00
                                 0032ef3b3c60 00 00 00 00 00 00 00 00 00 00 00 00 00 00 00 00
                                 0032ef3b3c70 00 00 00 00 00 00 00 00 00 00 00 00 00 00 00 00
                                 0032ef3b3c80 00 00 00 00 00 00 00 00 00 00 00 00 00 00 00 00
                                 0032ef3b3c90 00 00 00 00 00 00 00 00 00 00 00 00 00 00 00 00
                                 0032ef3b3ca0 00 00 00 00 00 00 00 00 00 00 00 00 00 00 00 00
                                 0032ef3b3cb0 00 00 00 00 00 00 00 00 00 00 00 00 00 00 00 00
                                 0032ef3b3cc0 00 00 00 00 00 00 00 00 00 00 00 00 00 00 00 00
                                 0032ef3b3cd0 00 00 00 00 00 00 00 00 00 00 00 00 00 00 00 00
                                 0032ef3b3ce0 00 00 00 00 00 00 00 00 00 00 00 00 00 00 00 00
                                 0032ef3b3cf0 00 00 00 00 00 00 00 00 00 00 00 00 00 00 00 00
Threads[13]:
    Thread ID:                   0000000000001c6d
    Thread Name:                 TaskWorker2
    Registers:
        X[00]:                   0000004803199748
        X[01]:                   0000000000000002
        X[02]:                   0000000000000001
        X[03]:                   ffffffffffffffff
        X[04]:                   0000000000000000
        X[05]:                   0000000000000000
        X[06]:                   0000000000000000
        X[07]:                   0000000000000000
        X[08]:                   0000000000000000
        X[09]:                   0000000000000000
        X[10]:                   0000000000000000
        X[11]:                   0000000000000000
        X[12]:                   0000000000000000
        X[13]:                   0000000000000000
        X[14]:                   0000000000000000
        X[15]:                   0000000000000000
        X[16]:                   0000000000000000
        X[17]:                   0000000000000000
        X[18]:                   0000000000000000
        X[19]:                   0000000000000000
        X[20]:                   0000000000000000
        X[21]:                   0000000000000000
        X[22]:                   0000000000000000
        X[23]:                   0000000000000000
        X[24]:                   0000000000000000
        X[25]:                   0000000000000000
        X[26]:                   0000000000000000
        X[27]:                   0000000000000000
        X[28]:                   0000000000000000
        FP:                      000000480c1d16d0
        LR:                      0000002a59eacc88 (nnSdk + 0x32ec88) (_ZN2nn2os6detail18WaitLightEventImplEPNS0_14LightEventTypeE + 0x88)
        SP:                      000000480c1d16a0
        PC:                      0000002a59f07a24 (nnSdk + 0x389a24)
    Stack Trace:
        ReturnAddress[00]:       0000002a5554e5ac (cross2_Release.nss + 0x354a5ac)
        ReturnAddress[01]:       0000002a55540f68 (cross2_Release.nss + 0x353cf68)
        ReturnAddress[02]:       0000002a557d052c (cross2_Release.nss + 0x37cc52c)
        ReturnAddress[03]:       0000002a59eb5f28 (nnSdk + 0x337f28) (_ZN2nn2os6detail17CallFiberFunctionEPFPNS0_9FiberTypeEPvES4_ + 0x14)
    TLS Address:                 00000032ef3b3e00
    TLS Dump:                                 00 01 02 03 04 05 06 07 08 09 0a 0b 0c 0d 0e 0f
                                 0032ef3b3e00 00 00 01 00 09 08 e0 03 00 81 28 00 b8 13 1d 0c
                                 0032ef3b3e10 53 46 43 4f 00 00 00 00 00 00 00 00 99 5d e2 a4
                                 0032ef3b3e20 00 00 00 00 00 00 00 00 00 00 00 00 00 00 00 00
                                 0032ef3b3e30 00 00 00 00 01 00 00 00 01 00 00 00 00 00 00 00
                                 0032ef3b3e40 01 00 76 01 06 41 28 c0 0b 00 00 00 00 00 00 00
                                 0032ef3b3e50 28 00 76 01 b8 13 1d 0c 48 00 28 00 00 00 00 00
                                 0032ef3b3e60 00 00 00 00 18 00 00 00 d0 04 1d 0c 48 00 18 00
                                 0032ef3b3e70 00 00 00 00 00 00 00 00 00 00 00 00 00 00 00 00
                                 0032ef3b3e80 00 00 00 00 00 00 00 00 00 00 00 00 00 00 00 00
                                 0032ef3b3e90 00 00 00 00 00 00 00 00 00 00 00 00 00 00 00 00
                                 0032ef3b3ea0 00 00 00 00 00 00 00 00 00 00 00 00 00 00 00 00
                                 0032ef3b3eb0 00 00 00 00 00 00 00 00 00 00 00 00 00 00 00 00
                                 0032ef3b3ec0 00 00 00 00 00 00 00 00 00 00 00 00 00 00 00 00
                                 0032ef3b3ed0 00 00 00 00 00 00 00 00 00 00 00 00 00 00 00 00
                                 0032ef3b3ee0 00 00 00 00 00 00 00 00 00 00 00 00 00 00 00 00
                                 0032ef3b3ef0 00 00 00 00 00 00 00 00 00 00 00 00 00 00 00 00
Threads[14]:
    Thread ID:                   0000000000001c6e
    Thread Name:                 ResUpdateThread
    Stack Region:                0000007e0c314000-0000007e0c354000
    Registers:
        X[00]:                   0000000000f42400
        X[01]:                   000000480029f9c8
        X[02]:                   000000485c3b90c0
        X[03]:                   0000000000000004
        X[04]:                   0000000000000000
        X[05]:                   0000000000000000
        X[06]:                   0000000000000000
        X[07]:                   0000000000000000
        X[08]:                   0000000000000000
        X[09]:                   0000000000000000
        X[10]:                   0000000000000000
        X[11]:                   0000000000000000
        X[12]:                   0000000000000000
        X[13]:                   0000000000000000
        X[14]:                   0000000000000000
        X[15]:                   0000000000000000
        X[16]:                   0000000000000000
        X[17]:                   0000000000000000
        X[18]:                   0000000000000000
        X[19]:                   0000000000000000
        X[20]:                   0000000000000000
        X[21]:                   0000000000000000
        X[22]:                   0000000000000000
        X[23]:                   0000000000000000
        X[24]:                   0000000000000000
        X[25]:                   0000000000000000
        X[26]:                   0000000000000000
        X[27]:                   0000000000000000
        X[28]:                   0000000000000000
        FP:                      0000007e0c353f80
        LR:                      0000002a55547070 (cross2_Release.nss + 0x3543070)
        SP:                      0000007e0c353f50
        PC:                      0000002a59f0785c (nnSdk + 0x38985c)
    Stack Trace:
        ReturnAddress[00]:       0000002a59eb24b8 (nnSdk + 0x3344b8)
        ReturnAddress[01]:       0000002a59eb6984 (nnSdk + 0x338984)
        ReturnAddress[02]:       0000000000000000
    Stack Dump:                               00 01 02 03 04 05 06 07 08 09 0a 0b 0c 0d 0e 0f
                                 007e0c353f00 00 00 00 00 00 00 00 00 00 00 00 00 00 00 00 00
                                 007e0c353f10 00 00 00 00 00 00 00 00 04 00 00 00 00 00 00 00
                                 007e0c353f20 30 3f 35 0c 7e 00 00 00 04 f1 02 5a 2a 00 00 00
                                 007e0c353f30 40 3f 35 0c 7e 00 00 00 24 2f 02 5a 2a 00 00 00
                                 007e0c353f40 80 3f 35 0c 7e 00 00 00 00 70 54 55 2a 00 00 00
                                 007e0c353f50 00 00 00 00 00 00 00 00 00 00 00 00 00 00 00 00
                                 007e0c353f60 00 00 00 00 00 00 00 00 bc 4a 95 00 48 00 00 00
                                 007e0c353f70 b8 4a 95 00 48 00 00 00 10 49 95 00 48 00 00 00
                                 007e0c353f80 b0 3f 35 0c 7e 00 00 00 b8 24 eb 59 2a 00 00 00
                                 007e0c353f90 00 00 00 00 00 00 00 00 00 00 00 00 00 00 00 00
                                 007e0c353fa0 00 00 00 00 00 00 00 00 10 49 95 00 48 00 00 00
                                 007e0c353fb0 d0 3f 35 0c 7e 00 00 00 84 69 eb 59 2a 00 00 00
                                 007e0c353fc0 00 00 00 00 00 00 00 00 00 00 00 00 00 00 00 00
                                 007e0c353fd0 00 00 00 00 00 00 00 00 00 00 00 00 00 00 00 00
                                 007e0c353fe0 50 24 eb 59 2a 00 00 00 00 00 00 00 00 00 00 00
                                 007e0c353ff0 00 00 00 00 00 00 00 00 00 00 00 00 00 00 00 00
    TLS Address:                 000000338a90d000
    TLS Dump:                                 00 01 02 03 04 05 06 07 08 09 0a 0b 0c 0d 0e 0f
                                 00338a90d000 00 00 00 00 00 00 00 00 00 00 00 00 00 00 00 00
                                 00338a90d010 00 00 00 00 00 00 00 00 00 00 00 00 00 00 00 00
                                 00338a90d020 00 00 00 00 00 00 00 00 00 00 00 00 00 00 00 00
                                 00338a90d030 00 00 00 00 00 00 00 00 00 00 00 00 00 00 00 00
                                 00338a90d040 00 00 00 00 00 00 00 00 00 00 00 00 00 00 00 00
                                 00338a90d050 00 00 00 00 00 00 00 00 00 00 00 00 00 00 00 00
                                 00338a90d060 00 00 00 00 00 00 00 00 00 00 00 00 00 00 00 00
                                 00338a90d070 00 00 00 00 00 00 00 00 00 00 00 00 00 00 00 00
                                 00338a90d080 00 00 00 00 00 00 00 00 00 00 00 00 00 00 00 00
                                 00338a90d090 00 00 00 00 00 00 00 00 00 00 00 00 00 00 00 00
                                 00338a90d0a0 00 00 00 00 00 00 00 00 00 00 00 00 00 00 00 00
                                 00338a90d0b0 00 00 00 00 00 00 00 00 00 00 00 00 00 00 00 00
                                 00338a90d0c0 00 00 00 00 00 00 00 00 00 00 00 00 00 00 00 00
                                 00338a90d0d0 00 00 00 00 00 00 00 00 00 00 00 00 00 00 00 00
                                 00338a90d0e0 00 00 00 00 00 00 00 00 00 00 00 00 00 00 00 00
                                 00338a90d0f0 00 00 00 00 00 00 00 00 00 00 00 00 00 00 00 00
Threads[15]:
    Thread ID:                   0000000000001c6f
    Thread Name:                 ResLoadingThread
    Stack Region:                0000007dfa5d6000-0000007dfa616000
    Registers:
        X[00]:                   00000048006b627c
        X[01]:                   00000048006b6280
        X[02]:                   00000000002881bf
        X[03]:                   ffffffffffffffff
        X[04]:                   0000000000000000
        X[05]:                   0000000000000000
        X[06]:                   0000000000000000
        X[07]:                   0000000000000000
        X[08]:                   0000000000000000
        X[09]:                   0000000000000000
        X[10]:                   0000000000000000
        X[11]:                   0000000000000000
        X[12]:                   0000000000000000
        X[13]:                   0000000000000000
        X[14]:                   0000000000000000
        X[15]:                   0000000000000000
        X[16]:                   0000000000000000
        X[17]:                   0000000000000000
        X[18]:                   0000000000000000
        X[19]:                   0000000000000000
        X[20]:                   0000000000000000
        X[21]:                   0000000000000000
        X[22]:                   0000000000000000
        X[23]:                   0000000000000000
        X[24]:                   0000000000000000
        X[25]:                   0000000000000000
        X[26]:                   0000000000000000
        X[27]:                   0000000000000000
        X[28]:                   0000000000000000
        FP:                      0000007dfa615db0
        LR:                      0000002a59eb7998 (nnSdk + 0x339998) (_ZN2nn2os6detail38InternalConditionVariableImplByHorizon4WaitEPNS1_23InternalCriticalSectionE + 0x48)
        SP:                      0000007dfa615d90
        PC:                      0000002a59f0792c (nnSdk + 0x38992c)
    Stack Trace:
        ReturnAddress[00]:       0000002a59eac898 (nnSdk + 0x32e898) (_ZN2nn2os9WaitEventEPNS0_9EventTypeE + 0x48)
        ReturnAddress[01]:       0000002a5554714c (cross2_Release.nss + 0x354314c)
        ReturnAddress[02]:       0000002a59eb24b8 (nnSdk + 0x3344b8)
        ReturnAddress[03]:       0000002a59eb6984 (nnSdk + 0x338984)
        ReturnAddress[04]:       0000000000000000
    Stack Dump:                               00 01 02 03 04 05 06 07 08 09 0a 0b 0c 0d 0e 0f
                                 007dfa615d90 80 62 6b 00 48 00 00 00 c8 89 29 00 48 00 00 00
                                 007dfa615da0 60 62 6b 00 48 00 00 00 7c 62 6b 00 48 00 00 00
                                 007dfa615db0 e0 5d 61 fa 7d 00 00 00 98 c8 ea 59 2a 00 00 00
                                 007dfa615dc0 a8 5e 61 fa 7d 00 00 00 40 72 7e 03 48 00 00 00
                                 007dfa615dd0 90 5e 61 fa 7d 00 00 00 80 43 95 00 48 00 00 00
                                 007dfa615de0 80 5f 61 fa 7d 00 00 00 4c 71 54 55 2a 00 00 00
                                 007dfa615df0 00 00 00 00 00 00 00 00 7d 13 52 17 48 00 00 00
                                 007dfa615e00 40 44 95 00 48 00 00 00 28 44 95 00 48 00 00 00
                                 007dfa615e10 10 44 95 00 48 00 00 00 f8 43 95 00 48 00 00 00
                                 007dfa615e20 e0 43 95 00 48 00 00 00 e8 5e 61 fa 7d 00 00 00
                                 007dfa615e30 d0 5e 61 fa 7d 00 00 00 b8 5e 61 fa 7d 00 00 00
                                 007dfa615e40 a0 5e 61 fa 7d 00 00 00 f0 5e 61 fa 7d 00 00 00
                                 007dfa615e50 d8 5e 61 fa 7d 00 00 00 c0 5e 61 fa 7d 00 00 00
                                 007dfa615e60 a8 5e 61 fa 7d 00 00 00 90 5e 61 fa 7d 00 00 00
                                 007dfa615e70 04 00 00 00 00 00 00 00 e8 5e 61 fa 7d 00 00 00
                                 007dfa615e80 f0 5e 61 fa 7d 00 00 00 00 00 00 00 00 00 00 00
    TLS Address:                 000000338a90d200
    TLS Dump:                                 00 01 02 03 04 05 06 07 08 09 0a 0b 0c 0d 0e 0f
                                 00338a90d200 00 00 00 00 0c 00 00 00 00 00 00 00 00 00 00 00
                                 00338a90d210 00 00 00 00 00 00 00 00 00 00 00 00 00 00 00 00
                                 00338a90d220 53 46 43 4f 00 00 00 00 00 00 00 00 eb ca d2 c4
                                 00338a90d230 00 00 00 00 00 00 00 00 00 00 00 00 00 00 00 00
                                 00338a90d240 d8 2c 7e 4e 02 00 00 00 b0 1e 00 00 00 00 00 00
                                 00338a90d250 00 00 00 00 00 00 00 00 00 00 00 00 00 00 00 00
                                 00338a90d260 00 00 00 00 00 00 00 00 00 00 00 00 00 00 00 00
                                 00338a90d270 00 00 00 00 00 00 00 00 00 00 00 00 00 00 00 00
                                 00338a90d280 00 00 00 00 00 00 00 00 00 00 00 00 00 00 00 00
                                 00338a90d290 00 00 00 00 00 00 00 00 00 00 00 00 00 00 00 00
                                 00338a90d2a0 00 00 00 00 00 00 00 00 00 00 00 00 00 00 00 00
                                 00338a90d2b0 00 00 00 00 00 00 00 00 00 00 00 00 00 00 00 00
                                 00338a90d2c0 00 00 00 00 00 00 00 00 00 00 00 00 00 00 00 00
                                 00338a90d2d0 00 00 00 00 00 00 00 00 00 00 00 00 00 00 00 00
                                 00338a90d2e0 00 00 00 00 00 00 00 00 00 00 00 00 00 00 00 00
                                 00338a90d2f0 00 00 00 00 00 00 00 00 00 00 00 00 00 00 00 00
Threads[16]:
    Thread ID:                   0000000000001c70
    Thread Name:                 ResInflateThread
    Stack Region:                0000007df8c90000-0000007df8cd0000
    Registers:
        X[00]:                   00000048006b62dc
        X[01]:                   00000048006b62e0
        X[02]:                   00000000002901be
        X[03]:                   ffffffffffffffff
        X[04]:                   0000000000000000
        X[05]:                   0000000000000000
        X[06]:                   0000000000000000
        X[07]:                   0000000000000000
        X[08]:                   0000000000000000
        X[09]:                   0000000000000000
        X[10]:                   0000000000000000
        X[11]:                   0000000000000000
        X[12]:                   0000000000000000
        X[13]:                   0000000000000000
        X[14]:                   0000000000000000
        X[15]:                   0000000000000000
        X[16]:                   0000000000000000
        X[17]:                   0000000000000000
        X[18]:                   0000000000000000
        X[19]:                   0000000000000000
        X[20]:                   0000000000000000
        X[21]:                   0000000000000000
        X[22]:                   0000000000000000
        X[23]:                   0000000000000000
        X[24]:                   0000000000000000
        X[25]:                   0000000000000000
        X[26]:                   0000000000000000
        X[27]:                   0000000000000000
        X[28]:                   0000000000000000
        FP:                      0000007df8ccfe80
        LR:                      0000002a59eb7998 (nnSdk + 0x339998) (_ZN2nn2os6detail38InternalConditionVariableImplByHorizon4WaitEPNS1_23InternalCriticalSectionE + 0x48)
        SP:                      0000007df8ccfe60
        PC:                      0000002a59f0792c (nnSdk + 0x38992c)
    Stack Trace:
        ReturnAddress[00]:       0000002a59eac898 (nnSdk + 0x32e898) (_ZN2nn2os9WaitEventEPNS0_9EventTypeE + 0x48)
        ReturnAddress[01]:       0000002a55548504 (cross2_Release.nss + 0x3544504)
        ReturnAddress[02]:       0000002a59eb24b8 (nnSdk + 0x3344b8)
        ReturnAddress[03]:       0000002a59eb6984 (nnSdk + 0x338984)
        ReturnAddress[04]:       0000000000000000
    Stack Dump:                               00 01 02 03 04 05 06 07 08 09 0a 0b 0c 0d 0e 0f
                                 007df8ccfe60 e0 62 6b 00 48 00 00 00 60 72 7e 03 48 00 00 00
                                 007df8ccfe70 c0 62 6b 00 48 00 00 00 dc 62 6b 00 48 00 00 00
                                 007df8ccfe80 b0 fe cc f8 7d 00 00 00 98 c8 ea 59 2a 00 00 00
                                 007df8ccfe90 c0 d9 73 17 48 00 00 00 60 72 7e 03 48 00 00 00
                                 007df8ccfea0 7d 32 00 00 00 00 00 00 80 43 95 00 48 00 00 00
                                 007df8ccfeb0 80 ff cc f8 7d 00 00 00 04 85 54 55 2a 00 00 00
                                 007df8ccfec0 00 00 00 00 3c d0 06 00 01 00 00 00 00 00 00 00
                                 007df8ccfed0 00 c0 48 80 48 00 00 00 00 00 00 00 00 00 00 00
                                 007df8ccfee0 00 00 00 00 00 00 00 00 b0 40 00 00 00 00 00 00
                                 007df8ccfef0 a5 1e 00 00 00 00 00 00 b0 00 2c 00 00 00 00 00
                                 007df8ccff00 00 c0 48 80 48 00 00 00 b0 40 00 00 00 00 00 00
                                 007df8ccff10 b0 40 00 00 00 00 00 00 00 41 c7 0b 48 00 00 00
                                 007df8ccff20 a5 1e 00 00 00 00 00 00 a5 1e 00 00 00 00 00 00
                                 007df8ccff30 00 00 00 00 00 00 00 00 00 00 00 00 00 00 00 00
                                 007df8ccff40 00 00 00 00 00 00 00 00 00 00 00 00 00 00 00 00
                                 007df8ccff50 00 00 00 00 00 00 00 00 00 00 00 00 00 00 00 00
    TLS Address:                 000000338a90d400
    TLS Dump:                                 00 01 02 03 04 05 06 07 08 09 0a 0b 0c 0d 0e 0f
                                 00338a90d400 00 00 00 00 00 00 00 00 00 00 00 00 00 00 00 00
                                 00338a90d410 00 00 00 00 00 00 00 00 00 00 00 00 00 00 00 00
                                 00338a90d420 00 00 00 00 00 00 00 00 00 00 00 00 00 00 00 00
                                 00338a90d430 00 00 00 00 00 00 00 00 00 00 00 00 00 00 00 00
                                 00338a90d440 00 00 00 00 00 00 00 00 00 00 00 00 00 00 00 00
                                 00338a90d450 00 00 00 00 00 00 00 00 00 00 00 00 00 00 00 00
                                 00338a90d460 00 00 00 00 00 00 00 00 00 00 00 00 00 00 00 00
                                 00338a90d470 00 00 00 00 00 00 00 00 00 00 00 00 00 00 00 00
                                 00338a90d480 00 00 00 00 00 00 00 00 00 00 00 00 00 00 00 00
                                 00338a90d490 00 00 00 00 00 00 00 00 00 00 00 00 00 00 00 00
                                 00338a90d4a0 00 00 00 00 00 00 00 00 00 00 00 00 00 00 00 00
                                 00338a90d4b0 00 00 00 00 00 00 00 00 00 00 00 00 00 00 00 00
                                 00338a90d4c0 00 00 00 00 00 00 00 00 00 00 00 00 00 00 00 00
                                 00338a90d4d0 00 00 00 00 00 00 00 00 00 00 00 00 00 00 00 00
                                 00338a90d4e0 00 00 00 00 00 00 00 00 00 00 00 00 00 00 00 00
                                 00338a90d4f0 00 00 00 00 00 00 00 00 00 00 00 00 00 00 00 00
Threads[17]:
    Thread ID:                   0000000000001c73
    Thread Name:                 render dispatch
    Stack Region:                0000007de9d04000-0000007de9d44000
    Registers:
        X[00]:                   00000048034fc058
        X[01]:                   00000048034fc064
        X[02]:                   00000000003081b2
        X[03]:                   ffffffffffffffff
        X[04]:                   0000000000000000
        X[05]:                   0000000000000000
        X[06]:                   0000000000000400
        X[07]:                   0000007de9d43d10
        X[08]:                   0000000000000000
        X[09]:                   0000000000000000
        X[10]:                   0000000000000000
        X[11]:                   0000000000000000
        X[12]:                   0000000000000000
        X[13]:                   0000000000000000
        X[14]:                   0000000000000000
        X[15]:                   0000000000000000
        X[16]:                   0000000000000000
        X[17]:                   0000000000000000
        X[18]:                   0000000000000000
        X[19]:                   0000000000000000
        X[20]:                   0000000000000000
        X[21]:                   0000000000000000
        X[22]:                   0000000000000000
        X[23]:                   0000000000000000
        X[24]:                   0000000000000000
        X[25]:                   0000000000000000
        X[26]:                   0000000000000000
        X[27]:                   0000000000000000
        X[28]:                   0000000000000000
        FP:                      0000007de9d43e70
        LR:                      0000002a59eb7998 (nnSdk + 0x339998) (_ZN2nn2os6detail38InternalConditionVariableImplByHorizon4WaitEPNS1_23InternalCriticalSectionE + 0x48)
        SP:                      0000007de9d43e50
        PC:                      0000002a59f0792c (nnSdk + 0x38992c)
    Stack Trace:
        ReturnAddress[00]:       0000002a59eac464 (nnSdk + 0x32e464) (_ZN2nn2os21WaitConditionVariableEPNS0_21ConditionVariableTypeEPNS0_9MutexTypeE + 0x44)
        ReturnAddress[01]:       0000002a5a02f184 (nnSdk + 0x4b1184) (_ZNSt3__121__libcpp_condvar_waitEPNSt13__libcxx_shim19__libcxx_shim_ver_132__libcxx_shim_condition_variableEPNS1_19__libcxx_shi + 0xc)
        ReturnAddress[02]:       0000002a59fde618 (nnSdk + 0x460618) (_ZNSt3__118condition_variable4waitERNS_11unique_lockINS_5mutexEEE + 0x18)
        ReturnAddress[03]:       0000002a5581a1f0 (cross2_Release.nss + 0x38161f0)
        ReturnAddress[04]:       0000002a555a7e68 (cross2_Release.nss + 0x35a3e68)
        ReturnAddress[05]:       0000002a59eb24b8 (nnSdk + 0x3344b8)
        ReturnAddress[06]:       0000002a59eb6984 (nnSdk + 0x338984)
        ReturnAddress[07]:       0000000000000000
    Stack Dump:                               00 01 02 03 04 05 06 07 08 09 0a 0b 0c 0d 0e 0f
                                 007de9d43e50 60 c0 4f 03 48 00 00 00 04 00 00 00 01 00 00 00
                                 007de9d43e60 80 b7 84 54 48 00 00 00 40 c0 4f 03 48 00 00 00
                                 007de9d43e70 90 3e d4 e9 7d 00 00 00 64 c4 ea 59 2a 00 00 00
                                 007de9d43e80 00 c0 4f 03 48 00 00 00 00 c0 4f 03 48 00 00 00
                                 007de9d43e90 a0 3e d4 e9 7d 00 00 00 84 f1 02 5a 2a 00 00 00
                                 007de9d43ea0 b0 3e d4 e9 7d 00 00 00 18 e6 fd 59 2a 00 00 00
                                 007de9d43eb0 60 3f d4 e9 7d 00 00 00 f0 a1 81 55 2a 00 00 00
                                 007de9d43ec0 2b 5d 90 c3 79 03 00 00 40 c0 4f 03 48 00 00 00
                                 007de9d43ed0 01 17 24 0b 48 00 00 00 20 d5 e6 84 48 00 00 00
                                 007de9d43ee0 01 00 00 00 00 00 00 00 01 00 00 00 00 00 00 00
                                 007de9d43ef0 b0 47 23 57 2a 00 00 00 98 b7 84 54 48 00 00 00
                                 007de9d43f00 08 57 58 56 48 00 00 00 00 00 00 00 00 00 00 00
                                 007de9d43f10 00 00 00 00 00 00 00 00 00 00 00 00 00 00 00 00
                                 007de9d43f20 00 00 00 00 00 00 00 00 00 00 00 00 00 00 00 00
                                 007de9d43f30 00 00 00 00 00 00 00 00 00 00 00 00 00 00 00 00
                                 007de9d43f40 00 00 00 00 00 00 00 00 bc 36 b7 56 48 00 00 00
    TLS Address:                 000000338a90d600
    TLS Dump:                                 00 01 02 03 04 05 06 07 08 09 0a 0b 0c 0d 0e 0f
                                 00338a90d600 00 00 01 00 09 08 e0 03 c0 d1 28 00 a8 3a d4 e9
                                 00338a90d610 53 46 43 4f 00 00 00 00 00 00 00 00 99 5d e2 a4
                                 00338a90d620 00 00 00 00 00 00 00 00 00 00 00 00 00 00 00 00
                                 00338a90d630 00 00 00 00 01 00 00 00 01 00 00 00 00 00 00 00
                                 00338a90d640 01 00 76 01 06 41 28 c0 00 00 00 00 00 00 00 00
                                 00338a90d650 28 00 00 00 a8 3a d4 e9 7d 00 28 00 00 00 00 00
                                 00338a90d660 00 00 00 00 00 00 00 00 00 00 00 00 00 00 00 00
                                 00338a90d670 00 00 00 00 00 00 00 00 00 00 00 00 00 00 00 00
                                 00338a90d680 00 00 00 00 00 00 00 00 00 00 00 00 00 00 00 00
                                 00338a90d690 00 00 00 00 00 00 00 00 00 00 00 00 00 00 00 00
                                 00338a90d6a0 00 00 00 00 00 00 00 00 00 00 00 00 00 00 00 00
                                 00338a90d6b0 00 00 00 00 00 00 00 00 00 00 00 00 00 00 00 00
                                 00338a90d6c0 00 00 00 00 00 00 00 00 00 00 00 00 00 00 00 00
                                 00338a90d6d0 00 00 00 00 00 00 00 00 00 00 00 00 00 00 00 00
                                 00338a90d6e0 00 00 00 00 00 00 00 00 00 00 00 00 00 00 00 00
                                 00338a90d6f0 00 00 00 00 00 00 00 00 00 00 00 00 00 00 00 00
Threads[18]:
    Thread ID:                   0000000000001c74
    Thread Name:                 render dispatch
    Stack Region:                0000007df8955000-0000007df8995000
    Registers:
        X[00]:                   00000048034fc058
        X[01]:                   00000048034fc064
        X[02]:                   00000000003101b1
        X[03]:                   ffffffffffffffff
        X[04]:                   0000000000000001
        X[05]:                   0000000000000000
        X[06]:                   0000000000000400
        X[07]:                   0000007df8994d10
        X[08]:                   0000000000000000
        X[09]:                   0000000000000000
        X[10]:                   0000000000000000
        X[11]:                   0000000000000000
        X[12]:                   0000000000000000
        X[13]:                   0000000000000000
        X[14]:                   0000000000000000
        X[15]:                   0000000000000000
        X[16]:                   0000000000000000
        X[17]:                   0000000000000000
        X[18]:                   0000000000000000
        X[19]:                   0000000000000000
        X[20]:                   0000000000000000
        X[21]:                   0000000000000000
        X[22]:                   0000000000000000
        X[23]:                   0000000000000000
        X[24]:                   0000000000000000
        X[25]:                   0000000000000000
        X[26]:                   0000000000000000
        X[27]:                   0000000000000000
        X[28]:                   0000000000000000
        FP:                      0000007df8994e70
        LR:                      0000002a59eb7998 (nnSdk + 0x339998) (_ZN2nn2os6detail38InternalConditionVariableImplByHorizon4WaitEPNS1_23InternalCriticalSectionE + 0x48)
        SP:                      0000007df8994e50
        PC:                      0000002a59f0792c (nnSdk + 0x38992c)
    Stack Trace:
        ReturnAddress[00]:       0000002a59eac464 (nnSdk + 0x32e464) (_ZN2nn2os21WaitConditionVariableEPNS0_21ConditionVariableTypeEPNS0_9MutexTypeE + 0x44)
        ReturnAddress[01]:       0000002a5a02f184 (nnSdk + 0x4b1184) (_ZNSt3__121__libcpp_condvar_waitEPNSt13__libcxx_shim19__libcxx_shim_ver_132__libcxx_shim_condition_variableEPNS1_19__libcxx_shi + 0xc)
        ReturnAddress[02]:       0000002a59fde618 (nnSdk + 0x460618) (_ZNSt3__118condition_variable4waitERNS_11unique_lockINS_5mutexEEE + 0x18)
        ReturnAddress[03]:       0000002a5581a1f0 (cross2_Release.nss + 0x38161f0)
        ReturnAddress[04]:       0000002a555a7e68 (cross2_Release.nss + 0x35a3e68)
        ReturnAddress[05]:       0000002a59eb24b8 (nnSdk + 0x3344b8)
        ReturnAddress[06]:       0000002a59eb6984 (nnSdk + 0x338984)
        ReturnAddress[07]:       0000000000000000
    Stack Dump:                               00 01 02 03 04 05 06 07 08 09 0a 0b 0c 0d 0e 0f
                                 007df8994e50 60 c0 4f 03 48 00 00 00 04 00 00 00 01 00 00 00
                                 007df8994e60 80 ba 84 54 48 00 00 00 40 c0 4f 03 48 00 00 00
                                 007df8994e70 90 4e 99 f8 7d 00 00 00 64 c4 ea 59 2a 00 00 00
                                 007df8994e80 00 c0 4f 03 48 00 00 00 00 c0 4f 03 48 00 00 00
                                 007df8994e90 a0 4e 99 f8 7d 00 00 00 84 f1 02 5a 2a 00 00 00
                                 007df8994ea0 b0 4e 99 f8 7d 00 00 00 18 e6 fd 59 2a 00 00 00
                                 007df8994eb0 60 4f 99 f8 7d 00 00 00 f0 a1 81 55 2a 00 00 00
                                 007df8994ec0 68 5a 90 c3 79 03 00 00 40 c0 4f 03 48 00 00 00
                                 007df8994ed0 01 15 24 0b 48 00 00 00 98 cf e6 84 48 00 00 00
                                 007df8994ee0 01 00 00 00 00 00 00 00 01 00 00 00 00 00 00 00
                                 007df8994ef0 b0 47 23 57 2a 00 00 00 98 ba 84 54 48 00 00 00
                                 007df8994f00 d8 56 58 56 48 00 00 00 00 00 00 00 00 00 00 00
                                 007df8994f10 00 00 00 00 00 00 00 00 00 00 00 00 00 00 00 00
                                 007df8994f20 00 00 00 00 00 00 00 00 00 00 00 00 00 00 00 00
                                 007df8994f30 00 00 00 00 00 00 00 00 00 00 00 00 00 00 00 00
                                 007df8994f40 00 00 00 00 00 00 00 00 3c 39 b7 56 48 00 00 00
    TLS Address:                 000000338a90d800
    TLS Dump:                                 00 01 02 03 04 05 06 07 08 09 0a 0b 0c 0d 0e 0f
                                 00338a90d800 00 00 01 00 09 08 e0 03 c0 d1 28 00 a8 4a 99 f8
                                 00338a90d810 53 46 43 4f 00 00 00 00 00 00 00 00 99 5d e2 a4
                                 00338a90d820 00 00 00 00 00 00 00 00 00 00 00 00 00 00 00 00
                                 00338a90d830 00 00 00 00 01 00 00 00 01 00 00 00 00 00 00 00
                                 00338a90d840 01 00 76 01 06 41 28 c0 00 00 00 00 00 00 00 00
                                 00338a90d850 28 00 00 00 a8 4a 99 f8 7d 00 28 00 00 00 00 00
                                 00338a90d860 00 00 00 00 00 00 00 00 00 00 00 00 00 00 00 00
                                 00338a90d870 00 00 00 00 00 00 00 00 00 00 00 00 00 00 00 00
                                 00338a90d880 00 00 00 00 00 00 00 00 00 00 00 00 00 00 00 00
                                 00338a90d890 00 00 00 00 00 00 00 00 00 00 00 00 00 00 00 00
                                 00338a90d8a0 00 00 00 00 00 00 00 00 00 00 00 00 00 00 00 00
                                 00338a90d8b0 00 00 00 00 00 00 00 00 00 00 00 00 00 00 00 00
                                 00338a90d8c0 00 00 00 00 00 00 00 00 00 00 00 00 00 00 00 00
                                 00338a90d8d0 00 00 00 00 00 00 00 00 00 00 00 00 00 00 00 00
                                 00338a90d8e0 00 00 00 00 00 00 00 00 00 00 00 00 00 00 00 00
                                 00338a90d8f0 00 00 00 00 00 00 00 00 00 00 00 00 00 00 00 00
Threads[19]:
    Thread ID:                   0000000000001c75
    Thread Name:                 nu::GraphicsDevice::Update
    Stack Region:                0000007dfa17c000-0000007dfa18c000
    Registers:
        X[00]:                   000000483f047578
        X[01]:                   000000483f047584
        X[02]:                   00000000003181b0
        X[03]:                   ffffffffffffffff
        X[04]:                   0000000000000000
        X[05]:                   0000000000000000
        X[06]:                   0000000000000000
        X[07]:                   0000000000000000
        X[08]:                   0000000000000000
        X[09]:                   0000000000000000
        X[10]:                   0000000000000000
        X[11]:                   0000000000000000
        X[12]:                   0000000000000000
        X[13]:                   0000000000000000
        X[14]:                   0000000000000000
        X[15]:                   0000000000000000
        X[16]:                   0000000000000000
        X[17]:                   0000000000000000
        X[18]:                   0000000000000000
        X[19]:                   0000000000000000
        X[20]:                   0000000000000000
        X[21]:                   0000000000000000
        X[22]:                   0000000000000000
        X[23]:                   0000000000000000
        X[24]:                   0000000000000000
        X[25]:                   0000000000000000
        X[26]:                   0000000000000000
        X[27]:                   0000000000000000
        X[28]:                   0000000000000000
        FP:                      0000007dfa18bf00
        LR:                      0000002a59eb7998 (nnSdk + 0x339998) (_ZN2nn2os6detail38InternalConditionVariableImplByHorizon4WaitEPNS1_23InternalCriticalSectionE + 0x48)
        SP:                      0000007dfa18bee0
        PC:                      0000002a59f0792c (nnSdk + 0x38992c)
    Stack Trace:
        ReturnAddress[00]:       0000002a59eac464 (nnSdk + 0x32e464) (_ZN2nn2os21WaitConditionVariableEPNS0_21ConditionVariableTypeEPNS0_9MutexTypeE + 0x44)
        ReturnAddress[01]:       0000002a5a02f184 (nnSdk + 0x4b1184) (_ZNSt3__121__libcpp_condvar_waitEPNSt13__libcxx_shim19__libcxx_shim_ver_132__libcxx_shim_condition_variableEPNS1_19__libcxx_shi + 0xc)
        ReturnAddress[02]:       0000002a59fde618 (nnSdk + 0x460618) (_ZNSt3__118condition_variable4waitERNS_11unique_lockINS_5mutexEEE + 0x18)
        ReturnAddress[03]:       0000002a555a2b98 (cross2_Release.nss + 0x359eb98)
        ReturnAddress[04]:       0000002a59eb24b8 (nnSdk + 0x3344b8)
        ReturnAddress[05]:       0000002a59eb6984 (nnSdk + 0x338984)
        ReturnAddress[06]:       0000000000000000
    Stack Dump:                               00 01 02 03 04 05 06 07 08 09 0a 0b 0c 0d 0e 0f
                                 007dfa18bee0 80 75 04 3f 48 00 00 00 00 00 00 00 00 00 00 00
                                 007dfa18bef0 60 75 04 3f 48 00 00 00 60 75 04 3f 48 00 00 00
                                 007dfa18bf00 20 bf 18 fa 7d 00 00 00 64 c4 ea 59 2a 00 00 00
                                 007dfa18bf10 00 73 04 3f 48 00 00 00 00 73 04 3f 48 00 00 00
                                 007dfa18bf20 30 bf 18 fa 7d 00 00 00 84 f1 02 5a 2a 00 00 00
                                 007dfa18bf30 40 bf 18 fa 7d 00 00 00 18 e6 fd 59 2a 00 00 00
                                 007dfa18bf40 80 bf 18 fa 7d 00 00 00 98 2b 5a 55 2a 00 00 00
                                 007dfa18bf50 60 75 04 3f 48 00 00 00 01 00 00 00 00 00 00 00
                                 007dfa18bf60 00 00 00 00 00 00 00 00 3c 75 04 3f 48 00 00 00
                                 007dfa18bf70 38 75 04 3f 48 00 00 00 90 73 04 3f 48 00 00 00
                                 007dfa18bf80 b0 bf 18 fa 7d 00 00 00 b8 24 eb 59 2a 00 00 00
                                 007dfa18bf90 00 00 00 00 00 00 00 00 00 00 00 00 00 00 00 00
                                 007dfa18bfa0 00 00 00 00 00 00 00 00 90 73 04 3f 48 00 00 00
                                 007dfa18bfb0 d0 bf 18 fa 7d 00 00 00 84 69 eb 59 2a 00 00 00
                                 007dfa18bfc0 00 00 00 00 00 00 00 00 00 00 00 00 00 00 00 00
                                 007dfa18bfd0 00 00 00 00 00 00 00 00 00 00 00 00 00 00 00 00
    TLS Address:                 000000338a90da00
    TLS Dump:                                 00 01 02 03 04 05 06 07 08 09 0a 0b 0c 0d 0e 0f
                                 00338a90da00 00 00 01 00 09 08 e0 03 c0 d1 18 00 c8 bd 18 fa
                                 00338a90da10 53 46 43 4f 00 00 00 00 00 00 00 00 99 5d e2 a4
                                 00338a90da20 00 00 00 00 00 00 00 00 00 00 00 00 00 00 00 00
                                 00338a90da30 00 00 00 00 01 00 00 00 01 00 00 00 00 00 00 00
                                 00338a90da40 02 00 76 01 05 01 18 c0 00 00 00 00 00 00 00 00
                                 00338a90da50 18 00 00 00 c8 bd 18 fa 7d 00 18 00 00 00 00 00
                                 00338a90da60 00 00 00 00 00 00 00 00 00 00 00 00 00 00 00 00
                                 00338a90da70 00 00 00 00 00 00 00 00 00 00 00 00 00 00 00 00
                                 00338a90da80 00 00 00 00 00 00 00 00 00 00 00 00 00 00 00 00
                                 00338a90da90 00 00 00 00 00 00 00 00 00 00 00 00 00 00 00 00
                                 00338a90daa0 00 00 00 00 00 00 00 00 00 00 00 00 00 00 00 00
                                 00338a90dab0 00 00 00 00 00 00 00 00 00 00 00 00 00 00 00 00
                                 00338a90dac0 00 00 00 00 00 00 00 00 00 00 00 00 00 00 00 00
                                 00338a90dad0 00 00 00 00 00 00 00 00 00 00 00 00 00 00 00 00
                                 00338a90dae0 00 00 00 00 00 00 00 00 00 00 00 00 00 00 00 00
                                 00338a90daf0 00 00 00 00 00 00 00 00 00 00 00 00 00 00 00 00
Threads[20]:
    Thread ID:                   0000000000001c76
    Thread Name:                 BCATCacheStorage
    Stack Region:                0000007ddb0b6000-0000007ddb0f6000
    Registers:
        X[00]:                   00000048565334ec
        X[01]:                   00000048565334f0
        X[02]:                   00000000003581a8
        X[03]:                   ffffffffffffffff
        X[04]:                   0000000000000000
        X[05]:                   0000000000000001
        X[06]:                   0000000000000000
        X[07]:                   0000000000000000
        X[08]:                   0000000000000000
        X[09]:                   0000000000000000
        X[10]:                   0000000000000000
        X[11]:                   0000000000000000
        X[12]:                   0000000000000000
        X[13]:                   0000000000000000
        X[14]:                   0000000000000000
        X[15]:                   0000000000000000
        X[16]:                   0000000000000000
        X[17]:                   0000000000000000
        X[18]:                   0000000000000000
        X[19]:                   0000000000000000
        X[20]:                   0000000000000000
        X[21]:                   0000000000000000
        X[22]:                   0000000000000000
        X[23]:                   0000000000000000
        X[24]:                   0000000000000000
        X[25]:                   0000000000000000
        X[26]:                   0000000000000000
        X[27]:                   0000000000000000
        X[28]:                   0000000000000000
        FP:                      0000007ddb0f5eb0
        LR:                      0000002a59eb7998 (nnSdk + 0x339998) (_ZN2nn2os6detail38InternalConditionVariableImplByHorizon4WaitEPNS1_23InternalCriticalSectionE + 0x48)
        SP:                      0000007ddb0f5e90
        PC:                      0000002a59f0792c (nnSdk + 0x38992c)
    Stack Trace:
        ReturnAddress[00]:       0000002a59eac898 (nnSdk + 0x32e898) (_ZN2nn2os9WaitEventEPNS0_9EventTypeE + 0x48)
        ReturnAddress[01]:       0000002a556fdb7c (cross2_Release.nss + 0x36f9b7c)
        ReturnAddress[02]:       0000002a59eb24b8 (nnSdk + 0x3344b8)
        ReturnAddress[03]:       0000002a59eb6984 (nnSdk + 0x338984)
        ReturnAddress[04]:       0000000000000000
    Stack Dump:                               00 01 02 03 04 05 06 07 08 09 0a 0b 0c 0d 0e 0f
                                 007ddb0f5e90 f0 34 53 56 48 00 00 00 38 4e 4c 03 48 00 00 00
                                 007ddb0f5ea0 d0 34 53 56 48 00 00 00 ec 34 53 56 48 00 00 00
                                 007ddb0f5eb0 e0 5e 0f db 7d 00 00 00 98 c8 ea 59 2a 00 00 00
                                 007ddb0f5ec0 00 e0 f2 5d 48 00 00 00 78 4e 4c 03 48 00 00 00
                                 007ddb0f5ed0 38 4e 4c 03 48 00 00 00 00 4e 4c 03 48 00 00 00
                                 007ddb0f5ee0 80 5f 0f db 7d 00 00 00 7c db 6f 55 2a 00 00 00
                                 007ddb0f5ef0 00 00 00 00 00 00 00 00 00 00 00 00 00 00 00 00
                                 007ddb0f5f00 00 00 00 00 00 00 00 00 02 00 00 00 00 00 00 00
                                 007ddb0f5f10 00 00 00 00 00 00 00 00 00 00 00 00 00 00 00 00
                                 007ddb0f5f20 00 00 00 00 00 00 00 00 03 00 00 00 00 00 00 00
                                 007ddb0f5f30 00 00 00 00 00 00 00 00 00 00 00 00 00 00 00 00
                                 007ddb0f5f40 00 00 00 00 00 00 00 00 00 00 00 00 00 00 00 00
                                 007ddb0f5f50 00 00 00 00 00 00 00 00 00 00 00 00 00 00 00 00
                                 007ddb0f5f60 00 00 00 00 00 00 00 00 bc 8b b7 56 48 00 00 00
                                 007ddb0f5f70 b8 8b b7 56 48 00 00 00 10 8a b7 56 48 00 00 00
                                 007ddb0f5f80 b0 5f 0f db 7d 00 00 00 b8 24 eb 59 2a 00 00 00
    TLS Address:                 000000338a90dc00
    TLS Dump:                                 00 01 02 03 04 05 06 07 08 09 0a 0b 0c 0d 0e 0f
                                 00338a90dc00 00 00 00 00 0c 08 e0 03 00 00 00 00 00 00 00 00
                                 00338a90dc10 00 00 00 00 00 00 00 00 00 00 00 00 00 00 00 00
                                 00338a90dc20 53 46 43 4f 00 00 00 00 7a 06 00 00 88 7e 51 81
                                 00338a90dc30 00 00 00 00 00 00 00 00 01 00 00 00 00 00 00 00
                                 00338a90dc40 00 00 00 00 00 00 00 00 00 00 00 00 00 00 00 00
                                 00338a90dc50 00 00 00 00 00 00 00 00 00 00 00 00 00 00 00 00
                                 00338a90dc60 00 00 00 00 00 00 00 00 00 00 00 00 00 00 00 00
                                 00338a90dc70 00 00 00 00 00 00 00 00 00 00 00 00 00 00 00 00
                                 00338a90dc80 00 00 00 00 00 00 00 00 00 00 00 00 00 00 00 00
                                 00338a90dc90 00 00 00 00 00 00 00 00 00 00 00 00 00 00 00 00
                                 00338a90dca0 00 00 00 00 00 00 00 00 00 00 00 00 00 00 00 00
                                 00338a90dcb0 00 00 00 00 00 00 00 00 00 00 00 00 00 00 00 00
                                 00338a90dcc0 00 00 00 00 00 00 00 00 00 00 00 00 00 00 00 00
                                 00338a90dcd0 00 00 00 00 00 00 00 00 00 00 00 00 00 00 00 00
                                 00338a90dce0 00 00 00 00 00 00 00 00 00 00 00 00 00 00 00 00
                                 00338a90dcf0 00 00 00 00 00 00 00 00 00 00 00 00 00 00 00 00
Threads[21]:
    Thread ID:                   0000000000001c77
    Stack Region:                0000007df6c54000-0000007df6c58000
    Registers:
        X[00]:                   0000002a572ad2ac
        X[01]:                   0000002a572ad2b0
        X[02]:                   00000000003601a7
        X[03]:                   ffffffffffffffff
        X[04]:                   0000000000000000
        X[05]:                   0000000000000000
        X[06]:                   0000000000000000
        X[07]:                   0000000000000000
        X[08]:                   0000000000000000
        X[09]:                   0000000000000000
        X[10]:                   0000000000000000
        X[11]:                   0000000000000000
        X[12]:                   0000000000000000
        X[13]:                   0000000000000000
        X[14]:                   0000000000000000
        X[15]:                   0000000000000000
        X[16]:                   0000000000000000
        X[17]:                   0000000000000000
        X[18]:                   0000000000000000
        X[19]:                   0000000000000000
        X[20]:                   0000000000000000
        X[21]:                   0000000000000000
        X[22]:                   0000000000000000
        X[23]:                   0000000000000000
        X[24]:                   0000000000000000
        X[25]:                   0000000000000000
        X[26]:                   0000000000000000
        X[27]:                   0000000000000000
        X[28]:                   0000000000000000
        FP:                      0000007df6c57ef0
        LR:                      0000002a59eb7998 (nnSdk + 0x339998) (_ZN2nn2os6detail38InternalConditionVariableImplByHorizon4WaitEPNS1_23InternalCriticalSectionE + 0x48)
        SP:                      0000007df6c57ed0
        PC:                      0000002a59f0792c (nnSdk + 0x38992c)
    Stack Trace:
        ReturnAddress[00]:       0000002a59eac898 (nnSdk + 0x32e898) (_ZN2nn2os9WaitEventEPNS0_9EventTypeE + 0x48)
        ReturnAddress[01]:       0000002a5202bde4 (cross2_Release.nss + 0x27de4)
        ReturnAddress[02]:       0000002a5202bc08 (cross2_Release.nss + 0x27c08)
        ReturnAddress[03]:       0000002a59eb24b8 (nnSdk + 0x3344b8)
        ReturnAddress[04]:       0000002a59eb6984 (nnSdk + 0x338984)
        ReturnAddress[05]:       0000000000000000
    Stack Dump:                               00 01 02 03 04 05 06 07 08 09 0a 0b 0c 0d 0e 0f
                                 007df6c57ed0 b0 d2 2a 57 2a 00 00 00 e4 f0 02 5a 2a 00 00 00
                                 007df6c57ee0 90 d2 2a 57 2a 00 00 00 ac d2 2a 57 2a 00 00 00
                                 007df6c57ef0 20 7f c5 f6 7d 00 00 00 98 c8 ea 59 2a 00 00 00
                                 007df6c57f00 b8 d2 2a 57 2a 00 00 00 00 96 07 57 48 00 00 00
                                 007df6c57f10 00 00 00 00 00 00 00 00 80 d2 2a 57 2a 00 00 00
                                 007df6c57f20 60 7f c5 f6 7d 00 00 00 e4 bd 02 52 2a 00 00 00
                                 007df6c57f30 00 00 00 00 00 00 00 00 00 00 00 00 00 00 00 00
                                 007df6c57f40 00 00 00 00 00 00 00 00 ac 91 07 57 48 00 00 00
                                 007df6c57f50 a8 91 07 57 48 00 00 00 00 90 07 57 48 00 00 00
                                 007df6c57f60 80 7f c5 f6 7d 00 00 00 08 bc 02 52 2a 00 00 00
                                 007df6c57f70 00 90 07 57 48 00 00 00 00 90 07 57 48 00 00 00
                                 007df6c57f80 b0 7f c5 f6 7d 00 00 00 b8 24 eb 59 2a 00 00 00
                                 007df6c57f90 00 00 00 00 00 00 00 00 00 00 00 00 00 00 00 00
                                 007df6c57fa0 00 00 00 00 00 00 00 00 00 90 07 57 48 00 00 00
                                 007df6c57fb0 d0 7f c5 f6 7d 00 00 00 84 69 eb 59 2a 00 00 00
                                 007df6c57fc0 00 00 00 00 00 00 00 00 00 00 00 00 00 00 00 00
    TLS Address:                 000000338a90de00
    TLS Dump:                                 00 01 02 03 04 05 06 07 08 09 0a 0b 0c 0d 0e 0f
                                 00338a90de00 00 00 00 00 00 00 00 00 00 00 00 00 00 00 00 00
                                 00338a90de10 00 00 00 00 00 00 00 00 00 00 00 00 00 00 00 00
                                 00338a90de20 00 00 00 00 00 00 00 00 00 00 00 00 00 00 00 00
                                 00338a90de30 00 00 00 00 00 00 00 00 00 00 00 00 00 00 00 00
                                 00338a90de40 00 00 00 00 00 00 00 00 00 00 00 00 00 00 00 00
                                 00338a90de50 00 00 00 00 00 00 00 00 00 00 00 00 00 00 00 00
                                 00338a90de60 00 00 00 00 00 00 00 00 00 00 00 00 00 00 00 00
                                 00338a90de70 00 00 00 00 00 00 00 00 00 00 00 00 00 00 00 00
                                 00338a90de80 00 00 00 00 00 00 00 00 00 00 00 00 00 00 00 00
                                 00338a90de90 00 00 00 00 00 00 00 00 00 00 00 00 00 00 00 00
                                 00338a90dea0 00 00 00 00 00 00 00 00 00 00 00 00 00 00 00 00
                                 00338a90deb0 00 00 00 00 00 00 00 00 00 00 00 00 00 00 00 00
                                 00338a90dec0 00 00 00 00 00 00 00 00 00 00 00 00 00 00 00 00
                                 00338a90ded0 00 00 00 00 00 00 00 00 00 00 00 00 00 00 00 00
                                 00338a90dee0 00 00 00 00 00 00 00 00 00 00 00 00 00 00 00 00
                                 00338a90def0 00 00 00 00 00 00 00 00 00 00 00 00 00 00 00 00
Threads[22]:
    Thread ID:                   0000000000001c78
    Thread Name:                 AsyncTonePreparer
    Stack Region:                0000007dd4120000-0000007dd4160000
    Registers:
        X[00]:                   000000485c0e98fc
        X[01]:                   000000485c0e9900
        X[02]:                   00000000003781a4
        X[03]:                   ffffffffffffffff
        X[04]:                   0000000000000002
        X[05]:                   0000000000000000
        X[06]:                   0000000000000001
        X[07]:                   0000000000000000
        X[08]:                   0000000000000000
        X[09]:                   0000000000000000
        X[10]:                   0000000000000000
        X[11]:                   0000000000000000
        X[12]:                   0000000000000000
        X[13]:                   0000000000000000
        X[14]:                   0000000000000000
        X[15]:                   0000000000000000
        X[16]:                   0000000000000000
        X[17]:                   0000000000000000
        X[18]:                   0000000000000000
        X[19]:                   0000000000000000
        X[20]:                   0000000000000000
        X[21]:                   0000000000000000
        X[22]:                   0000000000000000
        X[23]:                   0000000000000000
        X[24]:                   0000000000000000
        X[25]:                   0000000000000000
        X[26]:                   0000000000000000
        X[27]:                   0000000000000000
        X[28]:                   0000000000000000
        FP:                      0000007dd415fe50
        LR:                      0000002a59eb7998 (nnSdk + 0x339998) (_ZN2nn2os6detail38InternalConditionVariableImplByHorizon4WaitEPNS1_23InternalCriticalSectionE + 0x48)
        SP:                      0000007dd415fe30
        PC:                      0000002a59f0792c (nnSdk + 0x38992c)
    Stack Trace:
        ReturnAddress[00]:       0000002a59eac898 (nnSdk + 0x32e898) (_ZN2nn2os9WaitEventEPNS0_9EventTypeE + 0x48)
        ReturnAddress[01]:       0000002a54418810 (cross2_Release.nss + 0x2414810)
        ReturnAddress[02]:       0000002a54418780 (cross2_Release.nss + 0x2414780)
        ReturnAddress[03]:       0000002a59eb24b8 (nnSdk + 0x3344b8)
        ReturnAddress[04]:       0000002a59eb6984 (nnSdk + 0x338984)
        ReturnAddress[05]:       0000000000000000
    Stack Dump:                               00 01 02 03 04 05 06 07 08 09 0a 0b 0c 0d 0e 0f
                                 007dd415fe30 00 99 0e 5c 48 00 00 00 e8 b5 b7 56 48 00 00 00
                                 007dd415fe40 e0 98 0e 5c 48 00 00 00 fc 98 0e 5c 48 00 00 00
                                 007dd415fe50 80 fe 15 d4 7d 00 00 00 98 c8 ea 59 2a 00 00 00
                                 007dd415fe60 98 58 24 0b 48 00 00 00 08 ff 15 d4 7d 00 00 00
                                 007dd415fe70 d0 b5 b7 56 48 00 00 00 e8 b5 b7 56 48 00 00 00
                                 007dd415fe80 b0 fe 15 d4 7d 00 00 00 10 88 41 54 2a 00 00 00
                                 007dd415fe90 98 58 24 0b 48 00 00 00 80 58 24 0b 48 00 00 00
                                 007dd415fea0 18 ff 15 d4 7d 00 00 00 d0 b5 b7 56 48 00 00 00
                                 007dd415feb0 80 ff 15 d4 7d 00 00 00 80 87 41 54 2a 00 00 00
                                 007dd415fec0 00 00 00 00 00 00 00 00 00 00 00 00 00 00 00 00
                                 007dd415fed0 50 6d f7 56 2a 00 00 00 00 fb 6c 74 48 00 00 00
                                 007dd415fee0 01 00 00 00 00 65 87 00 00 00 00 00 00 00 00 00
                                 007dd415fef0 00 00 00 00 00 00 00 00 00 00 00 00 00 00 00 00
                                 007dd415ff00 00 00 00 00 00 00 00 00 00 00 00 00 00 00 00 00
                                 007dd415ff10 29 08 12 35 2e 00 00 00 6c 44 f2 ea 2f 00 00 00
                                 007dd415ff20 98 58 24 0b 48 00 00 00 80 58 24 0b 48 00 00 00
    TLS Address:                 0000003cb760b000
    TLS Dump:                                 00 01 02 03 04 05 06 07 08 09 0a 0b 0c 0d 0e 0f
                                 003cb760b000 00 00 00 00 0c 00 00 00 00 00 00 00 00 00 00 00
                                 003cb760b010 00 00 00 00 00 00 00 00 00 00 00 00 00 00 00 00
                                 003cb760b020 53 46 43 4f 00 00 00 00 00 00 00 00 eb ca d2 c4
                                 003cb760b030 00 00 00 00 00 00 00 00 00 00 00 00 00 00 00 00
                                 003cb760b040 28 51 fc 15 00 00 00 00 00 02 00 00 00 00 00 00
                                 003cb760b050 00 00 00 00 00 00 00 00 00 00 00 00 00 00 00 00
                                 003cb760b060 00 00 00 00 00 00 00 00 00 00 00 00 00 00 00 00
                                 003cb760b070 00 00 00 00 00 00 00 00 00 00 00 00 00 00 00 00
                                 003cb760b080 00 00 00 00 00 00 00 00 00 00 00 00 00 00 00 00
                                 003cb760b090 00 00 00 00 00 00 00 00 00 00 00 00 00 00 00 00
                                 003cb760b0a0 00 00 00 00 00 00 00 00 00 00 00 00 00 00 00 00
                                 003cb760b0b0 00 00 00 00 00 00 00 00 00 00 00 00 00 00 00 00
                                 003cb760b0c0 00 00 00 00 00 00 00 00 00 00 00 00 00 00 00 00
                                 003cb760b0d0 00 00 00 00 00 00 00 00 00 00 00 00 00 00 00 00
                                 003cb760b0e0 00 00 00 00 00 00 00 00 00 00 00 00 00 00 00 00
                                 003cb760b0f0 00 00 00 00 00 00 00 00 00 00 00 00 00 00 00 00
Threads[23]:
    Thread ID:                   0000000000001c79
    Thread Name:                 nuscFileAsyncRequest
    Stack Region:                0000007dc4190000-0000007dc4198000
    Registers:
        X[00]:                   0000004856d0a068
        X[01]:                   0000004856d0a074
        X[02]:                   00000000003801a3
        X[03]:                   ffffffffffffffff
        X[04]:                   0000000000000000
        X[05]:                   0000000000000000
        X[06]:                   0000000000000000
        X[07]:                   0000000000000000
        X[08]:                   0000000000000000
        X[09]:                   0000000000000000
        X[10]:                   0000000000000000
        X[11]:                   0000000000000000
        X[12]:                   0000000000000000
        X[13]:                   0000000000000000
        X[14]:                   0000000000000000
        X[15]:                   0000000000000000
        X[16]:                   0000000000000000
        X[17]:                   0000000000000000
        X[18]:                   0000000000000000
        X[19]:                   0000000000000000
        X[20]:                   0000000000000000
        X[21]:                   0000000000000000
        X[22]:                   0000000000000000
        X[23]:                   0000000000000000
        X[24]:                   0000000000000000
        X[25]:                   0000000000000000
        X[26]:                   0000000000000000
        X[27]:                   0000000000000000
        X[28]:                   0000000000000000
        FP:                      0000007dc4197ea0
        LR:                      0000002a59eb7998 (nnSdk + 0x339998) (_ZN2nn2os6detail38InternalConditionVariableImplByHorizon4WaitEPNS1_23InternalCriticalSectionE + 0x48)
        SP:                      0000007dc4197e80
        PC:                      0000002a59f0792c (nnSdk + 0x38992c)
    Stack Trace:
        ReturnAddress[00]:       0000002a59eac464 (nnSdk + 0x32e464) (_ZN2nn2os21WaitConditionVariableEPNS0_21ConditionVariableTypeEPNS0_9MutexTypeE + 0x44)
        ReturnAddress[01]:       0000002a5a02f184 (nnSdk + 0x4b1184) (_ZNSt3__121__libcpp_condvar_waitEPNSt13__libcxx_shim19__libcxx_shim_ver_132__libcxx_shim_condition_variableEPNS1_19__libcxx_shi + 0xc)
        ReturnAddress[02]:       0000002a59fde618 (nnSdk + 0x460618) (_ZNSt3__118condition_variable4waitERNS_11unique_lockINS_5mutexEEE + 0x18)
        ReturnAddress[03]:       0000002a5598a874 (cross2_Release.nss + 0x3986874)
        ReturnAddress[04]:       0000002a559a1634 (cross2_Release.nss + 0x399d634)
        ReturnAddress[05]:       0000002a59eb24b8 (nnSdk + 0x3344b8)
        ReturnAddress[06]:       0000002a59eb6984 (nnSdk + 0x338984)
        ReturnAddress[07]:       0000000000000000
    Stack Dump:                               00 01 02 03 04 05 06 07 08 09 0a 0b 0c 0d 0e 0f
                                 007dc4197e80 00 a0 d0 56 48 00 00 00 14 38 d7 59 2a 00 00 00
                                 007dc4197e90 70 a0 d0 56 48 00 00 00 50 a0 d0 56 48 00 00 00
                                 007dc4197ea0 c0 7e 19 c4 7d 00 00 00 64 c4 ea 59 2a 00 00 00
                                 007dc4197eb0 50 a0 d0 56 48 00 00 00 50 a0 d0 56 48 00 00 00
                                 007dc4197ec0 d0 7e 19 c4 7d 00 00 00 84 f1 02 5a 2a 00 00 00
                                 007dc4197ed0 e0 7e 19 c4 7d 00 00 00 18 e6 fd 59 2a 00 00 00
                                 007dc4197ee0 60 7f 19 c4 7d 00 00 00 74 a8 98 55 2a 00 00 00
                                 007dc4197ef0 41 00 1a 0b 48 00 00 00 60 32 d1 56 48 00 00 00
                                 007dc4197f00 50 a0 d0 56 48 00 00 00 01 00 00 00 00 00 00 00
                                 007dc4197f10 00 00 00 00 00 00 00 00 00 00 00 00 00 00 00 00
                                 007dc4197f20 00 00 00 00 00 00 00 00 00 00 00 00 00 00 00 00
                                 007dc4197f30 00 00 00 00 00 00 00 00 00 00 00 00 00 00 00 00
                                 007dc4197f40 00 00 00 00 00 00 00 00 34 a2 d0 56 48 00 00 00
                                 007dc4197f50 30 a2 d0 56 48 00 00 00 88 a0 d0 56 48 00 00 00
                                 007dc4197f60 80 7f 19 c4 7d 00 00 00 34 16 9a 55 2a 00 00 00
                                 007dc4197f70 88 a0 d0 56 48 00 00 00 88 a0 d0 56 48 00 00 00
    TLS Address:                 0000003cb760b200
    TLS Dump:                                 00 01 02 03 04 05 06 07 08 09 0a 0b 0c 0d 0e 0f
                                 003cb760b200 00 00 00 00 0c 00 00 00 00 00 00 00 00 00 00 00
                                 003cb760b210 00 00 00 00 00 00 00 00 00 00 00 00 00 00 00 00
                                 003cb760b220 53 46 43 4f 00 00 00 00 00 00 00 00 eb ca d2 c4
                                 003cb760b230 00 00 00 00 00 00 00 00 00 00 00 00 00 00 00 00
                                 003cb760b240 48 51 fd 15 00 00 00 00 48 ff 00 00 00 00 00 00
                                 003cb760b250 00 00 00 00 00 00 00 00 00 00 00 00 00 00 00 00
                                 003cb760b260 00 00 00 00 00 00 00 00 00 00 00 00 00 00 00 00
                                 003cb760b270 00 00 00 00 00 00 00 00 00 00 00 00 00 00 00 00
                                 003cb760b280 00 00 00 00 00 00 00 00 00 00 00 00 00 00 00 00
                                 003cb760b290 00 00 00 00 00 00 00 00 00 00 00 00 00 00 00 00
                                 003cb760b2a0 00 00 00 00 00 00 00 00 00 00 00 00 00 00 00 00
                                 003cb760b2b0 00 00 00 00 00 00 00 00 00 00 00 00 00 00 00 00
                                 003cb760b2c0 00 00 00 00 00 00 00 00 00 00 00 00 00 00 00 00
                                 003cb760b2d0 00 00 00 00 00 00 00 00 00 00 00 00 00 00 00 00
                                 003cb760b2e0 00 00 00 00 00 00 00 00 00 00 00 00 00 00 00 00
                                 003cb760b2f0 00 00 00 00 00 00 00 00 00 00 00 00 00 00 00 00
Threads[24]:
    Thread ID:                   0000000000001c7a
    Thread Name:                 nus3::audio update
    Stack Region:                0000007dc4e09000-0000007dc4e29000
    Registers:
        X[00]:                   0000000000000c10
        X[01]:                   00000048245978f8
        X[02]:                   0000004844834458
        X[03]:                   0000004844834458
        X[04]:                   0000000000000001
        X[05]:                   000000485c180000
        X[06]:                   0000000000018000
        X[07]:                   0000007dc4e28e98
        X[08]:                   000000484483445c
        X[09]:                   0000000000000200
        X[10]:                   0000000000000002
        X[11]:                   0000000000000001
        X[12]:                   0000004824597978
        X[13]:                   0000000000000004
        X[14]:                   0000000000000018
        X[15]:                   0000000000000304
        X[16]:                   0000004824597c80
        X[17]:                   0000004824598080
        X[18]:                   000000000000007e
        X[19]:                   0000004844834458
        X[20]:                   0000004844834458
        X[21]:                   0000004824597860
        X[22]:                   0000000000000001
        X[23]:                   00000048245983fc
        X[24]:                   00000048245978f8
        X[25]:                   0000000000000002
        X[26]:                   0000007dc4e288e0
        X[27]:                   0000002a58dd8000
        X[28]:                   0000007dc4e28e70
        FP:                      0000007dc4e28650
        LR:                      0000002a5599bcf8 (cross2_Release.nss + 0x3997cf8)
        SP:                      0000007dc4e28620
        PC:                      0000002a5599c4a4 (cross2_Release.nss + 0x39984a4)
    Stack Trace:
        ReturnAddress[00]:       0000002a5598e524 (cross2_Release.nss + 0x398a524)
        ReturnAddress[01]:       0000002a59eb24b8 (nnSdk + 0x3344b8)
        ReturnAddress[02]:       0000002a59eb6984 (nnSdk + 0x338984)
        ReturnAddress[03]:       0000000000000000
    Stack Dump:                               00 01 02 03 04 05 06 07 08 09 0a 0b 0c 0d 0e 0f
                                 007dc4e28620 64 8b e2 c4 7d 00 00 00 02 00 00 00 00 00 00 00
                                 007dc4e28630 02 00 00 00 00 00 00 00 58 54 83 44 48 00 00 00
                                 007dc4e28640 00 44 83 44 48 00 00 00 58 44 83 44 48 00 00 00
                                 007dc4e28650 80 8f e2 c4 7d 00 00 00 24 e5 98 55 2a 00 00 00
                                 007dc4e28660 00 00 00 00 00 00 00 00 00 00 00 00 00 00 00 00
                                 007dc4e28670 00 00 00 00 00 00 00 3c 00 00 00 43 00 80 3b 47
                                 007dc4e28680 db 0f c9 40 00 80 bb 46 50 88 e2 c4 7d 00 00 00
                                 007dc4e28690 30 88 e2 c4 7d 00 00 00 a9 d3 95 ed 05 b5 00 00
                                 007dc4e286a0 8d 6b 94 ed 05 b5 00 00 60 8a dd 58 2a 00 00 00
                                 007dc4e286b0 74 8e e2 c4 7d 00 00 00 00 8e e2 c4 7d 00 00 00
                                 007dc4e286c0 cd cc 4c 3f cd cc 4c 3f cd cc 4c 3f cd cc 4c 3f
                                 007dc4e286d0 00 00 00 00 00 00 00 00 c8 8e e2 c4 7d 00 00 00
                                 007dc4e286e0 a0 8e e2 c4 7d 00 00 00 00 c0 ae 56 48 00 00 00
                                 007dc4e286f0 00 00 00 00 00 fe ff 46 08 00 00 00 00 00 00 00
                                 007dc4e28700 04 00 18 5c 48 00 00 00 10 00 18 5c 48 00 00 00
                                 007dc4e28710 20 00 00 00 00 00 00 00 08 00 00 00 00 00 00 00
    TLS Address:                 0000003cb760b400
    TLS Dump:                                 00 01 02 03 04 05 06 07 08 09 0a 0b 0c 0d 0e 0f
                                 003cb760b400 00 00 01 00 09 00 00 00 c0 d1 08 00 30 86 e2 c4
                                 003cb760b410 53 46 43 4f 00 00 00 00 00 00 00 00 a5 25 62 61
                                 003cb760b420 01 00 00 00 00 00 00 00 00 00 00 00 00 00 00 00
                                 003cb760b430 00 00 00 00 08 00 00 00 30 86 e2 c4 7d 00 08 00
                                 003cb760b440 00 00 00 00 00 00 00 00 00 00 00 00 00 00 00 00
                                 003cb760b450 00 00 00 00 00 00 00 00 00 00 00 00 00 00 00 00
                                 003cb760b460 00 00 00 00 00 00 00 00 00 00 00 00 00 00 00 00
                                 003cb760b470 00 00 00 00 00 00 00 00 00 00 00 00 00 00 00 00
                                 003cb760b480 00 00 00 00 00 00 00 00 00 00 00 00 00 00 00 00
                                 003cb760b490 00 00 00 00 00 00 00 00 00 00 00 00 00 00 00 00
                                 003cb760b4a0 00 00 00 00 00 00 00 00 00 00 00 00 00 00 00 00
                                 003cb760b4b0 00 00 00 00 00 00 00 00 00 00 00 00 00 00 00 00
                                 003cb760b4c0 00 00 00 00 00 00 00 00 00 00 00 00 00 00 00 00
                                 003cb760b4d0 00 00 00 00 00 00 00 00 00 00 00 00 00 00 00 00
                                 003cb760b4e0 00 00 00 00 00 00 00 00 00 00 00 00 00 00 00 00
                                 003cb760b4f0 00 00 00 00 00 00 00 00 00 00 00 00 00 00 00 00
Threads[25]:
    Thread ID:                   0000000000001c7b
    Thread Name:                 AudioDeviceChange
    Stack Region:                0000007ddf2c8000-0000007ddf308000
    Registers:
        X[00]:                   0000007ddf307d18
        X[01]:                   0000007ddf307d1c
        X[02]:                   0000000000000001
        X[03]:                   0000000000f423cb
        X[04]:                   0000000000000000
        X[05]:                   0000000000000000
        X[06]:                   0000000000000000
        X[07]:                   0000000000000000
        X[08]:                   0000000000000000
        X[09]:                   0000000000000000
        X[10]:                   0000000000000000
        X[11]:                   0000000000000000
        X[12]:                   0000000000000000
        X[13]:                   0000000000000000
        X[14]:                   0000000000000000
        X[15]:                   0000000000000000
        X[16]:                   0000000000000000
        X[17]:                   0000000000000000
        X[18]:                   0000000000000000
        X[19]:                   0000000000000000
        X[20]:                   0000000000000000
        X[21]:                   0000000000000000
        X[22]:                   0000000000000000
        X[23]:                   0000000000000000
        X[24]:                   0000000000000000
        X[25]:                   0000000000000000
        X[26]:                   0000000000000000
        X[27]:                   0000000000000000
        X[28]:                   0000000000000000
        FP:                      0000007ddf307d30
        LR:                      0000002a59eb75c8 (nnSdk + 0x3395c8) (_ZN2nn2os6detail30InterProcessEventImplByHorizon9TimedWaitEjbNS_8TimeSpanE + 0x78)
        SP:                      0000007ddf307cf0
        PC:                      0000002a59f07900 (nnSdk + 0x389900)
    Stack Trace:
        ReturnAddress[00]:       0000002a557445e8 (cross2_Release.nss + 0x37405e8)
        ReturnAddress[01]:       0000002a59eb24b8 (nnSdk + 0x3344b8)
        ReturnAddress[02]:       0000002a59eb6984 (nnSdk + 0x338984)
        ReturnAddress[03]:       0000000000000000
    Stack Dump:                               00 01 02 03 04 05 06 07 08 09 0a 0b 0c 0d 0e 0f
                                 007ddf307cf0 18 7d 30 df 7d 00 00 00 00 00 00 00 00 00 00 00
                                 007ddf307d00 00 00 00 00 00 00 00 00 94 63 db c3 79 03 00 00
                                 007ddf307d10 08 bf 84 54 48 00 00 00 ff ff ff ff 9f 81 3b 00
                                 007ddf307d20 48 c0 84 54 48 00 00 00 00 bf 84 54 48 00 00 00
                                 007ddf307d30 80 7f 30 df 7d 00 00 00 e8 45 74 55 2a 00 00 00
                                 007ddf307d40 00 00 00 00 00 00 00 00 00 00 00 00 00 00 00 00
                                 007ddf307d50 00 00 00 00 00 00 00 00 00 00 00 00 00 00 00 00
                                 007ddf307d60 00 00 00 00 00 00 00 00 00 00 00 00 00 00 00 00
                                 007ddf307d70 00 00 00 00 00 00 00 00 00 00 00 00 00 00 00 00
                                 007ddf307d80 00 00 00 00 00 00 00 00 00 00 00 00 00 00 00 00
                                 007ddf307d90 00 00 00 00 00 00 00 00 00 00 00 00 00 00 00 00
                                 007ddf307da0 00 00 00 00 00 00 00 00 00 00 00 00 00 00 00 00
                                 007ddf307db0 00 00 00 00 00 00 00 00 00 00 00 00 00 00 00 00
                                 007ddf307dc0 00 00 00 00 00 00 00 00 00 00 00 00 00 00 00 00
                                 007ddf307dd0 00 00 00 00 00 00 00 00 00 00 00 00 00 00 00 00
                                 007ddf307de0 00 00 00 00 00 00 00 00 00 00 00 00 00 00 00 00
    TLS Address:                 0000003cb760b600
    TLS Dump:                                 00 01 02 03 04 05 06 07 08 09 0a 0b 0c 0d 0e 0f
                                 003cb760b600 00 00 00 00 00 00 00 00 00 00 00 00 00 00 00 00
                                 003cb760b610 00 00 00 00 00 00 00 00 00 00 00 00 00 00 00 00
                                 003cb760b620 00 00 00 00 00 00 00 00 00 00 00 00 00 00 00 00
                                 003cb760b630 00 00 00 00 00 00 00 00 00 00 00 00 00 00 00 00
                                 003cb760b640 00 00 00 00 00 00 00 00 00 00 00 00 00 00 00 00
                                 003cb760b650 00 00 00 00 00 00 00 00 00 00 00 00 00 00 00 00
                                 003cb760b660 00 00 00 00 00 00 00 00 00 00 00 00 00 00 00 00
                                 003cb760b670 00 00 00 00 00 00 00 00 00 00 00 00 00 00 00 00
                                 003cb760b680 00 00 00 00 00 00 00 00 00 00 00 00 00 00 00 00
                                 003cb760b690 00 00 00 00 00 00 00 00 00 00 00 00 00 00 00 00
                                 003cb760b6a0 00 00 00 00 00 00 00 00 00 00 00 00 00 00 00 00
                                 003cb760b6b0 00 00 00 00 00 00 00 00 00 00 00 00 00 00 00 00
                                 003cb760b6c0 00 00 00 00 00 00 00 00 00 00 00 00 00 00 00 00
                                 003cb760b6d0 00 00 00 00 00 00 00 00 00 00 00 00 00 00 00 00
                                 003cb760b6e0 00 00 00 00 00 00 00 00 00 00 00 00 00 00 00 00
                                 003cb760b6f0 00 00 00 00 00 00 00 00 00 00 00 00 00 00 00 00
Threads[26]:
    Thread ID:                   0000000000001c7c
    Thread Name:                 sindou::update
    Stack Region:                0000007dbcdc7000-0000007dbcdd7000
    Registers:
        X[00]:                   00000000004c4b40
        X[01]:                   00000379c3d7da3d
        X[02]:                   0000000000000000
        X[03]:                   0000000000000000
        X[04]:                   0000000000000000
        X[05]:                   0000000000000000
        X[06]:                   0000000000000000
        X[07]:                   0000000000000000
        X[08]:                   0000000000000000
        X[09]:                   0000000000000000
        X[10]:                   0000000000000000
        X[11]:                   0000000000000000
        X[12]:                   0000000000000000
        X[13]:                   0000000000000000
        X[14]:                   0000000000000000
        X[15]:                   0000000000000000
        X[16]:                   0000000000000000
        X[17]:                   0000000000000000
        X[18]:                   0000000000000000
        X[19]:                   0000000000000000
        X[20]:                   0000000000000000
        X[21]:                   0000000000000000
        X[22]:                   0000000000000000
        X[23]:                   0000000000000000
        X[24]:                   0000000000000000
        X[25]:                   0000000000000000
        X[26]:                   0000000000000000
        X[27]:                   0000000000000000
        X[28]:                   0000000000000000
        FP:                      0000007dbcdd6f80
        LR:                      0000002a5598f698 (cross2_Release.nss + 0x398b698)
        SP:                      0000007dbcdd6f30
        PC:                      0000002a59f0785c (nnSdk + 0x38985c)
    Stack Trace:
        ReturnAddress[00]:       0000002a59eb24b8 (nnSdk + 0x3344b8)
        ReturnAddress[01]:       0000002a59eb6984 (nnSdk + 0x338984)
        ReturnAddress[02]:       0000000000000000
    Stack Dump:                               00 01 02 03 04 05 06 07 08 09 0a 0b 0c 0d 0e 0f
                                 007dbcdd6f00 80 ed 29 57 2a 00 00 00 00 a0 e0 58 2a 00 00 00
                                 007dbcdd6f10 cb 47 33 ed 05 b5 00 00 c4 f2 29 57 2a 00 00 00
                                 007dbcdd6f20 80 6f dd bc 7d 00 00 00 5c f3 98 55 2a 00 00 00
                                 007dbcdd6f30 00 00 00 00 00 00 00 00 00 00 00 00 00 00 00 00
                                 007dbcdd6f40 00 00 00 00 00 00 00 00 00 00 00 00 00 00 00 00
                                 007dbcdd6f50 00 00 00 00 00 00 00 00 00 00 00 00 00 00 00 00
                                 007dbcdd6f60 00 00 00 00 00 00 00 00 ac 92 df 58 2a 00 00 00
                                 007dbcdd6f70 a8 92 df 58 2a 00 00 00 00 91 df 58 2a 00 00 00
                                 007dbcdd6f80 b0 6f dd bc 7d 00 00 00 b8 24 eb 59 2a 00 00 00
                                 007dbcdd6f90 00 00 00 00 00 00 00 00 00 00 00 00 00 00 00 00
                                 007dbcdd6fa0 00 00 00 00 00 00 00 00 00 91 df 58 2a 00 00 00
                                 007dbcdd6fb0 d0 6f dd bc 7d 00 00 00 84 69 eb 59 2a 00 00 00
                                 007dbcdd6fc0 00 00 00 00 00 00 00 00 00 00 00 00 00 00 00 00
                                 007dbcdd6fd0 00 00 00 00 00 00 00 00 00 00 00 00 00 00 00 00
                                 007dbcdd6fe0 50 24 eb 59 2a 00 00 00 00 00 00 00 00 00 00 00
                                 007dbcdd6ff0 00 00 00 00 00 00 00 00 00 00 00 00 00 00 00 00
    TLS Address:                 0000003cb760b800
    TLS Dump:                                 00 01 02 03 04 05 06 07 08 09 0a 0b 0c 0d 0e 0f
                                 003cb760b800 00 00 00 00 00 00 00 00 00 00 00 00 00 00 00 00
                                 003cb760b810 00 00 00 00 00 00 00 00 00 00 00 00 00 00 00 00
                                 003cb760b820 00 00 00 00 00 00 00 00 00 00 00 00 00 00 00 00
                                 003cb760b830 00 00 00 00 00 00 00 00 00 00 00 00 00 00 00 00
                                 003cb760b840 00 00 00 00 00 00 00 00 00 00 00 00 00 00 00 00
                                 003cb760b850 00 00 00 00 00 00 00 00 00 00 00 00 00 00 00 00
                                 003cb760b860 00 00 00 00 00 00 00 00 00 00 00 00 00 00 00 00
                                 003cb760b870 00 00 00 00 00 00 00 00 00 00 00 00 00 00 00 00
                                 003cb760b880 00 00 00 00 00 00 00 00 00 00 00 00 00 00 00 00
                                 003cb760b890 00 00 00 00 00 00 00 00 00 00 00 00 00 00 00 00
                                 003cb760b8a0 00 00 00 00 00 00 00 00 00 00 00 00 00 00 00 00
                                 003cb760b8b0 00 00 00 00 00 00 00 00 00 00 00 00 00 00 00 00
                                 003cb760b8c0 00 00 00 00 00 00 00 00 00 00 00 00 00 00 00 00
                                 003cb760b8d0 00 00 00 00 00 00 00 00 00 00 00 00 00 00 00 00
                                 003cb760b8e0 00 00 00 00 00 00 00 00 00 00 00 00 00 00 00 00
                                 003cb760b8f0 00 00 00 00 00 00 00 00 00 00 00 00 00 00 00 00
Threads[27]:
    Thread ID:                   0000000000001c7d
    Thread Name:                 L2CDynamicModuleManager::thread
    Stack Region:                0000007e02eb6000-0000007e02ef6000
    Registers:
        X[00]:                   000000485c0eb06c
        X[01]:                   000000485c0eb070
        X[02]:                   000000000043819c
        X[03]:                   ffffffffffffffff
        X[04]:                   0000000000000000
        X[05]:                   0000000000000000
        X[06]:                   0000007e02ef5a3c
        X[07]:                   0000000000000000
        X[08]:                   0000000000000000
        X[09]:                   0000000000000000
        X[10]:                   0000000000000000
        X[11]:                   0000000000000000
        X[12]:                   0000000000000000
        X[13]:                   0000000000000000
        X[14]:                   0000000000000000
        X[15]:                   0000000000000000
        X[16]:                   0000000000000000
        X[17]:                   0000000000000000
        X[18]:                   0000000000000000
        X[19]:                   0000000000000000
        X[20]:                   0000000000000000
        X[21]:                   0000000000000000
        X[22]:                   0000000000000000
        X[23]:                   0000000000000000
        X[24]:                   0000000000000000
        X[25]:                   0000000000000000
        X[26]:                   0000000000000000
        X[27]:                   0000000000000000
        X[28]:                   0000000000000000
        FP:                      0000007e02ef5db0
        LR:                      0000002a59eb7998 (nnSdk + 0x339998) (_ZN2nn2os6detail38InternalConditionVariableImplByHorizon4WaitEPNS1_23InternalCriticalSectionE + 0x48)
        SP:                      0000007e02ef5d90
        PC:                      0000002a59f0792c (nnSdk + 0x38992c)
    Stack Trace:
        ReturnAddress[00]:       0000002a59eac898 (nnSdk + 0x32e898) (_ZN2nn2os9WaitEventEPNS0_9EventTypeE + 0x48)
        ReturnAddress[01]:       0000002a542ba680 (cross2_Release.nss + 0x22b6680)
        ReturnAddress[02]:       0000002a59eb24b8 (nnSdk + 0x3344b8)
        ReturnAddress[03]:       0000002a59eb6984 (nnSdk + 0x338984)
        ReturnAddress[04]:       0000000000000000
    Stack Dump:                               00 01 02 03 04 05 06 07 08 09 0a 0b 0c 0d 0e 0f
                                 007e02ef5d90 70 b0 0e 5c 48 00 00 00 a0 a0 90 54 48 00 00 00
                                 007e02ef5da0 50 b0 0e 5c 48 00 00 00 6c b0 0e 5c 48 00 00 00
                                 007e02ef5db0 e0 5d ef 02 7e 00 00 00 98 c8 ea 59 2a 00 00 00
                                 007e02ef5dc0 00 50 33 57 2a 00 00 00 18 00 00 00 00 00 00 00
                                 007e02ef5dd0 a0 a0 90 54 48 00 00 00 05 00 00 00 00 00 00 00
                                 007e02ef5de0 80 5f ef 02 7e 00 00 00 80 a6 2b 54 2a 00 00 00
                                 007e02ef5df0 11 5e ef 02 7e 00 00 00 50 a0 90 54 48 00 00 00
                                 007e02ef5e00 48 a0 90 54 48 00 00 00 00 00 00 00 00 00 00 00
                                 007e02ef5e10 70 72 65 62 75 69 6c 74 3a 2f 6e 72 6f 2f 52 65
                                 007e02ef5e20 6c 65 61 73 65 2f 6c 75 61 32 63 70 70 5f 74 61
                                 007e02ef5e30 6e 74 61 6e 2e 6e 72 6f 00 6f 00 6f 00 00 00 00
                                 007e02ef5e40 00 00 00 00 00 00 00 00 00 00 00 00 00 00 00 00
                                 007e02ef5e50 00 00 00 00 00 00 00 00 00 00 00 00 00 00 00 00
                                 007e02ef5e60 00 00 00 00 00 00 00 00 00 00 00 00 00 00 00 00
                                 007e02ef5e70 00 00 00 00 00 00 00 00 00 00 00 00 00 00 00 00
                                 007e02ef5e80 00 00 00 00 00 00 00 00 00 00 00 00 00 00 00 00
    TLS Address:                 0000003cb760ba00
    TLS Dump:                                 00 01 02 03 04 05 06 07 08 09 0a 0b 0c 0d 0e 0f
                                 003cb760ba00 00 00 00 00 08 00 00 00 01 00 00 00 b8 00 00 00
                                 003cb760ba10 53 46 43 4f 00 00 00 00 00 00 00 00 a9 55 2c a5
                                 003cb760ba20 53 46 43 49 01 00 00 00 01 00 00 00 00 00 00 00
                                 003cb760ba30 00 00 00 00 00 00 00 00 00 60 66 b7 11 00 00 00
                                 003cb760ba40 00 30 4a 00 00 00 00 00 00 00 00 00 00 00 00 00
                                 003cb760ba50 00 00 00 00 00 00 00 00 00 00 00 00 00 00 00 00
                                 003cb760ba60 00 00 00 00 00 00 00 00 00 00 00 00 00 00 00 00
                                 003cb760ba70 00 00 00 00 00 00 00 00 00 00 00 00 00 00 00 00
                                 003cb760ba80 00 00 00 00 00 00 00 00 00 00 00 00 00 00 00 00
                                 003cb760ba90 00 00 00 00 00 00 00 00 00 00 00 00 00 00 00 00
                                 003cb760baa0 00 00 00 00 00 00 00 00 00 00 00 00 00 00 00 00
                                 003cb760bab0 00 00 00 00 00 00 00 00 00 00 00 00 00 00 00 00
                                 003cb760bac0 00 00 00 00 00 00 00 00 00 00 00 00 00 00 00 00
                                 003cb760bad0 00 00 00 00 00 00 00 00 00 00 00 00 00 00 00 00
                                 003cb760bae0 00 00 00 00 00 00 00 00 00 00 00 00 00 00 00 00
                                 003cb760baf0 00 00 00 00 00 00 00 00 00 00 00 00 00 00 00 00
Threads[28]:
    Thread ID:                   0000000000001c7e
    Thread Name:                 SaveStorage
    Stack Region:                0000007e12649000-0000007e12689000
    Registers:
        X[00]:                   000000485c0ee09c
        X[01]:                   000000485c0ee0a0
        X[02]:                   0000000000448199
        X[03]:                   ffffffffffffffff
        X[04]:                   0000000000000000
        X[05]:                   0000000000000000
        X[06]:                   0000000000000000
        X[07]:                   0000000000000000
        X[08]:                   0000000000000000
        X[09]:                   0000000000000000
        X[10]:                   0000000000000000
        X[11]:                   0000000000000000
        X[12]:                   0000000000000000
        X[13]:                   0000000000000000
        X[14]:                   0000000000000000
        X[15]:                   0000000000000000
        X[16]:                   0000000000000000
        X[17]:                   0000000000000000
        X[18]:                   0000000000000000
        X[19]:                   0000000000000000
        X[20]:                   0000000000000000
        X[21]:                   0000000000000000
        X[22]:                   0000000000000000
        X[23]:                   0000000000000000
        X[24]:                   0000000000000000
        X[25]:                   0000000000000000
        X[26]:                   0000000000000000
        X[27]:                   0000000000000000
        X[28]:                   0000000000000000
        FP:                      0000007e12688ef0
        LR:                      0000002a59eb7998 (nnSdk + 0x339998) (_ZN2nn2os6detail38InternalConditionVariableImplByHorizon4WaitEPNS1_23InternalCriticalSectionE + 0x48)
        SP:                      0000007e12688ed0
        PC:                      0000002a59f0792c (nnSdk + 0x38992c)
    Stack Trace:
        ReturnAddress[00]:       0000002a59eac898 (nnSdk + 0x32e898) (_ZN2nn2os9WaitEventEPNS0_9EventTypeE + 0x48)
        ReturnAddress[01]:       0000002a55725b50 (cross2_Release.nss + 0x3721b50)
        ReturnAddress[02]:       0000002a59eb24b8 (nnSdk + 0x3344b8)
        ReturnAddress[03]:       0000002a59eb6984 (nnSdk + 0x338984)
        ReturnAddress[04]:       0000000000000000
    Stack Dump:                               00 01 02 03 04 05 06 07 08 09 0a 0b 0c 0d 0e 0f
                                 007e12688ed0 a0 e0 0e 5c 48 00 00 00 f0 7b 6d 00 48 00 00 00
                                 007e12688ee0 80 e0 0e 5c 48 00 00 00 9c e0 0e 5c 48 00 00 00
                                 007e12688ef0 20 8f 68 12 7e 00 00 00 98 c8 ea 59 2a 00 00 00
                                 007e12688f00 c5 9d 1c 81 00 00 00 00 c0 7b 6d 00 48 00 00 00
                                 007e12688f10 b0 e0 93 57 2a 00 00 00 f0 7b 6d 00 48 00 00 00
                                 007e12688f20 80 8f 68 12 7e 00 00 00 50 5b 72 55 2a 00 00 00
                                 007e12688f30 00 00 00 00 00 00 00 00 00 00 00 00 00 00 00 00
                                 007e12688f40 00 00 00 00 00 00 00 00 00 00 00 00 00 00 00 00
                                 007e12688f50 00 00 00 00 00 00 00 00 00 00 00 00 00 00 00 00
                                 007e12688f60 00 00 00 00 00 00 00 00 bc b6 b9 56 48 00 00 00
                                 007e12688f70 b8 b6 b9 56 48 00 00 00 10 b5 b9 56 48 00 00 00
                                 007e12688f80 b0 8f 68 12 7e 00 00 00 b8 24 eb 59 2a 00 00 00
                                 007e12688f90 00 00 00 00 00 00 00 00 00 00 00 00 00 00 00 00
                                 007e12688fa0 00 00 00 00 00 00 00 00 10 b5 b9 56 48 00 00 00
                                 007e12688fb0 d0 8f 68 12 7e 00 00 00 84 69 eb 59 2a 00 00 00
                                 007e12688fc0 00 00 00 00 00 00 00 00 00 00 00 00 00 00 00 00
    TLS Address:                 0000003cb760bc00
    TLS Dump:                                 00 01 02 03 04 05 06 07 08 09 0a 0b 0c 0d 0e 0f
                                 003cb760bc00 00 00 00 00 0c 00 00 00 00 00 00 00 00 00 00 00
                                 003cb760bc10 00 00 00 00 00 00 00 00 00 00 00 00 00 00 00 00
                                 003cb760bc20 53 46 43 4f 00 00 00 00 00 00 00 00 e7 59 ea d4
                                 003cb760bc30 00 00 00 00 00 00 00 00 01 00 00 00 00 00 00 00
                                 003cb760bc40 01 00 00 00 00 00 00 00 28 0d 01 00 00 00 00 00
                                 003cb760bc50 80 46 54 00 00 00 00 00 00 00 00 00 00 00 00 00
                                 003cb760bc60 00 00 00 00 00 00 00 00 00 00 00 00 00 00 00 00
                                 003cb760bc70 00 00 00 00 00 00 00 00 00 00 00 00 00 00 00 00
                                 003cb760bc80 00 00 00 00 00 00 00 00 00 00 00 00 00 00 00 00
                                 003cb760bc90 00 00 00 00 00 00 00 00 00 00 00 00 00 00 00 00
                                 003cb760bca0 00 00 00 00 00 00 00 00 00 00 00 00 00 00 00 00
                                 003cb760bcb0 00 00 00 00 00 00 00 00 00 00 00 00 00 00 00 00
                                 003cb760bcc0 00 00 00 00 00 00 00 00 00 00 00 00 00 00 00 00
                                 003cb760bcd0 00 00 00 00 00 00 00 00 00 00 00 00 00 00 00 00
                                 003cb760bce0 00 00 00 00 00 00 00 00 00 00 00 00 00 00 00 00
                                 003cb760bcf0 00 00 00 00 00 00 00 00 00 00 00 00 00 00 00 00
Threads[29]:
    Thread ID:                   0000000000001c80
    Thread Name:                 NetSystem
    Stack Region:                0000007ddbfe2000-0000007ddc022000
    Registers:
        X[00]:                   00000000004c4b40
        X[01]:                   000000482f1836b0
        X[02]:                   000000482f848a08
        X[03]:                   00000000ffffffff
        X[04]:                   000000000000012c
        X[05]:                   0000000000000000
        X[06]:                   0000000000000000
        X[07]:                   0000000000000000
        X[08]:                   0000000000000000
        X[09]:                   0000000000000000
        X[10]:                   0000000000000000
        X[11]:                   0000000000000000
        X[12]:                   0000000000000000
        X[13]:                   0000000000000000
        X[14]:                   0000000000000000
        X[15]:                   0000000000000000
        X[16]:                   0000000000000000
        X[17]:                   0000000000000000
        X[18]:                   0000000000000000
        X[19]:                   0000000000000000
        X[20]:                   0000000000000000
        X[21]:                   0000000000000000
        X[22]:                   0000000000000000
        X[23]:                   0000000000000000
        X[24]:                   0000000000000000
        X[25]:                   0000000000000000
        X[26]:                   0000000000000000
        X[27]:                   0000000000000000
        X[28]:                   0000000000000000
        FP:                      0000007ddc021f80
        LR:                      0000002a55711ab4 (cross2_Release.nss + 0x370dab4)
        SP:                      0000007ddc021d70
        PC:                      0000002a59f0785c (nnSdk + 0x38985c)
    Stack Trace:
        ReturnAddress[00]:       0000002a59eb24b8 (nnSdk + 0x3344b8)
        ReturnAddress[01]:       0000002a59eb6984 (nnSdk + 0x338984)
        ReturnAddress[02]:       0000000000000000
    Stack Dump:                               00 01 02 03 04 05 06 07 08 09 0a 0b 0c 0d 0e 0f
                                 007ddc021d70 fc 1e 02 dc 7d 00 00 00 e4 1e 02 dc 7d 00 00 00
                                 007ddc021d80 c8 ac c6 2e 48 00 00 00 d0 cc c6 2e 48 00 00 00
                                 007ddc021d90 28 2f 09 2f 48 00 00 00 2c 01 00 00 00 00 00 00
                                 007ddc021da0 94 1e 02 dc 7d 00 00 00 e0 ec e6 2e 48 00 00 00
                                 007ddc021db0 e8 ec 06 2f 48 00 00 00 00 90 42 03 48 00 00 00
                                 007ddc021dc0 e0 ec 06 2f 48 00 00 00 e8 ec 08 2f 48 00 00 00
                                 007ddc021dd0 8c 1e 02 dc 7d 00 00 00 40 90 42 03 48 00 00 00
                                 007ddc021de0 e0 ae 42 03 48 00 00 00 d8 ac 42 03 48 00 00 00
                                 007ddc021df0 d0 aa 42 03 48 00 00 00 c8 a8 42 03 48 00 00 00
                                 007ddc021e00 c0 a6 42 03 48 00 00 00 b8 a4 42 03 48 00 00 00
                                 007ddc021e10 b0 a2 42 03 48 00 00 00 a8 a0 42 03 48 00 00 00
                                 007ddc021e20 a0 9e 42 03 48 00 00 00 98 9c 42 03 48 00 00 00
                                 007ddc021e30 90 9a 42 03 48 00 00 00 88 98 42 03 48 00 00 00
                                 007ddc021e40 80 96 42 03 48 00 00 00 78 94 42 03 48 00 00 00
                                 007ddc021e50 70 92 42 03 48 00 00 00 68 90 42 03 48 00 00 00
                                 007ddc021e60 f0 2c 09 2f 48 00 00 00 a0 a0 42 03 48 00 00 00
    TLS Address:                 0000003cb760be00
    TLS Dump:                                 00 01 02 03 04 05 06 07 08 09 0a 0b 0c 0d 0e 0f
                                 003cb760be00 00 00 00 00 0e 08 e0 03 00 00 00 00 00 00 00 00
                                 003cb760be10 00 00 00 00 00 00 00 00 00 00 00 00 00 00 00 00
                                 003cb760be20 53 46 43 4f 00 00 00 00 00 00 00 00 91 ab e3 ac
                                 003cb760be30 00 00 00 00 00 00 00 00 00 00 00 00 00 00 00 00
                                 003cb760be40 05 00 00 00 ff ff 00 00 20 00 00 00 00 00 00 00
                                 003cb760be50 00 00 00 00 00 00 00 00 00 00 00 00 00 00 00 00
                                 003cb760be60 00 00 00 00 00 00 00 00 00 00 00 00 00 00 00 00
                                 003cb760be70 00 00 00 00 00 00 00 00 00 00 00 00 00 00 00 00
                                 003cb760be80 00 00 00 00 00 00 00 00 00 00 00 00 00 00 00 00
                                 003cb760be90 00 00 00 00 00 00 00 00 00 00 00 00 00 00 00 00
                                 003cb760bea0 00 00 00 00 00 00 00 00 00 00 00 00 00 00 00 00
                                 003cb760beb0 00 00 00 00 00 00 00 00 00 00 00 00 00 00 00 00
                                 003cb760bec0 00 00 00 00 00 00 00 00 00 00 00 00 00 00 00 00
                                 003cb760bed0 00 00 00 00 00 00 00 00 00 00 00 00 00 00 00 00
                                 003cb760bee0 00 00 00 00 00 00 00 00 00 00 00 00 00 00 00 00
                                 003cb760bef0 00 00 00 00 00 00 00 00 00 00 00 00 00 00 00 00
Threads[30]:
    Thread ID:                   0000000000001c81
    Thread Name:                 NEX TransportBufferThread(send)
    Stack Region:                0000007df35c9000-0000007df35d9000
    Registers:
        X[00]:                   000000482a4eb310
        X[01]:                   000000482a4b8094
        X[02]:                   0000000000ca8196
        X[03]:                   ffffffffffffffff
        X[04]:                   0000000000000000
        X[05]:                   0000000000000000
        X[06]:                   0000000000000000
        X[07]:                   0000000000000000
        X[08]:                   0000000000000000
        X[09]:                   0000000000000000
        X[10]:                   0000000000000000
        X[11]:                   0000000000000000
        X[12]:                   0000000000000000
        X[13]:                   0000000000000000
        X[14]:                   0000000000000000
        X[15]:                   0000000000000000
        X[16]:                   0000000000000000
        X[17]:                   0000000000000000
        X[18]:                   0000000000000000
        X[19]:                   0000000000000000
        X[20]:                   0000000000000000
        X[21]:                   0000000000000000
        X[22]:                   0000000000000000
        X[23]:                   0000000000000000
        X[24]:                   0000000000000000
        X[25]:                   0000000000000000
        X[26]:                   0000000000000000
        X[27]:                   0000000000000000
        X[28]:                   0000000000000000
        FP:                      0000007df35d8ec0
        LR:                      0000002a59eb7998 (nnSdk + 0x339998) (_ZN2nn2os6detail38InternalConditionVariableImplByHorizon4WaitEPNS1_23InternalCriticalSectionE + 0x48)
        SP:                      0000007df35d8ea0
        PC:                      0000002a59f0792c (nnSdk + 0x38992c)
    Stack Trace:
        ReturnAddress[00]:       0000002a59eac464 (nnSdk + 0x32e464) (_ZN2nn2os21WaitConditionVariableEPNS0_21ConditionVariableTypeEPNS0_9MutexTypeE + 0x44)
        ReturnAddress[01]:       0000002a521b8478 (cross2_Release.nss + 0x1b4478)
        ReturnAddress[02]:       0000002a521fa7fc (cross2_Release.nss + 0x1f67fc)
        ReturnAddress[03]:       0000002a521b65e4 (cross2_Release.nss + 0x1b25e4)
        ReturnAddress[04]:       0000002a59eb24b8 (nnSdk + 0x3344b8)
        ReturnAddress[05]:       0000002a59eb6984 (nnSdk + 0x338984)
        ReturnAddress[06]:       0000000000000000
    Stack Dump:                               00 01 02 03 04 05 06 07 08 09 0a 0b 0c 0d 0e 0f
                                 007df35d8ea0 d8 b2 4e 2a 48 00 00 00 1b 19 4f ff 1a 19 50 ff
                                 007df35d8eb0 e8 b2 4e 2a 48 00 00 00 f8 b2 4e 2a 48 00 00 00
                                 007df35d8ec0 e0 8e 5d f3 7d 00 00 00 64 c4 ea 59 2a 00 00 00
                                 007df35d8ed0 e0 b2 4e 2a 48 00 00 00 08 b1 4e 2a 48 00 00 00
                                 007df35d8ee0 00 8f 5d f3 7d 00 00 00 78 84 1b 52 2a 00 00 00
                                 007df35d8ef0 10 b0 4e 2a 48 00 00 00 10 b0 4e 2a 48 00 00 00
                                 007df35d8f00 50 8f 5d f3 7d 00 00 00 fc a7 1f 52 2a 00 00 00
                                 007df35d8f10 00 00 00 00 00 00 00 00 08 00 00 00 00 00 00 00
                                 007df35d8f20 00 00 00 00 00 00 00 00 00 00 00 00 00 00 00 00
                                 007df35d8f30 00 00 00 00 00 00 00 00 bc 21 50 2a 48 00 00 00
                                 007df35d8f40 0c 11 2b 57 2a 00 00 00 30 31 46 2a 48 00 00 00
                                 007df35d8f50 80 8f 5d f3 7d 00 00 00 e4 65 1b 52 2a 00 00 00
                                 007df35d8f60 ff ff ff ff ff ff ff ff 30 31 46 2a 48 00 00 00
                                 007df35d8f70 b8 21 50 2a 48 00 00 00 10 20 50 2a 48 00 00 00
                                 007df35d8f80 b0 8f 5d f3 7d 00 00 00 b8 24 eb 59 2a 00 00 00
                                 007df35d8f90 00 00 00 00 00 00 00 00 ff ff ff ff ff ff ff ff
    TLS Address:                 000000367cb74000
    TLS Dump:                                 00 01 02 03 04 05 06 07 08 09 0a 0b 0c 0d 0e 0f
                                 00367cb74000 00 00 00 00 0d 00 00 00 00 00 00 00 00 00 00 00
                                 00367cb74010 00 00 00 00 00 00 00 00 00 00 00 00 00 00 00 00
                                 00367cb74020 53 46 43 4f 00 00 00 00 00 00 00 00 aa d9 b8 a9
                                 00367cb74030 16 00 00 00 00 00 00 00 00 00 00 00 00 00 00 00
                                 00367cb74040 00 00 00 00 00 00 00 00 00 00 00 00 00 00 00 00
                                 00367cb74050 00 00 00 00 00 00 00 00 00 00 00 00 00 00 00 00
                                 00367cb74060 00 00 00 00 00 00 00 00 00 00 00 00 00 00 00 00
                                 00367cb74070 00 00 00 00 00 00 00 00 00 00 00 00 00 00 00 00
                                 00367cb74080 00 00 00 00 00 00 00 00 00 00 00 00 00 00 00 00
                                 00367cb74090 00 00 00 00 00 00 00 00 00 00 00 00 00 00 00 00
                                 00367cb740a0 00 00 00 00 00 00 00 00 00 00 00 00 00 00 00 00
                                 00367cb740b0 00 00 00 00 00 00 00 00 00 00 00 00 00 00 00 00
                                 00367cb740c0 00 00 00 00 00 00 00 00 00 00 00 00 00 00 00 00
                                 00367cb740d0 00 00 00 00 00 00 00 00 00 00 00 00 00 00 00 00
                                 00367cb740e0 00 00 00 00 00 00 00 00 00 00 00 00 00 00 00 00
                                 00367cb740f0 00 00 00 00 00 00 00 00 00 00 00 00 00 00 00 00
Threads[31]:
    Thread ID:                   0000000000001c83
    Thread Name:                 NEX TransportBufferThread(recv 
    Stack Region:                0000007e1dbf2000-0000007e1dc02000
    Registers:
        X[00]:                   00000000001481dd
        X[01]:                   000000367cb74200
        X[02]:                   00000000001481dd
        X[03]:                   0000007e1dc019c0
        X[04]:                   0000000000000fe0
        X[05]:                   0000000000000019
        X[06]:                   000000367cb74200
        X[07]:                   0000000000000001
        X[08]:                   0000000000000000
        X[09]:                   0000000000000000
        X[10]:                   0000000000000000
        X[11]:                   0000000000000000
        X[12]:                   0000000000000000
        X[13]:                   0000000000000000
        X[14]:                   0000000000000000
        X[15]:                   0000000000000000
        X[16]:                   0000000000000000
        X[17]:                   0000000000000000
        X[18]:                   0000000000000000
        X[19]:                   0000000000000000
        X[20]:                   0000000000000000
        X[21]:                   0000000000000000
        X[22]:                   0000000000000000
        X[23]:                   0000000000000000
        X[24]:                   0000000000000000
        X[25]:                   0000000000000000
        X[26]:                   0000000000000000
        X[27]:                   0000000000000000
        X[28]:                   0000000000000000
        FP:                      0000007e1dc01930
        LR:                      0000002a59ee5684 (nnSdk + 0x367684) (_ZN2nn2sf4hipc15SendSyncRequestENS_3svc6HandleEPvm + 0x34)
        SP:                      0000007e1dc01930
        PC:                      0000002a59f07954 (nnSdk + 0x389954)
    Stack Trace:
        ReturnAddress[00]:       0000002a59ef9160 (nnSdk + 0x37b160) (_ZN2nn2sf4cmif6client34CmifDomainProxyClientCoreProcessorINS0_4hipc6client38Hipc2ClientSessionManagedProxyKindBaseINS5_18Hipc2P + 0x160)
        ReturnAddress[01]:       0000002a59ef8160 (nnSdk + 0x37a160)
        ReturnAddress[02]:       0000002a59ef2928 (nnSdk + 0x374928) (_ZN2nn6socket6detail4PollEP6pollfdmi + 0xa8)
        ReturnAddress[03]:       0000002a521c1874 (cross2_Release.nss + 0x1bd874)
        ReturnAddress[04]:       0000002a521c2a7c (cross2_Release.nss + 0x1bea7c)
        ReturnAddress[05]:       0000002a521fb564 (cross2_Release.nss + 0x1f7564)
        ReturnAddress[06]:       0000002a521fb76c (cross2_Release.nss + 0x1f776c)
        ReturnAddress[07]:       0000002a521b65e4 (cross2_Release.nss + 0x1b25e4)
        ReturnAddress[08]:       0000002a59eb24b8 (nnSdk + 0x3344b8)
        ReturnAddress[09]:       0000002a59eb6984 (nnSdk + 0x338984)
        ReturnAddress[10]:       0000000000000000
    Stack Dump:                               00 01 02 03 04 05 06 07 08 09 0a 0b 0c 0d 0e 0f
                                 007e1dc01930 50 1a c0 1d 7e 00 00 00 60 91 ef 59 2a 00 00 00
                                 007e1dc01940 72 ad 08 00 00 00 00 00 a4 1a c0 1d 7e 00 00 00
                                 007e1dc01950 a0 1a c0 1d 7e 00 00 00 01 00 00 00 00 00 11 01
                                 007e1dc01960 0f 0c 00 00 00 00 00 00 00 00 00 00 00 00 00 00
                                 007e1dc01970 00 00 00 00 02 00 00 00 04 00 00 00 07 00 00 00
                                 007e1dc01980 00 00 00 00 0a 00 00 00 19 00 00 00 1b 00 00 00
                                 007e1dc01990 00 00 00 00 00 00 00 00 00 00 00 00 00 00 00 00
                                 007e1dc019a0 00 00 00 00 02 00 00 00 00 00 00 00 00 00 00 00
                                 007e1dc019b0 00 00 00 00 04 00 00 00 12 00 00 00 14 00 00 00
                                 007e1dc019c0 21 00 00 00 22 00 00 00 d0 1a c0 1d 7e 00 00 00
                                 007e1dc019d0 08 00 00 00 00 00 00 00 d0 1a c0 1d 7e 00 00 00
                                 007e1dc019e0 08 00 00 00 00 00 00 00 58 19 c0 1d 7e 00 00 00
                                 007e1dc019f0 00 42 b7 7c 36 00 00 00 00 00 00 00 00 00 00 00
                                 007e1dc01a00 48 1d c0 1d 7e 00 00 00 00 00 00 00 00 00 00 00
                                 007e1dc01a10 01 00 00 00 00 00 00 00 04 00 00 00 00 00 00 00
                                 007e1dc01a20 60 1d c0 1d 7e 00 00 00 dc 1a c0 1d 7e 00 00 00
    TLS Address:                 000000367cb74200
    TLS Dump:                                 00 01 02 03 04 05 06 07 08 09 0a 0b 0c 0d 0e 0f
                                 00367cb74200 06 00 11 01 0f 0c 00 00 c0 e1 08 00 d0 1a c0 1d
                                 00367cb74210 00 00 00 00 00 00 00 00 00 00 00 00 00 00 00 00
                                 00367cb74220 00 00 00 00 00 00 00 00 00 00 00 00 91 ab e3 ac
                                 00367cb74230 01 00 18 00 01 00 00 00 00 00 00 00 00 00 00 00
                                 00367cb74240 53 46 43 49 01 00 00 00 06 00 00 00 00 00 00 00
                                 00367cb74250 01 00 00 00 64 00 00 00 00 00 00 00 00 00 00 00
                                 00367cb74260 08 00 00 00 d0 1a c0 1d 7e 00 08 00 00 00 00 00
                                 00367cb74270 00 00 00 00 00 00 00 00 00 00 00 00 00 00 00 00
                                 00367cb74280 00 00 00 00 00 00 00 00 00 00 00 00 00 00 00 00
                                 00367cb74290 00 00 00 00 00 00 00 00 00 00 00 00 00 00 00 00
                                 00367cb742a0 00 00 00 00 00 00 00 00 00 00 00 00 00 00 00 00
                                 00367cb742b0 00 00 00 00 00 00 00 00 00 00 00 00 00 00 00 00
                                 00367cb742c0 00 00 00 00 00 00 00 00 00 00 00 00 00 00 00 00
                                 00367cb742d0 00 00 00 00 00 00 00 00 00 00 00 00 00 00 00 00
                                 00367cb742e0 00 00 00 00 00 00 00 00 00 00 00 00 00 00 00 00
                                 00367cb742f0 00 00 00 00 00 00 00 00 00 00 00 00 00 00 00 00
Threads[32]:
    Thread ID:                   0000000000001d07
    Thread Name:                 Pia BackgroundScheduler
    Stack Region:                0000007db46e1000-0000007db46e6000
    Registers:
        X[00]:                   000000482f183894
        X[01]:                   000000482f183898
        X[02]:                   0000000001480189
        X[03]:                   ffffffffffffffff
        X[04]:                   0000000000000000
        X[05]:                   0000000000000000
        X[06]:                   0000000000000000
        X[07]:                   0000000000000000
        X[08]:                   0000000000000000
        X[09]:                   0000000000000000
        X[10]:                   0000000000000000
        X[11]:                   0000000000000000
        X[12]:                   0000000000000000
        X[13]:                   0000000000000000
        X[14]:                   0000000000000000
        X[15]:                   0000000000000000
        X[16]:                   0000000000000000
        X[17]:                   0000000000000000
        X[18]:                   0000000000000000
        X[19]:                   0000000000000000
        X[20]:                   0000000000000000
        X[21]:                   0000000000000000
        X[22]:                   0000000000000000
        X[23]:                   0000000000000000
        X[24]:                   0000000000000000
        X[25]:                   0000000000000000
        X[26]:                   0000000000000000
        X[27]:                   0000000000000000
        X[28]:                   0000000000000000
        FP:                      0000007db46e5ec0
        LR:                      0000002a59eb7998 (nnSdk + 0x339998) (_ZN2nn2os6detail38InternalConditionVariableImplByHorizon4WaitEPNS1_23InternalCriticalSectionE + 0x48)
        SP:                      0000007db46e5ea0
        PC:                      0000002a59f0792c (nnSdk + 0x38992c)
    Stack Trace:
        ReturnAddress[00]:       0000002a59eac898 (nnSdk + 0x32e898) (_ZN2nn2os9WaitEventEPNS0_9EventTypeE + 0x48)
        ReturnAddress[01]:       0000002a520baddc (cross2_Release.nss + 0xb6ddc)
        ReturnAddress[02]:       0000002a5213f620 (cross2_Release.nss + 0x13b620)
        ReturnAddress[03]:       0000002a5214008c (cross2_Release.nss + 0x13c08c)
        ReturnAddress[04]:       0000002a59eb24b8 (nnSdk + 0x3344b8)
        ReturnAddress[05]:       0000002a59eb6984 (nnSdk + 0x338984)
        ReturnAddress[06]:       0000000000000000
    Stack Dump:                               00 01 02 03 04 05 06 07 08 09 0a 0b 0c 0d 0e 0f
                                 007db46e5ea0 98 38 18 2f 48 00 00 00 78 b6 84 2f 48 00 00 00
                                 007db46e5eb0 78 38 18 2f 48 00 00 00 94 38 18 2f 48 00 00 00
                                 007db46e5ec0 f0 5e 6e b4 7d 00 00 00 98 c8 ea 59 2a 00 00 00
                                 007db46e5ed0 a8 38 18 2f 48 00 00 00 38 37 18 2f 48 00 00 00
                                 007db46e5ee0 58 37 18 2f 48 00 00 00 f0 36 18 2f 48 00 00 00
                                 007db46e5ef0 40 5f 6e b4 7d 00 00 00 dc ad 0b 52 2a 00 00 00
                                 007db46e5f00 00 00 00 00 00 00 00 00 a5 17 0a 4b 78 03 00 00
                                 007db46e5f10 00 00 00 00 00 00 00 00 00 00 00 00 00 00 00 00
                                 007db46e5f20 00 00 00 00 00 00 00 00 cc 91 18 2f 48 00 00 00
                                 007db46e5f30 88 37 18 2f 48 00 00 00 58 37 18 2f 48 00 00 00
                                 007db46e5f40 60 5f 6e b4 7d 00 00 00 20 f6 13 52 2a 00 00 00
                                 007db46e5f50 1e 00 00 00 00 00 00 00 58 37 18 2f 48 00 00 00
                                 007db46e5f60 80 5f 6e b4 7d 00 00 00 8c 00 14 52 2a 00 00 00
                                 007db46e5f70 c8 91 18 2f 48 00 00 00 20 90 18 2f 48 00 00 00
                                 007db46e5f80 b0 5f 6e b4 7d 00 00 00 b8 24 eb 59 2a 00 00 00
                                 007db46e5f90 00 00 00 00 00 00 00 00 00 00 00 00 00 00 00 00
    TLS Address:                 000000367cb74800
    TLS Dump:                                 00 01 02 03 04 05 06 07 08 09 0a 0b 0c 0d 0e 0f
                                 00367cb74800 00 00 00 00 0c 08 e0 03 00 00 00 00 00 00 00 00
                                 00367cb74810 00 00 00 00 00 00 00 00 00 00 00 00 00 00 00 00
                                 00367cb74820 53 46 43 4f 00 00 00 00 00 00 00 00 7a c5 9f e8
                                 00367cb74830 00 00 00 00 00 00 00 00 00 00 00 00 00 00 00 00
                                 00367cb74840 53 46 43 49 01 00 00 00 ce 29 00 00 00 00 00 00
                                 00367cb74850 68 bb 95 11 28 6d 00 10 b0 d7 45 ce f1 a8 78 41
                                 00367cb74860 00 00 00 00 00 00 00 00 00 00 00 00 00 00 00 00
                                 00367cb74870 00 00 00 00 00 00 00 00 00 00 00 00 00 00 00 00
                                 00367cb74880 00 00 00 00 00 00 00 00 00 00 00 00 00 00 00 00
                                 00367cb74890 00 00 00 00 00 00 00 00 00 00 00 00 00 00 00 00
                                 00367cb748a0 00 00 00 00 00 00 00 00 00 00 00 00 00 00 00 00
                                 00367cb748b0 00 00 00 00 00 00 00 00 00 00 00 00 00 00 00 00
                                 00367cb748c0 00 00 00 00 00 00 00 00 00 00 00 00 00 00 00 00
                                 00367cb748d0 00 00 00 00 00 00 00 00 00 00 00 00 00 00 00 00
                                 00367cb748e0 00 00 00 00 00 00 00 00 00 00 00 00 00 00 00 00
                                 00367cb748f0 00 00 00 00 00 00 00 00 00 00 00 00 00 00 00 00
Threads[33]:
    Thread ID:                   0000000000001d08
    Thread Name:                 Pia ReceiveThreadStream
    Stack Region:                0000007dbc86a000-0000007dbc86e000
    Registers:
        X[00]:                   000000482f1914ec
        X[01]:                   000000482f1914f0
        X[02]:                   000000000148818d
        X[03]:                   00000000004c4aa3
        X[04]:                   0000000000000000
        X[05]:                   0000000000000000
        X[06]:                   0000000000000000
        X[07]:                   0000000000000000
        X[08]:                   0000000000000000
        X[09]:                   0000000000000000
        X[10]:                   0000000000000000
        X[11]:                   0000000000000000
        X[12]:                   0000000000000000
        X[13]:                   0000000000000000
        X[14]:                   0000000000000000
        X[15]:                   0000000000000000
        X[16]:                   0000000000000000
        X[17]:                   0000000000000000
        X[18]:                   0000000000000000
        X[19]:                   0000000000000000
        X[20]:                   0000000000000000
        X[21]:                   0000000000000000
        X[22]:                   0000000000000000
        X[23]:                   0000000000000000
        X[24]:                   0000000000000000
        X[25]:                   0000000000000000
        X[26]:                   0000000000000000
        X[27]:                   0000000000000000
        X[28]:                   0000000000000000
        FP:                      0000007dbc86de70
        LR:                      0000002a59eb7a54 (nnSdk + 0x339a54) (_ZN2nn2os6detail38InternalConditionVariableImplByHorizon9TimedWaitEPNS1_23InternalCriticalSectionERKNS1_13TimeoutHelperE + 0x64)
        SP:                      0000007dbc86de40
        PC:                      0000002a59f0792c (nnSdk + 0x38992c)
    Stack Trace:
        ReturnAddress[00]:       0000002a59eac9ac (nnSdk + 0x32e9ac) (_ZN2nn2os14TimedWaitEventEPNS0_9EventTypeENS_8TimeSpanE + 0x8c)
        ReturnAddress[01]:       0000002a52168ae4 (cross2_Release.nss + 0x164ae4)
        ReturnAddress[02]:       0000002a5213f620 (cross2_Release.nss + 0x13b620)
        ReturnAddress[03]:       0000002a5214008c (cross2_Release.nss + 0x13c08c)
        ReturnAddress[04]:       0000002a59eb24b8 (nnSdk + 0x3344b8)
        ReturnAddress[05]:       0000002a59eb6984 (nnSdk + 0x338984)
        ReturnAddress[06]:       0000000000000000
    Stack Dump:                               00 01 02 03 04 05 06 07 08 09 0a 0b 0c 0d 0e 0f
                                 007dbc86de40 64 de 86 bc 7d 00 00 00 d8 de 86 bc 7d 00 00 00
                                 007dbc86de50 00 00 00 00 00 00 00 00 f0 14 19 2f 48 00 00 00
                                 007dbc86de60 ec 14 19 2f 48 00 00 00 d0 14 19 2f 48 00 00 00
                                 007dbc86de70 b0 de 86 bc 7d 00 00 00 ac c9 ea 59 2a 00 00 00
                                 007dbc86de80 48 c1 49 56 2a 00 00 00 57 94 d9 c3 79 03 00 00
                                 007dbc86de90 cc de 86 bc 7d 00 00 00 b0 14 19 2f 48 00 00 00
                                 007dbc86dea0 60 19 19 2f 48 00 00 00 58 14 19 2f 48 00 00 00
                                 007dbc86deb0 40 df 86 bc 7d 00 00 00 e4 8a 16 52 2a 00 00 00
                                 007dbc86dec0 00 15 19 2f 48 00 00 00 09 2c 00 00 01 00 00 00
                                 007dbc86ded0 00 00 00 00 00 00 00 00 09 2c 00 00 01 00 00 00
                                 007dbc86dee0 00 00 00 00 48 00 00 00 00 00 00 00 48 00 00 00
                                 007dbc86def0 00 00 00 00 00 00 00 00 00 00 00 00 00 00 00 00
                                 007dbc86df00 00 00 00 00 00 00 00 00 00 00 00 00 00 00 00 00
                                 007dbc86df10 00 00 00 00 00 00 00 00 00 00 00 00 00 00 00 00
                                 007dbc86df20 00 00 00 00 00 00 00 00 cc 61 19 2f 48 00 00 00
                                 007dbc86df30 90 19 19 2f 48 00 00 00 60 19 19 2f 48 00 00 00
    TLS Address:                 000000367cb74a00
    TLS Dump:                                 00 01 02 03 04 05 06 07 08 09 0a 0b 0c 0d 0e 0f
                                 00367cb74a00 00 00 02 00 0f 08 e0 03 00 81 c0 05 b0 3b 1c 2f
                                 00367cb74a10 c1 d1 10 00 10 dc 86 bc 00 00 00 00 00 00 00 00
                                 00367cb74a20 00 00 00 00 00 00 00 00 00 00 00 00 00 00 00 00
                                 00367cb74a30 53 46 43 4f 00 00 00 00 00 00 00 00 91 ab e3 ac
                                 00367cb74a40 ff ff ff ff 0b 00 00 00 00 00 00 00 00 00 00 00
                                 00367cb74a50 00 00 00 00 00 00 00 00 c0 05 10 00 b0 3b 1c 2f
                                 00367cb74a60 48 00 c0 05 10 dc 86 bc 7d 00 10 00 00 00 00 00
                                 00367cb74a70 00 00 00 00 00 00 00 00 00 00 00 00 00 00 00 00
                                 00367cb74a80 00 00 00 00 00 00 00 00 00 00 00 00 00 00 00 00
                                 00367cb74a90 00 00 00 00 00 00 00 00 00 00 00 00 00 00 00 00
                                 00367cb74aa0 00 00 00 00 00 00 00 00 00 00 00 00 00 00 00 00
                                 00367cb74ab0 00 00 00 00 00 00 00 00 00 00 00 00 00 00 00 00
                                 00367cb74ac0 00 00 00 00 00 00 00 00 00 00 00 00 00 00 00 00
                                 00367cb74ad0 00 00 00 00 00 00 00 00 00 00 00 00 00 00 00 00
                                 00367cb74ae0 00 00 00 00 00 00 00 00 00 00 00 00 00 00 00 00
                                 00367cb74af0 00 00 00 00 00 00 00 00 00 00 00 00 00 00 00 00
Threads[34]:
    Thread ID:                   0000000000001d09
    Thread Name:                 Pia SendThreadStream
    Stack Region:                0000007e06c50000-0000007e06c54000
    Registers:
        X[00]:                   000000482f1fbcf4
        X[01]:                   000000482f1fbcf8
        X[02]:                   000000000149018a
        X[03]:                   00000000004c4ad7
        X[04]:                   0000000000000000
        X[05]:                   0000000000000000
        X[06]:                   0000000000000000
        X[07]:                   0000000000000000
        X[08]:                   0000000000000000
        X[09]:                   0000000000000000
        X[10]:                   0000000000000000
        X[11]:                   0000000000000000
        X[12]:                   0000000000000000
        X[13]:                   0000000000000000
        X[14]:                   0000000000000000
        X[15]:                   0000000000000000
        X[16]:                   0000000000000000
        X[17]:                   0000000000000000
        X[18]:                   0000000000000000
        X[19]:                   0000000000000000
        X[20]:                   0000000000000000
        X[21]:                   0000000000000000
        X[22]:                   0000000000000000
        X[23]:                   0000000000000000
        X[24]:                   0000000000000000
        X[25]:                   0000000000000000
        X[26]:                   0000000000000000
        X[27]:                   0000000000000000
        X[28]:                   0000000000000000
        FP:                      0000007e06c53e70
        LR:                      0000002a59eb7a54 (nnSdk + 0x339a54) (_ZN2nn2os6detail38InternalConditionVariableImplByHorizon9TimedWaitEPNS1_23InternalCriticalSectionERKNS1_13TimeoutHelperE + 0x64)
        SP:                      0000007e06c53e40
        PC:                      0000002a59f0792c (nnSdk + 0x38992c)
    Stack Trace:
        ReturnAddress[00]:       0000002a59eac9ac (nnSdk + 0x32e9ac) (_ZN2nn2os14TimedWaitEventEPNS0_9EventTypeENS_8TimeSpanE + 0x8c)
        ReturnAddress[01]:       0000002a52168ae4 (cross2_Release.nss + 0x164ae4)
        ReturnAddress[02]:       0000002a5213f620 (cross2_Release.nss + 0x13b620)
        ReturnAddress[03]:       0000002a5214008c (cross2_Release.nss + 0x13c08c)
        ReturnAddress[04]:       0000002a59eb24b8 (nnSdk + 0x3344b8)
        ReturnAddress[05]:       0000002a59eb6984 (nnSdk + 0x338984)
        ReturnAddress[06]:       0000000000000000
    Stack Dump:                               00 01 02 03 04 05 06 07 08 09 0a 0b 0c 0d 0e 0f
                                 007e06c53e40 00 00 00 00 00 00 00 00 09 2c 00 00 01 00 00 00
                                 007e06c53e50 00 00 00 00 00 00 00 00 f8 bc 1f 2f 48 00 00 00
                                 007e06c53e60 f4 bc 1f 2f 48 00 00 00 d8 bc 1f 2f 48 00 00 00
                                 007e06c53e70 b0 3e c5 06 7e 00 00 00 ac c9 ea 59 2a 00 00 00
                                 007e06c53e80 00 f8 24 01 00 00 00 00 43 68 d9 c3 79 03 00 00
                                 007e06c53e90 cc 3e c5 06 7e 00 00 00 b8 bc 1f 2f 48 00 00 00
                                 007e06c53ea0 68 c1 1f 2f 48 00 00 00 60 bc 1f 2f 48 00 00 00
                                 007e06c53eb0 40 3f c5 06 7e 00 00 00 e4 8a 16 52 2a 00 00 00
                                 007e06c53ec0 08 bd 1f 2f 48 00 00 00 09 2c 00 00 01 00 00 00
                                 007e06c53ed0 00 00 00 00 00 00 00 00 09 2c 00 00 01 00 00 00
                                 007e06c53ee0 00 00 00 00 48 00 00 00 00 00 00 00 48 00 00 00
                                 007e06c53ef0 00 00 00 00 00 00 00 00 00 00 00 00 00 00 00 00
                                 007e06c53f00 00 00 00 00 00 00 00 00 00 00 00 00 00 00 00 00
                                 007e06c53f10 00 00 00 00 00 00 00 00 00 00 00 00 00 00 00 00
                                 007e06c53f20 00 00 00 00 00 00 00 00 cc 11 20 2f 48 00 00 00
                                 007e06c53f30 98 c1 1f 2f 48 00 00 00 68 c1 1f 2f 48 00 00 00
    TLS Address:                 000000367cb74c00
    TLS Dump:                                 00 01 02 03 04 05 06 07 08 09 0a 0b 0c 0d 0e 0f
                                 00367cb74c00 00 00 00 00 0e 08 e0 03 00 00 00 00 00 00 00 00
                                 00367cb74c10 00 00 00 00 00 00 00 00 00 00 00 00 00 00 00 00
                                 00367cb74c20 53 46 43 4f 00 00 00 00 00 00 00 00 91 ab e3 ac
                                 00367cb74c30 50 00 00 00 00 00 00 00 00 00 00 00 00 00 00 00
                                 00367cb74c40 53 46 43 49 01 00 00 00 0b 00 00 00 00 00 00 00
                                 00367cb74c50 05 00 00 00 00 00 00 00 00 00 00 00 00 00 00 00
                                 00367cb74c60 00 00 00 00 00 00 00 00 00 00 00 00 00 00 00 00
                                 00367cb74c70 00 00 00 00 00 00 00 00 00 00 00 00 00 00 00 00
                                 00367cb74c80 00 00 00 00 00 00 00 00 00 00 00 00 00 00 00 00
                                 00367cb74c90 00 00 00 00 00 00 00 00 00 00 00 00 00 00 00 00
                                 00367cb74ca0 00 00 00 00 00 00 00 00 00 00 00 00 00 00 00 00
                                 00367cb74cb0 00 00 00 00 00 00 00 00 00 00 00 00 00 00 00 00
                                 00367cb74cc0 00 00 00 00 00 00 00 00 00 00 00 00 00 00 00 00
                                 00367cb74cd0 00 00 00 00 00 00 00 00 00 00 00 00 00 00 00 00
                                 00367cb74ce0 00 00 00 00 00 00 00 00 00 00 00 00 00 00 00 00
                                 00367cb74cf0 00 00 00 00 00 00 00 00 00 00 00 00 00 00 00 00
Threads[35]:
    Thread ID:                   0000000000001d13
    Thread Name:                 nus3::nopus decode
    Stack Region:                0000007db0610000-0000007db0618000
    Registers:
        X[00]:                   00000000000f4240
        X[01]:                   0000000000000000
        X[02]:                   0000000000000000
        X[03]:                   0000000000000000
        X[04]:                   0000000000000000
        X[05]:                   0000000000000000
        X[06]:                   0000000000000000
        X[07]:                   0000000000000000
        X[08]:                   0000000000000000
        X[09]:                   0000000000000000
        X[10]:                   0000000000000000
        X[11]:                   0000000000000000
        X[12]:                   0000000000000000
        X[13]:                   0000000000000000
        X[14]:                   0000000000000000
        X[15]:                   0000000000000000
        X[16]:                   0000000000000000
        X[17]:                   0000000000000000
        X[18]:                   0000000000000000
        X[19]:                   0000000000000000
        X[20]:                   0000000000000000
        X[21]:                   0000000000000000
        X[22]:                   0000000000000000
        X[23]:                   0000000000000000
        X[24]:                   0000000000000000
        X[25]:                   0000000000000000
        X[26]:                   0000000000000000
        X[27]:                   0000000000000000
        X[28]:                   0000000000000000
        FP:                      0000007db0617f60
        LR:                      0000002a55998b50 (cross2_Release.nss + 0x3994b50)
        SP:                      0000007db0617e20
        PC:                      0000002a59f0785c (nnSdk + 0x38985c)
    Stack Trace:
        ReturnAddress[00]:       0000002a559a1634 (cross2_Release.nss + 0x399d634)
        ReturnAddress[01]:       0000002a59eb24b8 (nnSdk + 0x3344b8)
        ReturnAddress[02]:       0000002a59eb6984 (nnSdk + 0x338984)
        ReturnAddress[03]:       0000000000000000
    Stack Dump:                               00 01 02 03 04 05 06 07 08 09 0a 0b 0c 0d 0e 0f
                                 007db0617e20 88 53 6f 60 48 00 00 00 a0 53 6f 60 48 00 00 00
                                 007db0617e30 14 53 6f 60 48 00 00 00 fc 52 6f 60 48 00 00 00
                                 007db0617e40 f8 52 6f 60 48 00 00 00 08 53 6f 60 48 00 00 00
                                 007db0617e50 90 53 6f 60 48 00 00 00 2c 53 6f 60 48 00 00 00
                                 007db0617e60 9a 53 6f 60 48 00 00 00 c0 52 6f 60 48 00 00 00
                                 007db0617e70 10 53 6f 60 48 00 00 00 04 53 6f 60 48 00 00 00
                                 007db0617e80 bc 52 6f 60 48 00 00 00 24 53 6f 60 48 00 00 00
                                 007db0617e90 f0 52 6f 60 48 00 00 00 a4 53 6f 60 48 00 00 00
                                 007db0617ea0 18 53 6f 60 48 00 00 00 8e 53 6f 60 48 00 00 00
                                 007db0617eb0 a8 53 6f 60 48 00 00 00 00 00 00 00 00 00 00 00
                                 007db0617ec0 38 53 6f 60 48 00 00 00 e8 52 6f 60 48 00 00 00
                                 007db0617ed0 d8 52 6f 60 48 00 00 00 ec 52 6f 60 48 00 00 00
                                 007db0617ee0 78 53 6f 60 48 00 00 00 98 53 6f 60 48 00 00 00
                                 007db0617ef0 e0 52 6f 60 48 00 00 00 00 00 00 00 c0 03 00 00
                                 007db0617f00 a8 00 00 00 00 00 00 00 00 00 00 00 00 00 00 00
                                 007db0617f10 00 00 00 00 00 00 00 00 00 00 00 00 00 00 00 00
    TLS Address:                 000000367cb74600
    TLS Dump:                                 00 01 02 03 04 05 06 07 08 09 0a 0b 0c 0d 0e 0f
                                 00367cb74600 00 00 00 00 0c 08 e0 03 00 00 00 00 00 00 00 00
                                 00367cb74610 53 46 43 4f 00 00 00 00 00 00 00 00 01 97 b0 7a
                                 00367cb74620 a8 00 00 00 c0 03 00 00 28 04 00 00 00 00 00 00
                                 00367cb74630 00 00 00 00 00 00 00 00 00 00 00 00 00 00 00 00
                                 00367cb74640 00 00 00 00 00 00 00 00 00 00 00 00 00 00 00 00
                                 00367cb74650 00 00 00 00 00 00 00 00 00 00 00 00 00 00 00 00
                                 00367cb74660 00 00 00 00 00 00 00 00 00 00 00 00 00 00 00 00
                                 00367cb74670 00 00 00 00 00 00 00 00 00 00 00 00 00 00 00 00
                                 00367cb74680 00 00 00 00 00 00 00 00 00 00 00 00 00 00 00 00
                                 00367cb74690 00 00 00 00 00 00 00 00 00 00 00 00 00 00 00 00
                                 00367cb746a0 00 00 00 00 00 00 00 00 00 00 00 00 00 00 00 00
                                 00367cb746b0 00 00 00 00 00 00 00 00 00 00 00 00 00 00 00 00
                                 00367cb746c0 00 00 00 00 00 00 00 00 00 00 00 00 00 00 00 00
                                 00367cb746d0 00 00 00 00 00 00 00 00 00 00 00 00 00 00 00 00
                                 00367cb746e0 00 00 00 00 00 00 00 00 00 00 00 00 00 00 00 00
                                 00367cb746f0 00 00 00 00 00 00 00 00 00 00 00 00 00 00 00 00
