Atmosphère Crash Report (v1.7):
Result:                          0x4A8 (2168-0002)

Process Info:
    Process Name:                Application
    Program ID:                  01006a800016e000
    Process ID:                  00000000000000a8
    Process Flags:               00000077
    User Exception Address:      0000005fc2599000
Exception Info:
    Type:                        Data Abort
    Address:                     00000035862a7990
    Fault Address:               0000000000000000
Crashed Thread Info:
    Thread ID:                   00000000000018c4
    Thread Name:                 MainThread
    Stack Region:                0000007bc4047000-0000007bc4147000
    Registers:
        X[00]:                   0000000000000000
        X[01]:                   000000ebd3dc8d71
        X[02]:                   0000007bc4142b80
        X[03]:                   0000007bc4142b70
        X[04]:                   0000007bc4142b60
        X[05]:                   0000000000000000
        X[06]:                   0000000000000001
        X[07]:                   0000000000000000
        X[08]:                   0000000000000001
        X[09]:                   000000272653e000
        X[10]:                   ffffd8af702f3a08
        X[11]:                   9c1993ced92f0dd3
        X[12]:                   00000027223dcd50 (cross2_Release.nss + 0x17d8d50)
        X[13]:                   0000003556c80000
        X[14]:                   000000000000a79a
        X[15]:                   000000000000a798
        X[16]:                   00000027293b1ed8
        X[17]:                   0000002728ab7f30 (nnSdk + 0x339f30) (_ZN2nn2os6detail36InternalCriticalSectionImplByHorizon5EnterEv + 0x0)
        X[18]:                   0000000000000000
        X[19]:                   0000003568564010
        X[20]:                   000006242bca65f5
        X[21]:                   00000624189374bc
        X[22]:                   0000003568564000
        X[23]:                   00000035862a7960
        X[24]:                   0000007bc4146e60
        X[25]:                   000000272653e440
        X[26]:                   0000000000000001
        X[27]:                   0000002725075000
        X[28]:                   0000002725f3c860
        FP:                      0000007bc4143b40
        LR:                      0000002720faf5c4 (cross2_Release.nss + 0x3ab5c4)
        SP:                      0000007bc4143a80
        PC:                      0000002720faf5c4 (cross2_Release.nss + 0x3ab5c4)
    Stack Trace:
        ReturnAddress[00]:       0000007290a83360 (ssbusync + 0x10360) (ssbusync__post_scene_update_submit_render + 0xb0)
        ReturnAddress[01]:       0000002720ec9cf0 (cross2_Release.nss + 0x2c5cf0)
        ReturnAddress[02]:       0000002728a1ba2c (nnSdk + 0x29da2c) (_ZN2nn4init5StartEmmPFvvES2_ + 0x4c)
        ReturnAddress[03]:       0000002720c000c0 (nnrtld + 0xc0)
    Stack Dump:                               00 01 02 03 04 05 06 07 08 09 0a 0b 0c 0d 0e 0f
                                 007bc4143a80 a0 3a 14 c4 7b 00 00 00 c0 c1 52 24 01 00 00 00
                                 007bc4143a90 d0 01 28 00 35 00 00 00 08 00 28 00 35 00 00 00
                                 007bc4143aa0 c0 3a 14 c4 7b 00 00 00 08 c2 52 24 27 00 00 00
                                 007bc4143ab0 78 73 00 00 00 00 00 00 d0 01 28 00 35 00 00 00
                                 007bc4143ac0 e0 3a 14 c4 7b 00 00 00 c0 c1 52 24 27 00 00 00
                                 007bc4143ad0 c8 01 28 00 35 00 00 00 08 00 28 00 35 00 00 00
                                 007bc4143ae0 20 3b 14 c4 7b 00 00 00 fc f8 52 24 27 00 00 00
                                 007bc4143af0 60 c8 f3 25 27 00 00 00 00 50 07 25 27 00 00 00
                                 007bc4143b00 01 00 00 00 00 00 00 00 40 e4 53 26 27 00 00 00
                                 007bc4143b10 60 6e 14 c4 7b 00 00 00 00 00 00 00 00 00 00 00
                                 007bc4143b20 48 7d f1 56 35 00 00 00 bc 74 93 18 24 06 00 00
                                 007bc4143b30 f5 65 ca 2b 24 06 00 00 80 a7 da 88 35 00 00 00
                                 007bc4143b40 10 65 14 c4 7b 00 00 00 60 33 a8 90 72 00 00 00
                                 007bc4143b50 d8 3b 14 c4 7b 00 00 00 c8 01 28 00 35 00 00 00
                                 007bc4143b60 e0 fe 78 73 35 00 00 00 08 00 28 00 35 00 00 00
                                 007bc4143b70 b0 3b 14 c4 7b 00 00 00 24 f5 52 24 27 00 00 00
    TLS Address:                 0000005fc2599200
    TLS Dump:                                 00 01 02 03 04 05 06 07 08 09 0a 0b 0c 0d 0e 0f
                                 005fc2599200 00 00 00 00 0c 00 00 00 00 00 00 00 00 00 00 00
                                 005fc2599210 00 00 00 00 00 00 00 00 00 00 00 00 00 00 00 00
                                 005fc2599220 53 46 43 4f 00 00 00 00 00 00 00 00 a1 ea ef 56
                                 005fc2599230 00 00 00 00 00 00 00 00 01 00 00 00 00 00 00 00
                                 005fc2599240 05 00 6b 01 1e 00 10 c0 0b 00 00 00 00 00 00 00
                                 005fc2599250 10 00 6b 01 10 3a 14 c4 7b 00 10 00 00 00 00 00
                                 005fc2599260 00 00 00 00 18 00 00 00 f0 3b 14 c4 7b 00 18 00
                                 005fc2599270 02 0a 04 04 0a 03 13 04 03 0e 08 00 00 04 0b 00
                                 005fc2599280 08 04 0b 00 04 02 14 00 00 00 00 00 00 00 00 00
                                 005fc2599290 00 00 00 00 00 00 00 00 00 00 00 00 00 00 00 00
                                 005fc25992a0 00 00 00 00 00 00 00 00 00 00 00 00 00 00 00 00
                                 005fc25992b0 00 00 00 00 00 00 00 00 00 00 00 00 00 00 00 00
                                 005fc25992c0 00 00 00 00 00 00 00 00 00 00 00 00 00 00 00 00
                                 005fc25992d0 00 00 00 00 00 00 00 00 00 00 00 00 00 00 00 00
                                 005fc25992e0 00 00 00 00 00 00 00 00 00 00 00 00 00 00 00 00
                                 005fc25992f0 00 00 00 00 00 00 00 00 00 00 00 00 00 00 00 00
Module Info:
    Number of Modules:           09
    Module 00:
        Address:                 0000002720bdc000-0000002720c00000
        Name:                    [00000000]
        Module Id:               0000000000000000000000000000000000000000000000000000000000000000
    Module 01:
        Address:                 0000002720c00000-0000002720c02000
        Name:                    nnrtld
        Module Id:               285183CAC95179371CC22CEC3723F882E1589659000000000000000000000000
    Module 02:
        Address:                 0000002720c04000-00000027245cc000
        Name:                    cross2_Release.nss
        Module Id:               3EAE0063B12FD81E99FB5980BA56297049EA94F9000000000000000000000000
    Module 03:
        Address:                 000000272804b000-00000027283b8000
        Name:                    multimedia
        Module Id:               60C6EDBBFCEBD4176CC301D5D9CB5A6F094F9360000000000000000000000000
    Module 04:
        Address:                 0000002728760000-0000002728771000
        Name:                    Skyline
        Module Id:               84F953E76E1E2E976B0C1540F615449D25DA5BF3000000000000000000000000
    Module 05:
        Address:                 000000272877e000-0000002728cbf000
        Name:                    nnSdk
        Module Id:               5FD4F531C1195E9E5510C9E73F22CD39612839F8000000000000000000000000
    Module 06:
        Address:                 0000007290a73000-0000007290af8000
        Name:                    ssbusync
        Module Id:               0000000000000000000000000000000000000000000000000000000000000000
    Module 07:
        Address:                 00000001e2f90000-00000001e310c000
        Name:                    arcropolis
        Module Id:               0000000000000000000000000000000000000000000000000000000000000000
    Module 08:
        Address:                 0000005db9140000-0000005db92c4000
        Name:                    training_modpack
        Module Id:               0000000000000000000000000000000000000000000000000000000000000000
Thread Report:
Number of Threads:               35
Threads[00]:
    Thread ID:                   00000000000018c4
    Thread Name:                 MainThread
    Stack Region:                0000007bc4047000-0000007bc4147000
    Registers:
        X[00]:                   0000000000000000
        X[01]:                   000000ebd3dc8d71
        X[02]:                   0000007bc4142b80
        X[03]:                   0000007bc4142b70
        X[04]:                   0000007bc4142b60
        X[05]:                   0000000000000000
        X[06]:                   0000000000000001
        X[07]:                   0000000000000000
        X[08]:                   0000000000000001
        X[09]:                   000000272653e000
        X[10]:                   ffffd8af702f3a08
        X[11]:                   9c1993ced92f0dd3
        X[12]:                   00000027223dcd50 (cross2_Release.nss + 0x17d8d50)
        X[13]:                   0000003556c80000
        X[14]:                   000000000000a79a
        X[15]:                   000000000000a798
        X[16]:                   00000027293b1ed8
        X[17]:                   0000002728ab7f30 (nnSdk + 0x339f30) (_ZN2nn2os6detail36InternalCriticalSectionImplByHorizon5EnterEv + 0x0)
        X[18]:                   0000000000000000
        X[19]:                   0000003568564010
        X[20]:                   000006242bca65f5
        X[21]:                   00000624189374bc
        X[22]:                   0000003568564000
        X[23]:                   00000035862a7960
        X[24]:                   0000007bc4146e60
        X[25]:                   000000272653e440
        X[26]:                   0000000000000001
        X[27]:                   0000002725075000
        X[28]:                   0000002725f3c860
        FP:                      0000007bc4143b40
        LR:                      0000002720faf5c4 (cross2_Release.nss + 0x3ab5c4)
        SP:                      0000007bc4143a80
        PC:                      0000002720faf5c4 (cross2_Release.nss + 0x3ab5c4)
    Stack Trace:
        ReturnAddress[00]:       0000007290a83360 (ssbusync + 0x10360) (ssbusync__post_scene_update_submit_render + 0xb0)
        ReturnAddress[01]:       0000002720ec9cf0 (cross2_Release.nss + 0x2c5cf0)
        ReturnAddress[02]:       0000002728a1ba2c (nnSdk + 0x29da2c) (_ZN2nn4init5StartEmmPFvvES2_ + 0x4c)
        ReturnAddress[03]:       0000002720c000c0 (nnrtld + 0xc0)
    Stack Dump:                               00 01 02 03 04 05 06 07 08 09 0a 0b 0c 0d 0e 0f
                                 007bc4143a80 a0 3a 14 c4 7b 00 00 00 c0 c1 52 24 01 00 00 00
                                 007bc4143a90 d0 01 28 00 35 00 00 00 08 00 28 00 35 00 00 00
                                 007bc4143aa0 c0 3a 14 c4 7b 00 00 00 08 c2 52 24 27 00 00 00
                                 007bc4143ab0 78 73 00 00 00 00 00 00 d0 01 28 00 35 00 00 00
                                 007bc4143ac0 e0 3a 14 c4 7b 00 00 00 c0 c1 52 24 27 00 00 00
                                 007bc4143ad0 c8 01 28 00 35 00 00 00 08 00 28 00 35 00 00 00
                                 007bc4143ae0 20 3b 14 c4 7b 00 00 00 fc f8 52 24 27 00 00 00
                                 007bc4143af0 60 c8 f3 25 27 00 00 00 00 50 07 25 27 00 00 00
                                 007bc4143b00 01 00 00 00 00 00 00 00 40 e4 53 26 27 00 00 00
                                 007bc4143b10 60 6e 14 c4 7b 00 00 00 00 00 00 00 00 00 00 00
                                 007bc4143b20 48 7d f1 56 35 00 00 00 bc 74 93 18 24 06 00 00
                                 007bc4143b30 f5 65 ca 2b 24 06 00 00 80 a7 da 88 35 00 00 00
                                 007bc4143b40 10 65 14 c4 7b 00 00 00 60 33 a8 90 72 00 00 00
                                 007bc4143b50 d8 3b 14 c4 7b 00 00 00 c8 01 28 00 35 00 00 00
                                 007bc4143b60 e0 fe 78 73 35 00 00 00 08 00 28 00 35 00 00 00
                                 007bc4143b70 b0 3b 14 c4 7b 00 00 00 24 f5 52 24 27 00 00 00
    TLS Address:                 0000005fc2599200
    TLS Dump:                                 00 01 02 03 04 05 06 07 08 09 0a 0b 0c 0d 0e 0f
                                 005fc2599200 00 00 00 00 0c 00 00 00 00 00 00 00 00 00 00 00
                                 005fc2599210 00 00 00 00 00 00 00 00 00 00 00 00 00 00 00 00
                                 005fc2599220 53 46 43 4f 00 00 00 00 00 00 00 00 a1 ea ef 56
                                 005fc2599230 00 00 00 00 00 00 00 00 01 00 00 00 00 00 00 00
                                 005fc2599240 05 00 6b 01 1e 00 10 c0 0b 00 00 00 00 00 00 00
                                 005fc2599250 10 00 6b 01 10 3a 14 c4 7b 00 10 00 00 00 00 00
                                 005fc2599260 00 00 00 00 18 00 00 00 f0 3b 14 c4 7b 00 18 00
                                 005fc2599270 02 0a 04 04 0a 03 13 04 03 0e 08 00 00 04 0b 00
                                 005fc2599280 08 04 0b 00 04 02 14 00 00 00 00 00 00 00 00 00
                                 005fc2599290 00 00 00 00 00 00 00 00 00 00 00 00 00 00 00 00
                                 005fc25992a0 00 00 00 00 00 00 00 00 00 00 00 00 00 00 00 00
                                 005fc25992b0 00 00 00 00 00 00 00 00 00 00 00 00 00 00 00 00
                                 005fc25992c0 00 00 00 00 00 00 00 00 00 00 00 00 00 00 00 00
                                 005fc25992d0 00 00 00 00 00 00 00 00 00 00 00 00 00 00 00 00
                                 005fc25992e0 00 00 00 00 00 00 00 00 00 00 00 00 00 00 00 00
                                 005fc25992f0 00 00 00 00 00 00 00 00 00 00 00 00 00 00 00 00
Threads[01]:
    Thread ID:                   00000000000018c5
    Thread Name:                 NxSystemThread
    Stack Region:                0000007bf747a000-0000007bf747b000
    Registers:
        X[00]:                   0000007bf747ab5c
        X[01]:                   0000007bf747ad74
        X[02]:                   0000000000000001
        X[03]:                   ffffffffffffffff
        X[04]:                   ffffffffffffffff
        X[05]:                   0000000000000000
        X[06]:                   0000000000000000
        X[07]:                   0000000000000000
        X[08]:                   0000000000000000
        X[09]:                   0000000000000000
        X[10]:                   0000000000000000
        X[11]:                   0000000000000000
        X[12]:                   0000000000000000
        X[13]:                   0000000000000000
        X[14]:                   0000000000000000
        X[15]:                   0000000000000000
        X[16]:                   0000000000000000
        X[17]:                   0000000000000000
        X[18]:                   0000000000000000
        X[19]:                   0000000000000000
        X[20]:                   0000000000000000
        X[21]:                   0000000000000000
        X[22]:                   0000000000000000
        X[23]:                   0000000000000000
        X[24]:                   0000000000000000
        X[25]:                   0000000000000000
        X[26]:                   0000000000000000
        X[27]:                   0000000000000000
        X[28]:                   0000000000000000
        FP:                      0000007bf747ab60
        LR:                      0000002728ab6464 (nnSdk + 0x338464) (_ZN2nn2os6detail22MultiWaitImplByHorizon20WaitSynchronizationNEiPjil + 0x24)
        SP:                      0000007bf747ab40
        PC:                      0000002728b07900 (nnSdk + 0x389900)
    Stack Trace:
        ReturnAddress[00]:       0000002728ab3c48 (nnSdk + 0x335c48) (_ZN2nn2os6detail13MultiWaitImpl19InternalWaitAnyImplEbNS_8TimeSpanE + 0x138)
        ReturnAddress[01]:       0000002728ab3e78 (nnSdk + 0x335e78) (_ZN2nn2os6detail13MultiWaitImpl11WaitAnyImplEbNS_8TimeSpanE + 0xa8)
        ReturnAddress[02]:       0000002728ab05f4 (nnSdk + 0x3325f4)
        ReturnAddress[03]:       0000002728ab055c (nnSdk + 0x33255c)
        ReturnAddress[04]:       0000002728ab054c (nnSdk + 0x33254c)
        ReturnAddress[05]:       0000002728ab24b8 (nnSdk + 0x3344b8)
        ReturnAddress[06]:       0000002728ab6984 (nnSdk + 0x338984)
        ReturnAddress[07]:       0000000000000000
    Stack Dump:                               00 01 02 03 04 05 06 07 08 09 0a 0b 0c 0d 0e 0f
                                 007bf747ab40 5c ab 47 f7 7b 00 00 00 00 00 00 00 00 00 00 00
                                 007bf747ab50 22 e8 c9 b5 49 bd fe 7f d0 81 44 29 27 00 00 00
                                 007bf747ab60 d0 ae 47 f7 7b 00 00 00 48 3c ab 28 27 00 00 00
                                 007bf747ab70 00 7c 44 29 27 00 00 00 00 00 00 00 00 00 00 00
                                 007bf747ab80 00 00 00 00 00 00 00 00 00 00 00 00 00 00 00 00
                                 007bf747ab90 00 00 00 00 00 00 00 00 00 00 00 00 00 00 00 00
                                 007bf747aba0 00 00 00 00 00 00 00 00 00 00 00 00 00 00 00 00
                                 007bf747abb0 00 00 00 00 00 00 00 00 00 00 00 00 00 00 00 00
                                 007bf747abc0 00 00 00 00 00 00 00 00 00 00 00 00 00 00 00 00
                                 007bf747abd0 00 00 00 00 00 00 00 00 00 00 00 00 00 00 00 00
                                 007bf747abe0 00 00 00 00 00 00 00 00 00 00 00 00 00 00 00 00
                                 007bf747abf0 00 00 00 00 00 00 00 00 00 00 00 00 00 00 00 00
                                 007bf747ac00 00 00 00 00 00 00 00 00 00 00 00 00 00 00 00 00
                                 007bf747ac10 00 00 00 00 00 00 00 00 00 00 00 00 00 00 00 00
                                 007bf747ac20 00 00 00 00 00 00 00 00 00 00 00 00 00 00 00 00
                                 007bf747ac30 00 00 00 00 00 00 00 00 00 00 00 00 00 00 00 00
    TLS Address:                 0000005fc2599400
    TLS Dump:                                 00 01 02 03 04 05 06 07 08 09 0a 0b 0c 0d 0e 0f
                                 005fc2599400 00 00 00 00 00 00 00 00 00 00 00 00 00 00 00 00
                                 005fc2599410 00 00 00 00 00 00 00 00 00 00 00 00 00 00 00 00
                                 005fc2599420 00 00 00 00 00 00 00 00 00 00 00 00 00 00 00 00
                                 005fc2599430 00 00 00 00 00 00 00 00 00 00 00 00 00 00 00 00
                                 005fc2599440 00 00 00 00 00 00 00 00 00 00 00 00 00 00 00 00
                                 005fc2599450 00 00 00 00 00 00 00 00 00 00 00 00 00 00 00 00
                                 005fc2599460 00 00 00 00 00 00 00 00 00 00 00 00 00 00 00 00
                                 005fc2599470 00 00 00 00 00 00 00 00 00 00 00 00 00 00 00 00
                                 005fc2599480 00 00 00 00 00 00 00 00 00 00 00 00 00 00 00 00
                                 005fc2599490 00 00 00 00 00 00 00 00 00 00 00 00 00 00 00 00
                                 005fc25994a0 00 00 00 00 00 00 00 00 00 00 00 00 00 00 00 00
                                 005fc25994b0 00 00 00 00 00 00 00 00 00 00 00 00 00 00 00 00
                                 005fc25994c0 00 00 00 00 00 00 00 00 00 00 00 00 00 00 00 00
                                 005fc25994d0 00 00 00 00 00 00 00 00 00 00 00 00 00 00 00 00
                                 005fc25994e0 00 00 00 00 00 00 00 00 00 00 00 00 00 00 00 00
                                 005fc25994f0 00 00 00 00 00 00 00 00 00 00 00 00 00 00 00 00
Threads[02]:
    Thread ID:                   00000000000018c6
    Thread Name:                 <UNKNOWN>
    Stack Region:                0000007bb8be5000-0000007bb8c25000
    Registers:
        X[00]:                   0000007bb8c24ef8
        X[01]:                   0000007bb8c24efc
        X[02]:                   0000000000000001
        X[03]:                   ffffffffffffffff
        X[04]:                   0000000000000000
        X[05]:                   0000000000000000
        X[06]:                   0000000000000000
        X[07]:                   0000000000000000
        X[08]:                   0000000000000000
        X[09]:                   0000000000000000
        X[10]:                   0000000000000000
        X[11]:                   0000000000000000
        X[12]:                   0000000000000000
        X[13]:                   0000000000000000
        X[14]:                   0000000000000000
        X[15]:                   0000000000000000
        X[16]:                   0000000000000000
        X[17]:                   0000000000000000
        X[18]:                   0000000000000000
        X[19]:                   0000000000000000
        X[20]:                   0000000000000000
        X[21]:                   0000000000000000
        X[22]:                   0000000000000000
        X[23]:                   0000000000000000
        X[24]:                   0000000000000000
        X[25]:                   0000000000000000
        X[26]:                   0000000000000000
        X[27]:                   0000000000000000
        X[28]:                   0000000000000000
        FP:                      0000007bb8c24f10
        LR:                      0000002728ab7498 (nnSdk + 0x339498) (_ZN2nn2os6detail30InterProcessEventImplByHorizon4WaitEjb + 0x88)
        SP:                      0000007bb8c24ee0
        PC:                      0000002728b07900 (nnSdk + 0x389900)
    Stack Trace:
        ReturnAddress[00]:       000000272435898c (cross2_Release.nss + 0x375498c)
        ReturnAddress[01]:       0000002728ab24b8 (nnSdk + 0x3344b8)
        ReturnAddress[02]:       0000002728ab6984 (nnSdk + 0x338984)
        ReturnAddress[03]:       0000000000000000
    Stack Dump:                               00 01 02 03 04 05 06 07 08 09 0a 0b 0c 0d 0e 0f
                                 007bb8c24ee0 f8 4e c2 b8 7b 00 00 00 28 4f c2 b8 7b 00 00 00
                                 007bb8c24ef0 10 4f c2 b8 7b 00 00 00 bc a7 aa 28 f7 01 05 00
                                 007bb8c24f00 06 00 00 00 00 00 00 00 f0 e4 53 26 27 00 00 00
                                 007bb8c24f10 80 4f c2 b8 7b 00 00 00 8c 89 35 24 27 00 00 00
                                 007bb8c24f20 00 00 00 00 00 00 00 00 0f 00 00 00 02 00 00 00
                                 007bb8c24f30 00 00 00 00 00 00 00 00 00 00 00 00 00 00 00 00
                                 007bb8c24f40 00 00 00 00 00 00 00 00 00 00 00 00 00 00 00 00
                                 007bb8c24f50 00 00 00 00 00 00 00 00 00 00 00 00 00 00 00 00
                                 007bb8c24f60 00 00 00 00 00 00 00 00 bc 09 95 00 35 00 00 00
                                 007bb8c24f70 b8 09 95 00 35 00 00 00 10 08 95 00 35 00 00 00
                                 007bb8c24f80 b0 4f c2 b8 7b 00 00 00 b8 24 ab 28 27 00 00 00
                                 007bb8c24f90 00 00 00 00 00 00 00 00 00 00 00 00 00 00 00 00
                                 007bb8c24fa0 00 00 00 00 00 00 00 00 10 08 95 00 35 00 00 00
                                 007bb8c24fb0 d0 4f c2 b8 7b 00 00 00 84 69 ab 28 27 00 00 00
                                 007bb8c24fc0 00 00 00 00 00 00 00 00 00 00 00 00 00 00 00 00
                                 007bb8c24fd0 00 00 00 00 00 00 00 00 00 00 00 00 00 00 00 00
    TLS Address:                 0000005fc2599600
    TLS Dump:                                 00 01 02 03 04 05 06 07 08 09 0a 0b 0c 0d 0e 0f
                                 005fc2599600 00 00 00 00 0d 00 00 00 00 00 00 00 00 00 00 00
                                 005fc2599610 00 00 00 00 00 00 00 00 00 00 00 00 00 00 00 00
                                 005fc2599620 53 46 43 4f 00 00 00 00 00 00 00 00 77 7d f2 32
                                 005fc2599630 01 00 00 00 00 00 00 00 00 00 00 00 00 00 00 00
                                 005fc2599640 00 00 00 00 00 00 00 00 00 00 00 00 00 00 00 00
                                 005fc2599650 00 00 00 00 00 00 00 00 00 00 00 00 00 00 00 00
                                 005fc2599660 00 00 00 00 00 00 00 00 00 00 00 00 00 00 00 00
                                 005fc2599670 00 00 00 00 00 00 00 00 00 00 00 00 00 00 00 00
                                 005fc2599680 00 00 00 00 00 00 00 00 00 00 00 00 00 00 00 00
                                 005fc2599690 00 00 00 00 00 00 00 00 00 00 00 00 00 00 00 00
                                 005fc25996a0 00 00 00 00 00 00 00 00 00 00 00 00 00 00 00 00
                                 005fc25996b0 00 00 00 00 00 00 00 00 00 00 00 00 00 00 00 00
                                 005fc25996c0 00 00 00 00 00 00 00 00 00 00 00 00 00 00 00 00
                                 005fc25996d0 00 00 00 00 00 00 00 00 00 00 00 00 00 00 00 00
                                 005fc25996e0 00 00 00 00 00 00 00 00 00 00 00 00 00 00 00 00
                                 005fc25996f0 00 00 00 00 00 00 00 00 00 00 00 00 00 00 00 00
Threads[03]:
    Thread ID:                   00000000000018c8
    Thread Name:                 Thread_0x000000272876BDAC
    Stack Region:                0000007bb900d000-0000007bb901d000
    Registers:
        X[00]:                   0000003500950a40
        X[01]:                   0000003500950a48
        X[02]:                   00000000000d01ec
        X[03]:                   00000000009894ab
        X[04]:                   0000000000000000
        X[05]:                   0000000000000000
        X[06]:                   0000000000000000
        X[07]:                   0000000000000000
        X[08]:                   0000000000000000
        X[09]:                   0000000000000000
        X[10]:                   0000000000000000
        X[11]:                   0000000000000000
        X[12]:                   0000000000000000
        X[13]:                   0000000000000000
        X[14]:                   0000000000000000
        X[15]:                   0000000000000000
        X[16]:                   0000000000000000
        X[17]:                   0000000000000000
        X[18]:                   0000000000000000
        X[19]:                   0000000000000000
        X[20]:                   0000000000000000
        X[21]:                   0000000000000000
        X[22]:                   0000000000000000
        X[23]:                   0000000000000000
        X[24]:                   0000000000000000
        X[25]:                   0000000000000000
        X[26]:                   0000000000000000
        X[27]:                   0000000000000000
        X[28]:                   0000000000000000
        FP:                      0000007bb901ceb0
        LR:                      0000002728ab7a54 (nnSdk + 0x339a54) (_ZN2nn2os6detail38InternalConditionVariableImplByHorizon9TimedWaitEPNS1_23InternalCriticalSectionERKNS1_13TimeoutHelperE + 0x64)
        SP:                      0000007bb901ce80
        PC:                      0000002728b0792c (nnSdk + 0x38992c)
    Stack Trace:
        ReturnAddress[00]:       0000002728aae550 (nnSdk + 0x330550) (_ZN2nn2os24TimedReceiveMessageQueueEPmPNS0_16MessageQueueTypeENS_8TimeSpanE + 0x100)
        ReturnAddress[01]:       000000272876c044 (Skyline + 0xc044)
        ReturnAddress[02]:       0000002728ab6984 (nnSdk + 0x338984)
        ReturnAddress[03]:       0000000000000000
    Stack Dump:                               00 01 02 03 04 05 06 07 08 09 0a 0b 0c 0d 0e 0f
                                 007bb901ce80 00 00 00 00 00 00 00 00 00 00 00 00 00 00 00 00
                                 007bb901ce90 48 0a 95 00 35 00 00 00 50 cf 01 b9 7b 00 00 00
                                 007bb901cea0 40 0a 95 00 35 00 00 00 08 0a 95 00 35 00 00 00
                                 007bb901ceb0 f0 ce 01 b9 7b 00 00 00 50 e5 aa 28 27 00 00 00
                                 007bb901cec0 30 1c 28 00 35 00 00 00 07 23 a3 05 1e 07 00 00
                                 007bb901ced0 00 00 00 00 00 00 00 00 fc 0b 95 00 35 00 00 00
                                 007bb901cee0 f8 0b 95 00 35 00 00 00 00 0a 95 00 35 00 00 00
                                 007bb901cef0 b0 cf 01 b9 7b 00 00 00 44 c0 76 28 27 00 00 00
                                 007bb901cf00 04 bf 76 28 27 00 00 00 c8 1d 28 00 35 00 00 00
                                 007bb901cf10 08 1c 28 00 35 00 00 00 80 96 98 00 00 00 00 00
                                 007bb901cf20 50 cf 01 b9 7b 00 00 00 00 0a 95 00 35 00 00 00
                                 007bb901cf30 c4 bd 76 28 27 00 00 00 50 0a 95 00 35 00 00 00
                                 007bb901cf40 00 00 00 00 00 00 00 00 00 0a 95 00 35 00 00 00
                                 007bb901cf50 80 0a 72 00 35 00 00 00 00 00 2f 00 35 00 00 00
                                 007bb901cf60 b8 24 ab 28 27 00 00 00 00 00 00 00 00 00 00 00
                                 007bb901cf70 f8 0b 95 00 35 00 00 00 00 0a 95 00 35 00 00 00
    TLS Address:                 0000005fc2599800
    TLS Dump:                                 00 01 02 03 04 05 06 07 08 09 0a 0b 0c 0d 0e 0f
                                 005fc2599800 00 00 00 00 0c 00 00 00 00 00 00 00 00 00 00 00
                                 005fc2599810 00 00 00 00 00 00 00 00 00 00 00 00 00 00 00 00
                                 005fc2599820 53 46 43 4f 00 00 00 00 02 02 00 00 e7 59 ea d4
                                 005fc2599830 00 00 00 00 00 00 00 00 00 00 00 00 00 00 00 00
                                 005fc2599840 00 00 00 00 00 00 00 00 36 00 00 00 00 00 00 00
                                 005fc2599850 20 00 00 00 00 00 00 00 01 00 00 00 00 00 00 00
                                 005fc2599860 00 00 00 00 00 00 00 00 00 00 00 00 00 00 00 00
                                 005fc2599870 00 00 00 00 00 00 00 00 00 00 00 00 00 00 00 00
                                 005fc2599880 00 00 00 00 00 00 00 00 00 00 00 00 00 00 00 00
                                 005fc2599890 00 00 00 00 00 00 00 00 00 00 00 00 00 00 00 00
                                 005fc25998a0 00 00 00 00 00 00 00 00 00 00 00 00 00 00 00 00
                                 005fc25998b0 00 00 00 00 00 00 00 00 00 00 00 00 00 00 00 00
                                 005fc25998c0 00 00 00 00 00 00 00 00 00 00 00 00 00 00 00 00
                                 005fc25998d0 00 00 00 00 00 00 00 00 00 00 00 00 00 00 00 00
                                 005fc25998e0 00 00 00 00 00 00 00 00 00 00 00 00 00 00 00 00
                                 005fc25998f0 00 00 00 00 00 00 00 00 00 00 00 00 00 00 00 00
Threads[04]:
    Thread ID:                   00000000000018ca
    Thread Name:                 Thread_0x0000002728764E5C
    Stack Region:                0000007c10f7f000-0000007c10f82000
    Registers:
        X[00]:                   0000000005f5e100
        X[01]:                   0000000000000000
        X[02]:                   0000000000000000
        X[03]:                   0000000000000000
        X[04]:                   0000000000000000
        X[05]:                   0000000000000000
        X[06]:                   0000000000000000
        X[07]:                   0000000000000000
        X[08]:                   0000000000000000
        X[09]:                   0000000000000000
        X[10]:                   0000000000000000
        X[11]:                   0000000000000000
        X[12]:                   0000000000000000
        X[13]:                   0000000000000000
        X[14]:                   0000000000000000
        X[15]:                   0000000000000000
        X[16]:                   0000000000000000
        X[17]:                   0000000000000000
        X[18]:                   0000000000000000
        X[19]:                   0000000000000000
        X[20]:                   0000000000000000
        X[21]:                   0000000000000000
        X[22]:                   0000000000000000
        X[23]:                   0000000000000000
        X[24]:                   0000000000000000
        X[25]:                   0000000000000000
        X[26]:                   0000000000000000
        X[27]:                   0000000000000000
        X[28]:                   0000000000000000
        FP:                      0000007c10f81fb0
        LR:                      0000002728764ee4 (Skyline + 0x4ee4)
        SP:                      0000007c10f81f40
        PC:                      0000002728b0785c (nnSdk + 0x38985c)
    Stack Trace:
        ReturnAddress[00]:       0000002728ab6984 (nnSdk + 0x338984)
        ReturnAddress[01]:       0000000000000000
    Stack Dump:                               00 01 02 03 04 05 06 07 08 09 0a 0b 0c 0d 0e 0f
                                 007c10f81f00 b0 1f f8 10 7c 00 00 00 00 00 72 00 35 00 00 00
                                 007c10f81f10 d0 4e 76 28 27 00 00 00 00 00 72 00 35 00 00 00
                                 007c10f81f20 00 00 00 00 00 00 00 00 00 e1 f5 05 00 00 00 00
                                 007c10f81f30 b0 1f f8 10 7c 00 00 00 00 e1 f5 05 00 00 00 00
                                 007c10f81f40 b8 24 ab 28 27 00 00 00 c0 01 d5 00 35 00 00 00
                                 007c10f81f50 00 00 00 00 00 00 00 00 00 00 72 00 35 00 00 00
                                 007c10f81f60 00 00 00 00 00 00 00 00 78 1f f8 10 7c 00 00 00
                                 007c10f81f70 09 00 00 00 00 00 00 00 54 63 70 4c 6f 67 67 65
                                 007c10f81f80 72 00 f8 10 7c 00 00 00 00 00 72 00 35 00 00 00
                                 007c10f81f90 00 00 00 00 00 00 00 00 00 00 00 00 00 00 00 00
                                 007c10f81fa0 00 00 00 00 00 00 00 00 c0 01 d5 00 35 00 00 00
                                 007c10f81fb0 d0 1f f8 10 7c 00 00 00 84 69 ab 28 27 00 00 00
                                 007c10f81fc0 00 00 00 00 00 00 00 00 00 00 00 00 00 00 00 00
                                 007c10f81fd0 00 00 00 00 00 00 00 00 00 00 00 00 00 00 00 00
                                 007c10f81fe0 50 24 ab 28 27 00 00 00 00 00 00 00 00 00 00 00
                                 007c10f81ff0 00 00 00 00 00 00 00 00 00 00 00 00 00 00 00 00
    TLS Address:                 0000005fc2599c00
    TLS Dump:                                 00 01 02 03 04 05 06 07 08 09 0a 0b 0c 0d 0e 0f
                                 005fc2599c00 00 00 00 00 0e 08 e0 03 00 00 00 00 00 00 00 00
                                 005fc2599c10 00 00 00 00 00 00 00 00 00 00 00 00 00 00 00 00
                                 005fc2599c20 53 46 43 4f 00 00 00 00 00 00 00 00 91 ab e3 ac
                                 005fc2599c30 ff ff ff ff 6b 00 00 00 00 00 00 00 00 00 00 00
                                 005fc2599c40 00 00 00 00 00 00 00 00 00 00 00 00 00 00 00 00
                                 005fc2599c50 00 00 00 00 00 00 00 00 00 00 00 00 00 00 00 00
                                 005fc2599c60 00 00 00 00 00 00 00 00 00 00 00 00 00 00 00 00
                                 005fc2599c70 00 00 00 00 00 00 00 00 00 00 00 00 00 00 00 00
                                 005fc2599c80 00 00 00 00 00 00 00 00 00 00 00 00 00 00 00 00
                                 005fc2599c90 00 00 00 00 00 00 00 00 00 00 00 00 00 00 00 00
                                 005fc2599ca0 00 00 00 00 00 00 00 00 00 00 00 00 00 00 00 00
                                 005fc2599cb0 00 00 00 00 00 00 00 00 00 00 00 00 00 00 00 00
                                 005fc2599cc0 00 00 00 00 00 00 00 00 00 00 00 00 00 00 00 00
                                 005fc2599cd0 00 00 00 00 00 00 00 00 00 00 00 00 00 00 00 00
                                 005fc2599ce0 00 00 00 00 00 00 00 00 00 00 00 00 00 00 00 00
                                 005fc2599cf0 00 00 00 00 00 00 00 00 00 00 00 00 00 00 00 00
Threads[05]:
    Thread ID:                   00000000000018d0
    Thread Name:                 Thread_0x0000002728C97670
    Stack Region:                0000007bf2973000-0000007bf2b73000
    Registers:
        X[00]:                   0000000001312d00
        X[01]:                   0000000001312d00
        X[02]:                   0000000000000004
        X[03]:                   0000000000000000
        X[04]:                   0000000000000000
        X[05]:                   0000000000000000
        X[06]:                   0000000000000000
        X[07]:                   0000000000000000
        X[08]:                   0000000000000000
        X[09]:                   0000000000000000
        X[10]:                   0000000000000000
        X[11]:                   0000000000000000
        X[12]:                   0000000000000000
        X[13]:                   0000000000000000
        X[14]:                   0000000000000000
        X[15]:                   0000000000000000
        X[16]:                   0000000000000000
        X[17]:                   0000000000000000
        X[18]:                   0000000000000000
        X[19]:                   0000000000000000
        X[20]:                   0000000000000000
        X[21]:                   0000000000000000
        X[22]:                   0000000000000000
        X[23]:                   0000000000000000
        X[24]:                   0000000000000000
        X[25]:                   0000000000000000
        X[26]:                   0000000000000000
        X[27]:                   0000000000000000
        X[28]:                   0000000000000000
        FP:                      0000007bf2b72e90
        LR:                      00000001e2fb5a68 (arcropolis + 0x25a68)
        SP:                      0000007bf2b72e90
        PC:                      0000002728b0785c (nnSdk + 0x38985c)
    Stack Trace:
        ReturnAddress[00]:       00000001e31a8098
        ReturnAddress[01]:       0000000000000008
    Stack Dump:                               00 01 02 03 04 05 06 07 08 09 0a 0b 0c 0d 0e 0f
                                 007bf2b72e90 a0 80 1a e3 01 00 00 00 98 80 1a e3 01 00 00 00
                                 007bf2b72ea0 04 00 00 00 00 00 00 00 04 00 00 00 00 00 00 00
                                 007bf2b72eb0 00 00 00 00 00 00 00 00 04 00 00 00 00 00 00 00
                                 007bf2b72ec0 80 2f b7 f2 7b 00 00 00 74 3f 00 e3 01 00 00 00
                                 007bf2b72ed0 00 00 00 00 00 00 00 00 00 00 00 00 00 00 00 00
                                 007bf2b72ee0 00 00 00 00 00 00 00 00 00 00 00 00 00 00 00 00
                                 007bf2b72ef0 00 00 00 00 00 00 00 00 00 00 00 00 00 00 00 00
                                 007bf2b72f00 00 00 00 00 00 00 00 00 30 94 1a e3 01 00 00 00
                                 007bf2b72f10 e0 00 83 02 35 00 00 00 80 00 dd 00 35 00 00 00
                                 007bf2b72f20 00 00 00 00 00 00 00 00 00 00 00 00 00 00 00 00
                                 007bf2b72f30 0c 4f 0d e3 01 00 00 00 00 00 00 00 00 00 00 00
                                 007bf2b72f40 80 00 dd 00 35 00 00 00 20 00 65 02 35 00 00 00
                                 007bf2b72f50 d0 76 c9 28 27 00 00 00 ac 91 a6 04 35 00 00 00
                                 007bf2b72f60 78 1e 3a 29 27 00 00 00 c0 91 a6 04 35 00 00 00
                                 007bf2b72f70 a8 91 a6 04 35 00 00 00 00 90 a6 04 35 00 00 00
                                 007bf2b72f80 b0 2f b7 f2 7b 00 00 00 b8 24 ab 28 27 00 00 00
    TLS Address:                 0000006a7e629000
    TLS Dump:                                 00 01 02 03 04 05 06 07 08 09 0a 0b 0c 0d 0e 0f
                                 006a7e629000 00 00 00 00 00 00 00 00 00 00 00 00 00 00 00 00
                                 006a7e629010 00 00 00 00 00 00 00 00 00 00 00 00 00 00 00 00
                                 006a7e629020 00 00 00 00 00 00 00 00 00 00 00 00 00 00 00 00
                                 006a7e629030 00 00 00 00 00 00 00 00 00 00 00 00 00 00 00 00
                                 006a7e629040 00 00 00 00 00 00 00 00 00 00 00 00 00 00 00 00
                                 006a7e629050 00 00 00 00 00 00 00 00 00 00 00 00 00 00 00 00
                                 006a7e629060 00 00 00 00 00 00 00 00 00 00 00 00 00 00 00 00
                                 006a7e629070 00 00 00 00 00 00 00 00 00 00 00 00 00 00 00 00
                                 006a7e629080 00 00 00 00 00 00 00 00 00 00 00 00 00 00 00 00
                                 006a7e629090 00 00 00 00 00 00 00 00 00 00 00 00 00 00 00 00
                                 006a7e6290a0 00 00 00 00 00 00 00 00 00 00 00 00 00 00 00 00
                                 006a7e6290b0 00 00 00 00 00 00 00 00 00 00 00 00 00 00 00 00
                                 006a7e6290c0 00 00 00 00 00 00 00 00 00 00 00 00 00 00 00 00
                                 006a7e6290d0 00 00 00 00 00 00 00 00 00 00 00 00 00 00 00 00
                                 006a7e6290e0 00 00 00 00 00 00 00 00 00 00 00 00 00 00 00 00
                                 006a7e6290f0 00 00 00 00 00 00 00 00 00 00 00 00 00 00 00 00
Threads[06]:
    Thread ID:                   00000000000018d1
    Thread Name:                 Thread_0x0000002728C97670
    Stack Region:                0000007be80f7000-0000007be810b000
    Registers:
        X[00]:                   0000003502800048
        X[01]:                   0000003502800014
        X[02]:                   00000000001b81d1
        X[03]:                   ffffffffffffffff
        X[04]:                   0000000000000000
        X[05]:                   0000000000000000
        X[06]:                   0000000000000000
        X[07]:                   0000000000000000
        X[08]:                   0000000000000000
        X[09]:                   0000000000000000
        X[10]:                   0000000000000000
        X[11]:                   0000000000000000
        X[12]:                   0000000000000000
        X[13]:                   0000000000000000
        X[14]:                   0000000000000000
        X[15]:                   0000000000000000
        X[16]:                   0000000000000000
        X[17]:                   0000000000000000
        X[18]:                   0000000000000000
        X[19]:                   0000000000000000
        X[20]:                   0000000000000000
        X[21]:                   0000000000000000
        X[22]:                   0000000000000000
        X[23]:                   0000000000000000
        X[24]:                   0000000000000000
        X[25]:                   0000000000000000
        X[26]:                   0000000000000000
        X[27]:                   0000000000000000
        X[28]:                   0000000000000000
        FP:                      0000007be810aed0
        LR:                      0000002728ab7998 (nnSdk + 0x339998) (_ZN2nn2os6detail38InternalConditionVariableImplByHorizon4WaitEPNS1_23InternalCriticalSectionE + 0x48)
        SP:                      0000007be810aeb0
        PC:                      0000002728b0792c (nnSdk + 0x38992c)
    Stack Trace:
        ReturnAddress[00]:       0000002728aac464 (nnSdk + 0x32e464) (_ZN2nn2os21WaitConditionVariableEPNS0_21ConditionVariableTypeEPNS0_9MutexTypeE + 0x44)
        ReturnAddress[01]:       0000002728c97ebc (nnSdk + 0x519ebc) (__nnmusl_WaitConditionVariable + 0xc)
        ReturnAddress[02]:       0000002728c98404 (nnSdk + 0x51a404) (__nx_pthread_detached_worker_start + 0x5c)
        ReturnAddress[03]:       0000002728c976d0 (nnSdk + 0x5196d0)
        ReturnAddress[04]:       0000002728ab24b8 (nnSdk + 0x3344b8)
        ReturnAddress[05]:       0000002728ab6984 (nnSdk + 0x338984)
        ReturnAddress[06]:       0000000000000000
    Stack Dump:                               00 01 02 03 04 05 06 07 08 09 0a 0b 0c 0d 0e 0f
                                 007be810aeb0 00 00 80 02 35 00 00 00 00 00 00 00 00 00 00 00
                                 007be810aec0 50 00 80 02 35 00 00 00 30 00 80 02 35 00 00 00
                                 007be810aed0 f0 ae 10 e8 7b 00 00 00 64 c4 aa 28 27 00 00 00
                                 007be810aee0 30 00 80 02 35 00 00 00 30 00 80 02 35 00 00 00
                                 007be810aef0 00 af 10 e8 7b 00 00 00 bc 7e c9 28 27 00 00 00
                                 007be810af00 60 af 10 e8 7b 00 00 00 04 84 c9 28 27 00 00 00
                                 007be810af10 00 00 00 00 00 00 00 00 00 00 00 00 00 00 00 00
                                 007be810af20 00 00 00 00 00 00 00 00 00 00 00 00 00 00 00 00
                                 007be810af30 00 00 00 00 00 00 00 00 00 00 00 00 00 00 00 00
                                 007be810af40 00 00 00 00 00 00 00 00 ac c1 04 02 35 00 00 00
                                 007be810af50 78 1e 3a 29 27 00 00 00 c0 c1 04 02 35 00 00 00
                                 007be810af60 80 af 10 e8 7b 00 00 00 d0 76 c9 28 27 00 00 00
                                 007be810af70 a8 c1 04 02 35 00 00 00 00 c0 04 02 35 00 00 00
                                 007be810af80 b0 af 10 e8 7b 00 00 00 b8 24 ab 28 27 00 00 00
                                 007be810af90 00 00 00 00 00 00 00 00 00 00 00 00 00 00 00 00
                                 007be810afa0 00 00 00 00 00 00 00 00 00 c0 04 02 35 00 00 00
    TLS Address:                 0000006a7e629200
    TLS Dump:                                 00 01 02 03 04 05 06 07 08 09 0a 0b 0c 0d 0e 0f
                                 006a7e629200 00 00 00 00 00 00 00 00 00 00 00 00 00 00 00 00
                                 006a7e629210 00 00 00 00 00 00 00 00 00 00 00 00 00 00 00 00
                                 006a7e629220 00 00 00 00 00 00 00 00 00 00 00 00 00 00 00 00
                                 006a7e629230 00 00 00 00 00 00 00 00 00 00 00 00 00 00 00 00
                                 006a7e629240 00 00 00 00 00 00 00 00 00 00 00 00 00 00 00 00
                                 006a7e629250 00 00 00 00 00 00 00 00 00 00 00 00 00 00 00 00
                                 006a7e629260 00 00 00 00 00 00 00 00 00 00 00 00 00 00 00 00
                                 006a7e629270 00 00 00 00 00 00 00 00 00 00 00 00 00 00 00 00
                                 006a7e629280 00 00 00 00 00 00 00 00 00 00 00 00 00 00 00 00
                                 006a7e629290 00 00 00 00 00 00 00 00 00 00 00 00 00 00 00 00
                                 006a7e6292a0 00 00 00 00 00 00 00 00 00 00 00 00 00 00 00 00
                                 006a7e6292b0 00 00 00 00 00 00 00 00 00 00 00 00 00 00 00 00
                                 006a7e6292c0 00 00 00 00 00 00 00 00 00 00 00 00 00 00 00 00
                                 006a7e6292d0 00 00 00 00 00 00 00 00 00 00 00 00 00 00 00 00
                                 006a7e6292e0 00 00 00 00 00 00 00 00 00 00 00 00 00 00 00 00
                                 006a7e6292f0 00 00 00 00 00 00 00 00 00 00 00 00 00 00 00 00
Threads[07]:
    Thread ID:                   00000000000018de
    Thread Name:                 Thread_0x0000002728C97670
    Stack Region:                0000007bddd9f000-0000007bddf9f000
    Registers:
        X[00]:                   00000002540be400
        X[01]:                   0000000000000000
        X[02]:                   0000000000000000
        X[03]:                   0000000000000000
        X[04]:                   0000000000000000
        X[05]:                   0000000000000000
        X[06]:                   0000000000000000
        X[07]:                   0000000000000000
        X[08]:                   0000000000000000
        X[09]:                   0000000000000000
        X[10]:                   0000000000000000
        X[11]:                   0000000000000000
        X[12]:                   0000000000000000
        X[13]:                   0000000000000000
        X[14]:                   0000000000000000
        X[15]:                   0000000000000000
        X[16]:                   0000000000000000
        X[17]:                   0000000000000000
        X[18]:                   0000000000000000
        X[19]:                   0000000000000000
        X[20]:                   0000000000000000
        X[21]:                   0000000000000000
        X[22]:                   0000000000000000
        X[23]:                   0000000000000000
        X[24]:                   0000000000000000
        X[25]:                   0000000000000000
        X[26]:                   0000000000000000
        X[27]:                   0000000000000000
        X[28]:                   0000000000000000
        FP:                      000000353efb7db0
        LR:                      0000005db927e104 (training_modpack + 0x13e104)
        SP:                      0000007bddf9e850
        PC:                      0000002728b0785c (nnSdk + 0x38985c)
    Stack Trace:
        ReturnAddress[00]:       0000000000000000
    Stack Dump:                               00 01 02 03 04 05 06 07 08 09 0a 0b 0c 0d 0e 0f
                                 007bddf9e850 00 00 00 00 00 00 00 00 92 ed f9 dd 7b 00 00 00
                                 007bddf9e860 02 00 00 00 00 00 00 00 00 00 00 00 00 00 00 00
                                 007bddf9e870 a5 ed f9 dd 7b 00 00 00 e0 e8 d6 3e 35 00 00 00
                                 007bddf9e880 00 00 00 00 00 00 00 00 00 00 00 00 00 00 00 80
                                 007bddf9e890 00 00 00 00 00 00 00 00 b0 e9 f9 dd 7b 00 00 00
                                 007bddf9e8a0 80 e9 f9 dd 7b 00 00 00 93 ed f9 dd 7b 00 00 00
                                 007bddf9e8b0 b0 00 65 02 35 00 00 00 0a 00 00 00 00 00 00 00
                                 007bddf9e8c0 20 00 00 00 00 00 00 00 40 01 dd 00 35 00 00 00
                                 007bddf9e8d0 20 00 00 00 00 00 00 00 20 00 00 00 00 00 00 00
                                 007bddf9e8e0 00 01 dd 00 35 00 00 00 20 00 00 00 00 00 00 00
                                 007bddf9e8f0 40 00 00 00 00 00 00 00 00 06 dc 00 35 00 00 00
                                 007bddf9e900 40 00 00 00 00 00 00 00 00 00 00 00 00 00 00 00
                                 007bddf9e910 01 00 00 00 00 00 00 00 00 00 00 00 00 00 00 00
                                 007bddf9e920 14 00 00 00 00 00 00 00 c0 01 dd 00 35 00 00 00
                                 007bddf9e930 14 00 00 00 00 00 00 00 06 00 00 00 00 00 00 00
                                 007bddf9e940 30 02 65 02 35 00 00 00 06 00 00 00 00 00 00 00
    TLS Address:                 0000006a7e629400
    TLS Dump:                                 00 01 02 03 04 05 06 07 08 09 0a 0b 0c 0d 0e 0f
                                 006a7e629400 02 00 00 00 00 00 00 00 00 00 00 00 00 00 00 00
                                 006a7e629410 02 00 00 00 03 00 00 00 00 00 00 00 00 00 00 00
                                 006a7e629420 53 46 43 4f 00 00 00 00 00 00 00 00 0c 8b df 46
                                 006a7e629430 00 00 00 00 00 00 00 00 00 00 00 00 00 00 00 00
                                 006a7e629440 03 00 00 00 ff ff 00 00 06 10 00 00 00 00 00 00
                                 006a7e629450 f8 c4 bf 01 0c 00 00 50 00 00 00 00 00 00 00 00
                                 006a7e629460 53 46 43 49 01 00 00 00 0c 00 00 00 00 00 00 00
                                 006a7e629470 01 00 00 00 00 00 00 00 00 00 00 00 00 00 00 00
                                 006a7e629480 00 00 00 00 00 00 00 00 00 00 00 00 00 00 00 00
                                 006a7e629490 00 00 00 00 00 00 00 00 00 00 00 00 00 00 00 00
                                 006a7e6294a0 00 00 00 00 00 00 00 00 00 00 00 00 00 00 00 00
                                 006a7e6294b0 00 00 00 00 00 00 00 00 00 00 00 00 00 00 00 00
                                 006a7e6294c0 00 00 00 00 00 00 00 00 00 00 00 00 00 00 00 00
                                 006a7e6294d0 00 00 00 00 00 00 00 00 00 00 00 00 00 00 00 00
                                 006a7e6294e0 00 00 00 00 00 00 00 00 00 00 00 00 00 00 00 00
                                 006a7e6294f0 00 00 00 00 00 00 00 00 00 00 00 00 00 00 00 00
Threads[08]:
    Thread ID:                   00000000000018df
    Thread Name:                 TaskWorker1
    Registers:
        X[00]:                   0000003503150148
        X[01]:                   0000000000000002
        X[02]:                   0000000000000001
        X[03]:                   ffffffffffffffff
        X[04]:                   0000000000000000
        X[05]:                   0000000000000000
        X[06]:                   0000000000000000
        X[07]:                   0000000000000000
        X[08]:                   0000000000000000
        X[09]:                   0000000000000000
        X[10]:                   0000000000000000
        X[11]:                   0000000000000000
        X[12]:                   0000000000000000
        X[13]:                   0000000000000000
        X[14]:                   0000000000000000
        X[15]:                   0000000000000000
        X[16]:                   0000000000000000
        X[17]:                   0000000000000000
        X[18]:                   0000000000000000
        X[19]:                   0000000000000000
        X[20]:                   0000000000000000
        X[21]:                   0000000000000000
        X[22]:                   0000000000000000
        X[23]:                   0000000000000000
        X[24]:                   0000000000000000
        X[25]:                   0000000000000000
        X[26]:                   0000000000000000
        X[27]:                   0000000000000000
        X[28]:                   0000000000000000
        FP:                      000000350b60fed0
        LR:                      0000002728aacc88 (nnSdk + 0x32ec88) (_ZN2nn2os6detail18WaitLightEventImplEPNS0_14LightEventTypeE + 0x88)
        SP:                      000000350b60fea0
        PC:                      0000002728b07a24 (nnSdk + 0x389a24)
    Stack Trace:
        ReturnAddress[00]:       000000272414e5ac (cross2_Release.nss + 0x354a5ac)
        ReturnAddress[01]:       0000002724140f68 (cross2_Release.nss + 0x353cf68)
        ReturnAddress[02]:       00000027243d052c (cross2_Release.nss + 0x37cc52c)
        ReturnAddress[03]:       0000002728ab5f28 (nnSdk + 0x337f28) (_ZN2nn2os6detail17CallFiberFunctionEPFPNS0_9FiberTypeEPvES4_ + 0x14)
    TLS Address:                 0000006a7e629600
    TLS Dump:                                 00 01 02 03 04 05 06 07 08 09 0a 0b 0c 0d 0e 0f
                                 006a7e629600 00 00 01 00 09 08 e0 03 c0 50 18 00 c8 fc 60 0b
                                 006a7e629610 53 46 43 4f 00 00 00 00 00 00 00 00 99 5d e2 a4
                                 006a7e629620 00 00 00 00 00 00 00 00 00 00 00 00 00 00 00 00
                                 006a7e629630 00 00 00 00 01 00 00 00 01 00 00 00 00 00 00 00
                                 006a7e629640 02 00 6b 01 05 01 18 c0 00 00 00 00 00 00 00 00
                                 006a7e629650 18 00 00 00 c8 fc 60 0b 35 00 18 00 00 00 00 00
                                 006a7e629660 00 00 00 00 00 00 00 00 00 00 00 00 00 00 00 00
                                 006a7e629670 00 00 00 00 00 00 00 00 00 00 00 00 00 00 00 00
                                 006a7e629680 00 00 00 00 00 00 00 00 00 00 00 00 00 00 00 00
                                 006a7e629690 00 00 00 00 00 00 00 00 00 00 00 00 00 00 00 00
                                 006a7e6296a0 00 00 00 00 00 00 00 00 00 00 00 00 00 00 00 00
                                 006a7e6296b0 00 00 00 00 00 00 00 00 00 00 00 00 00 00 00 00
                                 006a7e6296c0 00 00 00 00 00 00 00 00 00 00 00 00 00 00 00 00
                                 006a7e6296d0 00 00 00 00 00 00 00 00 00 00 00 00 00 00 00 00
                                 006a7e6296e0 00 00 00 00 00 00 00 00 00 00 00 00 00 00 00 00
                                 006a7e6296f0 00 00 00 00 00 00 00 00 00 00 00 00 00 00 00 00
Threads[09]:
    Thread ID:                   00000000000018e0
    Thread Name:                 TaskWorker2
    Registers:
        X[00]:                   000000350b630148
        X[01]:                   0000000000000002
        X[02]:                   0000000000000001
        X[03]:                   ffffffffffffffff
        X[04]:                   0000000544150070
        X[05]:                   0000000000000000
        X[06]:                   0000000000000000
        X[07]:                   000000000000000d
        X[08]:                   0000000000000000
        X[09]:                   0000000000000000
        X[10]:                   0000000000000000
        X[11]:                   0000000000000000
        X[12]:                   0000000000000000
        X[13]:                   0000000000000000
        X[14]:                   0000000000000000
        X[15]:                   0000000000000000
        X[16]:                   0000000000000000
        X[17]:                   0000000000000000
        X[18]:                   0000000000000000
        X[19]:                   0000000000000000
        X[20]:                   0000000000000000
        X[21]:                   0000000000000000
        X[22]:                   0000000000000000
        X[23]:                   0000000000000000
        X[24]:                   0000000000000000
        X[25]:                   0000000000000000
        X[26]:                   0000000000000000
        X[27]:                   0000000000000000
        X[28]:                   0000000000000000
        FP:                      000000350c05fed0
        LR:                      0000002728aacc88 (nnSdk + 0x32ec88) (_ZN2nn2os6detail18WaitLightEventImplEPNS0_14LightEventTypeE + 0x88)
        SP:                      000000350c05fea0
        PC:                      0000002728b07a24 (nnSdk + 0x389a24)
    Stack Trace:
        ReturnAddress[00]:       000000272414e5ac (cross2_Release.nss + 0x354a5ac)
        ReturnAddress[01]:       0000002724140f68 (cross2_Release.nss + 0x353cf68)
        ReturnAddress[02]:       00000027243d052c (cross2_Release.nss + 0x37cc52c)
        ReturnAddress[03]:       0000002728ab5f28 (nnSdk + 0x337f28) (_ZN2nn2os6detail17CallFiberFunctionEPFPNS0_9FiberTypeEPvES4_ + 0x14)
    TLS Address:                 0000006a7e629800
    TLS Dump:                                 00 01 02 03 04 05 06 07 08 09 0a 0b 0c 0d 0e 0f
                                 006a7e629800 00 00 00 00 00 00 00 00 00 00 00 00 00 00 00 00
                                 006a7e629810 00 00 00 00 00 00 00 00 00 00 00 00 00 00 00 00
                                 006a7e629820 00 00 00 00 00 00 00 00 00 00 00 00 00 00 00 00
                                 006a7e629830 00 00 00 00 00 00 00 00 00 00 00 00 00 00 00 00
                                 006a7e629840 00 00 00 00 00 00 00 00 00 00 00 00 00 00 00 00
                                 006a7e629850 00 00 00 00 00 00 00 00 00 00 00 00 00 00 00 00
                                 006a7e629860 00 00 00 00 00 00 00 00 00 00 00 00 00 00 00 00
                                 006a7e629870 00 00 00 00 00 00 00 00 00 00 00 00 00 00 00 00
                                 006a7e629880 00 00 00 00 00 00 00 00 00 00 00 00 00 00 00 00
                                 006a7e629890 00 00 00 00 00 00 00 00 00 00 00 00 00 00 00 00
                                 006a7e6298a0 00 00 00 00 00 00 00 00 00 00 00 00 00 00 00 00
                                 006a7e6298b0 00 00 00 00 00 00 00 00 00 00 00 00 00 00 00 00
                                 006a7e6298c0 00 00 00 00 00 00 00 00 00 00 00 00 00 00 00 00
                                 006a7e6298d0 00 00 00 00 00 00 00 00 00 00 00 00 00 00 00 00
                                 006a7e6298e0 00 00 00 00 00 00 00 00 00 00 00 00 00 00 00 00
                                 006a7e6298f0 00 00 00 00 00 00 00 00 00 00 00 00 00 00 00 00
Threads[10]:
    Thread ID:                   00000000000018e1
    Thread Name:                 TaskWorker0
    Registers:
        X[00]:                   000000350092b248
        X[01]:                   0000000000000002
        X[02]:                   0000000000000001
        X[03]:                   ffffffffffffffff
        X[04]:                   0000000000000000
        X[05]:                   0000000000000000
        X[06]:                   0000000000000000
        X[07]:                   0000000000000000
        X[08]:                   0000000000000000
        X[09]:                   0000000000000000
        X[10]:                   0000000000000000
        X[11]:                   0000000000000000
        X[12]:                   0000000000000000
        X[13]:                   0000000000000000
        X[14]:                   0000000000000000
        X[15]:                   0000000000000000
        X[16]:                   0000000000000000
        X[17]:                   0000000000000000
        X[18]:                   0000000000000000
        X[19]:                   0000000000000000
        X[20]:                   0000000000000000
        X[21]:                   0000000000000000
        X[22]:                   0000000000000000
        X[23]:                   0000000000000000
        X[24]:                   0000000000000000
        X[25]:                   0000000000000000
        X[26]:                   0000000000000000
        X[27]:                   0000000000000000
        X[28]:                   0000000000000000
        FP:                      000000350aff7a50
        LR:                      0000002728aacc88 (nnSdk + 0x32ec88) (_ZN2nn2os6detail18WaitLightEventImplEPNS0_14LightEventTypeE + 0x88)
        SP:                      000000350aff7a20
        PC:                      0000002728b07a24 (nnSdk + 0x389a24)
    Stack Trace:
        ReturnAddress[00]:       000000272414e5ac (cross2_Release.nss + 0x354a5ac)
        ReturnAddress[01]:       0000002724140f68 (cross2_Release.nss + 0x353cf68)
        ReturnAddress[02]:       00000027243d052c (cross2_Release.nss + 0x37cc52c)
        ReturnAddress[03]:       0000002728ab5f28 (nnSdk + 0x337f28) (_ZN2nn2os6detail17CallFiberFunctionEPFPNS0_9FiberTypeEPvES4_ + 0x14)
    TLS Address:                 0000006a7e629a00
    TLS Dump:                                 00 01 02 03 04 05 06 07 08 09 0a 0b 0c 0d 0e 0f
                                 006a7e629a00 00 00 01 00 09 08 e0 03 c0 50 28 00 68 6e ff 0a
                                 006a7e629a10 53 46 43 4f 00 00 00 00 00 00 00 00 99 5d e2 a4
                                 006a7e629a20 00 00 00 00 00 00 00 00 00 00 00 00 00 00 00 00
                                 006a7e629a30 00 00 00 00 01 00 00 00 01 00 00 00 00 00 00 00
                                 006a7e629a40 01 00 6b 01 06 41 28 c0 00 00 00 00 c0 c7 ff ff
                                 006a7e629a50 28 00 00 00 68 6e ff 0a 35 00 28 00 00 00 00 00
                                 006a7e629a60 00 00 00 00 00 00 00 00 00 00 00 00 00 00 00 00
                                 006a7e629a70 00 00 00 00 00 00 00 00 00 00 00 00 00 00 00 00
                                 006a7e629a80 00 00 00 00 00 00 00 00 00 00 00 00 00 00 00 00
                                 006a7e629a90 00 00 00 00 00 00 00 00 00 00 00 00 00 00 00 00
                                 006a7e629aa0 00 00 00 00 00 00 00 00 00 00 00 00 00 00 00 00
                                 006a7e629ab0 00 00 00 00 00 00 00 00 00 00 00 00 00 00 00 00
                                 006a7e629ac0 00 00 00 00 00 00 00 00 00 00 00 00 00 00 00 00
                                 006a7e629ad0 00 00 00 00 00 00 00 00 00 00 00 00 00 00 00 00
                                 006a7e629ae0 00 00 00 00 00 00 00 00 00 00 00 00 00 00 00 00
                                 006a7e629af0 00 00 00 00 00 00 00 00 00 00 00 00 00 00 00 00
Threads[11]:
    Thread ID:                   00000000000018e2
    Thread Name:                 TaskWorker1
    Registers:
        X[00]:                   0000003503159748
        X[01]:                   0000000000000002
        X[02]:                   0000000000000001
        X[03]:                   ffffffffffffffff
        X[04]:                   0000000000000000
        X[05]:                   0000000000000000
        X[06]:                   0000000000000001
        X[07]:                   0000000000000000
        X[08]:                   0000000000000000
        X[09]:                   0000000000000000
        X[10]:                   0000000000000000
        X[11]:                   0000000000000000
        X[12]:                   0000000000000000
        X[13]:                   0000000000000000
        X[14]:                   0000000000000000
        X[15]:                   0000000000000000
        X[16]:                   0000000000000000
        X[17]:                   0000000000000000
        X[18]:                   0000000000000000
        X[19]:                   0000000000000000
        X[20]:                   0000000000000000
        X[21]:                   0000000000000000
        X[22]:                   0000000000000000
        X[23]:                   0000000000000000
        X[24]:                   0000000000000000
        X[25]:                   0000000000000000
        X[26]:                   0000000000000000
        X[27]:                   0000000000000000
        X[28]:                   0000000000000000
        FP:                      000000350c047110
        LR:                      0000002728aacc88 (nnSdk + 0x32ec88) (_ZN2nn2os6detail18WaitLightEventImplEPNS0_14LightEventTypeE + 0x88)
        SP:                      000000350c0470e0
        PC:                      0000002728b07a24 (nnSdk + 0x389a24)
    Stack Trace:
        ReturnAddress[00]:       000000272414e5ac (cross2_Release.nss + 0x354a5ac)
        ReturnAddress[01]:       0000002724140f68 (cross2_Release.nss + 0x353cf68)
        ReturnAddress[02]:       00000027243d052c (cross2_Release.nss + 0x37cc52c)
        ReturnAddress[03]:       0000002728ab5f28 (nnSdk + 0x337f28) (_ZN2nn2os6detail17CallFiberFunctionEPFPNS0_9FiberTypeEPvES4_ + 0x14)
    TLS Address:                 0000006a7e629c00
    TLS Dump:                                 00 01 02 03 04 05 06 07 08 09 0a 0b 0c 0d 0e 0f
                                 006a7e629c00 00 00 01 00 09 08 e0 03 c0 50 28 00 98 5d 04 0c
                                 006a7e629c10 53 46 43 4f 00 00 00 00 00 00 00 00 99 5d e2 a4
                                 006a7e629c20 00 00 00 00 00 00 00 00 00 00 00 00 00 00 00 00
                                 006a7e629c30 00 00 00 00 01 00 00 00 01 00 00 00 00 00 00 00
                                 006a7e629c40 01 00 6b 01 06 41 28 c0 aa 00 00 00 00 00 00 00
                                 006a7e629c50 28 00 00 00 98 5d 04 0c 35 00 28 00 00 00 00 00
                                 006a7e629c60 00 00 00 00 00 00 00 00 00 00 00 00 00 00 00 00
                                 006a7e629c70 00 00 00 00 00 00 00 00 00 00 00 00 00 00 00 00
                                 006a7e629c80 00 00 00 00 00 00 00 00 00 00 00 00 00 00 00 00
                                 006a7e629c90 00 00 00 00 00 00 00 00 00 00 00 00 00 00 00 00
                                 006a7e629ca0 00 00 00 00 00 00 00 00 00 00 00 00 00 00 00 00
                                 006a7e629cb0 00 00 00 00 00 00 00 00 00 00 00 00 00 00 00 00
                                 006a7e629cc0 00 00 00 00 00 00 00 00 00 00 00 00 00 00 00 00
                                 006a7e629cd0 00 00 00 00 00 00 00 00 00 00 00 00 00 00 00 00
                                 006a7e629ce0 00 00 00 00 00 00 00 00 00 00 00 00 00 00 00 00
                                 006a7e629cf0 00 00 00 00 00 00 00 00 00 00 00 00 00 00 00 00
Threads[12]:
    Thread ID:                   00000000000018e3
    Thread Name:                 TaskWorker2
    Registers:
        X[00]:                   000000350b639748
        X[01]:                   0000000000000002
        X[02]:                   0000000000000001
        X[03]:                   ffffffffffffffff
        X[04]:                   0000000000000000
        X[05]:                   0000000000000000
        X[06]:                   0000000000000000
        X[07]:                   0000000000000000
        X[08]:                   0000000000000000
        X[09]:                   0000000000000000
        X[10]:                   0000000000000000
        X[11]:                   0000000000000000
        X[12]:                   0000000000000000
        X[13]:                   0000000000000000
        X[14]:                   0000000000000000
        X[15]:                   0000000000000000
        X[16]:                   0000000000000000
        X[17]:                   0000000000000000
        X[18]:                   0000000000000000
        X[19]:                   0000000000000000
        X[20]:                   0000000000000000
        X[21]:                   0000000000000000
        X[22]:                   0000000000000000
        X[23]:                   0000000000000000
        X[24]:                   0000000000000000
        X[25]:                   0000000000000000
        X[26]:                   0000000000000000
        X[27]:                   0000000000000000
        X[28]:                   0000000000000000
        FP:                      000000350c2e67d0
        LR:                      0000002728aacc88 (nnSdk + 0x32ec88) (_ZN2nn2os6detail18WaitLightEventImplEPNS0_14LightEventTypeE + 0x88)
        SP:                      000000350c2e67a0
        PC:                      0000002728b07a24 (nnSdk + 0x389a24)
    Stack Trace:
        ReturnAddress[00]:       000000272414e5ac (cross2_Release.nss + 0x354a5ac)
        ReturnAddress[01]:       0000002724140f68 (cross2_Release.nss + 0x353cf68)
        ReturnAddress[02]:       00000027243d052c (cross2_Release.nss + 0x37cc52c)
        ReturnAddress[03]:       0000002728ab5f28 (nnSdk + 0x337f28) (_ZN2nn2os6detail17CallFiberFunctionEPFPNS0_9FiberTypeEPvES4_ + 0x14)
    TLS Address:                 0000006a7e629e00
    TLS Dump:                                 00 01 02 03 04 05 06 07 08 09 0a 0b 0c 0d 0e 0f
                                 006a7e629e00 00 00 01 00 09 08 e0 03 c0 50 28 00 b8 64 2e 0c
                                 006a7e629e10 53 46 43 4f 00 00 00 00 00 00 00 00 99 5d e2 a4
                                 006a7e629e20 00 00 00 00 00 00 00 00 00 00 00 00 00 00 00 00
                                 006a7e629e30 00 00 00 00 01 00 00 00 01 00 00 00 00 00 00 00
                                 006a7e629e40 01 00 6b 01 06 41 28 c0 0b 00 00 00 00 00 00 00
                                 006a7e629e50 28 00 6b 01 b8 64 2e 0c 35 00 28 00 00 00 00 00
                                 006a7e629e60 01 01 05 01 18 00 04 03 d0 55 2e 0c 35 00 18 00
                                 006a7e629e70 02 0c 01 03 0b 17 13 04 03 0f 05 00 00 04 0c 00
                                 006a7e629e80 08 04 0c 00 04 02 14 00 00 00 00 00 00 00 00 00
                                 006a7e629e90 00 00 00 00 00 00 00 00 00 00 00 00 00 00 00 00
                                 006a7e629ea0 00 00 00 00 00 00 00 00 00 00 00 00 00 00 00 00
                                 006a7e629eb0 00 00 00 00 00 00 00 00 00 00 00 00 00 00 00 00
                                 006a7e629ec0 00 00 00 00 00 00 00 00 00 00 00 00 00 00 00 00
                                 006a7e629ed0 00 00 00 00 00 00 00 00 00 00 00 00 00 00 00 00
                                 006a7e629ee0 00 00 00 00 00 00 00 00 00 00 00 00 00 00 00 00
                                 006a7e629ef0 00 00 00 00 00 00 00 00 00 00 00 00 00 00 00 00
Threads[13]:
    Thread ID:                   00000000000018e4
    Thread Name:                 ResUpdateThread
    Stack Region:                0000007c0f3a9000-0000007c0f3e9000
    Registers:
        X[00]:                   0000000000f42400
        X[01]:                   00000035002a15c8
        X[02]:                   0000003571231800
        X[03]:                   0000000000000014
        X[04]:                   0000000000000000
        X[05]:                   0000000000000000
        X[06]:                   0000007c0f3e8aac
        X[07]:                   0000000000000000
        X[08]:                   0000000000000000
        X[09]:                   0000000000000000
        X[10]:                   0000000000000000
        X[11]:                   0000000000000000
        X[12]:                   0000000000000000
        X[13]:                   0000000000000000
        X[14]:                   0000000000000000
        X[15]:                   0000000000000000
        X[16]:                   0000000000000000
        X[17]:                   0000000000000000
        X[18]:                   0000000000000000
        X[19]:                   0000000000000000
        X[20]:                   0000000000000000
        X[21]:                   0000000000000000
        X[22]:                   0000000000000000
        X[23]:                   0000000000000000
        X[24]:                   0000000000000000
        X[25]:                   0000000000000000
        X[26]:                   0000000000000000
        X[27]:                   0000000000000000
        X[28]:                   0000000000000000
        FP:                      0000007c0f3e8f80
        LR:                      0000002724147070 (cross2_Release.nss + 0x3543070)
        SP:                      0000007c0f3e8f50
        PC:                      0000002728b0785c (nnSdk + 0x38985c)
    Stack Trace:
        ReturnAddress[00]:       0000002728ab24b8 (nnSdk + 0x3344b8)
        ReturnAddress[01]:       0000002728ab6984 (nnSdk + 0x338984)
        ReturnAddress[02]:       0000000000000000
    Stack Dump:                               00 01 02 03 04 05 06 07 08 09 0a 0b 0c 0d 0e 0f
                                 007c0f3e8f00 00 00 00 00 00 00 00 00 00 00 00 00 00 00 00 00
                                 007c0f3e8f10 00 00 00 00 00 00 00 00 04 00 00 00 00 00 00 00
                                 007c0f3e8f20 30 8f 3e 0f 7c 00 00 00 04 f1 c2 28 27 00 00 00
                                 007c0f3e8f30 40 8f 3e 0f 7c 00 00 00 24 2f c2 28 27 00 00 00
                                 007c0f3e8f40 80 8f 3e 0f 7c 00 00 00 00 70 14 24 27 00 00 00
                                 007c0f3e8f50 00 00 00 00 00 00 00 00 00 00 00 00 00 00 00 00
                                 007c0f3e8f60 00 00 00 00 00 00 00 00 bc 4a 95 00 35 00 00 00
                                 007c0f3e8f70 b8 4a 95 00 35 00 00 00 10 49 95 00 35 00 00 00
                                 007c0f3e8f80 b0 8f 3e 0f 7c 00 00 00 b8 24 ab 28 27 00 00 00
                                 007c0f3e8f90 00 00 00 00 00 00 00 00 00 00 00 00 00 00 00 00
                                 007c0f3e8fa0 00 00 00 00 00 00 00 00 10 49 95 00 35 00 00 00
                                 007c0f3e8fb0 d0 8f 3e 0f 7c 00 00 00 84 69 ab 28 27 00 00 00
                                 007c0f3e8fc0 00 00 00 00 00 00 00 00 00 00 00 00 00 00 00 00
                                 007c0f3e8fd0 00 00 00 00 00 00 00 00 00 00 00 00 00 00 00 00
                                 007c0f3e8fe0 50 24 ab 28 27 00 00 00 00 00 00 00 00 00 00 00
                                 007c0f3e8ff0 00 00 00 00 00 00 00 00 00 00 00 00 00 00 00 00
    TLS Address:                 0000005cb3f90000
    TLS Dump:                                 00 01 02 03 04 05 06 07 08 09 0a 0b 0c 0d 0e 0f
                                 005cb3f90000 00 00 00 00 00 00 00 00 00 00 00 00 00 00 00 00
                                 005cb3f90010 00 00 00 00 00 00 00 00 00 00 00 00 00 00 00 00
                                 005cb3f90020 00 00 00 00 00 00 00 00 00 00 00 00 00 00 00 00
                                 005cb3f90030 00 00 00 00 00 00 00 00 00 00 00 00 00 00 00 00
                                 005cb3f90040 00 00 00 00 00 00 00 00 00 00 00 00 00 00 00 00
                                 005cb3f90050 00 00 00 00 00 00 00 00 00 00 00 00 00 00 00 00
                                 005cb3f90060 00 00 00 00 00 00 00 00 00 00 00 00 00 00 00 00
                                 005cb3f90070 00 00 00 00 00 00 00 00 00 00 00 00 00 00 00 00
                                 005cb3f90080 00 00 00 00 00 00 00 00 00 00 00 00 00 00 00 00
                                 005cb3f90090 00 00 00 00 00 00 00 00 00 00 00 00 00 00 00 00
                                 005cb3f900a0 00 00 00 00 00 00 00 00 00 00 00 00 00 00 00 00
                                 005cb3f900b0 00 00 00 00 00 00 00 00 00 00 00 00 00 00 00 00
                                 005cb3f900c0 00 00 00 00 00 00 00 00 00 00 00 00 00 00 00 00
                                 005cb3f900d0 00 00 00 00 00 00 00 00 00 00 00 00 00 00 00 00
                                 005cb3f900e0 00 00 00 00 00 00 00 00 00 00 00 00 00 00 00 00
                                 005cb3f900f0 00 00 00 00 00 00 00 00 00 00 00 00 00 00 00 00
Threads[14]:
    Thread ID:                   00000000000018e5
    Thread Name:                 ResLoadingThread
    Stack Region:                0000007c07434000-0000007c07474000
    Registers:
        X[00]:                   00000035006b627c
        X[01]:                   00000035006b6280
        X[02]:                   00000000002881bf
        X[03]:                   ffffffffffffffff
        X[04]:                   0000000000000000
        X[05]:                   0000000000000000
        X[06]:                   0000000000000000
        X[07]:                   0000000000000000
        X[08]:                   0000000000000000
        X[09]:                   0000000000000000
        X[10]:                   0000000000000000
        X[11]:                   0000000000000000
        X[12]:                   0000000000000000
        X[13]:                   0000000000000000
        X[14]:                   0000000000000000
        X[15]:                   0000000000000000
        X[16]:                   0000000000000000
        X[17]:                   0000000000000000
        X[18]:                   0000000000000000
        X[19]:                   0000000000000000
        X[20]:                   0000000000000000
        X[21]:                   0000000000000000
        X[22]:                   0000000000000000
        X[23]:                   0000000000000000
        X[24]:                   0000000000000000
        X[25]:                   0000000000000000
        X[26]:                   0000000000000000
        X[27]:                   0000000000000000
        X[28]:                   0000000000000000
        FP:                      0000007c07473db0
        LR:                      0000002728ab7998 (nnSdk + 0x339998) (_ZN2nn2os6detail38InternalConditionVariableImplByHorizon4WaitEPNS1_23InternalCriticalSectionE + 0x48)
        SP:                      0000007c07473d90
        PC:                      0000002728b0792c (nnSdk + 0x38992c)
    Stack Trace:
        ReturnAddress[00]:       0000002728aac898 (nnSdk + 0x32e898) (_ZN2nn2os9WaitEventEPNS0_9EventTypeE + 0x48)
        ReturnAddress[01]:       000000272414714c (cross2_Release.nss + 0x354314c)
        ReturnAddress[02]:       0000002728ab24b8 (nnSdk + 0x3344b8)
        ReturnAddress[03]:       0000002728ab6984 (nnSdk + 0x338984)
        ReturnAddress[04]:       0000000000000000
    Stack Dump:                               00 01 02 03 04 05 06 07 08 09 0a 0b 0c 0d 0e 0f
                                 007c07473d90 80 62 6b 00 35 00 00 00 c8 89 29 00 35 00 00 00
                                 007c07473da0 60 62 6b 00 35 00 00 00 7c 62 6b 00 35 00 00 00
                                 007c07473db0 e0 3d 47 07 7c 00 00 00 98 c8 aa 28 27 00 00 00
                                 007c07473dc0 a8 3e 47 07 7c 00 00 00 40 72 7a 03 35 00 00 00
                                 007c07473dd0 90 3e 47 07 7c 00 00 00 80 43 95 00 35 00 00 00
                                 007c07473de0 80 3f 47 07 7c 00 00 00 4c 71 14 24 27 00 00 00
                                 007c07473df0 00 00 00 00 00 00 00 00 bd 57 48 17 35 00 00 00
                                 007c07473e00 40 44 95 00 35 00 00 00 28 44 95 00 35 00 00 00
                                 007c07473e10 10 44 95 00 35 00 00 00 f8 43 95 00 35 00 00 00
                                 007c07473e20 e0 43 95 00 35 00 00 00 e8 3e 47 07 7c 00 00 00
                                 007c07473e30 d0 3e 47 07 7c 00 00 00 b8 3e 47 07 7c 00 00 00
                                 007c07473e40 a0 3e 47 07 7c 00 00 00 f0 3e 47 07 7c 00 00 00
                                 007c07473e50 d8 3e 47 07 7c 00 00 00 c0 3e 47 07 7c 00 00 00
                                 007c07473e60 a8 3e 47 07 7c 00 00 00 90 3e 47 07 7c 00 00 00
                                 007c07473e70 04 00 00 00 00 00 00 00 e8 3e 47 07 7c 00 00 00
                                 007c07473e80 f0 3e 47 07 7c 00 00 00 00 00 00 00 00 00 00 00
    TLS Address:                 0000005cb3f90200
    TLS Dump:                                 00 01 02 03 04 05 06 07 08 09 0a 0b 0c 0d 0e 0f
                                 005cb3f90200 00 00 00 00 0c 00 00 00 00 00 00 00 00 00 00 00
                                 005cb3f90210 00 00 00 00 00 00 00 00 00 00 00 00 00 00 00 00
                                 005cb3f90220 53 46 43 4f 00 00 00 00 00 00 00 00 eb ca d2 c4
                                 005cb3f90230 00 00 00 00 00 00 00 00 00 00 00 00 00 00 00 00
                                 005cb3f90240 d8 2c 7e 4e 02 00 00 00 b0 1e 00 00 00 00 00 00
                                 005cb3f90250 00 00 00 00 00 00 00 00 00 00 00 00 00 00 00 00
                                 005cb3f90260 00 00 00 00 00 00 00 00 00 00 00 00 00 00 00 00
                                 005cb3f90270 00 00 00 00 00 00 00 00 00 00 00 00 00 00 00 00
                                 005cb3f90280 00 00 00 00 00 00 00 00 00 00 00 00 00 00 00 00
                                 005cb3f90290 00 00 00 00 00 00 00 00 00 00 00 00 00 00 00 00
                                 005cb3f902a0 00 00 00 00 00 00 00 00 00 00 00 00 00 00 00 00
                                 005cb3f902b0 00 00 00 00 00 00 00 00 00 00 00 00 00 00 00 00
                                 005cb3f902c0 00 00 00 00 00 00 00 00 00 00 00 00 00 00 00 00
                                 005cb3f902d0 00 00 00 00 00 00 00 00 00 00 00 00 00 00 00 00
                                 005cb3f902e0 00 00 00 00 00 00 00 00 00 00 00 00 00 00 00 00
                                 005cb3f902f0 00 00 00 00 00 00 00 00 00 00 00 00 00 00 00 00
Threads[15]:
    Thread ID:                   00000000000018e6
    Thread Name:                 ResInflateThread
    Stack Region:                0000007bb2e2b000-0000007bb2e6b000
    Registers:
        X[00]:                   00000035006b62dc
        X[01]:                   00000035006b62e0
        X[02]:                   00000000002901be
        X[03]:                   ffffffffffffffff
        X[04]:                   0000000000000000
        X[05]:                   0000000000000000
        X[06]:                   0000000000000000
        X[07]:                   0000000000000000
        X[08]:                   0000000000000000
        X[09]:                   0000000000000000
        X[10]:                   0000000000000000
        X[11]:                   0000000000000000
        X[12]:                   0000000000000000
        X[13]:                   0000000000000000
        X[14]:                   0000000000000000
        X[15]:                   0000000000000000
        X[16]:                   0000000000000000
        X[17]:                   0000000000000000
        X[18]:                   0000000000000000
        X[19]:                   0000000000000000
        X[20]:                   0000000000000000
        X[21]:                   0000000000000000
        X[22]:                   0000000000000000
        X[23]:                   0000000000000000
        X[24]:                   0000000000000000
        X[25]:                   0000000000000000
        X[26]:                   0000000000000000
        X[27]:                   0000000000000000
        X[28]:                   0000000000000000
        FP:                      0000007bb2e6ae80
        LR:                      0000002728ab7998 (nnSdk + 0x339998) (_ZN2nn2os6detail38InternalConditionVariableImplByHorizon4WaitEPNS1_23InternalCriticalSectionE + 0x48)
        SP:                      0000007bb2e6ae60
        PC:                      0000002728b0792c (nnSdk + 0x38992c)
    Stack Trace:
        ReturnAddress[00]:       0000002728aac898 (nnSdk + 0x32e898) (_ZN2nn2os9WaitEventEPNS0_9EventTypeE + 0x48)
        ReturnAddress[01]:       0000002724148504 (cross2_Release.nss + 0x3544504)
        ReturnAddress[02]:       0000002728ab24b8 (nnSdk + 0x3344b8)
        ReturnAddress[03]:       0000002728ab6984 (nnSdk + 0x338984)
        ReturnAddress[04]:       0000000000000000
    Stack Dump:                               00 01 02 03 04 05 06 07 08 09 0a 0b 0c 0d 0e 0f
                                 007bb2e6ae60 e0 62 6b 00 35 00 00 00 60 72 7a 03 35 00 00 00
                                 007bb2e6ae70 c0 62 6b 00 35 00 00 00 dc 62 6b 00 35 00 00 00
                                 007bb2e6ae80 b0 ae e6 b2 7b 00 00 00 98 c8 aa 28 27 00 00 00
                                 007bb2e6ae90 00 63 6a 17 35 00 00 00 60 72 7a 03 35 00 00 00
                                 007bb2e6aea0 7d 32 00 00 00 00 00 00 80 43 95 00 35 00 00 00
                                 007bb2e6aeb0 80 af e6 b2 7b 00 00 00 04 85 14 24 27 00 00 00
                                 007bb2e6aec0 00 00 00 00 3c d0 06 00 01 00 00 00 00 00 00 00
                                 007bb2e6aed0 00 10 8e 1d 35 00 00 00 00 00 00 00 00 00 00 00
                                 007bb2e6aee0 00 00 00 00 00 00 00 00 b0 40 00 00 00 00 00 00
                                 007bb2e6aef0 a5 1e 00 00 00 00 00 00 b0 00 2c 00 00 00 00 00
                                 007bb2e6af00 00 10 8e 1d 35 00 00 00 b0 40 00 00 00 00 00 00
                                 007bb2e6af10 b0 40 00 00 00 00 00 00 00 b3 b5 0b 35 00 00 00
                                 007bb2e6af20 a5 1e 00 00 00 00 00 00 a5 1e 00 00 00 00 00 00
                                 007bb2e6af30 00 00 00 00 00 00 00 00 00 00 00 00 00 00 00 00
                                 007bb2e6af40 00 00 00 00 00 00 00 00 00 00 00 00 00 00 00 00
                                 007bb2e6af50 00 00 00 00 00 00 00 00 00 00 00 00 00 00 00 00
    TLS Address:                 0000005cb3f90400
    TLS Dump:                                 00 01 02 03 04 05 06 07 08 09 0a 0b 0c 0d 0e 0f
                                 005cb3f90400 00 00 00 00 00 00 00 00 00 00 00 00 00 00 00 00
                                 005cb3f90410 00 00 00 00 00 00 00 00 00 00 00 00 00 00 00 00
                                 005cb3f90420 00 00 00 00 00 00 00 00 00 00 00 00 00 00 00 00
                                 005cb3f90430 00 00 00 00 00 00 00 00 00 00 00 00 00 00 00 00
                                 005cb3f90440 00 00 00 00 00 00 00 00 00 00 00 00 00 00 00 00
                                 005cb3f90450 00 00 00 00 00 00 00 00 00 00 00 00 00 00 00 00
                                 005cb3f90460 00 00 00 00 00 00 00 00 00 00 00 00 00 00 00 00
                                 005cb3f90470 00 00 00 00 00 00 00 00 00 00 00 00 00 00 00 00
                                 005cb3f90480 00 00 00 00 00 00 00 00 00 00 00 00 00 00 00 00
                                 005cb3f90490 00 00 00 00 00 00 00 00 00 00 00 00 00 00 00 00
                                 005cb3f904a0 00 00 00 00 00 00 00 00 00 00 00 00 00 00 00 00
                                 005cb3f904b0 00 00 00 00 00 00 00 00 00 00 00 00 00 00 00 00
                                 005cb3f904c0 00 00 00 00 00 00 00 00 00 00 00 00 00 00 00 00
                                 005cb3f904d0 00 00 00 00 00 00 00 00 00 00 00 00 00 00 00 00
                                 005cb3f904e0 00 00 00 00 00 00 00 00 00 00 00 00 00 00 00 00
                                 005cb3f904f0 00 00 00 00 00 00 00 00 00 00 00 00 00 00 00 00
Threads[16]:
    Thread ID:                   00000000000018e9
    Thread Name:                 render dispatch
    Stack Region:                0000007be1185000-0000007be11c5000
    Registers:
        X[00]:                   00000035034bc058
        X[01]:                   00000035034bc064
        X[02]:                   00000000003281b0
        X[03]:                   ffffffffffffffff
        X[04]:                   0000000000000000
        X[05]:                   0000000000000000
        X[06]:                   0000000000000400
        X[07]:                   0000007be11c4d10
        X[08]:                   0000000000000000
        X[09]:                   0000000000000000
        X[10]:                   0000000000000000
        X[11]:                   0000000000000000
        X[12]:                   0000000000000000
        X[13]:                   0000000000000000
        X[14]:                   0000000000000000
        X[15]:                   0000000000000000
        X[16]:                   0000000000000000
        X[17]:                   0000000000000000
        X[18]:                   0000000000000000
        X[19]:                   0000000000000000
        X[20]:                   0000000000000000
        X[21]:                   0000000000000000
        X[22]:                   0000000000000000
        X[23]:                   0000000000000000
        X[24]:                   0000000000000000
        X[25]:                   0000000000000000
        X[26]:                   0000000000000000
        X[27]:                   0000000000000000
        X[28]:                   0000000000000000
        FP:                      0000007be11c4e70
        LR:                      0000002728ab7998 (nnSdk + 0x339998) (_ZN2nn2os6detail38InternalConditionVariableImplByHorizon4WaitEPNS1_23InternalCriticalSectionE + 0x48)
        SP:                      0000007be11c4e50
        PC:                      0000002728b0792c (nnSdk + 0x38992c)
    Stack Trace:
        ReturnAddress[00]:       0000002728aac464 (nnSdk + 0x32e464) (_ZN2nn2os21WaitConditionVariableEPNS0_21ConditionVariableTypeEPNS0_9MutexTypeE + 0x44)
        ReturnAddress[01]:       0000002728c2f184 (nnSdk + 0x4b1184) (_ZNSt3__121__libcpp_condvar_waitEPNSt13__libcxx_shim19__libcxx_shim_ver_132__libcxx_shim_condition_variableEPNS1_19__libcxx_shi + 0xc)
        ReturnAddress[02]:       0000002728bde618 (nnSdk + 0x460618) (_ZNSt3__118condition_variable4waitERNS_11unique_lockINS_5mutexEEE + 0x18)
        ReturnAddress[03]:       000000272441a1f0 (cross2_Release.nss + 0x38161f0)
        ReturnAddress[04]:       00000027241a7e68 (cross2_Release.nss + 0x35a3e68)
        ReturnAddress[05]:       0000002728ab24b8 (nnSdk + 0x3344b8)
        ReturnAddress[06]:       0000002728ab6984 (nnSdk + 0x338984)
        ReturnAddress[07]:       0000000000000000
    Stack Dump:                               00 01 02 03 04 05 06 07 08 09 0a 0b 0c 0d 0e 0f
                                 007be11c4e50 60 c0 4b 03 35 00 00 00 04 00 00 00 01 00 00 00
                                 007be11c4e60 80 4d 84 54 35 00 00 00 40 c0 4b 03 35 00 00 00
                                 007be11c4e70 90 4e 1c e1 7b 00 00 00 64 c4 aa 28 27 00 00 00
                                 007be11c4e80 00 c0 4b 03 35 00 00 00 00 c0 4b 03 35 00 00 00
                                 007be11c4e90 a0 4e 1c e1 7b 00 00 00 84 f1 c2 28 27 00 00 00
                                 007be11c4ea0 b0 4e 1c e1 7b 00 00 00 18 e6 bd 28 27 00 00 00
                                 007be11c4eb0 60 4f 1c e1 7b 00 00 00 f0 a1 41 24 27 00 00 00
                                 007be11c4ec0 8d 4e 24 05 1e 07 00 00 40 c0 4b 03 35 00 00 00
                                 007be11c4ed0 01 f9 32 0b 35 00 00 00 f0 20 90 56 35 00 00 00
                                 007be11c4ee0 00 00 00 00 00 00 00 00 01 00 00 00 00 00 00 00
                                 007be11c4ef0 b0 47 e3 25 27 00 00 00 98 4d 84 54 35 00 00 00
                                 007be11c4f00 08 57 90 56 35 00 00 00 00 00 00 00 00 00 00 00
                                 007be11c4f10 00 00 00 00 00 00 00 00 00 00 00 00 00 00 00 00
                                 007be11c4f20 00 00 00 00 00 00 00 00 00 00 00 00 00 00 00 00
                                 007be11c4f30 00 00 00 00 00 00 00 00 00 00 00 00 00 00 00 00
                                 007be11c4f40 00 00 00 00 00 00 00 00 bc 36 b8 56 35 00 00 00
    TLS Address:                 0000005cb3f90800
    TLS Dump:                                 00 01 02 03 04 05 06 07 08 09 0a 0b 0c 0d 0e 0f
                                 005cb3f90800 00 00 01 00 09 08 e0 03 c0 b1 28 00 a8 4a 1c e1
                                 005cb3f90810 53 46 43 4f 00 00 00 00 00 00 00 00 99 5d e2 a4
                                 005cb3f90820 00 00 00 00 00 00 00 00 00 00 00 00 00 00 00 00
                                 005cb3f90830 00 00 00 00 01 00 00 00 01 00 00 00 00 00 00 00
                                 005cb3f90840 01 00 6b 01 06 41 28 c0 00 00 00 00 00 00 00 00
                                 005cb3f90850 28 00 00 00 a8 4a 1c e1 7b 00 28 00 00 00 00 00
                                 005cb3f90860 00 00 00 00 00 00 00 00 00 00 00 00 00 00 00 00
                                 005cb3f90870 00 00 00 00 00 00 00 00 00 00 00 00 00 00 00 00
                                 005cb3f90880 00 00 00 00 00 00 00 00 00 00 00 00 00 00 00 00
                                 005cb3f90890 00 00 00 00 00 00 00 00 00 00 00 00 00 00 00 00
                                 005cb3f908a0 00 00 00 00 00 00 00 00 00 00 00 00 00 00 00 00
                                 005cb3f908b0 00 00 00 00 00 00 00 00 00 00 00 00 00 00 00 00
                                 005cb3f908c0 00 00 00 00 00 00 00 00 00 00 00 00 00 00 00 00
                                 005cb3f908d0 00 00 00 00 00 00 00 00 00 00 00 00 00 00 00 00
                                 005cb3f908e0 00 00 00 00 00 00 00 00 00 00 00 00 00 00 00 00
                                 005cb3f908f0 00 00 00 00 00 00 00 00 00 00 00 00 00 00 00 00
Threads[17]:
    Thread ID:                   00000000000018ea
    Thread Name:                 render dispatch
    Stack Region:                0000007c053f1000-0000007c05431000
    Registers:
        X[00]:                   00000035034bc058
        X[01]:                   00000035034bc064
        X[02]:                   00000000003301af
        X[03]:                   ffffffffffffffff
        X[04]:                   0000000000000000
        X[05]:                   0000000000000000
        X[06]:                   0000000000000400
        X[07]:                   0000007c05430d10
        X[08]:                   0000000000000000
        X[09]:                   0000000000000000
        X[10]:                   0000000000000000
        X[11]:                   0000000000000000
        X[12]:                   0000000000000000
        X[13]:                   0000000000000000
        X[14]:                   0000000000000000
        X[15]:                   0000000000000000
        X[16]:                   0000000000000000
        X[17]:                   0000000000000000
        X[18]:                   0000000000000000
        X[19]:                   0000000000000000
        X[20]:                   0000000000000000
        X[21]:                   0000000000000000
        X[22]:                   0000000000000000
        X[23]:                   0000000000000000
        X[24]:                   0000000000000000
        X[25]:                   0000000000000000
        X[26]:                   0000000000000000
        X[27]:                   0000000000000000
        X[28]:                   0000000000000000
        FP:                      0000007c05430e70
        LR:                      0000002728ab7998 (nnSdk + 0x339998) (_ZN2nn2os6detail38InternalConditionVariableImplByHorizon4WaitEPNS1_23InternalCriticalSectionE + 0x48)
        SP:                      0000007c05430e50
        PC:                      0000002728b0792c (nnSdk + 0x38992c)
    Stack Trace:
        ReturnAddress[00]:       0000002728aac464 (nnSdk + 0x32e464) (_ZN2nn2os21WaitConditionVariableEPNS0_21ConditionVariableTypeEPNS0_9MutexTypeE + 0x44)
        ReturnAddress[01]:       0000002728c2f184 (nnSdk + 0x4b1184) (_ZNSt3__121__libcpp_condvar_waitEPNSt13__libcxx_shim19__libcxx_shim_ver_132__libcxx_shim_condition_variableEPNS1_19__libcxx_shi + 0xc)
        ReturnAddress[02]:       0000002728bde618 (nnSdk + 0x460618) (_ZNSt3__118condition_variable4waitERNS_11unique_lockINS_5mutexEEE + 0x18)
        ReturnAddress[03]:       000000272441a1f0 (cross2_Release.nss + 0x38161f0)
        ReturnAddress[04]:       00000027241a7e68 (cross2_Release.nss + 0x35a3e68)
        ReturnAddress[05]:       0000002728ab24b8 (nnSdk + 0x3344b8)
        ReturnAddress[06]:       0000002728ab6984 (nnSdk + 0x338984)
        ReturnAddress[07]:       0000000000000000
    Stack Dump:                               00 01 02 03 04 05 06 07 08 09 0a 0b 0c 0d 0e 0f
                                 007c05430e50 60 c0 4b 03 35 00 00 00 04 00 00 00 01 00 00 00
                                 007c05430e60 80 50 84 54 35 00 00 00 40 c0 4b 03 35 00 00 00
                                 007c05430e70 90 0e 43 05 7c 00 00 00 64 c4 aa 28 27 00 00 00
                                 007c05430e80 00 c0 4b 03 35 00 00 00 00 c0 4b 03 35 00 00 00
                                 007c05430e90 a0 0e 43 05 7c 00 00 00 84 f1 c2 28 27 00 00 00
                                 007c05430ea0 b0 0e 43 05 7c 00 00 00 18 e6 bd 28 27 00 00 00
                                 007c05430eb0 60 0f 43 05 7c 00 00 00 f0 a1 41 24 27 00 00 00
                                 007c05430ec0 5d 4e 24 05 1e 07 00 00 40 c0 4b 03 35 00 00 00
                                 007c05430ed0 01 89 73 0b 35 00 00 00 50 21 90 56 35 00 00 00
                                 007c05430ee0 00 00 00 00 00 00 00 00 01 00 00 00 00 00 00 00
                                 007c05430ef0 b0 47 e3 25 27 00 00 00 98 50 84 54 35 00 00 00
                                 007c05430f00 d8 56 90 56 35 00 00 00 00 00 00 00 00 00 00 00
                                 007c05430f10 00 00 00 00 00 00 00 00 00 00 00 00 00 00 00 00
                                 007c05430f20 00 00 00 00 00 00 00 00 00 00 00 00 00 00 00 00
                                 007c05430f30 00 00 00 00 00 00 00 00 00 00 00 00 00 00 00 00
                                 007c05430f40 00 00 00 00 00 00 00 00 3c 39 b8 56 35 00 00 00
    TLS Address:                 0000005cb3f90a00
    TLS Dump:                                 00 01 02 03 04 05 06 07 08 09 0a 0b 0c 0d 0e 0f
                                 005cb3f90a00 00 00 01 00 09 08 e0 03 c0 c1 28 00 a8 0a 43 05
                                 005cb3f90a10 53 46 43 4f 00 00 00 00 00 00 00 00 99 5d e2 a4
                                 005cb3f90a20 00 00 00 00 00 00 00 00 00 00 00 00 00 00 00 00
                                 005cb3f90a30 00 00 00 00 01 00 00 00 01 00 00 00 00 00 00 00
                                 005cb3f90a40 01 00 6b 01 06 41 28 c0 00 00 00 00 00 00 00 00
                                 005cb3f90a50 28 00 00 00 a8 0a 43 05 7c 00 28 00 00 00 00 00
                                 005cb3f90a60 00 00 00 00 00 00 00 00 00 00 00 00 00 00 00 00
                                 005cb3f90a70 00 00 00 00 00 00 00 00 00 00 00 00 00 00 00 00
                                 005cb3f90a80 00 00 00 00 00 00 00 00 00 00 00 00 00 00 00 00
                                 005cb3f90a90 00 00 00 00 00 00 00 00 00 00 00 00 00 00 00 00
                                 005cb3f90aa0 00 00 00 00 00 00 00 00 00 00 00 00 00 00 00 00
                                 005cb3f90ab0 00 00 00 00 00 00 00 00 00 00 00 00 00 00 00 00
                                 005cb3f90ac0 00 00 00 00 00 00 00 00 00 00 00 00 00 00 00 00
                                 005cb3f90ad0 00 00 00 00 00 00 00 00 00 00 00 00 00 00 00 00
                                 005cb3f90ae0 00 00 00 00 00 00 00 00 00 00 00 00 00 00 00 00
                                 005cb3f90af0 00 00 00 00 00 00 00 00 00 00 00 00 00 00 00 00
Threads[18]:
    Thread ID:                   00000000000018eb
    Thread Name:                 nu::GraphicsDevice::Update
    Stack Region:                0000007bf3fc5000-0000007bf3fd5000
    Registers:
        X[00]:                   000000353efb7578
        X[01]:                   000000353efb7584
        X[02]:                   00000000003381ae
        X[03]:                   ffffffffffffffff
        X[04]:                   0000000000000000
        X[05]:                   0000000000000000
        X[06]:                   0000000000000000
        X[07]:                   0000000000000000
        X[08]:                   0000000000000000
        X[09]:                   0000000000000000
        X[10]:                   0000000000000000
        X[11]:                   0000000000000000
        X[12]:                   0000000000000000
        X[13]:                   0000000000000000
        X[14]:                   0000000000000000
        X[15]:                   0000000000000000
        X[16]:                   0000000000000000
        X[17]:                   0000000000000000
        X[18]:                   0000000000000000
        X[19]:                   0000000000000000
        X[20]:                   0000000000000000
        X[21]:                   0000000000000000
        X[22]:                   0000000000000000
        X[23]:                   0000000000000000
        X[24]:                   0000000000000000
        X[25]:                   0000000000000000
        X[26]:                   0000000000000000
        X[27]:                   0000000000000000
        X[28]:                   0000000000000000
        FP:                      0000007bf3fd4f00
        LR:                      0000002728ab7998 (nnSdk + 0x339998) (_ZN2nn2os6detail38InternalConditionVariableImplByHorizon4WaitEPNS1_23InternalCriticalSectionE + 0x48)
        SP:                      0000007bf3fd4ee0
        PC:                      0000002728b0792c (nnSdk + 0x38992c)
    Stack Trace:
        ReturnAddress[00]:       0000002728aac464 (nnSdk + 0x32e464) (_ZN2nn2os21WaitConditionVariableEPNS0_21ConditionVariableTypeEPNS0_9MutexTypeE + 0x44)
        ReturnAddress[01]:       0000002728c2f184 (nnSdk + 0x4b1184) (_ZNSt3__121__libcpp_condvar_waitEPNSt13__libcxx_shim19__libcxx_shim_ver_132__libcxx_shim_condition_variableEPNS1_19__libcxx_shi + 0xc)
        ReturnAddress[02]:       0000002728bde618 (nnSdk + 0x460618) (_ZNSt3__118condition_variable4waitERNS_11unique_lockINS_5mutexEEE + 0x18)
        ReturnAddress[03]:       00000027241a2b98 (cross2_Release.nss + 0x359eb98)
        ReturnAddress[04]:       0000002728ab24b8 (nnSdk + 0x3344b8)
        ReturnAddress[05]:       0000002728ab6984 (nnSdk + 0x338984)
        ReturnAddress[06]:       0000000000000000
    Stack Dump:                               00 01 02 03 04 05 06 07 08 09 0a 0b 0c 0d 0e 0f
                                 007bf3fd4ee0 80 75 fb 3e 35 00 00 00 00 00 00 00 00 00 00 00
                                 007bf3fd4ef0 60 75 fb 3e 35 00 00 00 60 75 fb 3e 35 00 00 00
                                 007bf3fd4f00 20 4f fd f3 7b 00 00 00 64 c4 aa 28 27 00 00 00
                                 007bf3fd4f10 00 73 fb 3e 35 00 00 00 00 73 fb 3e 35 00 00 00
                                 007bf3fd4f20 30 4f fd f3 7b 00 00 00 84 f1 c2 28 27 00 00 00
                                 007bf3fd4f30 40 4f fd f3 7b 00 00 00 18 e6 bd 28 27 00 00 00
                                 007bf3fd4f40 80 4f fd f3 7b 00 00 00 98 2b 1a 24 27 00 00 00
                                 007bf3fd4f50 60 75 fb 3e 35 00 00 00 01 00 00 00 00 00 00 00
                                 007bf3fd4f60 00 00 00 00 00 00 00 00 3c 75 fb 3e 35 00 00 00
                                 007bf3fd4f70 38 75 fb 3e 35 00 00 00 90 73 fb 3e 35 00 00 00
                                 007bf3fd4f80 b0 4f fd f3 7b 00 00 00 b8 24 ab 28 27 00 00 00
                                 007bf3fd4f90 00 00 00 00 00 00 00 00 00 00 00 00 00 00 00 00
                                 007bf3fd4fa0 00 00 00 00 00 00 00 00 90 73 fb 3e 35 00 00 00
                                 007bf3fd4fb0 d0 4f fd f3 7b 00 00 00 84 69 ab 28 27 00 00 00
                                 007bf3fd4fc0 00 00 00 00 00 00 00 00 00 00 00 00 00 00 00 00
                                 007bf3fd4fd0 00 00 00 00 00 00 00 00 00 00 00 00 00 00 00 00
    TLS Address:                 0000005cb3f90c00
    TLS Dump:                                 00 01 02 03 04 05 06 07 08 09 0a 0b 0c 0d 0e 0f
                                 005cb3f90c00 00 00 01 00 09 08 e0 03 c0 b1 18 00 c8 4d fd f3
                                 005cb3f90c10 53 46 43 4f 00 00 00 00 00 00 00 00 99 5d e2 a4
                                 005cb3f90c20 00 00 00 00 00 00 00 00 00 00 00 00 00 00 00 00
                                 005cb3f90c30 00 00 00 00 01 00 00 00 01 00 00 00 00 00 00 00
                                 005cb3f90c40 02 00 6b 01 05 01 18 c0 00 00 00 00 00 00 00 00
                                 005cb3f90c50 18 00 00 00 c8 4d fd f3 7b 00 18 00 00 00 00 00
                                 005cb3f90c60 00 00 00 00 00 00 00 00 00 00 00 00 00 00 00 00
                                 005cb3f90c70 00 00 00 00 00 00 00 00 00 00 00 00 00 00 00 00
                                 005cb3f90c80 00 00 00 00 00 00 00 00 00 00 00 00 00 00 00 00
                                 005cb3f90c90 00 00 00 00 00 00 00 00 00 00 00 00 00 00 00 00
                                 005cb3f90ca0 00 00 00 00 00 00 00 00 00 00 00 00 00 00 00 00
                                 005cb3f90cb0 00 00 00 00 00 00 00 00 00 00 00 00 00 00 00 00
                                 005cb3f90cc0 00 00 00 00 00 00 00 00 00 00 00 00 00 00 00 00
                                 005cb3f90cd0 00 00 00 00 00 00 00 00 00 00 00 00 00 00 00 00
                                 005cb3f90ce0 00 00 00 00 00 00 00 00 00 00 00 00 00 00 00 00
                                 005cb3f90cf0 00 00 00 00 00 00 00 00 00 00 00 00 00 00 00 00
Threads[19]:
    Thread ID:                   00000000000018ec
    Thread Name:                 BCATCacheStorage
    Stack Region:                0000007c25f3c000-0000007c25f7c000
    Registers:
        X[00]:                   00000035563e47ac
        X[01]:                   00000035563e47b0
        X[02]:                   00000000003781a8
        X[03]:                   ffffffffffffffff
        X[04]:                   0000002728ae67c0 (nnSdk + 0x3687c0) (_ZN2nn2sf22UnitHeapMemoryResource13do_deallocateEPvmm + 0x0)
        X[05]:                   0000000000000000
        X[06]:                   0000000000000000
        X[07]:                   0000000000000000
        X[08]:                   0000000000000000
        X[09]:                   0000000000000000
        X[10]:                   0000000000000000
        X[11]:                   0000000000000000
        X[12]:                   0000000000000000
        X[13]:                   0000000000000000
        X[14]:                   0000000000000000
        X[15]:                   0000000000000000
        X[16]:                   0000000000000000
        X[17]:                   0000000000000000
        X[18]:                   0000000000000000
        X[19]:                   0000000000000000
        X[20]:                   0000000000000000
        X[21]:                   0000000000000000
        X[22]:                   0000000000000000
        X[23]:                   0000000000000000
        X[24]:                   0000000000000000
        X[25]:                   0000000000000000
        X[26]:                   0000000000000000
        X[27]:                   0000000000000000
        X[28]:                   0000000000000000
        FP:                      0000007c25f7beb0
        LR:                      0000002728ab7998 (nnSdk + 0x339998) (_ZN2nn2os6detail38InternalConditionVariableImplByHorizon4WaitEPNS1_23InternalCriticalSectionE + 0x48)
        SP:                      0000007c25f7be90
        PC:                      0000002728b0792c (nnSdk + 0x38992c)
    Stack Trace:
        ReturnAddress[00]:       0000002728aac898 (nnSdk + 0x32e898) (_ZN2nn2os9WaitEventEPNS0_9EventTypeE + 0x48)
        ReturnAddress[01]:       00000027242fdb7c (cross2_Release.nss + 0x36f9b7c)
        ReturnAddress[02]:       0000002728ab24b8 (nnSdk + 0x3344b8)
        ReturnAddress[03]:       0000002728ab6984 (nnSdk + 0x338984)
        ReturnAddress[04]:       0000000000000000
    Stack Dump:                               00 01 02 03 04 05 06 07 08 09 0a 0b 0c 0d 0e 0f
                                 007c25f7be90 b0 47 3e 56 35 00 00 00 38 7a 49 03 35 00 00 00
                                 007c25f7bea0 90 47 3e 56 35 00 00 00 ac 47 3e 56 35 00 00 00
                                 007c25f7beb0 e0 be f7 25 7c 00 00 00 98 c8 aa 28 27 00 00 00
                                 007c25f7bec0 00 60 f1 5d 35 00 00 00 78 7a 49 03 35 00 00 00
                                 007c25f7bed0 38 7a 49 03 35 00 00 00 00 7a 49 03 35 00 00 00
                                 007c25f7bee0 80 bf f7 25 7c 00 00 00 7c db 2f 24 27 00 00 00
                                 007c25f7bef0 00 00 00 00 00 00 00 00 00 00 00 00 00 00 00 00
                                 007c25f7bf00 30 66 f1 5d 35 00 00 00 01 00 00 00 00 00 00 00
                                 007c25f7bf10 00 00 00 00 00 00 00 00 00 00 00 00 00 00 00 00
                                 007c25f7bf20 00 00 00 00 00 00 00 00 7f 00 00 00 00 00 00 00
                                 007c25f7bf30 00 00 00 00 00 00 00 00 00 00 00 00 00 00 00 00
                                 007c25f7bf40 00 00 00 00 00 00 00 00 00 00 00 00 00 00 00 00
                                 007c25f7bf50 00 00 00 00 00 00 00 00 00 00 00 00 00 00 00 00
                                 007c25f7bf60 00 00 00 00 00 00 00 00 bc 8b b8 56 35 00 00 00
                                 007c25f7bf70 b8 8b b8 56 35 00 00 00 10 8a b8 56 35 00 00 00
                                 007c25f7bf80 b0 bf f7 25 7c 00 00 00 b8 24 ab 28 27 00 00 00
    TLS Address:                 0000005cb3f90e00
    TLS Dump:                                 00 01 02 03 04 05 06 07 08 09 0a 0b 0c 0d 0e 0f
                                 005cb3f90e00 06 00 00 00 08 08 e0 03 00 00 00 00 00 00 00 00
                                 005cb3f90e10 02 00 00 00 91 00 00 00 00 00 00 00 00 00 00 00
                                 005cb3f90e20 53 46 43 4f 00 00 00 00 00 00 00 00 b4 2c d0 49
                                 005cb3f90e30 01 00 00 00 00 00 00 00 00 00 00 00 00 00 00 00
                                 005cb3f90e40 00 00 00 00 00 00 00 00 00 00 00 00 00 00 00 00
                                 005cb3f90e50 74 6f 75 72 6e 61 6d 65 6e 74 5f 34 31 37 38 2e
                                 005cb3f90e60 62 69 6e 00 00 00 00 00 00 00 00 00 00 00 00 00
                                 005cb3f90e70 00 00 00 00 00 00 00 00 00 00 00 00 00 00 00 00
                                 005cb3f90e80 00 00 00 00 00 00 00 00 00 00 00 00 00 00 00 00
                                 005cb3f90e90 00 00 00 00 00 00 00 00 00 00 00 00 00 00 00 00
                                 005cb3f90ea0 00 00 00 00 00 00 00 00 00 00 00 00 00 00 00 00
                                 005cb3f90eb0 00 00 00 00 00 00 00 00 00 00 00 00 00 00 00 00
                                 005cb3f90ec0 00 00 00 00 00 00 00 00 00 00 00 00 00 00 00 00
                                 005cb3f90ed0 00 00 00 00 00 00 00 00 00 00 00 00 00 00 00 00
                                 005cb3f90ee0 00 00 00 00 00 00 00 00 00 00 00 00 00 00 00 00
                                 005cb3f90ef0 00 00 00 00 00 00 00 00 00 00 00 00 00 00 00 00
Threads[20]:
    Thread ID:                   00000000000018ed
    Stack Region:                0000007bb5c19000-0000007bb5c1d000
    Registers:
        X[00]:                   0000002725ead2ac
        X[01]:                   0000002725ead2b0
        X[02]:                   00000000003801a7
        X[03]:                   ffffffffffffffff
        X[04]:                   0000000000000000
        X[05]:                   0000000000000000
        X[06]:                   0000000000000000
        X[07]:                   0000000000000000
        X[08]:                   0000000000000000
        X[09]:                   0000000000000000
        X[10]:                   0000000000000000
        X[11]:                   0000000000000000
        X[12]:                   0000000000000000
        X[13]:                   0000000000000000
        X[14]:                   0000000000000000
        X[15]:                   0000000000000000
        X[16]:                   0000000000000000
        X[17]:                   0000000000000000
        X[18]:                   0000000000000000
        X[19]:                   0000000000000000
        X[20]:                   0000000000000000
        X[21]:                   0000000000000000
        X[22]:                   0000000000000000
        X[23]:                   0000000000000000
        X[24]:                   0000000000000000
        X[25]:                   0000000000000000
        X[26]:                   0000000000000000
        X[27]:                   0000000000000000
        X[28]:                   0000000000000000
        FP:                      0000007bb5c1cef0
        LR:                      0000002728ab7998 (nnSdk + 0x339998) (_ZN2nn2os6detail38InternalConditionVariableImplByHorizon4WaitEPNS1_23InternalCriticalSectionE + 0x48)
        SP:                      0000007bb5c1ced0
        PC:                      0000002728b0792c (nnSdk + 0x38992c)
    Stack Trace:
        ReturnAddress[00]:       0000002728aac898 (nnSdk + 0x32e898) (_ZN2nn2os9WaitEventEPNS0_9EventTypeE + 0x48)
        ReturnAddress[01]:       0000002720c2bde4 (cross2_Release.nss + 0x27de4)
        ReturnAddress[02]:       0000002720c2bc08 (cross2_Release.nss + 0x27c08)
        ReturnAddress[03]:       0000002728ab24b8 (nnSdk + 0x3344b8)
        ReturnAddress[04]:       0000002728ab6984 (nnSdk + 0x338984)
        ReturnAddress[05]:       0000000000000000
    Stack Dump:                               00 01 02 03 04 05 06 07 08 09 0a 0b 0c 0d 0e 0f
                                 007bb5c1ced0 b0 d2 ea 25 27 00 00 00 e4 f0 c2 28 27 00 00 00
                                 007bb5c1cee0 90 d2 ea 25 27 00 00 00 ac d2 ea 25 27 00 00 00
                                 007bb5c1cef0 20 cf c1 b5 7b 00 00 00 98 c8 aa 28 27 00 00 00
                                 007bb5c1cf00 b8 d2 ea 25 27 00 00 00 00 86 03 57 35 00 00 00
                                 007bb5c1cf10 00 00 00 00 00 00 00 00 80 d2 ea 25 27 00 00 00
                                 007bb5c1cf20 60 cf c1 b5 7b 00 00 00 e4 bd c2 20 27 00 00 00
                                 007bb5c1cf30 00 00 00 00 00 00 00 00 00 00 00 00 00 00 00 00
                                 007bb5c1cf40 00 00 00 00 00 00 00 00 ac 81 03 57 35 00 00 00
                                 007bb5c1cf50 a8 81 03 57 35 00 00 00 00 80 03 57 35 00 00 00
                                 007bb5c1cf60 80 cf c1 b5 7b 00 00 00 08 bc c2 20 27 00 00 00
                                 007bb5c1cf70 00 80 03 57 35 00 00 00 00 80 03 57 35 00 00 00
                                 007bb5c1cf80 b0 cf c1 b5 7b 00 00 00 b8 24 ab 28 27 00 00 00
                                 007bb5c1cf90 00 00 00 00 00 00 00 00 00 00 00 00 00 00 00 00
                                 007bb5c1cfa0 00 00 00 00 00 00 00 00 00 80 03 57 35 00 00 00
                                 007bb5c1cfb0 d0 cf c1 b5 7b 00 00 00 84 69 ab 28 27 00 00 00
                                 007bb5c1cfc0 00 00 00 00 00 00 00 00 00 00 00 00 00 00 00 00
    TLS Address:                 0000005fc2599e00
    TLS Dump:                                 00 01 02 03 04 05 06 07 08 09 0a 0b 0c 0d 0e 0f
                                 005fc2599e00 00 00 00 00 00 00 00 00 00 00 00 00 00 00 00 00
                                 005fc2599e10 00 00 00 00 00 00 00 00 00 00 00 00 00 00 00 00
                                 005fc2599e20 00 00 00 00 00 00 00 00 00 00 00 00 00 00 00 00
                                 005fc2599e30 00 00 00 00 00 00 00 00 00 00 00 00 00 00 00 00
                                 005fc2599e40 00 00 00 00 00 00 00 00 00 00 00 00 00 00 00 00
                                 005fc2599e50 00 00 00 00 00 00 00 00 00 00 00 00 00 00 00 00
                                 005fc2599e60 00 00 00 00 00 00 00 00 00 00 00 00 00 00 00 00
                                 005fc2599e70 00 00 00 00 00 00 00 00 00 00 00 00 00 00 00 00
                                 005fc2599e80 00 00 00 00 00 00 00 00 00 00 00 00 00 00 00 00
                                 005fc2599e90 00 00 00 00 00 00 00 00 00 00 00 00 00 00 00 00
                                 005fc2599ea0 00 00 00 00 00 00 00 00 00 00 00 00 00 00 00 00
                                 005fc2599eb0 00 00 00 00 00 00 00 00 00 00 00 00 00 00 00 00
                                 005fc2599ec0 00 00 00 00 00 00 00 00 00 00 00 00 00 00 00 00
                                 005fc2599ed0 00 00 00 00 00 00 00 00 00 00 00 00 00 00 00 00
                                 005fc2599ee0 00 00 00 00 00 00 00 00 00 00 00 00 00 00 00 00
                                 005fc2599ef0 00 00 00 00 00 00 00 00 00 00 00 00 00 00 00 00
Threads[21]:
    Thread ID:                   00000000000018ee
    Thread Name:                 AsyncTonePreparer
    Stack Region:                0000007be14ca000-0000007be150a000
    Registers:
        X[00]:                   000000355c09abbc
        X[01]:                   000000355c09abc0
        X[02]:                   00000000003981a4
        X[03]:                   ffffffffffffffff
        X[04]:                   0000000000000002
        X[05]:                   0000000000000000
        X[06]:                   0000000000000001
        X[07]:                   0000000000000000
        X[08]:                   0000000000000000
        X[09]:                   0000000000000000
        X[10]:                   0000000000000000
        X[11]:                   0000000000000000
        X[12]:                   0000000000000000
        X[13]:                   0000000000000000
        X[14]:                   0000000000000000
        X[15]:                   0000000000000000
        X[16]:                   0000000000000000
        X[17]:                   0000000000000000
        X[18]:                   0000000000000000
        X[19]:                   0000000000000000
        X[20]:                   0000000000000000
        X[21]:                   0000000000000000
        X[22]:                   0000000000000000
        X[23]:                   0000000000000000
        X[24]:                   0000000000000000
        X[25]:                   0000000000000000
        X[26]:                   0000000000000000
        X[27]:                   0000000000000000
        X[28]:                   0000000000000000
        FP:                      0000007be1509e50
        LR:                      0000002728ab7998 (nnSdk + 0x339998) (_ZN2nn2os6detail38InternalConditionVariableImplByHorizon4WaitEPNS1_23InternalCriticalSectionE + 0x48)
        SP:                      0000007be1509e30
        PC:                      0000002728b0792c (nnSdk + 0x38992c)
    Stack Trace:
        ReturnAddress[00]:       0000002728aac898 (nnSdk + 0x32e898) (_ZN2nn2os9WaitEventEPNS0_9EventTypeE + 0x48)
        ReturnAddress[01]:       0000002723018810 (cross2_Release.nss + 0x2414810)
        ReturnAddress[02]:       0000002723018780 (cross2_Release.nss + 0x2414780)
        ReturnAddress[03]:       0000002728ab24b8 (nnSdk + 0x3344b8)
        ReturnAddress[04]:       0000002728ab6984 (nnSdk + 0x338984)
        ReturnAddress[05]:       0000000000000000
    Stack Dump:                               00 01 02 03 04 05 06 07 08 09 0a 0b 0c 0d 0e 0f
                                 007be1509e30 c0 ab 09 5c 35 00 00 00 e8 b5 b8 56 35 00 00 00
                                 007be1509e40 a0 ab 09 5c 35 00 00 00 bc ab 09 5c 35 00 00 00
                                 007be1509e50 80 9e 50 e1 7b 00 00 00 98 c8 aa 28 27 00 00 00
                                 007be1509e60 18 1a 33 0b 35 00 00 00 08 9f 50 e1 7b 00 00 00
                                 007be1509e70 d0 b5 b8 56 35 00 00 00 e8 b5 b8 56 35 00 00 00
                                 007be1509e80 b0 9e 50 e1 7b 00 00 00 10 88 01 23 27 00 00 00
                                 007be1509e90 18 1a 33 0b 35 00 00 00 00 1a 33 0b 35 00 00 00
                                 007be1509ea0 18 9f 50 e1 7b 00 00 00 d0 b5 b8 56 35 00 00 00
                                 007be1509eb0 80 9f 50 e1 7b 00 00 00 80 87 01 23 27 00 00 00
                                 007be1509ec0 00 00 00 00 00 00 00 00 00 00 00 00 00 00 00 00
                                 007be1509ed0 50 6d b7 25 27 00 00 00 00 ff ba 79 35 00 00 00
                                 007be1509ee0 01 00 00 00 00 65 87 00 00 00 00 00 00 00 00 00
                                 007be1509ef0 00 00 00 00 00 00 00 00 00 00 00 00 00 00 00 00
                                 007be1509f00 00 00 00 00 00 00 00 00 00 00 00 00 00 00 00 00
                                 007be1509f10 29 08 12 35 2e 00 00 00 6c 44 f2 ea 2f 00 00 00
                                 007be1509f20 18 1a 33 0b 35 00 00 00 00 1a 33 0b 35 00 00 00
    TLS Address:                 0000006802139000
    TLS Dump:                                 00 01 02 03 04 05 06 07 08 09 0a 0b 0c 0d 0e 0f
                                 006802139000 00 00 00 00 0c 00 00 00 00 00 00 00 00 00 00 00
                                 006802139010 00 00 00 00 00 00 00 00 00 00 00 00 00 00 00 00
                                 006802139020 53 46 43 4f 00 00 00 00 00 00 00 00 eb ca d2 c4
                                 006802139030 00 00 00 00 00 00 00 00 00 00 00 00 00 00 00 00
                                 006802139040 28 51 fc 15 00 00 00 00 00 02 00 00 00 00 00 00
                                 006802139050 00 00 00 00 00 00 00 00 00 00 00 00 00 00 00 00
                                 006802139060 00 00 00 00 00 00 00 00 00 00 00 00 00 00 00 00
                                 006802139070 00 00 00 00 00 00 00 00 00 00 00 00 00 00 00 00
                                 006802139080 00 00 00 00 00 00 00 00 00 00 00 00 00 00 00 00
                                 006802139090 00 00 00 00 00 00 00 00 00 00 00 00 00 00 00 00
                                 0068021390a0 00 00 00 00 00 00 00 00 00 00 00 00 00 00 00 00
                                 0068021390b0 00 00 00 00 00 00 00 00 00 00 00 00 00 00 00 00
                                 0068021390c0 00 00 00 00 00 00 00 00 00 00 00 00 00 00 00 00
                                 0068021390d0 00 00 00 00 00 00 00 00 00 00 00 00 00 00 00 00
                                 0068021390e0 00 00 00 00 00 00 00 00 00 00 00 00 00 00 00 00
                                 0068021390f0 00 00 00 00 00 00 00 00 00 00 00 00 00 00 00 00
Threads[22]:
    Thread ID:                   00000000000018ef
    Thread Name:                 nuscFileAsyncRequest
    Stack Region:                0000007bb3dec000-0000007bb3df4000
    Registers:
        X[00]:                   0000003556d2a068
        X[01]:                   0000003556d2a074
        X[02]:                   00000000003a01a3
        X[03]:                   ffffffffffffffff
        X[04]:                   0000000000000000
        X[05]:                   0000000000000000
        X[06]:                   0000000000000000
        X[07]:                   0000000000000000
        X[08]:                   0000000000000000
        X[09]:                   0000000000000000
        X[10]:                   0000000000000000
        X[11]:                   0000000000000000
        X[12]:                   0000000000000000
        X[13]:                   0000000000000000
        X[14]:                   0000000000000000
        X[15]:                   0000000000000000
        X[16]:                   0000000000000000
        X[17]:                   0000000000000000
        X[18]:                   0000000000000000
        X[19]:                   0000000000000000
        X[20]:                   0000000000000000
        X[21]:                   0000000000000000
        X[22]:                   0000000000000000
        X[23]:                   0000000000000000
        X[24]:                   0000000000000000
        X[25]:                   0000000000000000
        X[26]:                   0000000000000000
        X[27]:                   0000000000000000
        X[28]:                   0000000000000000
        FP:                      0000007bb3df3ea0
        LR:                      0000002728ab7998 (nnSdk + 0x339998) (_ZN2nn2os6detail38InternalConditionVariableImplByHorizon4WaitEPNS1_23InternalCriticalSectionE + 0x48)
        SP:                      0000007bb3df3e80
        PC:                      0000002728b0792c (nnSdk + 0x38992c)
    Stack Trace:
        ReturnAddress[00]:       0000002728aac464 (nnSdk + 0x32e464) (_ZN2nn2os21WaitConditionVariableEPNS0_21ConditionVariableTypeEPNS0_9MutexTypeE + 0x44)
        ReturnAddress[01]:       0000002728c2f184 (nnSdk + 0x4b1184) (_ZNSt3__121__libcpp_condvar_waitEPNSt13__libcxx_shim19__libcxx_shim_ver_132__libcxx_shim_condition_variableEPNS1_19__libcxx_shi + 0xc)
        ReturnAddress[02]:       0000002728bde618 (nnSdk + 0x460618) (_ZNSt3__118condition_variable4waitERNS_11unique_lockINS_5mutexEEE + 0x18)
        ReturnAddress[03]:       000000272458a874 (cross2_Release.nss + 0x3986874)
        ReturnAddress[04]:       00000027245a1634 (cross2_Release.nss + 0x399d634)
        ReturnAddress[05]:       0000002728ab24b8 (nnSdk + 0x3344b8)
        ReturnAddress[06]:       0000002728ab6984 (nnSdk + 0x338984)
        ReturnAddress[07]:       0000000000000000
    Stack Dump:                               00 01 02 03 04 05 06 07 08 09 0a 0b 0c 0d 0e 0f
                                 007bb3df3e80 00 a0 d2 56 35 00 00 00 14 38 97 28 27 00 00 00
                                 007bb3df3e90 70 a0 d2 56 35 00 00 00 50 a0 d2 56 35 00 00 00
                                 007bb3df3ea0 c0 3e df b3 7b 00 00 00 64 c4 aa 28 27 00 00 00
                                 007bb3df3eb0 50 a0 d2 56 35 00 00 00 50 a0 d2 56 35 00 00 00
                                 007bb3df3ec0 d0 3e df b3 7b 00 00 00 84 f1 c2 28 27 00 00 00
                                 007bb3df3ed0 e0 3e df b3 7b 00 00 00 18 e6 bd 28 27 00 00 00
                                 007bb3df3ee0 60 3f df b3 7b 00 00 00 74 a8 58 24 27 00 00 00
                                 007bb3df3ef0 41 19 e8 5d 35 00 00 00 60 32 d3 56 35 00 00 00
                                 007bb3df3f00 50 a0 d2 56 35 00 00 00 01 00 00 00 00 00 00 00
                                 007bb3df3f10 00 00 00 00 00 00 00 00 00 00 00 00 00 00 00 00
                                 007bb3df3f20 00 00 00 00 00 00 00 00 00 00 00 00 00 00 00 00
                                 007bb3df3f30 00 00 00 00 00 00 00 00 00 00 00 00 00 00 00 00
                                 007bb3df3f40 00 00 00 00 00 00 00 00 34 a2 d2 56 35 00 00 00
                                 007bb3df3f50 30 a2 d2 56 35 00 00 00 88 a0 d2 56 35 00 00 00
                                 007bb3df3f60 80 3f df b3 7b 00 00 00 34 16 5a 24 27 00 00 00
                                 007bb3df3f70 88 a0 d2 56 35 00 00 00 88 a0 d2 56 35 00 00 00
    TLS Address:                 0000006802139200
    TLS Dump:                                 00 01 02 03 04 05 06 07 08 09 0a 0b 0c 0d 0e 0f
                                 006802139200 00 00 00 00 0c 00 00 00 00 00 00 00 00 00 00 00
                                 006802139210 00 00 00 00 00 00 00 00 00 00 00 00 00 00 00 00
                                 006802139220 53 46 43 4f 00 00 00 00 00 00 00 00 eb ca d2 c4
                                 006802139230 00 00 00 00 00 00 00 00 00 00 00 00 00 00 00 00
                                 006802139240 48 51 fd 15 00 00 00 00 48 ff 00 00 00 00 00 00
                                 006802139250 00 00 00 00 00 00 00 00 00 00 00 00 00 00 00 00
                                 006802139260 00 00 00 00 00 00 00 00 00 00 00 00 00 00 00 00
                                 006802139270 00 00 00 00 00 00 00 00 00 00 00 00 00 00 00 00
                                 006802139280 00 00 00 00 00 00 00 00 00 00 00 00 00 00 00 00
                                 006802139290 00 00 00 00 00 00 00 00 00 00 00 00 00 00 00 00
                                 0068021392a0 00 00 00 00 00 00 00 00 00 00 00 00 00 00 00 00
                                 0068021392b0 00 00 00 00 00 00 00 00 00 00 00 00 00 00 00 00
                                 0068021392c0 00 00 00 00 00 00 00 00 00 00 00 00 00 00 00 00
                                 0068021392d0 00 00 00 00 00 00 00 00 00 00 00 00 00 00 00 00
                                 0068021392e0 00 00 00 00 00 00 00 00 00 00 00 00 00 00 00 00
                                 0068021392f0 00 00 00 00 00 00 00 00 00 00 00 00 00 00 00 00
Threads[23]:
    Thread ID:                   00000000000018f0
    Thread Name:                 nus3::audio update
    Stack Region:                0000007c0a6c7000-0000007c0a6e7000
    Registers:
        X[00]:                   0000007c0a6e6638
        X[01]:                   0000007c0a6e663c
        X[02]:                   0000000000000001
        X[03]:                   0000000001e84693
        X[04]:                   0000000000000000
        X[05]:                   0000000000000000
        X[06]:                   0000000000000000
        X[07]:                   0000000000000000
        X[08]:                   0000000000000000
        X[09]:                   0000000000000000
        X[10]:                   0000000000000000
        X[11]:                   0000000000000000
        X[12]:                   0000000000000000
        X[13]:                   0000000000000000
        X[14]:                   0000000000000000
        X[15]:                   0000000000000000
        X[16]:                   0000000000000000
        X[17]:                   0000000000000000
        X[18]:                   0000000000000000
        X[19]:                   0000000000000000
        X[20]:                   0000000000000000
        X[21]:                   0000000000000000
        X[22]:                   0000000000000000
        X[23]:                   0000000000000000
        X[24]:                   0000000000000000
        X[25]:                   0000000000000000
        X[26]:                   0000000000000000
        X[27]:                   0000000000000000
        X[28]:                   0000000000000000
        FP:                      0000007c0a6e6650
        LR:                      0000002728ab75c8 (nnSdk + 0x3395c8) (_ZN2nn2os6detail30InterProcessEventImplByHorizon9TimedWaitEjbNS_8TimeSpanE + 0x78)
        SP:                      0000007c0a6e6610
        PC:                      0000002728b07900 (nnSdk + 0x389900)
    Stack Trace:
        ReturnAddress[00]:       000000272458bae4 (cross2_Release.nss + 0x3987ae4)
        ReturnAddress[01]:       0000002728ab24b8 (nnSdk + 0x3344b8)
        ReturnAddress[02]:       0000002728ab6984 (nnSdk + 0x338984)
        ReturnAddress[03]:       0000000000000000
    Stack Dump:                               00 01 02 03 04 05 06 07 08 09 0a 0b 0c 0d 0e 0f
                                 007c0a6e6610 38 66 6e 0a 7c 00 00 00 bc 7f 81 28 27 00 00 00
                                 007c0a6e6620 30 66 6e 0a 7c 00 00 00 cd 0e aa 05 1e 07 00 00
                                 007c0a6e6630 00 02 00 00 00 00 00 00 00 00 00 00 a2 81 3b 00
                                 007c0a6e6640 b0 8a 9d 27 27 00 00 00 62 6e 71 70 00 00 00 00
                                 007c0a6e6650 80 6f 6e 0a 7c 00 00 00 e4 ba 58 24 27 00 00 00
                                 007c0a6e6660 00 00 00 00 00 00 00 00 00 00 00 00 00 00 00 00
                                 007c0a6e6670 00 00 00 00 00 00 00 3c 00 00 00 43 00 80 3b 47
                                 007c0a6e6680 db 0f c9 40 00 80 bb 46 50 68 6e 0a 7c 00 00 00
                                 007c0a6e6690 30 68 6e 0a 7c 00 00 00 21 a2 60 fa b0 72 01 00
                                 007c0a6e66a0 dc e9 5e fa b0 72 01 00 b0 8a 9d 27 27 00 00 00
                                 007c0a6e66b0 74 6e 6e 0a 7c 00 00 00 00 6e 6e 0a 7c 00 00 00
                                 007c0a6e66c0 cd cc 4c 3f cd cc 4c 3f cd cc 4c 3f cd cc 4c 3f
                                 007c0a6e66d0 00 00 00 00 00 00 00 00 c8 6e 6e 0a 7c 00 00 00
                                 007c0a6e66e0 a0 6e 6e 0a 7c 00 00 00 00 c0 b5 56 35 00 00 00
                                 007c0a6e66f0 00 00 00 00 00 fe ff 46 08 00 00 00 00 00 00 00
                                 007c0a6e6700 04 00 14 5c 35 00 00 00 10 00 14 5c 35 00 00 00
    TLS Address:                 0000006802139400
    TLS Dump:                                 00 01 02 03 04 05 06 07 08 09 0a 0b 0c 0d 0e 0f
                                 006802139400 00 00 01 00 09 00 00 00 c0 c1 08 00 30 66 6e 0a
                                 006802139410 53 46 43 4f 00 00 00 00 00 00 00 00 a5 25 62 61
                                 006802139420 00 00 00 00 00 00 00 00 00 00 00 00 00 00 00 00
                                 006802139430 00 00 00 00 08 00 00 00 30 66 6e 0a 7c 00 08 00
                                 006802139440 00 00 00 00 00 00 00 00 00 00 00 00 00 00 00 00
                                 006802139450 00 00 00 00 00 00 00 00 00 00 00 00 00 00 00 00
                                 006802139460 00 00 00 00 00 00 00 00 00 00 00 00 00 00 00 00
                                 006802139470 00 00 00 00 00 00 00 00 00 00 00 00 00 00 00 00
                                 006802139480 00 00 00 00 00 00 00 00 00 00 00 00 00 00 00 00
                                 006802139490 00 00 00 00 00 00 00 00 00 00 00 00 00 00 00 00
                                 0068021394a0 00 00 00 00 00 00 00 00 00 00 00 00 00 00 00 00
                                 0068021394b0 00 00 00 00 00 00 00 00 00 00 00 00 00 00 00 00
                                 0068021394c0 00 00 00 00 00 00 00 00 00 00 00 00 00 00 00 00
                                 0068021394d0 00 00 00 00 00 00 00 00 00 00 00 00 00 00 00 00
                                 0068021394e0 00 00 00 00 00 00 00 00 00 00 00 00 00 00 00 00
                                 0068021394f0 00 00 00 00 00 00 00 00 00 00 00 00 00 00 00 00
Threads[24]:
    Thread ID:                   00000000000018f1
    Thread Name:                 AudioDeviceChange
    Stack Region:                0000007bd78fa000-0000007bd793a000
    Registers:
        X[00]:                   0000007bd7939d18
        X[01]:                   0000007bd7939d1c
        X[02]:                   0000000000000001
        X[03]:                   0000000000f42400
        X[04]:                   0000000000000000
        X[05]:                   0000000000000000
        X[06]:                   0000000000000000
        X[07]:                   0000000000000000
        X[08]:                   0000000000000000
        X[09]:                   0000000000000000
        X[10]:                   0000000000000000
        X[11]:                   0000000000000000
        X[12]:                   0000000000000000
        X[13]:                   0000000000000000
        X[14]:                   0000000000000000
        X[15]:                   0000000000000000
        X[16]:                   0000000000000000
        X[17]:                   0000000000000000
        X[18]:                   0000000000000000
        X[19]:                   0000000000000000
        X[20]:                   0000000000000000
        X[21]:                   0000000000000000
        X[22]:                   0000000000000000
        X[23]:                   0000000000000000
        X[24]:                   0000000000000000
        X[25]:                   0000000000000000
        X[26]:                   0000000000000000
        X[27]:                   0000000000000000
        X[28]:                   0000000000000000
        FP:                      0000007bd7939d30
        LR:                      0000002728ab75c8 (nnSdk + 0x3395c8) (_ZN2nn2os6detail30InterProcessEventImplByHorizon9TimedWaitEjbNS_8TimeSpanE + 0x78)
        SP:                      0000007bd7939cf0
        PC:                      0000002728b07900 (nnSdk + 0x389900)
    Stack Trace:
        ReturnAddress[00]:       00000027243445e8 (cross2_Release.nss + 0x37405e8)
        ReturnAddress[01]:       0000002728ab24b8 (nnSdk + 0x3344b8)
        ReturnAddress[02]:       0000002728ab6984 (nnSdk + 0x338984)
        ReturnAddress[03]:       0000000000000000
    Stack Dump:                               00 01 02 03 04 05 06 07 08 09 0a 0b 0c 0d 0e 0f
                                 007bd7939cf0 18 9d 93 d7 7b 00 00 00 00 55 84 54 35 00 00 00
                                 007bd7939d00 30 9d 93 d7 7b 00 00 00 73 df a2 05 1e 07 00 00
                                 007bd7939d10 08 55 84 54 35 00 00 00 ff ff ff ff 9f 81 3d 00
                                 007bd7939d20 48 56 84 54 35 00 00 00 00 55 84 54 35 00 00 00
                                 007bd7939d30 80 9f 93 d7 7b 00 00 00 e8 45 34 24 27 00 00 00
                                 007bd7939d40 41 75 64 69 6f 54 76 4f 75 74 70 75 74 00 00 00
                                 007bd7939d50 00 00 00 00 00 00 00 00 00 00 00 00 00 00 00 00
                                 007bd7939d60 00 00 00 00 00 00 00 00 00 00 00 00 00 00 00 00
                                 007bd7939d70 00 00 00 00 00 00 00 00 00 00 00 00 00 00 00 00
                                 007bd7939d80 00 00 00 00 00 00 00 00 00 00 00 00 00 00 00 00
                                 007bd7939d90 00 00 00 00 00 00 00 00 00 00 00 00 00 00 00 00
                                 007bd7939da0 00 00 00 00 00 00 00 00 00 00 00 00 00 00 00 00
                                 007bd7939db0 00 00 00 00 00 00 00 00 00 00 00 00 00 00 00 00
                                 007bd7939dc0 00 00 00 00 00 00 00 00 00 00 00 00 00 00 00 00
                                 007bd7939dd0 00 00 00 00 00 00 00 00 00 00 00 00 00 00 00 00
                                 007bd7939de0 00 00 00 00 00 00 00 00 00 00 00 00 00 00 00 00
    TLS Address:                 0000006802139600
    TLS Dump:                                 00 01 02 03 04 05 06 07 08 09 0a 0b 0c 0d 0e 0f
                                 006802139600 02 00 00 00 00 00 00 00 c0 b1 00 01 40 9e 93 d7
                                 006802139610 53 46 43 4f 00 00 00 00 00 00 00 00 d1 3e 6a d8
                                 006802139620 00 00 00 00 00 00 00 00 00 00 00 00 00 00 00 00
                                 006802139630 00 00 00 00 00 01 00 00 40 9e 93 d7 7b 00 00 01
                                 006802139640 00 00 00 00 00 00 00 00 00 00 00 00 00 00 00 00
                                 006802139650 00 00 00 00 00 00 00 00 00 00 00 00 00 00 00 00
                                 006802139660 00 00 00 00 00 00 00 00 00 00 00 00 00 00 00 00
                                 006802139670 00 00 00 00 00 00 00 00 00 00 00 00 00 00 00 00
                                 006802139680 00 00 00 00 00 00 00 00 00 00 00 00 00 00 00 00
                                 006802139690 00 00 00 00 00 00 00 00 00 00 00 00 00 00 00 00
                                 0068021396a0 00 00 00 00 00 00 00 00 00 00 00 00 00 00 00 00
                                 0068021396b0 00 00 00 00 00 00 00 00 00 00 00 00 00 00 00 00
                                 0068021396c0 00 00 00 00 00 00 00 00 00 00 00 00 00 00 00 00
                                 0068021396d0 00 00 00 00 00 00 00 00 00 00 00 00 00 00 00 00
                                 0068021396e0 00 00 00 00 00 00 00 00 00 00 00 00 00 00 00 00
                                 0068021396f0 00 00 00 00 00 00 00 00 00 00 00 00 00 00 00 00
Threads[25]:
    Thread ID:                   00000000000018f2
    Thread Name:                 sindou::update
    Stack Region:                0000007bc75d9000-0000007bc75e9000
    Registers:
        X[00]:                   00000000004c4b40
        X[01]:                   0000071e05a24b52
        X[02]:                   0000000000000000
        X[03]:                   0000000000000000
        X[04]:                   0000000000000000
        X[05]:                   0000000000000000
        X[06]:                   0000000000000000
        X[07]:                   0000000000000000
        X[08]:                   0000000000000000
        X[09]:                   0000000000000000
        X[10]:                   0000000000000000
        X[11]:                   0000000000000000
        X[12]:                   0000000000000000
        X[13]:                   0000000000000000
        X[14]:                   0000000000000000
        X[15]:                   0000000000000000
        X[16]:                   0000000000000000
        X[17]:                   0000000000000000
        X[18]:                   0000000000000000
        X[19]:                   0000000000000000
        X[20]:                   0000000000000000
        X[21]:                   0000000000000000
        X[22]:                   0000000000000000
        X[23]:                   0000000000000000
        X[24]:                   0000000000000000
        X[25]:                   0000000000000000
        X[26]:                   0000000000000000
        X[27]:                   0000000000000000
        X[28]:                   0000000000000000
        FP:                      0000007bc75e8f80
        LR:                      000000272458f698 (cross2_Release.nss + 0x398b698)
        SP:                      0000007bc75e8f30
        PC:                      0000002728b0785c (nnSdk + 0x38985c)
    Stack Trace:
        ReturnAddress[00]:       0000002728ab24b8 (nnSdk + 0x3344b8)
        ReturnAddress[01]:       0000002728ab6984 (nnSdk + 0x338984)
        ReturnAddress[02]:       0000000000000000
    Stack Dump:                               00 01 02 03 04 05 06 07 08 09 0a 0b 0c 0d 0e 0f
                                 007bc75e8f00 80 ed e9 25 27 00 00 00 00 a0 a0 27 27 00 00 00
                                 007bc75e8f10 78 6f 78 fa b0 72 01 00 c4 f2 e9 25 27 00 00 00
                                 007bc75e8f20 80 8f 5e c7 7b 00 00 00 5c f3 58 24 27 00 00 00
                                 007bc75e8f30 00 00 00 00 00 00 00 00 00 00 00 00 00 00 00 00
                                 007bc75e8f40 00 00 00 00 00 00 00 00 00 00 00 00 00 00 00 00
                                 007bc75e8f50 00 00 00 00 00 00 00 00 00 00 00 00 00 00 00 00
                                 007bc75e8f60 00 00 00 00 00 00 00 00 ac 92 9f 27 27 00 00 00
                                 007bc75e8f70 a8 92 9f 27 27 00 00 00 00 91 9f 27 27 00 00 00
                                 007bc75e8f80 b0 8f 5e c7 7b 00 00 00 b8 24 ab 28 27 00 00 00
                                 007bc75e8f90 00 00 00 00 00 00 00 00 00 00 00 00 00 00 00 00
                                 007bc75e8fa0 00 00 00 00 00 00 00 00 00 91 9f 27 27 00 00 00
                                 007bc75e8fb0 d0 8f 5e c7 7b 00 00 00 84 69 ab 28 27 00 00 00
                                 007bc75e8fc0 00 00 00 00 00 00 00 00 00 00 00 00 00 00 00 00
                                 007bc75e8fd0 00 00 00 00 00 00 00 00 00 00 00 00 00 00 00 00
                                 007bc75e8fe0 50 24 ab 28 27 00 00 00 00 00 00 00 00 00 00 00
                                 007bc75e8ff0 00 00 00 00 00 00 00 00 00 00 00 00 00 00 00 00
    TLS Address:                 0000006802139800
    TLS Dump:                                 00 01 02 03 04 05 06 07 08 09 0a 0b 0c 0d 0e 0f
                                 006802139800 00 00 00 00 00 00 00 00 00 00 00 00 00 00 00 00
                                 006802139810 00 00 00 00 00 00 00 00 00 00 00 00 00 00 00 00
                                 006802139820 00 00 00 00 00 00 00 00 00 00 00 00 00 00 00 00
                                 006802139830 00 00 00 00 00 00 00 00 00 00 00 00 00 00 00 00
                                 006802139840 00 00 00 00 00 00 00 00 00 00 00 00 00 00 00 00
                                 006802139850 00 00 00 00 00 00 00 00 00 00 00 00 00 00 00 00
                                 006802139860 00 00 00 00 00 00 00 00 00 00 00 00 00 00 00 00
                                 006802139870 00 00 00 00 00 00 00 00 00 00 00 00 00 00 00 00
                                 006802139880 00 00 00 00 00 00 00 00 00 00 00 00 00 00 00 00
                                 006802139890 00 00 00 00 00 00 00 00 00 00 00 00 00 00 00 00
                                 0068021398a0 00 00 00 00 00 00 00 00 00 00 00 00 00 00 00 00
                                 0068021398b0 00 00 00 00 00 00 00 00 00 00 00 00 00 00 00 00
                                 0068021398c0 00 00 00 00 00 00 00 00 00 00 00 00 00 00 00 00
                                 0068021398d0 00 00 00 00 00 00 00 00 00 00 00 00 00 00 00 00
                                 0068021398e0 00 00 00 00 00 00 00 00 00 00 00 00 00 00 00 00
                                 0068021398f0 00 00 00 00 00 00 00 00 00 00 00 00 00 00 00 00
Threads[26]:
    Thread ID:                   00000000000018f3
    Thread Name:                 L2CDynamicModuleManager::thread
    Stack Region:                0000007c0c445000-0000007c0c485000
    Registers:
        X[00]:                   000000355c09c32c
        X[01]:                   000000355c09c330
        X[02]:                   000000000045819c
        X[03]:                   ffffffffffffffff
        X[04]:                   0000000000000000
        X[05]:                   0000000000000000
        X[06]:                   0000007c0c484a3c
        X[07]:                   0000000000000000
        X[08]:                   0000000000000000
        X[09]:                   0000000000000000
        X[10]:                   0000000000000000
        X[11]:                   0000000000000000
        X[12]:                   0000000000000000
        X[13]:                   0000000000000000
        X[14]:                   0000000000000000
        X[15]:                   0000000000000000
        X[16]:                   0000000000000000
        X[17]:                   0000000000000000
        X[18]:                   0000000000000000
        X[19]:                   0000000000000000
        X[20]:                   0000000000000000
        X[21]:                   0000000000000000
        X[22]:                   0000000000000000
        X[23]:                   0000000000000000
        X[24]:                   0000000000000000
        X[25]:                   0000000000000000
        X[26]:                   0000000000000000
        X[27]:                   0000000000000000
        X[28]:                   0000000000000000
        FP:                      0000007c0c484db0
        LR:                      0000002728ab7998 (nnSdk + 0x339998) (_ZN2nn2os6detail38InternalConditionVariableImplByHorizon4WaitEPNS1_23InternalCriticalSectionE + 0x48)
        SP:                      0000007c0c484d90
        PC:                      0000002728b0792c (nnSdk + 0x38992c)
    Stack Trace:
        ReturnAddress[00]:       0000002728aac898 (nnSdk + 0x32e898) (_ZN2nn2os9WaitEventEPNS0_9EventTypeE + 0x48)
        ReturnAddress[01]:       0000002722eba680 (cross2_Release.nss + 0x22b6680)
        ReturnAddress[02]:       0000002728ab24b8 (nnSdk + 0x3344b8)
        ReturnAddress[03]:       0000002728ab6984 (nnSdk + 0x338984)
        ReturnAddress[04]:       0000000000000000
    Stack Dump:                               00 01 02 03 04 05 06 07 08 09 0a 0b 0c 0d 0e 0f
                                 007c0c484d90 30 c3 09 5c 35 00 00 00 a0 eb 87 54 35 00 00 00
                                 007c0c484da0 10 c3 09 5c 35 00 00 00 2c c3 09 5c 35 00 00 00
                                 007c0c484db0 e0 4d 48 0c 7c 00 00 00 98 c8 aa 28 27 00 00 00
                                 007c0c484dc0 00 50 f3 25 27 00 00 00 18 00 00 00 00 00 00 00
                                 007c0c484dd0 a0 eb 87 54 35 00 00 00 05 00 00 00 00 00 00 00
                                 007c0c484de0 80 4f 48 0c 7c 00 00 00 80 a6 eb 22 27 00 00 00
                                 007c0c484df0 11 4e 48 0c 7c 00 00 00 50 eb 87 54 35 00 00 00
                                 007c0c484e00 48 eb 87 54 35 00 00 00 00 00 00 00 00 00 00 00
                                 007c0c484e10 70 72 65 62 75 69 6c 74 3a 2f 6e 72 6f 2f 52 65
                                 007c0c484e20 6c 65 61 73 65 2f 6c 75 61 32 63 70 70 5f 65 66
                                 007c0c484e30 6c 61 6d 65 2e 6e 72 6f 00 00 6f 00 00 00 00 00
                                 007c0c484e40 00 00 00 00 00 00 00 00 00 00 00 00 00 00 00 00
                                 007c0c484e50 00 00 00 00 00 00 00 00 00 00 00 00 00 00 00 00
                                 007c0c484e60 00 00 00 00 00 00 00 00 00 00 00 00 00 00 00 00
                                 007c0c484e70 00 00 00 00 00 00 00 00 00 00 00 00 00 00 00 00
                                 007c0c484e80 00 00 00 00 00 00 00 00 00 00 00 00 00 00 00 00
    TLS Address:                 0000006802139a00
    TLS Dump:                                 00 01 02 03 04 05 06 07 08 09 0a 0b 0c 0d 0e 0f
                                 006802139a00 00 00 00 00 08 00 00 00 01 00 00 00 a8 00 00 00
                                 006802139a10 53 46 43 4f 00 00 00 00 00 00 00 00 a9 55 2c a5
                                 006802139a20 53 46 43 49 01 00 00 00 01 00 00 00 00 00 00 00
                                 006802139a30 00 00 00 00 00 00 00 00 00 30 80 fa 7e 00 00 00
                                 006802139a40 00 e0 4d 00 00 00 00 00 00 00 00 00 00 00 00 00
                                 006802139a50 00 00 00 00 00 00 00 00 00 00 00 00 00 00 00 00
                                 006802139a60 00 00 00 00 00 00 00 00 00 00 00 00 00 00 00 00
                                 006802139a70 00 00 00 00 00 00 00 00 00 00 00 00 00 00 00 00
                                 006802139a80 00 00 00 00 00 00 00 00 00 00 00 00 00 00 00 00
                                 006802139a90 00 00 00 00 00 00 00 00 00 00 00 00 00 00 00 00
                                 006802139aa0 00 00 00 00 00 00 00 00 00 00 00 00 00 00 00 00
                                 006802139ab0 00 00 00 00 00 00 00 00 00 00 00 00 00 00 00 00
                                 006802139ac0 00 00 00 00 00 00 00 00 00 00 00 00 00 00 00 00
                                 006802139ad0 00 00 00 00 00 00 00 00 00 00 00 00 00 00 00 00
                                 006802139ae0 00 00 00 00 00 00 00 00 00 00 00 00 00 00 00 00
                                 006802139af0 00 00 00 00 00 00 00 00 00 00 00 00 00 00 00 00
Threads[27]:
    Thread ID:                   00000000000018f4
    Thread Name:                 SaveStorage
    Stack Region:                0000007beff59000-0000007beff99000
    Registers:
        X[00]:                   000000355c09f4dc
        X[01]:                   000000355c09f4e0
        X[02]:                   0000000000468199
        X[03]:                   ffffffffffffffff
        X[04]:                   0000000000000000
        X[05]:                   0000000000000000
        X[06]:                   0000000000000000
        X[07]:                   0000000000000000
        X[08]:                   0000000000000000
        X[09]:                   0000000000000000
        X[10]:                   0000000000000000
        X[11]:                   0000000000000000
        X[12]:                   0000000000000000
        X[13]:                   0000000000000000
        X[14]:                   0000000000000000
        X[15]:                   0000000000000000
        X[16]:                   0000000000000000
        X[17]:                   0000000000000000
        X[18]:                   0000000000000000
        X[19]:                   0000000000000000
        X[20]:                   0000000000000000
        X[21]:                   0000000000000000
        X[22]:                   0000000000000000
        X[23]:                   0000000000000000
        X[24]:                   0000000000000000
        X[25]:                   0000000000000000
        X[26]:                   0000000000000000
        X[27]:                   0000000000000000
        X[28]:                   0000000000000000
        FP:                      0000007beff98ef0
        LR:                      0000002728ab7998 (nnSdk + 0x339998) (_ZN2nn2os6detail38InternalConditionVariableImplByHorizon4WaitEPNS1_23InternalCriticalSectionE + 0x48)
        SP:                      0000007beff98ed0
        PC:                      0000002728b0792c (nnSdk + 0x38992c)
    Stack Trace:
        ReturnAddress[00]:       0000002728aac898 (nnSdk + 0x32e898) (_ZN2nn2os9WaitEventEPNS0_9EventTypeE + 0x48)
        ReturnAddress[01]:       0000002724325b50 (cross2_Release.nss + 0x3721b50)
        ReturnAddress[02]:       0000002728ab24b8 (nnSdk + 0x3344b8)
        ReturnAddress[03]:       0000002728ab6984 (nnSdk + 0x338984)
        ReturnAddress[04]:       0000000000000000
    Stack Dump:                               00 01 02 03 04 05 06 07 08 09 0a 0b 0c 0d 0e 0f
                                 007beff98ed0 e0 f4 09 5c 35 00 00 00 70 ba 6d 00 35 00 00 00
                                 007beff98ee0 c0 f4 09 5c 35 00 00 00 dc f4 09 5c 35 00 00 00
                                 007beff98ef0 20 8f f9 ef 7b 00 00 00 98 c8 aa 28 27 00 00 00
                                 007beff98f00 c5 9d 1c 81 00 00 00 00 40 ba 6d 00 35 00 00 00
                                 007beff98f10 b0 e0 53 26 27 00 00 00 70 ba 6d 00 35 00 00 00
                                 007beff98f20 80 8f f9 ef 7b 00 00 00 50 5b 32 24 27 00 00 00
                                 007beff98f30 00 00 00 00 00 00 00 00 00 00 00 00 00 00 00 00
                                 007beff98f40 00 00 00 00 00 00 00 00 00 00 00 00 00 00 00 00
                                 007beff98f50 00 00 00 00 00 00 00 00 00 00 00 00 00 00 00 00
                                 007beff98f60 00 00 00 00 00 00 00 00 bc b6 ba 56 35 00 00 00
                                 007beff98f70 b8 b6 ba 56 35 00 00 00 10 b5 ba 56 35 00 00 00
                                 007beff98f80 b0 8f f9 ef 7b 00 00 00 b8 24 ab 28 27 00 00 00
                                 007beff98f90 00 00 00 00 00 00 00 00 00 00 00 00 00 00 00 00
                                 007beff98fa0 00 00 00 00 00 00 00 00 10 b5 ba 56 35 00 00 00
                                 007beff98fb0 d0 8f f9 ef 7b 00 00 00 84 69 ab 28 27 00 00 00
                                 007beff98fc0 00 00 00 00 00 00 00 00 00 00 00 00 00 00 00 00
    TLS Address:                 0000006802139c00
    TLS Dump:                                 00 01 02 03 04 05 06 07 08 09 0a 0b 0c 0d 0e 0f
                                 006802139c00 00 00 00 00 0c 00 00 00 00 00 00 00 00 00 00 00
                                 006802139c10 00 00 00 00 00 00 00 00 00 00 00 00 00 00 00 00
                                 006802139c20 53 46 43 4f 00 00 00 00 00 00 00 00 e7 59 ea d4
                                 006802139c30 00 00 00 00 00 00 00 00 01 00 00 00 00 00 00 00
                                 006802139c40 01 00 00 00 00 00 00 00 a8 14 01 00 00 00 00 00
                                 006802139c50 00 3f 54 00 00 00 00 00 00 00 00 00 00 00 00 00
                                 006802139c60 00 00 00 00 00 00 00 00 00 00 00 00 00 00 00 00
                                 006802139c70 00 00 00 00 00 00 00 00 00 00 00 00 00 00 00 00
                                 006802139c80 00 00 00 00 00 00 00 00 00 00 00 00 00 00 00 00
                                 006802139c90 00 00 00 00 00 00 00 00 00 00 00 00 00 00 00 00
                                 006802139ca0 00 00 00 00 00 00 00 00 00 00 00 00 00 00 00 00
                                 006802139cb0 00 00 00 00 00 00 00 00 00 00 00 00 00 00 00 00
                                 006802139cc0 00 00 00 00 00 00 00 00 00 00 00 00 00 00 00 00
                                 006802139cd0 00 00 00 00 00 00 00 00 00 00 00 00 00 00 00 00
                                 006802139ce0 00 00 00 00 00 00 00 00 00 00 00 00 00 00 00 00
                                 006802139cf0 00 00 00 00 00 00 00 00 00 00 00 00 00 00 00 00
Threads[28]:
    Thread ID:                   0000000000001ba4
    Thread Name:                 NetSystem
    Stack Region:                0000007bd42c0000-0000007bd4300000
    Registers:
        X[00]:                   00000000004c4b40
        X[01]:                   000000352f3f2a30
        X[02]:                   000000352fab7a08
        X[03]:                   00000000ffffffff
        X[04]:                   000000000000012c
        X[05]:                   0000000000000000
        X[06]:                   0000000000000000
        X[07]:                   0000000000000000
        X[08]:                   0000000000000000
        X[09]:                   0000000000000000
        X[10]:                   0000000000000000
        X[11]:                   0000000000000000
        X[12]:                   0000000000000000
        X[13]:                   0000000000000000
        X[14]:                   0000000000000000
        X[15]:                   0000000000000000
        X[16]:                   0000000000000000
        X[17]:                   0000000000000000
        X[18]:                   0000000000000000
        X[19]:                   0000000000000000
        X[20]:                   0000000000000000
        X[21]:                   0000000000000000
        X[22]:                   0000000000000000
        X[23]:                   0000000000000000
        X[24]:                   0000000000000000
        X[25]:                   0000000000000000
        X[26]:                   0000000000000000
        X[27]:                   0000000000000000
        X[28]:                   0000000000000000
        FP:                      0000007bd42fff80
        LR:                      0000002724311ab4 (cross2_Release.nss + 0x370dab4)
        SP:                      0000007bd42ffd70
        PC:                      0000002728b0785c (nnSdk + 0x38985c)
    Stack Trace:
        ReturnAddress[00]:       0000002728ab24b8 (nnSdk + 0x3344b8)
        ReturnAddress[01]:       0000002728ab6984 (nnSdk + 0x338984)
        ReturnAddress[02]:       0000000000000000
    Stack Dump:                               00 01 02 03 04 05 06 07 08 09 0a 0b 0c 0d 0e 0f
                                 007bd42ffd70 fc fe 2f d4 7b 00 00 00 e4 fe 2f d4 7b 00 00 00
                                 007bd42ffd80 88 53 0d a7 35 00 00 00 90 73 0d a7 35 00 00 00
                                 007bd42ffd90 e8 d5 4f a7 35 00 00 00 2c 01 00 00 00 00 00 00
                                 007bd42ffda0 94 fe 2f d4 7b 00 00 00 a0 93 2d a7 35 00 00 00
                                 007bd42ffdb0 a8 93 4d a7 35 00 00 00 00 90 3e 03 35 00 00 00
                                 007bd42ffdc0 a0 93 4d a7 35 00 00 00 a8 93 4f a7 35 00 00 00
                                 007bd42ffdd0 8c fe 2f d4 7b 00 00 00 40 90 3e 03 35 00 00 00
                                 007bd42ffde0 e0 ae 3e 03 35 00 00 00 d8 ac 3e 03 35 00 00 00
                                 007bd42ffdf0 d0 aa 3e 03 35 00 00 00 c8 a8 3e 03 35 00 00 00
                                 007bd42ffe00 c0 a6 3e 03 35 00 00 00 b8 a4 3e 03 35 00 00 00
                                 007bd42ffe10 b0 a2 3e 03 35 00 00 00 a8 a0 3e 03 35 00 00 00
                                 007bd42ffe20 a0 9e 3e 03 35 00 00 00 98 9c 3e 03 35 00 00 00
                                 007bd42ffe30 90 9a 3e 03 35 00 00 00 88 98 3e 03 35 00 00 00
                                 007bd42ffe40 80 96 3e 03 35 00 00 00 78 94 3e 03 35 00 00 00
                                 007bd42ffe50 70 92 3e 03 35 00 00 00 68 90 3e 03 35 00 00 00
                                 007bd42ffe60 b0 d3 4f a7 35 00 00 00 a0 a0 3e 03 35 00 00 00
    TLS Address:                 0000005dcd17e000
    TLS Dump:                                 00 01 02 03 04 05 06 07 08 09 0a 0b 0c 0d 0e 0f
                                 005dcd17e000 00 00 00 00 0e 08 e0 03 00 00 00 00 00 00 00 00
                                 005dcd17e010 00 00 00 00 00 00 00 00 00 00 00 00 00 00 00 00
                                 005dcd17e020 53 46 43 4f 00 00 00 00 00 00 00 00 91 ab e3 ac
                                 005dcd17e030 00 00 00 00 00 00 00 00 00 00 00 00 00 00 00 00
                                 005dcd17e040 04 00 00 00 ff ff 00 00 20 00 00 00 00 00 00 00
                                 005dcd17e050 00 00 00 00 00 00 00 00 00 00 00 00 00 00 00 00
                                 005dcd17e060 00 00 00 00 00 00 00 00 00 00 00 00 00 00 00 00
                                 005dcd17e070 00 00 00 00 00 00 00 00 00 00 00 00 00 00 00 00
                                 005dcd17e080 00 00 00 00 00 00 00 00 00 00 00 00 00 00 00 00
                                 005dcd17e090 00 00 00 00 00 00 00 00 00 00 00 00 00 00 00 00
                                 005dcd17e0a0 00 00 00 00 00 00 00 00 00 00 00 00 00 00 00 00
                                 005dcd17e0b0 00 00 00 00 00 00 00 00 00 00 00 00 00 00 00 00
                                 005dcd17e0c0 00 00 00 00 00 00 00 00 00 00 00 00 00 00 00 00
                                 005dcd17e0d0 00 00 00 00 00 00 00 00 00 00 00 00 00 00 00 00
                                 005dcd17e0e0 00 00 00 00 00 00 00 00 00 00 00 00 00 00 00 00
                                 005dcd17e0f0 00 00 00 00 00 00 00 00 00 00 00 00 00 00 00 00
Threads[29]:
    Thread ID:                   0000000000001ba5
    Thread Name:                 NEX TransportBufferThread(send)
    Stack Region:                0000007bc8e83000-0000007bc8e93000
    Registers:
        X[00]:                   000000352ef08310
        X[01]:                   000000352eed5094
        X[02]:                   0000000002448194
        X[03]:                   ffffffffffffffff
        X[04]:                   0000000000000000
        X[05]:                   0000000000000000
        X[06]:                   0000000000000000
        X[07]:                   0000000000000000
        X[08]:                   0000000000000000
        X[09]:                   0000000000000000
        X[10]:                   0000000000000000
        X[11]:                   0000000000000000
        X[12]:                   0000000000000000
        X[13]:                   0000000000000000
        X[14]:                   0000000000000000
        X[15]:                   0000000000000000
        X[16]:                   0000000000000000
        X[17]:                   0000000000000000
        X[18]:                   0000000000000000
        X[19]:                   0000000000000000
        X[20]:                   0000000000000000
        X[21]:                   0000000000000000
        X[22]:                   0000000000000000
        X[23]:                   0000000000000000
        X[24]:                   0000000000000000
        X[25]:                   0000000000000000
        X[26]:                   0000000000000000
        X[27]:                   0000000000000000
        X[28]:                   0000000000000000
        FP:                      0000007bc8e92ec0
        LR:                      0000002728ab7998 (nnSdk + 0x339998) (_ZN2nn2os6detail38InternalConditionVariableImplByHorizon4WaitEPNS1_23InternalCriticalSectionE + 0x48)
        SP:                      0000007bc8e92ea0
        PC:                      0000002728b0792c (nnSdk + 0x38992c)
    Stack Trace:
        ReturnAddress[00]:       0000002728aac464 (nnSdk + 0x32e464) (_ZN2nn2os21WaitConditionVariableEPNS0_21ConditionVariableTypeEPNS0_9MutexTypeE + 0x44)
        ReturnAddress[01]:       0000002720db8478 (cross2_Release.nss + 0x1b4478)
        ReturnAddress[02]:       0000002720dfa7fc (cross2_Release.nss + 0x1f67fc)
        ReturnAddress[03]:       0000002720db65e4 (cross2_Release.nss + 0x1b25e4)
        ReturnAddress[04]:       0000002728ab24b8 (nnSdk + 0x3344b8)
        ReturnAddress[05]:       0000002728ab6984 (nnSdk + 0x338984)
        ReturnAddress[06]:       0000000000000000
    Stack Dump:                               00 01 02 03 04 05 06 07 08 09 0a 0b 0c 0d 0e 0f
                                 007bc8e92ea0 d8 82 f0 2e 35 00 00 00 00 00 00 00 00 00 00 00
                                 007bc8e92eb0 e8 82 f0 2e 35 00 00 00 f8 82 f0 2e 35 00 00 00
                                 007bc8e92ec0 e0 2e e9 c8 7b 00 00 00 64 c4 aa 28 27 00 00 00
                                 007bc8e92ed0 e0 82 f0 2e 35 00 00 00 08 81 f0 2e 35 00 00 00
                                 007bc8e92ee0 00 2f e9 c8 7b 00 00 00 78 84 db 20 27 00 00 00
                                 007bc8e92ef0 10 80 f0 2e 35 00 00 00 10 80 f0 2e 35 00 00 00
                                 007bc8e92f00 50 2f e9 c8 7b 00 00 00 fc a7 df 20 27 00 00 00
                                 007bc8e92f10 00 00 00 00 00 00 00 00 08 00 00 00 00 00 00 00
                                 007bc8e92f20 00 00 00 00 00 00 00 00 00 00 00 00 00 00 00 00
                                 007bc8e92f30 00 00 00 00 00 00 00 00 bc f1 f1 2e 35 00 00 00
                                 007bc8e92f40 0c 11 eb 25 27 00 00 00 30 01 e8 2e 35 00 00 00
                                 007bc8e92f50 80 2f e9 c8 7b 00 00 00 e4 65 db 20 27 00 00 00
                                 007bc8e92f60 00 00 00 00 00 00 00 00 30 01 e8 2e 35 00 00 00
                                 007bc8e92f70 b8 f1 f1 2e 35 00 00 00 10 f0 f1 2e 35 00 00 00
                                 007bc8e92f80 b0 2f e9 c8 7b 00 00 00 b8 24 ab 28 27 00 00 00
                                 007bc8e92f90 00 00 00 00 00 00 00 00 00 00 00 00 00 00 00 00
    TLS Address:                 0000005dcd17e200
    TLS Dump:                                 00 01 02 03 04 05 06 07 08 09 0a 0b 0c 0d 0e 0f
                                 005dcd17e200 00 00 00 00 0d 00 00 00 00 00 00 00 00 00 00 00
                                 005dcd17e210 00 00 00 00 00 00 00 00 00 00 00 00 00 00 00 00
                                 005dcd17e220 53 46 43 4f 00 00 00 00 00 00 00 00 aa d9 b8 a9
                                 005dcd17e230 12 00 00 00 00 00 00 00 00 00 00 00 00 00 00 00
                                 005dcd17e240 00 00 00 00 00 00 00 00 00 00 00 00 00 00 00 00
                                 005dcd17e250 00 00 00 00 00 00 00 00 00 00 00 00 00 00 00 00
                                 005dcd17e260 00 00 00 00 00 00 00 00 00 00 00 00 00 00 00 00
                                 005dcd17e270 00 00 00 00 00 00 00 00 00 00 00 00 00 00 00 00
                                 005dcd17e280 00 00 00 00 00 00 00 00 00 00 00 00 00 00 00 00
                                 005dcd17e290 00 00 00 00 00 00 00 00 00 00 00 00 00 00 00 00
                                 005dcd17e2a0 00 00 00 00 00 00 00 00 00 00 00 00 00 00 00 00
                                 005dcd17e2b0 00 00 00 00 00 00 00 00 00 00 00 00 00 00 00 00
                                 005dcd17e2c0 00 00 00 00 00 00 00 00 00 00 00 00 00 00 00 00
                                 005dcd17e2d0 00 00 00 00 00 00 00 00 00 00 00 00 00 00 00 00
                                 005dcd17e2e0 00 00 00 00 00 00 00 00 00 00 00 00 00 00 00 00
                                 005dcd17e2f0 00 00 00 00 00 00 00 00 00 00 00 00 00 00 00 00
Threads[30]:
    Thread ID:                   0000000000001ba7
    Thread Name:                 NEX TransportBufferThread(recv 
    Stack Region:                0000007bddce6000-0000007bddcf6000
    Registers:
        X[00]:                   00000000001401de
        X[01]:                   0000005dcd17e400
        X[02]:                   00000000001401de
        X[03]:                   0000007bddcf59c0
        X[04]:                   0000000000000fe0
        X[05]:                   0000000000000019
        X[06]:                   0000005dcd17e400
        X[07]:                   0000000000000001
        X[08]:                   0000000000000000
        X[09]:                   0000000000000000
        X[10]:                   0000000000000000
        X[11]:                   0000000000000000
        X[12]:                   0000000000000000
        X[13]:                   0000000000000000
        X[14]:                   0000000000000000
        X[15]:                   0000000000000000
        X[16]:                   0000000000000000
        X[17]:                   0000000000000000
        X[18]:                   0000000000000000
        X[19]:                   0000000000000000
        X[20]:                   0000000000000000
        X[21]:                   0000000000000000
        X[22]:                   0000000000000000
        X[23]:                   0000000000000000
        X[24]:                   0000000000000000
        X[25]:                   0000000000000000
        X[26]:                   0000000000000000
        X[27]:                   0000000000000000
        X[28]:                   0000000000000000
        FP:                      0000007bddcf5930
        LR:                      0000002728ae5684 (nnSdk + 0x367684) (_ZN2nn2sf4hipc15SendSyncRequestENS_3svc6HandleEPvm + 0x34)
        SP:                      0000007bddcf5930
        PC:                      0000002728b07954 (nnSdk + 0x389954)
    Stack Trace:
        ReturnAddress[00]:       0000002728af9160 (nnSdk + 0x37b160) (_ZN2nn2sf4cmif6client34CmifDomainProxyClientCoreProcessorINS0_4hipc6client38Hipc2ClientSessionManagedProxyKindBaseINS5_18Hipc2P + 0x160)
        ReturnAddress[01]:       0000002728af8160 (nnSdk + 0x37a160)
        ReturnAddress[02]:       0000002728af2928 (nnSdk + 0x374928) (_ZN2nn6socket6detail4PollEP6pollfdmi + 0xa8)
        ReturnAddress[03]:       0000002720dc1874 (cross2_Release.nss + 0x1bd874)
        ReturnAddress[04]:       0000002720dc2a7c (cross2_Release.nss + 0x1bea7c)
        ReturnAddress[05]:       0000002720dfb564 (cross2_Release.nss + 0x1f7564)
        ReturnAddress[06]:       0000002720dfb76c (cross2_Release.nss + 0x1f776c)
        ReturnAddress[07]:       0000002720db65e4 (cross2_Release.nss + 0x1b25e4)
        ReturnAddress[08]:       0000002728ab24b8 (nnSdk + 0x3344b8)
        ReturnAddress[09]:       0000002728ab6984 (nnSdk + 0x338984)
        ReturnAddress[10]:       0000000000000000
    Stack Dump:                               00 01 02 03 04 05 06 07 08 09 0a 0b 0c 0d 0e 0f
                                 007bddcf5930 50 5a cf dd 7b 00 00 00 60 91 af 28 27 00 00 00
                                 007bddcf5940 00 00 00 00 00 00 00 00 a4 5a cf dd 7b 00 00 00
                                 007bddcf5950 a0 5a cf dd 7b 00 00 00 01 00 00 00 00 00 11 01
                                 007bddcf5960 0f 0c 00 00 00 00 00 00 00 00 00 00 00 00 00 00
                                 007bddcf5970 00 00 00 00 02 00 00 00 04 00 00 00 07 00 00 00
                                 007bddcf5980 00 00 00 00 0a 00 00 00 19 00 00 00 1b 00 00 00
                                 007bddcf5990 00 00 00 00 00 00 00 00 00 00 00 00 00 00 00 00
                                 007bddcf59a0 00 00 00 00 02 00 00 00 00 00 00 00 00 00 00 00
                                 007bddcf59b0 00 00 00 00 04 00 00 00 12 00 00 00 14 00 00 00
                                 007bddcf59c0 21 00 00 00 22 00 00 00 d0 5a cf dd 7b 00 00 00
                                 007bddcf59d0 08 00 00 00 00 00 00 00 d0 5a cf dd 7b 00 00 00
                                 007bddcf59e0 08 00 00 00 00 00 00 00 58 59 cf dd 7b 00 00 00
                                 007bddcf59f0 00 e4 17 cd 5d 00 00 00 00 00 00 00 00 00 00 00
                                 007bddcf5a00 48 5d cf dd 7b 00 00 00 00 00 00 00 00 00 00 00
                                 007bddcf5a10 01 00 00 00 00 00 00 00 04 00 00 00 00 00 00 00
                                 007bddcf5a20 60 5d cf dd 7b 00 00 00 dc 5a cf dd 7b 00 00 00
    TLS Address:                 0000005dcd17e400
    TLS Dump:                                 00 01 02 03 04 05 06 07 08 09 0a 0b 0c 0d 0e 0f
                                 005dcd17e400 06 00 11 01 0f 0c 00 00 c0 b1 08 00 d0 5a cf dd
                                 005dcd17e410 00 00 00 00 00 00 00 00 00 00 00 00 00 00 00 00
                                 005dcd17e420 00 00 00 00 00 00 00 00 00 00 00 00 91 ab e3 ac
                                 005dcd17e430 01 00 18 00 01 00 00 00 00 00 00 00 00 00 00 00
                                 005dcd17e440 53 46 43 49 01 00 00 00 06 00 00 00 00 00 00 00
                                 005dcd17e450 01 00 00 00 64 00 00 00 00 00 00 00 00 00 00 00
                                 005dcd17e460 08 00 00 00 d0 5a cf dd 7b 00 08 00 00 00 00 00
                                 005dcd17e470 00 00 00 00 00 00 00 00 00 00 00 00 00 00 00 00
                                 005dcd17e480 00 00 00 00 00 00 00 00 00 00 00 00 00 00 00 00
                                 005dcd17e490 00 00 00 00 00 00 00 00 00 00 00 00 00 00 00 00
                                 005dcd17e4a0 00 00 00 00 00 00 00 00 00 00 00 00 00 00 00 00
                                 005dcd17e4b0 00 00 00 00 00 00 00 00 00 00 00 00 00 00 00 00
                                 005dcd17e4c0 00 00 00 00 00 00 00 00 00 00 00 00 00 00 00 00
                                 005dcd17e4d0 00 00 00 00 00 00 00 00 00 00 00 00 00 00 00 00
                                 005dcd17e4e0 00 00 00 00 00 00 00 00 00 00 00 00 00 00 00 00
                                 005dcd17e4f0 00 00 00 00 00 00 00 00 00 00 00 00 00 00 00 00
Threads[31]:
    Thread ID:                   0000000000001d28
    Thread Name:                 Pia BackgroundScheduler
    Stack Region:                0000007c0103e000-0000007c01043000
    Registers:
        X[00]:                   000000352f3f2c14
        X[01]:                   000000352f3f2c18
        X[02]:                   000000000474018c
        X[03]:                   ffffffffffffffff
        X[04]:                   0000000000000000
        X[05]:                   0000000000000000
        X[06]:                   0000000000000000
        X[07]:                   0000000000000000
        X[08]:                   0000000000000000
        X[09]:                   0000000000000000
        X[10]:                   0000000000000000
        X[11]:                   0000000000000000
        X[12]:                   0000000000000000
        X[13]:                   0000000000000000
        X[14]:                   0000000000000000
        X[15]:                   0000000000000000
        X[16]:                   0000000000000000
        X[17]:                   0000000000000000
        X[18]:                   0000000000000000
        X[19]:                   0000000000000000
        X[20]:                   0000000000000000
        X[21]:                   0000000000000000
        X[22]:                   0000000000000000
        X[23]:                   0000000000000000
        X[24]:                   0000000000000000
        X[25]:                   0000000000000000
        X[26]:                   0000000000000000
        X[27]:                   0000000000000000
        X[28]:                   0000000000000000
        FP:                      0000007c01042ec0
        LR:                      0000002728ab7998 (nnSdk + 0x339998) (_ZN2nn2os6detail38InternalConditionVariableImplByHorizon4WaitEPNS1_23InternalCriticalSectionE + 0x48)
        SP:                      0000007c01042ea0
        PC:                      0000002728b0792c (nnSdk + 0x38992c)
    Stack Trace:
        ReturnAddress[00]:       0000002728aac898 (nnSdk + 0x32e898) (_ZN2nn2os9WaitEventEPNS0_9EventTypeE + 0x48)
        ReturnAddress[01]:       0000002720cbaddc (cross2_Release.nss + 0xb6ddc)
        ReturnAddress[02]:       0000002720d3f620 (cross2_Release.nss + 0x13b620)
        ReturnAddress[03]:       0000002720d4008c (cross2_Release.nss + 0x13c08c)
        ReturnAddress[04]:       0000002728ab24b8 (nnSdk + 0x3344b8)
        ReturnAddress[05]:       0000002728ab6984 (nnSdk + 0x338984)
        ReturnAddress[06]:       0000000000000000
    Stack Dump:                               00 01 02 03 04 05 06 07 08 09 0a 0b 0c 0d 0e 0f
                                 007c01042ea0 18 2c 3f 2f 35 00 00 00 78 a6 ab 2f 35 00 00 00
                                 007c01042eb0 f8 2b 3f 2f 35 00 00 00 14 2c 3f 2f 35 00 00 00
                                 007c01042ec0 f0 2e 04 01 7c 00 00 00 98 c8 aa 28 27 00 00 00
                                 007c01042ed0 28 2c 3f 2f 35 00 00 00 b8 2a 3f 2f 35 00 00 00
                                 007c01042ee0 d8 2a 3f 2f 35 00 00 00 70 2a 3f 2f 35 00 00 00
                                 007c01042ef0 40 2f 04 01 7c 00 00 00 dc ad cb 20 27 00 00 00
                                 007c01042f00 00 00 00 00 00 00 00 00 6d 23 a7 30 1d 07 00 00
                                 007c01042f10 00 00 00 00 00 00 00 00 00 00 00 00 00 00 00 00
                                 007c01042f20 00 00 00 00 00 00 00 00 cc 81 3f 2f 35 00 00 00
                                 007c01042f30 08 2b 3f 2f 35 00 00 00 d8 2a 3f 2f 35 00 00 00
                                 007c01042f40 60 2f 04 01 7c 00 00 00 20 f6 d3 20 27 00 00 00
                                 007c01042f50 1e 00 00 00 00 00 00 00 d8 2a 3f 2f 35 00 00 00
                                 007c01042f60 80 2f 04 01 7c 00 00 00 8c 00 d4 20 27 00 00 00
                                 007c01042f70 c8 81 3f 2f 35 00 00 00 20 80 3f 2f 35 00 00 00
                                 007c01042f80 b0 2f 04 01 7c 00 00 00 b8 24 ab 28 27 00 00 00
                                 007c01042f90 00 00 00 00 00 00 00 00 00 00 00 00 00 00 00 00
    TLS Address:                 0000005dcd17ea00
    TLS Dump:                                 00 01 02 03 04 05 06 07 08 09 0a 0b 0c 0d 0e 0f
                                 005dcd17ea00 00 00 00 00 0c 08 e0 03 00 00 00 00 00 00 00 00
                                 005dcd17ea10 00 00 00 00 00 00 00 00 00 00 00 00 00 00 00 00
                                 005dcd17ea20 53 46 43 4f 00 00 00 00 00 00 00 00 7a c5 9f e8
                                 005dcd17ea30 00 00 00 00 00 00 00 00 00 00 00 00 00 00 00 00
                                 005dcd17ea40 53 46 43 49 01 00 00 00 ce 29 00 00 00 00 00 00
                                 005dcd17ea50 68 bb 95 11 28 6d 00 10 b0 d7 45 ce f1 a8 78 41
                                 005dcd17ea60 00 00 00 00 00 00 00 00 00 00 00 00 00 00 00 00
                                 005dcd17ea70 00 00 00 00 00 00 00 00 00 00 00 00 00 00 00 00
                                 005dcd17ea80 00 00 00 00 00 00 00 00 00 00 00 00 00 00 00 00
                                 005dcd17ea90 00 00 00 00 00 00 00 00 00 00 00 00 00 00 00 00
                                 005dcd17eaa0 00 00 00 00 00 00 00 00 00 00 00 00 00 00 00 00
                                 005dcd17eab0 00 00 00 00 00 00 00 00 00 00 00 00 00 00 00 00
                                 005dcd17eac0 00 00 00 00 00 00 00 00 00 00 00 00 00 00 00 00
                                 005dcd17ead0 00 00 00 00 00 00 00 00 00 00 00 00 00 00 00 00
                                 005dcd17eae0 00 00 00 00 00 00 00 00 00 00 00 00 00 00 00 00
                                 005dcd17eaf0 00 00 00 00 00 00 00 00 00 00 00 00 00 00 00 00
Threads[32]:
    Thread ID:                   0000000000001d29
    Thread Name:                 Pia ReceiveThreadStream
    Stack Region:                0000007c0d2ed000-0000007c0d2f1000
    Registers:
        X[00]:                   000000352f4004ec
        X[01]:                   000000352f4004f0
        X[02]:                   0000000004748191
        X[03]:                   00000000004c4b0b
        X[04]:                   0000000000000000
        X[05]:                   0000000000000000
        X[06]:                   0000000000000000
        X[07]:                   0000000000000000
        X[08]:                   0000000000000000
        X[09]:                   0000000000000000
        X[10]:                   0000000000000000
        X[11]:                   0000000000000000
        X[12]:                   0000000000000000
        X[13]:                   0000000000000000
        X[14]:                   0000000000000000
        X[15]:                   0000000000000000
        X[16]:                   0000000000000000
        X[17]:                   0000000000000000
        X[18]:                   0000000000000000
        X[19]:                   0000000000000000
        X[20]:                   0000000000000000
        X[21]:                   0000000000000000
        X[22]:                   0000000000000000
        X[23]:                   0000000000000000
        X[24]:                   0000000000000000
        X[25]:                   0000000000000000
        X[26]:                   0000000000000000
        X[27]:                   0000000000000000
        X[28]:                   0000000000000000
        FP:                      0000007c0d2f0e70
        LR:                      0000002728ab7a54 (nnSdk + 0x339a54) (_ZN2nn2os6detail38InternalConditionVariableImplByHorizon9TimedWaitEPNS1_23InternalCriticalSectionERKNS1_13TimeoutHelperE + 0x64)
        SP:                      0000007c0d2f0e40
        PC:                      0000002728b0792c (nnSdk + 0x38992c)
    Stack Trace:
        ReturnAddress[00]:       0000002728aac9ac (nnSdk + 0x32e9ac) (_ZN2nn2os14TimedWaitEventEPNS0_9EventTypeENS_8TimeSpanE + 0x8c)
        ReturnAddress[01]:       0000002720d68ae4 (cross2_Release.nss + 0x164ae4)
        ReturnAddress[02]:       0000002720d3f620 (cross2_Release.nss + 0x13b620)
        ReturnAddress[03]:       0000002720d4008c (cross2_Release.nss + 0x13c08c)
        ReturnAddress[04]:       0000002728ab24b8 (nnSdk + 0x3344b8)
        ReturnAddress[05]:       0000002728ab6984 (nnSdk + 0x338984)
        ReturnAddress[06]:       0000000000000000
    Stack Dump:                               00 01 02 03 04 05 06 07 08 09 0a 0b 0c 0d 0e 0f
                                 007c0d2f0e40 64 0e 2f 0d 7c 00 00 00 d8 0e 2f 0d 7c 00 00 00
                                 007c0d2f0e50 00 00 00 00 00 00 00 00 f0 04 40 2f 35 00 00 00
                                 007c0d2f0e60 ec 04 40 2f 35 00 00 00 d0 04 40 2f 35 00 00 00
                                 007c0d2f0e70 b0 0e 2f 0d 7c 00 00 00 ac c9 aa 28 27 00 00 00
                                 007c0d2f0e80 48 c1 09 25 27 00 00 00 ba 2a a3 05 1e 07 00 00
                                 007c0d2f0e90 cc 0e 2f 0d 7c 00 00 00 b0 04 40 2f 35 00 00 00
                                 007c0d2f0ea0 60 09 40 2f 35 00 00 00 58 04 40 2f 35 00 00 00
                                 007c0d2f0eb0 40 0f 2f 0d 7c 00 00 00 e4 8a d6 20 27 00 00 00
                                 007c0d2f0ec0 00 05 40 2f 35 00 00 00 09 2c 00 00 01 00 00 00
                                 007c0d2f0ed0 00 00 00 00 00 00 00 00 09 2c 00 00 01 00 00 00
                                 007c0d2f0ee0 00 00 00 00 35 00 00 00 00 00 00 00 35 00 00 00
                                 007c0d2f0ef0 00 00 00 00 00 00 00 00 00 00 00 00 00 00 00 00
                                 007c0d2f0f00 00 00 00 00 00 00 00 00 00 00 00 00 00 00 00 00
                                 007c0d2f0f10 00 00 00 00 00 00 00 00 00 00 00 00 00 00 00 00
                                 007c0d2f0f20 00 00 00 00 00 00 00 00 cc 51 40 2f 35 00 00 00
                                 007c0d2f0f30 90 09 40 2f 35 00 00 00 60 09 40 2f 35 00 00 00
    TLS Address:                 0000005dcd17ec00
    TLS Dump:                                 00 01 02 03 04 05 06 07 08 09 0a 0b 0c 0d 0e 0f
                                 005dcd17ec00 00 00 02 00 0f 08 e0 03 c0 50 c0 05 f8 a1 44 2f
                                 005dcd17ec10 c1 c1 10 00 10 0c 2f 0d 00 00 00 00 00 00 00 00
                                 005dcd17ec20 00 00 00 00 00 00 00 00 00 00 00 00 00 00 00 00
                                 005dcd17ec30 53 46 43 4f 00 00 00 00 00 00 00 00 91 ab e3 ac
                                 005dcd17ec40 ff ff ff ff 0b 00 00 00 00 00 00 00 00 00 00 00
                                 005dcd17ec50 00 00 00 00 00 00 00 00 c0 05 10 00 f8 a1 44 2f
                                 005dcd17ec60 35 00 c0 05 10 0c 2f 0d 7c 00 10 00 00 00 00 00
                                 005dcd17ec70 00 00 00 00 00 00 00 00 00 00 00 00 00 00 00 00
                                 005dcd17ec80 00 00 00 00 00 00 00 00 00 00 00 00 00 00 00 00
                                 005dcd17ec90 00 00 00 00 00 00 00 00 00 00 00 00 00 00 00 00
                                 005dcd17eca0 00 00 00 00 00 00 00 00 00 00 00 00 00 00 00 00
                                 005dcd17ecb0 00 00 00 00 00 00 00 00 00 00 00 00 00 00 00 00
                                 005dcd17ecc0 00 00 00 00 00 00 00 00 00 00 00 00 00 00 00 00
                                 005dcd17ecd0 00 00 00 00 00 00 00 00 00 00 00 00 00 00 00 00
                                 005dcd17ece0 00 00 00 00 00 00 00 00 00 00 00 00 00 00 00 00
                                 005dcd17ecf0 00 00 00 00 00 00 00 00 00 00 00 00 00 00 00 00
Threads[33]:
    Thread ID:                   0000000000001d2a
    Thread Name:                 Pia SendThreadStream
    Stack Region:                0000007be13bc000-0000007be13c0000
    Registers:
        X[00]:                   000000352f46acf4
        X[01]:                   000000352f46acf8
        X[02]:                   0000000004750193
        X[03]:                   00000000004c4a07
        X[04]:                   0000000000000000
        X[05]:                   0000000000000000
        X[06]:                   0000000000000000
        X[07]:                   0000000000000000
        X[08]:                   0000000000000000
        X[09]:                   0000000000000000
        X[10]:                   0000000000000000
        X[11]:                   0000000000000000
        X[12]:                   0000000000000000
        X[13]:                   0000000000000000
        X[14]:                   0000000000000000
        X[15]:                   0000000000000000
        X[16]:                   0000000000000000
        X[17]:                   0000000000000000
        X[18]:                   0000000000000000
        X[19]:                   0000000000000000
        X[20]:                   0000000000000000
        X[21]:                   0000000000000000
        X[22]:                   0000000000000000
        X[23]:                   0000000000000000
        X[24]:                   0000000000000000
        X[25]:                   0000000000000000
        X[26]:                   0000000000000000
        X[27]:                   0000000000000000
        X[28]:                   0000000000000000
        FP:                      0000007be13bfe70
        LR:                      0000002728ab7a54 (nnSdk + 0x339a54) (_ZN2nn2os6detail38InternalConditionVariableImplByHorizon9TimedWaitEPNS1_23InternalCriticalSectionERKNS1_13TimeoutHelperE + 0x64)
        SP:                      0000007be13bfe40
        PC:                      0000002728b0792c (nnSdk + 0x38992c)
    Stack Trace:
        ReturnAddress[00]:       0000002728aac9ac (nnSdk + 0x32e9ac) (_ZN2nn2os14TimedWaitEventEPNS0_9EventTypeENS_8TimeSpanE + 0x8c)
        ReturnAddress[01]:       0000002720d68ae4 (cross2_Release.nss + 0x164ae4)
        ReturnAddress[02]:       0000002720d3f620 (cross2_Release.nss + 0x13b620)
        ReturnAddress[03]:       0000002720d4008c (cross2_Release.nss + 0x13c08c)
        ReturnAddress[04]:       0000002728ab24b8 (nnSdk + 0x3344b8)
        ReturnAddress[05]:       0000002728ab6984 (nnSdk + 0x338984)
        ReturnAddress[06]:       0000000000000000
    Stack Dump:                               00 01 02 03 04 05 06 07 08 09 0a 0b 0c 0d 0e 0f
                                 007be13bfe40 00 00 00 00 00 00 00 00 09 2c 00 00 01 00 00 00
                                 007be13bfe50 00 00 00 00 00 00 00 00 f8 ac 46 2f 35 00 00 00
                                 007be13bfe60 f4 ac 46 2f 35 00 00 00 d8 ac 46 2f 35 00 00 00
                                 007be13bfe70 b0 fe 3b e1 7b 00 00 00 ac c9 aa 28 27 00 00 00
                                 007be13bfe80 00 f8 24 01 00 00 00 00 5d 81 a2 05 1e 07 00 00
                                 007be13bfe90 cc fe 3b e1 7b 00 00 00 b8 ac 46 2f 35 00 00 00
                                 007be13bfea0 68 b1 46 2f 35 00 00 00 60 ac 46 2f 35 00 00 00
                                 007be13bfeb0 40 ff 3b e1 7b 00 00 00 e4 8a d6 20 27 00 00 00
                                 007be13bfec0 08 ad 46 2f 35 00 00 00 09 2c 00 00 01 00 00 00
                                 007be13bfed0 00 00 00 00 00 00 00 00 09 2c 00 00 01 00 00 00
                                 007be13bfee0 00 00 00 00 35 00 00 00 00 00 00 00 35 00 00 00
                                 007be13bfef0 00 00 00 00 00 00 00 00 00 00 00 00 00 00 00 00
                                 007be13bff00 00 00 00 00 00 00 00 00 00 00 00 00 00 00 00 00
                                 007be13bff10 00 00 00 00 00 00 00 00 00 00 00 00 00 00 00 00
                                 007be13bff20 00 00 00 00 00 00 00 00 cc 01 47 2f 35 00 00 00
                                 007be13bff30 98 b1 46 2f 35 00 00 00 68 b1 46 2f 35 00 00 00
    TLS Address:                 0000005dcd17ee00
    TLS Dump:                                 00 01 02 03 04 05 06 07 08 09 0a 0b 0c 0d 0e 0f
                                 005dcd17ee00 00 00 00 00 0e 08 e0 03 00 00 00 00 00 00 00 00
                                 005dcd17ee10 00 00 00 00 00 00 00 00 00 00 00 00 00 00 00 00
                                 005dcd17ee20 53 46 43 4f 00 00 00 00 00 00 00 00 91 ab e3 ac
                                 005dcd17ee30 50 00 00 00 00 00 00 00 00 00 00 00 00 00 00 00
                                 005dcd17ee40 53 46 43 49 01 00 00 00 0b 00 00 00 00 00 00 00
                                 005dcd17ee50 04 00 00 00 00 00 00 00 00 00 00 00 00 00 00 00
                                 005dcd17ee60 00 00 00 00 00 00 00 00 00 00 00 00 00 00 00 00
                                 005dcd17ee70 00 00 00 00 00 00 00 00 00 00 00 00 00 00 00 00
                                 005dcd17ee80 00 00 00 00 00 00 00 00 00 00 00 00 00 00 00 00
                                 005dcd17ee90 00 00 00 00 00 00 00 00 00 00 00 00 00 00 00 00
                                 005dcd17eea0 00 00 00 00 00 00 00 00 00 00 00 00 00 00 00 00
                                 005dcd17eeb0 00 00 00 00 00 00 00 00 00 00 00 00 00 00 00 00
                                 005dcd17eec0 00 00 00 00 00 00 00 00 00 00 00 00 00 00 00 00
                                 005dcd17eed0 00 00 00 00 00 00 00 00 00 00 00 00 00 00 00 00
                                 005dcd17eee0 00 00 00 00 00 00 00 00 00 00 00 00 00 00 00 00
                                 005dcd17eef0 00 00 00 00 00 00 00 00 00 00 00 00 00 00 00 00
Threads[34]:
    Thread ID:                   0000000000001d2f
    Thread Name:                 nus3::nopus decode
    Stack Region:                0000007bdf806000-0000007bdf80e000
    Registers:
        X[00]:                   00000000000f4240
        X[01]:                   0000000000000000
        X[02]:                   0000000000000000
        X[03]:                   0000000000000000
        X[04]:                   0000000000000000
        X[05]:                   0000000000000000
        X[06]:                   0000000000000000
        X[07]:                   0000000000000000
        X[08]:                   0000000000000000
        X[09]:                   0000000000000000
        X[10]:                   0000000000000000
        X[11]:                   0000000000000000
        X[12]:                   0000000000000000
        X[13]:                   0000000000000000
        X[14]:                   0000000000000000
        X[15]:                   0000000000000000
        X[16]:                   0000000000000000
        X[17]:                   0000000000000000
        X[18]:                   0000000000000000
        X[19]:                   0000000000000000
        X[20]:                   0000000000000000
        X[21]:                   0000000000000000
        X[22]:                   0000000000000000
        X[23]:                   0000000000000000
        X[24]:                   0000000000000000
        X[25]:                   0000000000000000
        X[26]:                   0000000000000000
        X[27]:                   0000000000000000
        X[28]:                   0000000000000000
        FP:                      0000007bdf80df60
        LR:                      0000002724598b50 (cross2_Release.nss + 0x3994b50)
        SP:                      0000007bdf80de20
        PC:                      0000002728b0785c (nnSdk + 0x38985c)
    Stack Trace:
        ReturnAddress[00]:       00000027245a1634 (cross2_Release.nss + 0x399d634)
        ReturnAddress[01]:       0000002728ab24b8 (nnSdk + 0x3344b8)
        ReturnAddress[02]:       0000002728ab6984 (nnSdk + 0x338984)
        ReturnAddress[03]:       0000000000000000
    Stack Dump:                               00 01 02 03 04 05 06 07 08 09 0a 0b 0c 0d 0e 0f
                                 007bdf80de20 88 93 24 a8 35 00 00 00 a0 93 24 a8 35 00 00 00
                                 007bdf80de30 14 93 24 a8 35 00 00 00 fc 92 24 a8 35 00 00 00
                                 007bdf80de40 f8 92 24 a8 35 00 00 00 08 93 24 a8 35 00 00 00
                                 007bdf80de50 90 93 24 a8 35 00 00 00 2c 93 24 a8 35 00 00 00
                                 007bdf80de60 9a 93 24 a8 35 00 00 00 c0 92 24 a8 35 00 00 00
                                 007bdf80de70 10 93 24 a8 35 00 00 00 04 93 24 a8 35 00 00 00
                                 007bdf80de80 bc 92 24 a8 35 00 00 00 24 93 24 a8 35 00 00 00
                                 007bdf80de90 f0 92 24 a8 35 00 00 00 a4 93 24 a8 35 00 00 00
                                 007bdf80dea0 18 93 24 a8 35 00 00 00 8e 93 24 a8 35 00 00 00
                                 007bdf80deb0 a8 93 24 a8 35 00 00 00 00 00 00 00 00 00 00 00
                                 007bdf80dec0 38 93 24 a8 35 00 00 00 e8 92 24 a8 35 00 00 00
                                 007bdf80ded0 d8 92 24 a8 35 00 00 00 ec 92 24 a8 35 00 00 00
                                 007bdf80dee0 78 93 24 a8 35 00 00 00 98 93 24 a8 35 00 00 00
                                 007bdf80def0 e0 92 24 a8 35 00 00 00 00 00 00 00 c0 03 00 00
                                 007bdf80df00 a8 00 00 00 00 00 00 00 00 00 00 00 00 00 00 00
                                 007bdf80df10 00 00 00 00 00 00 00 00 00 00 00 00 00 00 00 00
    TLS Address:                 0000005dcd17e800
    TLS Dump:                                 00 01 02 03 04 05 06 07 08 09 0a 0b 0c 0d 0e 0f
                                 005dcd17e800 00 00 00 00 0c 08 e0 03 00 00 00 00 00 00 00 00
                                 005dcd17e810 53 46 43 4f 00 00 00 00 00 00 00 00 01 97 b0 7a
                                 005dcd17e820 a8 00 00 00 c0 03 00 00 83 03 00 00 00 00 00 00
                                 005dcd17e830 00 00 00 00 00 00 00 00 00 00 00 00 00 00 00 00
                                 005dcd17e840 00 00 00 00 00 00 00 00 00 00 00 00 00 00 00 00
                                 005dcd17e850 00 00 00 00 00 00 00 00 00 00 00 00 00 00 00 00
                                 005dcd17e860 00 00 00 00 00 00 00 00 00 00 00 00 00 00 00 00
                                 005dcd17e870 00 00 00 00 00 00 00 00 00 00 00 00 00 00 00 00
                                 005dcd17e880 00 00 00 00 00 00 00 00 00 00 00 00 00 00 00 00
                                 005dcd17e890 00 00 00 00 00 00 00 00 00 00 00 00 00 00 00 00
                                 005dcd17e8a0 00 00 00 00 00 00 00 00 00 00 00 00 00 00 00 00
                                 005dcd17e8b0 00 00 00 00 00 00 00 00 00 00 00 00 00 00 00 00
                                 005dcd17e8c0 00 00 00 00 00 00 00 00 00 00 00 00 00 00 00 00
                                 005dcd17e8d0 00 00 00 00 00 00 00 00 00 00 00 00 00 00 00 00
                                 005dcd17e8e0 00 00 00 00 00 00 00 00 00 00 00 00 00 00 00 00
                                 005dcd17e8f0 00 00 00 00 00 00 00 00 00 00 00 00 00 00 00 00
