Atmosphère Crash Report (v1.7):
Result:                          0x0 (2000-0000)

Process Info:
    Process Name:                Application
    Program ID:                  01006a800016e000
    Process ID:                  000000000000008a
    Process Flags:               00000077
    User Exception Address:      000000495e9bc000
Exception Info:
    Type:                        User Break
    Address:                     0000007002107998 (nnSdk + 0x389998)
    Break Reason:                0x0
    Break Address:               000000020658aef8
    Break Size:                  0x4
Crashed Thread Info:
    Thread ID:                   00000000000002c3
    Thread Name:                 NxSystemThread
    Stack Region:                000000020658a000-000000020658b000
    Registers:
        X[00]:                   0000000000000000
        X[01]:                   000000020658aef8
        X[02]:                   0000000000000004
        X[03]:                   0000000000000000
        X[04]:                   0000000000000000
        X[05]:                   0000000000000000
        X[06]:                   0000000000000000
        X[07]:                   0000000000000000
        X[08]:                   0000000000000000
        X[09]:                   0000000000000000
        X[10]:                   0000000000000000
        X[11]:                   0000000000000000
        X[12]:                   0000000000000000
        X[13]:                   0000000000000000
        X[14]:                   0000000000000000
        X[15]:                   0000000000000000
        X[16]:                   0000000000000000
        X[17]:                   0000000000000000
        X[18]:                   0000000000000000
        X[19]:                   0000000000000000
        X[20]:                   0000000000000000
        X[21]:                   0000000000000000
        X[22]:                   0000000000000000
        X[23]:                   0000000000000000
        X[24]:                   0000000000000000
        X[25]:                   0000000000000000
        X[26]:                   0000000000000000
        X[27]:                   0000000000000000
        X[28]:                   0000000000000000
        FP:                      000000020658ad50
        LR:                      0000007001f01ad8 (nnSdk + 0x183ad8) (_ZN2nn4diag6detail5AbortEPKNS_6ResultE + 0x18)
        SP:                      000000020658ad50
        PC:                      0000007002107994 (nnSdk + 0x389994)
    Stack Trace:
        ReturnAddress[00]:       0000007001f004a0 (nnSdk + 0x1824a0) (_ZN2nn4diag6detail9AbortImplEPKcS3_S3_iPKNS_6ResultEPKNS_2os17UserExceptionInfoES3_z + 0x0)
        ReturnAddress[01]:       0000007001f00564 (nnSdk + 0x182564)
        ReturnAddress[02]:       0000007001f00600 (nnSdk + 0x182600) (_ZN2nn4diag6detail18OnAssertionFailureENS0_13AssertionTypeEPKcS4_S4_iS4_z + 0x0)
        ReturnAddress[03]:       00000070020abfc8 (nnSdk + 0x32dfc8)
        ReturnAddress[04]:       00000070020b05ac (nnSdk + 0x3325ac)
        ReturnAddress[05]:       00000070020b055c (nnSdk + 0x33255c)
        ReturnAddress[06]:       00000070020b054c (nnSdk + 0x33254c)
        ReturnAddress[07]:       00000070020b24b8 (nnSdk + 0x3344b8)
        ReturnAddress[08]:       00000070020b6984 (nnSdk + 0x338984)
        ReturnAddress[09]:       0000000000000000
    Stack Dump:                               00 01 02 03 04 05 06 07 08 09 0a 0b 0c 0d 0e 0f
                                 00020658ad50 20 ae 58 06 02 00 00 00 a0 04 f0 01 70 00 00 00
                                 00020658ad60 03 00 00 00 00 00 00 00 d0 ad 58 06 02 00 00 00
                                 00020658ad70 2e cd 76 02 70 00 00 00 2e cd 76 02 70 00 00 00
                                 00020658ad80 2e cd 76 02 70 00 00 00 00 00 00 00 00 00 00 00
                                 00020658ad90 00 00 00 00 00 00 00 00 00 00 00 00 00 00 00 00
                                 00020658ada0 03 00 00 00 00 00 00 00 d0 ad 58 06 02 00 00 00
                                 00020658adb0 2e cd 76 02 70 00 00 00 2e cd 76 02 70 00 00 00
                                 00020658adc0 2e cd 76 02 70 00 00 00 00 00 00 00 00 00 00 00
                                 00020658add0 2e cd 76 02 70 00 00 00 c0 ae 58 06 02 00 00 00
                                 00020658ade0 00 00 00 00 00 00 00 00 90 bf 0a 02 70 00 00 00
                                 00020658adf0 50 82 a4 02 70 00 00 00 00 7c a4 02 70 00 00 00
                                 00020658ae00 f8 81 a4 02 70 00 00 00 28 82 a4 02 70 00 00 00
                                 00020658ae10 c0 81 a4 02 70 00 00 00 c8 81 a4 02 70 00 00 00
                                 00020658ae20 e0 ae 58 06 02 00 00 00 64 05 f0 01 70 00 00 00
                                 00020658ae30 00 00 00 00 00 00 00 00 00 00 00 00 00 00 00 00
                                 00020658ae40 00 00 00 00 00 00 00 00 00 00 00 00 00 00 00 00
    TLS Address:                 000000495e9bc400
    TLS Dump:                                 00 01 02 03 04 05 06 07 08 09 0a 0b 0c 0d 0e 0f
                                 00495e9bc400 00 00 00 00 0c 00 00 00 00 00 00 00 00 00 00 00
                                 00495e9bc410 00 00 00 00 00 00 00 00 00 00 00 00 00 00 00 00
                                 00495e9bc420 53 46 43 4f 00 00 00 00 00 00 00 00 0e 61 f9 21
                                 00495e9bc430 00 00 00 00 00 00 00 00 00 00 00 00 00 00 00 00
                                 00495e9bc440 00 00 00 00 00 00 00 00 00 00 00 00 00 00 00 00
                                 00495e9bc450 00 00 00 00 00 00 00 00 00 00 00 00 00 00 00 00
                                 00495e9bc460 00 00 00 00 00 00 00 00 00 00 00 00 00 00 00 00
                                 00495e9bc470 00 00 00 00 00 00 00 00 00 00 00 00 00 00 00 00
                                 00495e9bc480 00 00 00 00 00 00 00 00 00 00 00 00 00 00 00 00
                                 00495e9bc490 00 00 00 00 00 00 00 00 00 00 00 00 00 00 00 00
                                 00495e9bc4a0 00 00 00 00 00 00 00 00 00 00 00 00 00 00 00 00
                                 00495e9bc4b0 00 00 00 00 00 00 00 00 00 00 00 00 00 00 00 00
                                 00495e9bc4c0 00 00 00 00 00 00 00 00 00 00 00 00 00 00 00 00
                                 00495e9bc4d0 00 00 00 00 00 00 00 00 00 00 00 00 00 00 00 00
                                 00495e9bc4e0 00 00 00 00 00 00 00 00 00 00 00 00 00 00 00 00
                                 00495e9bc4f0 00 00 00 00 00 00 00 00 00 00 00 00 00 00 00 00
Module Info:
    Number of Modules:           09
    Module 00:
        Address:                 0000006ffa1dc000-0000006ffa200000
        Name:                    [00000000]
        Module Id:               0000000000000000000000000000000000000000000000000000000000000000
    Module 01:
        Address:                 0000006ffa200000-0000006ffa202000
        Name:                    nnrtld
        Module Id:               285183CAC95179371CC22CEC3723F882E1589659000000000000000000000000
    Module 02:
        Address:                 0000006ffa204000-0000006ffdbcc000
        Name:                    cross2_Release.nss
        Module Id:               3EAE0063B12FD81E99FB5980BA56297049EA94F9000000000000000000000000
    Module 03:
        Address:                 000000700164b000-00000070019b8000
        Name:                    multimedia
        Module Id:               60C6EDBBFCEBD4176CC301D5D9CB5A6F094F9360000000000000000000000000
    Module 04:
        Address:                 0000007001d60000-0000007001d71000
        Name:                    Skyline
        Module Id:               84F953E76E1E2E976B0C1540F615449D25DA5BF3000000000000000000000000
    Module 05:
        Address:                 0000007001d7e000-00000070022bf000
        Name:                    nnSdk
        Module Id:               5FD4F531C1195E9E5510C9E73F22CD39612839F8000000000000000000000000
    Module 06:
        Address:                 000000408574c000-00000040858c8000
        Name:                    arcropolis
        Module Id:               0000000000000000000000000000000000000000000000000000000000000000
    Module 07:
        Address:                 0000003d28520000-0000003d28536000
        Name:                    ssbu-pia-manager-impl
        Module Id:               0000000000000000000000000000000000000000000000000000000000000000
    Module 08:
        Address:                 00000071694db000-000000716965f000
        Name:                    training_modpack
        Module Id:               0000000000000000000000000000000000000000000000000000000000000000
Thread Report:
Number of Threads:               38
Threads[00]:
    Thread ID:                   00000000000002c2
    Thread Name:                 MainThread
    Stack Region:                000000022c04f000-000000022c14f000
    Registers:
        X[00]:                   000000000043819b
        X[01]:                   000000495e9bc200
        X[02]:                   000000000043819b
        X[03]:                   0000000000000000
        X[04]:                   0000000000000000
        X[05]:                   0000000000000000
        X[06]:                   0000000000000000
        X[07]:                   0000000000000000
        X[08]:                   0000000000000000
        X[09]:                   0000000000000000
        X[10]:                   0000000000000000
        X[11]:                   0000000000000000
        X[12]:                   0000000000000000
        X[13]:                   0000000000000000
        X[14]:                   0000000000000000
        X[15]:                   0000000000000000
        X[16]:                   0000000000000000
        X[17]:                   0000000000000000
        X[18]:                   0000000000000000
        X[19]:                   0000000000000000
        X[20]:                   0000000000000000
        X[21]:                   0000000000000000
        X[22]:                   0000000000000000
        X[23]:                   0000000000000000
        X[24]:                   0000000000000000
        X[25]:                   0000000000000000
        X[26]:                   0000000000000000
        X[27]:                   0000000000000000
        X[28]:                   0000000000000000
        FP:                      000000022c14ba60
        LR:                      00000070020e5684 (nnSdk + 0x367684) (_ZN2nn2sf4hipc15SendSyncRequestENS_3svc6HandleEPvm + 0x34)
        SP:                      000000022c14ba60
        PC:                      0000007002107954 (nnSdk + 0x389954)
    Stack Trace:
        ReturnAddress[00]:       0000007001f89ff4 (nnSdk + 0x20bff4) (_ZN2nn2sf4cmif6client34CmifDomainProxyClientCoreProcessorINS0_4hipc6client38Hipc2ClientSessionManagedProxyKindBaseINS5_18Hipc2P + 0xa4)
        ReturnAddress[01]:       000000700207c2f8 (nnSdk + 0x2fe2f8) (_ZN2nn2sf4cmif6client6detail13CmifProxyImplINS_3mii6detail16IDatabaseServiceENS2_19CmifDomainProxyKindINS0_4hipc6client38Hipc2C + 0x18)
        ReturnAddress[02]:       000000700207a358 (nnSdk + 0x2fc358) (_ZN2nn3mii8Database9IsUpdatedEi + 0x28)
        ReturnAddress[03]:       0000006ffc4e2ba0 (cross2_Release.nss + 0x22deba0)
        ReturnAddress[04]:       0000006ffd928d68 (cross2_Release.nss + 0x3724d68)
        ReturnAddress[05]:       0000006ffd950628 (cross2_Release.nss + 0x374c628)
        ReturnAddress[06]:       0000006ffa4c9cf0 (cross2_Release.nss + 0x2c5cf0)
        ReturnAddress[07]:       000000700201ba2c (nnSdk + 0x29da2c) (_ZN2nn4init5StartEmmPFvvES2_ + 0x4c)
        ReturnAddress[08]:       0000006ffa2000c0 (nnrtld + 0xc0)
    Stack Dump:                               00 01 02 03 04 05 06 07 08 09 0a 0b 0c 0d 0e 0f
                                 00022c14ba60 20 bb 14 2c 02 00 00 00 f4 9f f8 01 70 00 00 00
                                 00022c14ba70 00 00 00 00 00 00 00 00 00 00 00 00 00 00 00 00
                                 00022c14ba80 00 00 00 00 00 00 00 00 00 00 00 00 00 00 00 00
                                 00022c14ba90 30 c5 a5 40 22 00 00 00 08 bd a5 40 22 00 00 00
                                 00022c14baa0 00 00 80 3f 00 00 00 00 00 00 00 00 00 00 00 00
                                 00022c14bab0 00 00 00 00 00 00 00 00 00 00 00 00 00 00 00 00
                                 00022c14bac0 00 00 00 00 00 00 00 00 00 00 00 00 00 00 00 00
                                 00022c14bad0 09 e2 26 3e 00 00 00 00 00 00 00 00 00 00 00 00
                                 00022c14bae0 01 00 00 00 00 00 00 00 c0 d8 4f 7f 22 00 00 00
                                 00022c14baf0 80 7b 02 95 22 00 00 00 30 ce 9a aa 22 00 00 00
                                 00022c14bb00 00 00 00 00 00 00 00 00 a0 c8 76 70 22 00 00 00
                                 00022c14bb10 20 40 70 43 22 00 00 00 00 40 70 43 22 00 00 00
                                 00022c14bb20 30 bb 14 2c 02 00 00 00 f8 c2 07 02 70 00 00 00
                                 00022c14bb30 50 bb 14 2c 02 00 00 00 58 a3 07 02 70 00 00 00
                                 00022c14bb40 00 c8 6f 43 22 00 00 00 00 c8 6f 43 00 00 00 00
                                 00022c14bb50 20 be 14 2c 02 00 00 00 a0 2b 4e fc 6f 00 00 00
    TLS Address:                 000000495e9bc200
    TLS Dump:                                 00 01 02 03 04 05 06 07 08 09 0a 0b 0c 0d 0e 0f
                                 00495e9bc200 00 00 00 00 0d 08 e0 03 00 00 00 00 00 00 00 00
                                 00495e9bc210 00 00 00 00 00 00 00 00 00 00 00 00 00 00 00 00
                                 00495e9bc220 53 46 43 4f 00 00 00 00 00 00 00 00 6f eb 49 79
                                 00495e9bc230 00 00 00 00 00 00 00 00 00 00 00 00 00 00 00 00
                                 00495e9bc240 53 46 43 49 01 00 00 00 0b 00 00 00 00 00 00 00
                                 00495e9bc250 03 00 e5 01 1b 48 18 c0 02 00 10 00 00 00 00 00
                                 00495e9bc260 00 00 00 00 18 00 00 00 f0 bb 14 2c 02 00 18 00
                                 00495e9bc270 00 00 00 00 00 00 00 00 00 00 00 00 00 00 00 00
                                 00495e9bc280 00 00 00 00 00 00 00 00 00 00 00 00 00 00 00 00
                                 00495e9bc290 00 00 00 00 00 00 00 00 00 00 00 00 00 00 00 00
                                 00495e9bc2a0 00 00 00 00 00 00 00 00 00 00 00 00 00 00 00 00
                                 00495e9bc2b0 00 00 00 00 00 00 00 00 00 00 00 00 00 00 00 00
                                 00495e9bc2c0 00 00 00 00 00 00 00 00 00 00 00 00 00 00 00 00
                                 00495e9bc2d0 00 00 00 00 00 00 00 00 00 00 00 00 00 00 00 00
                                 00495e9bc2e0 00 00 00 00 00 00 00 00 00 00 00 00 00 00 00 00
                                 00495e9bc2f0 00 00 00 00 00 00 00 00 00 00 00 00 00 00 00 00
Threads[01]:
    Thread ID:                   00000000000002c3
    Thread Name:                 NxSystemThread
    Stack Region:                000000020658a000-000000020658b000
    Registers:
        X[00]:                   0000000000000000
        X[01]:                   000000020658aef8
        X[02]:                   0000000000000004
        X[03]:                   0000000000000000
        X[04]:                   0000000000000000
        X[05]:                   0000000000000000
        X[06]:                   0000000000000000
        X[07]:                   0000000000000000
        X[08]:                   0000000000000000
        X[09]:                   0000000000000000
        X[10]:                   0000000000000000
        X[11]:                   0000000000000000
        X[12]:                   0000000000000000
        X[13]:                   0000000000000000
        X[14]:                   0000000000000000
        X[15]:                   0000000000000000
        X[16]:                   0000000000000000
        X[17]:                   0000000000000000
        X[18]:                   0000000000000000
        X[19]:                   0000000000000000
        X[20]:                   0000000000000000
        X[21]:                   0000000000000000
        X[22]:                   0000000000000000
        X[23]:                   0000000000000000
        X[24]:                   0000000000000000
        X[25]:                   0000000000000000
        X[26]:                   0000000000000000
        X[27]:                   0000000000000000
        X[28]:                   0000000000000000
        FP:                      000000020658ad50
        LR:                      0000007001f01ad8 (nnSdk + 0x183ad8) (_ZN2nn4diag6detail5AbortEPKNS_6ResultE + 0x18)
        SP:                      000000020658ad50
        PC:                      0000007002107994 (nnSdk + 0x389994)
    Stack Trace:
        ReturnAddress[00]:       0000007001f004a0 (nnSdk + 0x1824a0) (_ZN2nn4diag6detail9AbortImplEPKcS3_S3_iPKNS_6ResultEPKNS_2os17UserExceptionInfoES3_z + 0x0)
        ReturnAddress[01]:       0000007001f00564 (nnSdk + 0x182564)
        ReturnAddress[02]:       0000007001f00600 (nnSdk + 0x182600) (_ZN2nn4diag6detail18OnAssertionFailureENS0_13AssertionTypeEPKcS4_S4_iS4_z + 0x0)
        ReturnAddress[03]:       00000070020abfc8 (nnSdk + 0x32dfc8)
        ReturnAddress[04]:       00000070020b05ac (nnSdk + 0x3325ac)
        ReturnAddress[05]:       00000070020b055c (nnSdk + 0x33255c)
        ReturnAddress[06]:       00000070020b054c (nnSdk + 0x33254c)
        ReturnAddress[07]:       00000070020b24b8 (nnSdk + 0x3344b8)
        ReturnAddress[08]:       00000070020b6984 (nnSdk + 0x338984)
        ReturnAddress[09]:       0000000000000000
    Stack Dump:                               00 01 02 03 04 05 06 07 08 09 0a 0b 0c 0d 0e 0f
                                 00020658ad50 20 ae 58 06 02 00 00 00 a0 04 f0 01 70 00 00 00
                                 00020658ad60 03 00 00 00 00 00 00 00 d0 ad 58 06 02 00 00 00
                                 00020658ad70 2e cd 76 02 70 00 00 00 2e cd 76 02 70 00 00 00
                                 00020658ad80 2e cd 76 02 70 00 00 00 00 00 00 00 00 00 00 00
                                 00020658ad90 00 00 00 00 00 00 00 00 00 00 00 00 00 00 00 00
                                 00020658ada0 03 00 00 00 00 00 00 00 d0 ad 58 06 02 00 00 00
                                 00020658adb0 2e cd 76 02 70 00 00 00 2e cd 76 02 70 00 00 00
                                 00020658adc0 2e cd 76 02 70 00 00 00 00 00 00 00 00 00 00 00
                                 00020658add0 2e cd 76 02 70 00 00 00 c0 ae 58 06 02 00 00 00
                                 00020658ade0 00 00 00 00 00 00 00 00 90 bf 0a 02 70 00 00 00
                                 00020658adf0 50 82 a4 02 70 00 00 00 00 7c a4 02 70 00 00 00
                                 00020658ae00 f8 81 a4 02 70 00 00 00 28 82 a4 02 70 00 00 00
                                 00020658ae10 c0 81 a4 02 70 00 00 00 c8 81 a4 02 70 00 00 00
                                 00020658ae20 e0 ae 58 06 02 00 00 00 64 05 f0 01 70 00 00 00
                                 00020658ae30 00 00 00 00 00 00 00 00 00 00 00 00 00 00 00 00
                                 00020658ae40 00 00 00 00 00 00 00 00 00 00 00 00 00 00 00 00
    TLS Address:                 000000495e9bc400
    TLS Dump:                                 00 01 02 03 04 05 06 07 08 09 0a 0b 0c 0d 0e 0f
                                 00495e9bc400 00 00 00 00 0c 00 00 00 00 00 00 00 00 00 00 00
                                 00495e9bc410 00 00 00 00 00 00 00 00 00 00 00 00 00 00 00 00
                                 00495e9bc420 53 46 43 4f 00 00 00 00 00 00 00 00 0e 61 f9 21
                                 00495e9bc430 00 00 00 00 00 00 00 00 00 00 00 00 00 00 00 00
                                 00495e9bc440 00 00 00 00 00 00 00 00 00 00 00 00 00 00 00 00
                                 00495e9bc450 00 00 00 00 00 00 00 00 00 00 00 00 00 00 00 00
                                 00495e9bc460 00 00 00 00 00 00 00 00 00 00 00 00 00 00 00 00
                                 00495e9bc470 00 00 00 00 00 00 00 00 00 00 00 00 00 00 00 00
                                 00495e9bc480 00 00 00 00 00 00 00 00 00 00 00 00 00 00 00 00
                                 00495e9bc490 00 00 00 00 00 00 00 00 00 00 00 00 00 00 00 00
                                 00495e9bc4a0 00 00 00 00 00 00 00 00 00 00 00 00 00 00 00 00
                                 00495e9bc4b0 00 00 00 00 00 00 00 00 00 00 00 00 00 00 00 00
                                 00495e9bc4c0 00 00 00 00 00 00 00 00 00 00 00 00 00 00 00 00
                                 00495e9bc4d0 00 00 00 00 00 00 00 00 00 00 00 00 00 00 00 00
                                 00495e9bc4e0 00 00 00 00 00 00 00 00 00 00 00 00 00 00 00 00
                                 00495e9bc4f0 00 00 00 00 00 00 00 00 00 00 00 00 00 00 00 00
Threads[02]:
    Thread ID:                   00000000000002c4
    Thread Name:                 <UNKNOWN>
    Stack Region:                00000001ed101000-00000001ed141000
    Registers:
        X[00]:                   00000001ed140ef8
        X[01]:                   00000001ed140efc
        X[02]:                   0000000000000001
        X[03]:                   ffffffffffffffff
        X[04]:                   0000000000000000
        X[05]:                   0000000000000000
        X[06]:                   0000000000000000
        X[07]:                   0000000000000000
        X[08]:                   0000000000000000
        X[09]:                   0000000000000000
        X[10]:                   0000000000000000
        X[11]:                   0000000000000000
        X[12]:                   0000000000000000
        X[13]:                   0000000000000000
        X[14]:                   0000000000000000
        X[15]:                   0000000000000000
        X[16]:                   0000000000000000
        X[17]:                   0000000000000000
        X[18]:                   0000000000000000
        X[19]:                   0000000000000000
        X[20]:                   0000000000000000
        X[21]:                   0000000000000000
        X[22]:                   0000000000000000
        X[23]:                   0000000000000000
        X[24]:                   0000000000000000
        X[25]:                   0000000000000000
        X[26]:                   0000000000000000
        X[27]:                   0000000000000000
        X[28]:                   0000000000000000
        FP:                      00000001ed140f10
        LR:                      00000070020b7498 (nnSdk + 0x339498) (_ZN2nn2os6detail30InterProcessEventImplByHorizon4WaitEjb + 0x88)
        SP:                      00000001ed140ee0
        PC:                      0000007002107900 (nnSdk + 0x389900)
    Stack Trace:
        ReturnAddress[00]:       0000006ffd95898c (cross2_Release.nss + 0x375498c)
        ReturnAddress[01]:       00000070020b24b8 (nnSdk + 0x3344b8)
        ReturnAddress[02]:       00000070020b6984 (nnSdk + 0x338984)
        ReturnAddress[03]:       0000000000000000
    Stack Dump:                               00 01 02 03 04 05 06 07 08 09 0a 0b 0c 0d 0e 0f
                                 0001ed140ee0 f8 0e 14 ed 01 00 00 00 28 0f 14 ed 01 00 00 00
                                 0001ed140ef0 10 0f 14 ed 01 00 00 00 bc a7 0a 02 f7 01 05 00
                                 0001ed140f00 06 00 00 00 00 00 00 00 f0 e4 b3 ff 6f 00 00 00
                                 0001ed140f10 80 0f 14 ed 01 00 00 00 8c 89 95 fd 6f 00 00 00
                                 0001ed140f20 00 00 00 00 00 00 00 00 0f 00 00 00 02 00 00 00
                                 0001ed140f30 00 00 00 00 00 00 00 00 00 00 00 00 00 00 00 00
                                 0001ed140f40 00 00 00 00 00 00 00 00 00 00 00 00 00 00 00 00
                                 0001ed140f50 00 00 00 00 00 00 00 00 00 00 00 00 00 00 00 00
                                 0001ed140f60 00 00 00 00 00 00 00 00 bc 09 95 40 22 00 00 00
                                 0001ed140f70 b8 09 95 40 22 00 00 00 10 08 95 40 22 00 00 00
                                 0001ed140f80 b0 0f 14 ed 01 00 00 00 b8 24 0b 02 70 00 00 00
                                 0001ed140f90 00 00 00 00 00 00 00 00 00 00 00 00 00 00 00 00
                                 0001ed140fa0 00 00 00 00 00 00 00 00 10 08 95 40 22 00 00 00
                                 0001ed140fb0 d0 0f 14 ed 01 00 00 00 84 69 0b 02 70 00 00 00
                                 0001ed140fc0 00 00 00 00 00 00 00 00 00 00 00 00 00 00 00 00
                                 0001ed140fd0 00 00 00 00 00 00 00 00 00 00 00 00 00 00 00 00
    TLS Address:                 000000495e9bc600
    TLS Dump:                                 00 01 02 03 04 05 06 07 08 09 0a 0b 0c 0d 0e 0f
                                 00495e9bc600 00 00 00 00 0d 00 00 00 00 00 00 00 00 00 00 00
                                 00495e9bc610 00 00 00 00 00 00 00 00 00 00 00 00 00 00 00 00
                                 00495e9bc620 53 46 43 4f 00 00 00 00 00 00 00 00 77 7d f2 32
                                 00495e9bc630 01 00 00 00 00 00 00 00 00 00 00 00 00 00 00 00
                                 00495e9bc640 00 00 00 00 00 00 00 00 00 00 00 00 00 00 00 00
                                 00495e9bc650 00 00 00 00 00 00 00 00 00 00 00 00 00 00 00 00
                                 00495e9bc660 00 00 00 00 00 00 00 00 00 00 00 00 00 00 00 00
                                 00495e9bc670 00 00 00 00 00 00 00 00 00 00 00 00 00 00 00 00
                                 00495e9bc680 00 00 00 00 00 00 00 00 00 00 00 00 00 00 00 00
                                 00495e9bc690 00 00 00 00 00 00 00 00 00 00 00 00 00 00 00 00
                                 00495e9bc6a0 00 00 00 00 00 00 00 00 00 00 00 00 00 00 00 00
                                 00495e9bc6b0 00 00 00 00 00 00 00 00 00 00 00 00 00 00 00 00
                                 00495e9bc6c0 00 00 00 00 00 00 00 00 00 00 00 00 00 00 00 00
                                 00495e9bc6d0 00 00 00 00 00 00 00 00 00 00 00 00 00 00 00 00
                                 00495e9bc6e0 00 00 00 00 00 00 00 00 00 00 00 00 00 00 00 00
                                 00495e9bc6f0 00 00 00 00 00 00 00 00 00 00 00 00 00 00 00 00
Threads[03]:
    Thread ID:                   00000000000002c7
    Thread Name:                 Thread_0x0000007001D6BDAC
    Stack Region:                0000000216a62000-0000000216a72000
    Registers:
        X[00]:                   0000002240950a40
        X[01]:                   0000002240950a48
        X[02]:                   00000000000d01ec
        X[03]:                   000000000098930a
        X[04]:                   0000000000000000
        X[05]:                   0000000000000000
        X[06]:                   0000000000000000
        X[07]:                   0000000000000000
        X[08]:                   0000000000000000
        X[09]:                   0000000000000000
        X[10]:                   0000000000000000
        X[11]:                   0000000000000000
        X[12]:                   0000000000000000
        X[13]:                   0000000000000000
        X[14]:                   0000000000000000
        X[15]:                   0000000000000000
        X[16]:                   0000000000000000
        X[17]:                   0000000000000000
        X[18]:                   0000000000000000
        X[19]:                   0000000000000000
        X[20]:                   0000000000000000
        X[21]:                   0000000000000000
        X[22]:                   0000000000000000
        X[23]:                   0000000000000000
        X[24]:                   0000000000000000
        X[25]:                   0000000000000000
        X[26]:                   0000000000000000
        X[27]:                   0000000000000000
        X[28]:                   0000000000000000
        FP:                      0000000216a71eb0
        LR:                      00000070020b7a54 (nnSdk + 0x339a54) (_ZN2nn2os6detail38InternalConditionVariableImplByHorizon9TimedWaitEPNS1_23InternalCriticalSectionERKNS1_13TimeoutHelperE + 0x64)
        SP:                      0000000216a71e80
        PC:                      000000700210792c (nnSdk + 0x38992c)
    Stack Trace:
        ReturnAddress[00]:       00000070020ae550 (nnSdk + 0x330550) (_ZN2nn2os24TimedReceiveMessageQueueEPmPNS0_16MessageQueueTypeENS_8TimeSpanE + 0x100)
        ReturnAddress[01]:       0000007001d6c044 (Skyline + 0xc044)
        ReturnAddress[02]:       00000070020b6984 (nnSdk + 0x338984)
        ReturnAddress[03]:       0000000000000000
    Stack Dump:                               00 01 02 03 04 05 06 07 08 09 0a 0b 0c 0d 0e 0f
                                 000216a71e80 00 00 00 00 00 00 00 00 00 00 00 00 00 00 00 00
                                 000216a71e90 48 0a 95 40 22 00 00 00 50 1f a7 16 02 00 00 00
                                 000216a71ea0 40 0a 95 40 22 00 00 00 08 0a 95 40 22 00 00 00
                                 000216a71eb0 f0 1e a7 16 02 00 00 00 50 e5 0a 02 70 00 00 00
                                 000216a71ec0 30 1c 28 40 22 00 00 00 34 6c f3 e8 15 00 00 00
                                 000216a71ed0 00 00 00 00 00 00 00 00 fc 0b 95 40 22 00 00 00
                                 000216a71ee0 f8 0b 95 40 22 00 00 00 00 0a 95 40 22 00 00 00
                                 000216a71ef0 b0 1f a7 16 02 00 00 00 44 c0 d6 01 70 00 00 00
                                 000216a71f00 04 bf d6 01 70 00 00 00 c8 1d 28 40 22 00 00 00
                                 000216a71f10 08 1c 28 40 22 00 00 00 80 96 98 00 00 00 00 00
                                 000216a71f20 50 1f a7 16 02 00 00 00 00 0a 95 40 22 00 00 00
                                 000216a71f30 c4 bd d6 01 70 00 00 00 50 0a 95 40 22 00 00 00
                                 000216a71f40 00 00 00 00 00 00 00 00 00 0a 95 40 22 00 00 00
                                 000216a71f50 80 0a 72 40 22 00 00 00 00 00 2f 40 22 00 00 00
                                 000216a71f60 b8 24 0b 02 70 00 00 00 00 00 00 00 00 00 00 00
                                 000216a71f70 f8 0b 95 40 22 00 00 00 00 0a 95 40 22 00 00 00
    TLS Address:                 000000495e9bc800
    TLS Dump:                                 00 01 02 03 04 05 06 07 08 09 0a 0b 0c 0d 0e 0f
                                 00495e9bc800 00 00 00 00 0c 00 00 00 00 00 00 00 00 00 00 00
                                 00495e9bc810 00 00 00 00 00 00 00 00 00 00 00 00 00 00 00 00
                                 00495e9bc820 53 46 43 4f 00 00 00 00 02 02 00 00 e7 59 ea d4
                                 00495e9bc830 00 00 00 00 00 00 00 00 00 00 00 00 00 00 00 00
                                 00495e9bc840 00 00 00 00 00 00 00 00 36 00 00 00 00 00 00 00
                                 00495e9bc850 20 00 00 00 00 00 00 00 00 00 00 00 00 00 00 00
                                 00495e9bc860 69 64 6c 65 00 00 00 00 00 00 00 00 00 00 00 00
                                 00495e9bc870 00 00 00 00 00 00 00 00 00 00 00 00 00 00 00 00
                                 00495e9bc880 00 00 00 00 00 00 00 00 00 00 00 00 00 00 00 00
                                 00495e9bc890 00 00 00 00 00 00 00 00 00 00 00 00 00 00 00 00
                                 00495e9bc8a0 00 00 00 00 00 00 00 00 00 00 00 00 00 00 00 00
                                 00495e9bc8b0 00 00 00 00 00 00 00 00 00 00 00 00 00 00 00 00
                                 00495e9bc8c0 00 00 00 00 00 00 00 00 00 00 00 00 00 00 00 00
                                 00495e9bc8d0 00 00 00 00 00 00 00 00 00 00 00 00 00 00 00 00
                                 00495e9bc8e0 00 00 00 00 00 00 00 00 00 00 00 00 00 00 00 00
                                 00495e9bc8f0 00 00 00 00 00 00 00 00 00 00 00 00 00 00 00 00
Threads[04]:
    Thread ID:                   00000000000002c8
    Thread Name:                 Thread_0x0000007001D665D8
    Stack Region:                000000025336f000-0000000253372000
    Registers:
        X[00]:                   00000000001501dc
        X[01]:                   000000495e9bca00
        X[02]:                   00000000001501dc
        X[03]:                   0000000253371e60
        X[04]:                   0000000000001000
        X[05]:                   0000000000000013
        X[06]:                   000000495e9bca00
        X[07]:                   0000000000000001
        X[08]:                   0000000000000000
        X[09]:                   0000000000000000
        X[10]:                   0000000000000000
        X[11]:                   0000000000000000
        X[12]:                   0000000000000000
        X[13]:                   0000000000000000
        X[14]:                   0000000000000000
        X[15]:                   0000000000000000
        X[16]:                   0000000000000000
        X[17]:                   0000000000000000
        X[18]:                   0000000000000000
        X[19]:                   0000000000000000
        X[20]:                   0000000000000000
        X[21]:                   0000000000000000
        X[22]:                   0000000000000000
        X[23]:                   0000000000000000
        X[24]:                   0000000000000000
        X[25]:                   0000000000000000
        X[26]:                   0000000000000000
        X[27]:                   0000000000000000
        X[28]:                   0000000000000000
        FP:                      0000000253371dd0
        LR:                      00000070020e5684 (nnSdk + 0x367684) (_ZN2nn2sf4hipc15SendSyncRequestENS_3svc6HandleEPvm + 0x34)
        SP:                      0000000253371dd0
        PC:                      0000007002107954 (nnSdk + 0x389954)
    Stack Trace:
        ReturnAddress[00]:       00000070020f9e80 (nnSdk + 0x37be80) (_ZN2nn2sf4cmif6client34CmifDomainProxyClientCoreProcessorINS0_4hipc6client38Hipc2ClientSessionManagedProxyKindBaseINS5_18Hipc2P + 0x150)
        ReturnAddress[01]:       00000070020f8304 (nnSdk + 0x37a304)
        ReturnAddress[02]:       00000070020efa24 (nnSdk + 0x371a24) (_ZN2nn6socket6detail6AcceptEiP8sockaddrPj + 0xa4)
        ReturnAddress[03]:       0000007001d666bc (Skyline + 0x66bc)
        ReturnAddress[04]:       00000070020b6984 (nnSdk + 0x338984)
        ReturnAddress[05]:       0000000000000000
    Stack Dump:                               00 01 02 03 04 05 06 07 08 09 0a 0b 0c 0d 0e 0f
                                 000253371dd0 e0 1e 37 53 02 00 00 00 80 9e 0f 02 70 00 00 00
                                 000253371de0 00 00 00 00 00 00 00 00 20 1f 37 53 02 00 00 00
                                 000253371df0 1c 1f 37 53 02 00 00 00 01 00 00 00 00 00 00 01
                                 000253371e00 0e 0c 00 00 00 00 00 00 00 00 00 00 00 00 00 00
                                 000253371e10 00 00 00 00 00 00 00 00 00 00 00 00 02 00 00 00
                                 000253371e20 00 00 00 00 05 00 00 00 13 00 00 00 15 00 00 00
                                 000253371e30 00 00 00 00 00 00 00 00 00 00 00 00 00 00 00 00
                                 000253371e40 00 00 00 00 00 00 00 00 00 00 00 00 00 00 00 00
                                 000253371e50 00 00 00 00 00 00 00 00 00 00 00 00 00 00 00 00
                                 000253371e60 22 00 00 00 00 00 00 00 70 1f 37 53 02 00 00 00
                                 000253371e70 00 00 00 00 00 00 00 00 f8 1d 37 53 02 00 00 00
                                 000253371e80 00 ca 9b 5e 49 00 00 00 00 00 00 00 00 00 00 00
                                 000253371e90 00 00 00 00 00 00 00 00 00 00 00 00 00 00 00 00
                                 000253371ea0 00 00 00 00 00 00 00 00 00 00 00 00 00 00 00 00
                                 000253371eb0 00 00 00 00 00 00 00 00 00 00 00 00 00 00 00 00
                                 000253371ec0 00 00 00 00 00 00 00 00 ac 01 d5 40 22 00 00 00
    TLS Address:                 000000495e9bca00
    TLS Dump:                                 00 01 02 03 04 05 06 07 08 09 0a 0b 0c 0d 0e 0f
                                 00495e9bca00 06 00 00 01 0e 0c 00 00 00 00 00 00 00 00 00 00
                                 00495e9bca10 00 00 00 00 00 00 00 00 00 00 00 00 00 00 00 00
                                 00495e9bca20 01 00 14 00 01 00 00 00 00 00 00 00 00 00 00 00
                                 00495e9bca30 53 46 43 49 01 00 00 00 0c 00 00 00 00 00 00 00
                                 00495e9bca40 00 00 00 00 ff ff 00 00 00 00 00 00 70 1f 37 53
                                 00495e9bca50 02 00 00 00 00 00 00 00 00 00 00 00 00 00 00 00
                                 00495e9bca60 00 00 00 00 00 00 00 00 00 00 00 00 00 00 00 00
                                 00495e9bca70 00 00 00 00 00 00 00 00 00 00 00 00 00 00 00 00
                                 00495e9bca80 00 00 00 00 00 00 00 00 00 00 00 00 00 00 00 00
                                 00495e9bca90 00 00 00 00 00 00 00 00 00 00 00 00 00 00 00 00
                                 00495e9bcaa0 00 00 00 00 00 00 00 00 00 00 00 00 00 00 00 00
                                 00495e9bcab0 00 00 00 00 00 00 00 00 00 00 00 00 00 00 00 00
                                 00495e9bcac0 00 00 00 00 00 00 00 00 00 00 00 00 00 00 00 00
                                 00495e9bcad0 00 00 00 00 00 00 00 00 00 00 00 00 00 00 00 00
                                 00495e9bcae0 00 00 00 00 00 00 00 00 00 00 00 00 00 00 00 00
                                 00495e9bcaf0 00 00 00 00 00 00 00 00 00 00 00 00 00 00 00 00
Threads[05]:
    Thread ID:                   00000000000002c9
    Thread Name:                 Thread_0x0000007001D64E5C
    Stack Region:                00000001dec9e000-00000001deca1000
    Registers:
        X[00]:                   0000000005f5e100
        X[01]:                   0000000000000000
        X[02]:                   0000000000000000
        X[03]:                   0000000000000000
        X[04]:                   0000000000000000
        X[05]:                   0000000000000000
        X[06]:                   0000000000000000
        X[07]:                   0000000000000000
        X[08]:                   0000000000000000
        X[09]:                   0000000000000000
        X[10]:                   0000000000000000
        X[11]:                   0000000000000000
        X[12]:                   0000000000000000
        X[13]:                   0000000000000000
        X[14]:                   0000000000000000
        X[15]:                   0000000000000000
        X[16]:                   0000000000000000
        X[17]:                   0000000000000000
        X[18]:                   0000000000000000
        X[19]:                   0000000000000000
        X[20]:                   0000000000000000
        X[21]:                   0000000000000000
        X[22]:                   0000000000000000
        X[23]:                   0000000000000000
        X[24]:                   0000000000000000
        X[25]:                   0000000000000000
        X[26]:                   0000000000000000
        X[27]:                   0000000000000000
        X[28]:                   0000000000000000
        FP:                      00000001deca0fb0
        LR:                      0000007001d64ee4 (Skyline + 0x4ee4)
        SP:                      00000001deca0f40
        PC:                      000000700210785c (nnSdk + 0x38985c)
    Stack Trace:
        ReturnAddress[00]:       00000070020b6984 (nnSdk + 0x338984)
        ReturnAddress[01]:       0000000000000000
    Stack Dump:                               00 01 02 03 04 05 06 07 08 09 0a 0b 0c 0d 0e 0f
                                 0001deca0f00 b0 0f ca de 01 00 00 00 50 00 2f 40 22 00 00 00
                                 0001deca0f10 d0 4e d6 01 70 00 00 00 00 00 72 40 22 00 00 00
                                 0001deca0f20 00 00 00 00 00 00 00 00 00 e1 f5 05 00 00 00 00
                                 0001deca0f30 b0 0f ca de 01 00 00 00 00 e1 f5 05 00 00 00 00
                                 0001deca0f40 b8 24 0b 02 70 00 00 00 c0 01 d5 40 22 00 00 00
                                 0001deca0f50 00 00 00 00 00 00 00 00 00 00 72 40 22 00 00 00
                                 0001deca0f60 00 00 00 00 00 00 00 00 78 0f ca de 01 00 00 00
                                 0001deca0f70 09 00 00 00 00 00 00 00 54 63 70 4c 6f 67 67 65
                                 0001deca0f80 72 00 ca de 01 00 00 00 00 00 72 40 22 00 00 00
                                 0001deca0f90 00 00 00 00 00 00 00 00 00 00 00 00 00 00 00 00
                                 0001deca0fa0 00 00 00 00 00 00 00 00 c0 01 d5 40 22 00 00 00
                                 0001deca0fb0 d0 0f ca de 01 00 00 00 84 69 0b 02 70 00 00 00
                                 0001deca0fc0 00 00 00 00 00 00 00 00 00 00 00 00 00 00 00 00
                                 0001deca0fd0 00 00 00 00 00 00 00 00 00 00 00 00 00 00 00 00
                                 0001deca0fe0 50 24 0b 02 70 00 00 00 00 00 00 00 00 00 00 00
                                 0001deca0ff0 00 00 00 00 00 00 00 00 00 00 00 00 00 00 00 00
    TLS Address:                 000000495e9bcc00
    TLS Dump:                                 00 01 02 03 04 05 06 07 08 09 0a 0b 0c 0d 0e 0f
                                 00495e9bcc00 00 00 00 00 0e 08 e0 03 00 00 00 00 00 00 00 00
                                 00495e9bcc10 00 00 00 00 00 00 00 00 00 00 00 00 00 00 00 00
                                 00495e9bcc20 53 46 43 4f 00 00 00 00 00 00 00 00 91 ab e3 ac
                                 00495e9bcc30 ff ff ff ff 6b 00 00 00 00 00 00 00 00 00 00 00
                                 00495e9bcc40 00 00 00 00 00 00 00 00 00 00 00 00 00 00 00 00
                                 00495e9bcc50 00 00 00 00 00 00 00 00 00 00 00 00 00 00 00 00
                                 00495e9bcc60 00 00 00 00 00 00 00 00 00 00 00 00 00 00 00 00
                                 00495e9bcc70 00 00 00 00 00 00 00 00 00 00 00 00 00 00 00 00
                                 00495e9bcc80 00 00 00 00 00 00 00 00 00 00 00 00 00 00 00 00
                                 00495e9bcc90 00 00 00 00 00 00 00 00 00 00 00 00 00 00 00 00
                                 00495e9bcca0 00 00 00 00 00 00 00 00 00 00 00 00 00 00 00 00
                                 00495e9bccb0 00 00 00 00 00 00 00 00 00 00 00 00 00 00 00 00
                                 00495e9bccc0 00 00 00 00 00 00 00 00 00 00 00 00 00 00 00 00
                                 00495e9bccd0 00 00 00 00 00 00 00 00 00 00 00 00 00 00 00 00
                                 00495e9bcce0 00 00 00 00 00 00 00 00 00 00 00 00 00 00 00 00
                                 00495e9bccf0 00 00 00 00 00 00 00 00 00 00 00 00 00 00 00 00
Threads[06]:
    Thread ID:                   00000000000002ce
    Thread Name:                 Thread_0x0000007002297670
    Stack Region:                00000001e4f0d000-00000001e510d000
    Registers:
        X[00]:                   0000000001312d00
        X[01]:                   0000000001312d00
        X[02]:                   0000000000000004
        X[03]:                   0000000000000000
        X[04]:                   0000000000000000
        X[05]:                   0000000000000000
        X[06]:                   0000000000000000
        X[07]:                   0000000000000000
        X[08]:                   0000000000000000
        X[09]:                   0000000000000000
        X[10]:                   0000000000000000
        X[11]:                   0000000000000000
        X[12]:                   0000000000000000
        X[13]:                   0000000000000000
        X[14]:                   0000000000000000
        X[15]:                   0000000000000000
        X[16]:                   0000000000000000
        X[17]:                   0000000000000000
        X[18]:                   0000000000000000
        X[19]:                   0000000000000000
        X[20]:                   0000000000000000
        X[21]:                   0000000000000000
        X[22]:                   0000000000000000
        X[23]:                   0000000000000000
        X[24]:                   0000000000000000
        X[25]:                   0000000000000000
        X[26]:                   0000000000000000
        X[27]:                   0000000000000000
        X[28]:                   0000000000000000
        FP:                      00000001e510ce90
        LR:                      0000004085771a68 (arcropolis + 0x25a68)
        SP:                      00000001e510ce90
        PC:                      000000700210785c (nnSdk + 0x38985c)
    Stack Trace:
        ReturnAddress[00]:       0000004085964098
        ReturnAddress[01]:       0000000000000008
    Stack Dump:                               00 01 02 03 04 05 06 07 08 09 0a 0b 0c 0d 0e 0f
                                 0001e510ce90 a0 40 96 85 40 00 00 00 98 40 96 85 40 00 00 00
                                 0001e510cea0 04 00 00 00 00 00 00 00 04 00 00 00 00 00 00 00
                                 0001e510ceb0 00 00 00 00 00 00 00 00 04 00 00 00 00 00 00 00
                                 0001e510cec0 80 cf 10 e5 01 00 00 00 74 ff 7b 85 40 00 00 00
                                 0001e510ced0 00 00 00 00 00 00 00 00 00 00 00 00 00 00 00 00
                                 0001e510cee0 00 00 00 00 00 00 00 00 00 00 00 00 00 00 00 00
                                 0001e510cef0 00 00 00 00 00 00 00 00 00 00 00 00 00 00 00 00
                                 0001e510cf00 00 00 00 00 00 00 00 00 30 54 96 85 40 00 00 00
                                 0001e510cf10 e0 00 cb 42 22 00 00 00 80 00 dd 40 22 00 00 00
                                 0001e510cf20 00 00 00 00 00 00 00 00 00 00 00 00 00 00 00 00
                                 0001e510cf30 0c 0f 89 85 40 00 00 00 00 00 00 00 00 00 00 00
                                 0001e510cf40 80 00 dd 40 22 00 00 00 20 00 ad 42 22 00 00 00
                                 0001e510cf50 d0 76 29 02 70 00 00 00 ac b1 ee 44 22 00 00 00
                                 0001e510cf60 78 1e 9a 02 70 00 00 00 c0 b1 ee 44 22 00 00 00
                                 0001e510cf70 a8 b1 ee 44 22 00 00 00 00 b0 ee 44 22 00 00 00
                                 0001e510cf80 b0 cf 10 e5 01 00 00 00 b8 24 0b 02 70 00 00 00
    TLS Address:                 00000047c4502000
    TLS Dump:                                 00 01 02 03 04 05 06 07 08 09 0a 0b 0c 0d 0e 0f
                                 0047c4502000 00 00 00 00 00 00 00 00 00 00 00 00 00 00 00 00
                                 0047c4502010 00 00 00 00 00 00 00 00 00 00 00 00 00 00 00 00
                                 0047c4502020 00 00 00 00 00 00 00 00 00 00 00 00 00 00 00 00
                                 0047c4502030 00 00 00 00 00 00 00 00 00 00 00 00 00 00 00 00
                                 0047c4502040 00 00 00 00 00 00 00 00 00 00 00 00 00 00 00 00
                                 0047c4502050 00 00 00 00 00 00 00 00 00 00 00 00 00 00 00 00
                                 0047c4502060 00 00 00 00 00 00 00 00 00 00 00 00 00 00 00 00
                                 0047c4502070 00 00 00 00 00 00 00 00 00 00 00 00 00 00 00 00
                                 0047c4502080 00 00 00 00 00 00 00 00 00 00 00 00 00 00 00 00
                                 0047c4502090 00 00 00 00 00 00 00 00 00 00 00 00 00 00 00 00
                                 0047c45020a0 00 00 00 00 00 00 00 00 00 00 00 00 00 00 00 00
                                 0047c45020b0 00 00 00 00 00 00 00 00 00 00 00 00 00 00 00 00
                                 0047c45020c0 00 00 00 00 00 00 00 00 00 00 00 00 00 00 00 00
                                 0047c45020d0 00 00 00 00 00 00 00 00 00 00 00 00 00 00 00 00
                                 0047c45020e0 00 00 00 00 00 00 00 00 00 00 00 00 00 00 00 00
                                 0047c45020f0 00 00 00 00 00 00 00 00 00 00 00 00 00 00 00 00
Threads[07]:
    Thread ID:                   00000000000002cf
    Thread Name:                 Thread_0x0000007002297670
    Stack Region:                00000001dff0b000-00000001dff1f000
    Registers:
        X[00]:                   0000002242c80048
        X[01]:                   0000002242c80014
        X[02]:                   00000000001b81d1
        X[03]:                   ffffffffffffffff
        X[04]:                   0000000000000000
        X[05]:                   0000000000000000
        X[06]:                   0000000000000000
        X[07]:                   0000000000000000
        X[08]:                   0000000000000000
        X[09]:                   0000000000000000
        X[10]:                   0000000000000000
        X[11]:                   0000000000000000
        X[12]:                   0000000000000000
        X[13]:                   0000000000000000
        X[14]:                   0000000000000000
        X[15]:                   0000000000000000
        X[16]:                   0000000000000000
        X[17]:                   0000000000000000
        X[18]:                   0000000000000000
        X[19]:                   0000000000000000
        X[20]:                   0000000000000000
        X[21]:                   0000000000000000
        X[22]:                   0000000000000000
        X[23]:                   0000000000000000
        X[24]:                   0000000000000000
        X[25]:                   0000000000000000
        X[26]:                   0000000000000000
        X[27]:                   0000000000000000
        X[28]:                   0000000000000000
        FP:                      00000001dff1eed0
        LR:                      00000070020b7998 (nnSdk + 0x339998) (_ZN2nn2os6detail38InternalConditionVariableImplByHorizon4WaitEPNS1_23InternalCriticalSectionE + 0x48)
        SP:                      00000001dff1eeb0
        PC:                      000000700210792c (nnSdk + 0x38992c)
    Stack Trace:
        ReturnAddress[00]:       00000070020ac464 (nnSdk + 0x32e464) (_ZN2nn2os21WaitConditionVariableEPNS0_21ConditionVariableTypeEPNS0_9MutexTypeE + 0x44)
        ReturnAddress[01]:       0000007002297ebc (nnSdk + 0x519ebc) (__nnmusl_WaitConditionVariable + 0xc)
        ReturnAddress[02]:       0000007002298404 (nnSdk + 0x51a404) (__nx_pthread_detached_worker_start + 0x5c)
        ReturnAddress[03]:       00000070022976d0 (nnSdk + 0x5196d0)
        ReturnAddress[04]:       00000070020b24b8 (nnSdk + 0x3344b8)
        ReturnAddress[05]:       00000070020b6984 (nnSdk + 0x338984)
        ReturnAddress[06]:       0000000000000000
    Stack Dump:                               00 01 02 03 04 05 06 07 08 09 0a 0b 0c 0d 0e 0f
                                 0001dff1eeb0 00 00 c8 42 22 00 00 00 00 00 00 00 00 00 00 00
                                 0001dff1eec0 50 00 c8 42 22 00 00 00 30 00 c8 42 22 00 00 00
                                 0001dff1eed0 f0 ee f1 df 01 00 00 00 64 c4 0a 02 70 00 00 00
                                 0001dff1eee0 30 00 c8 42 22 00 00 00 30 00 c8 42 22 00 00 00
                                 0001dff1eef0 00 ef f1 df 01 00 00 00 bc 7e 29 02 70 00 00 00
                                 0001dff1ef00 60 ef f1 df 01 00 00 00 04 84 29 02 70 00 00 00
                                 0001dff1ef10 00 00 00 00 00 00 00 00 00 00 00 00 00 00 00 00
                                 0001dff1ef20 00 00 00 00 00 00 00 00 00 00 00 00 00 00 00 00
                                 0001dff1ef30 00 00 00 00 00 00 00 00 00 00 00 00 00 00 00 00
                                 0001dff1ef40 00 00 00 00 00 00 00 00 ac 41 c4 43 22 00 00 00
                                 0001dff1ef50 78 1e 9a 02 70 00 00 00 c0 41 c4 43 22 00 00 00
                                 0001dff1ef60 80 ef f1 df 01 00 00 00 d0 76 29 02 70 00 00 00
                                 0001dff1ef70 a8 41 c4 43 22 00 00 00 00 40 c4 43 22 00 00 00
                                 0001dff1ef80 b0 ef f1 df 01 00 00 00 b8 24 0b 02 70 00 00 00
                                 0001dff1ef90 00 00 00 00 00 00 00 00 00 00 00 00 00 00 00 00
                                 0001dff1efa0 00 00 00 00 00 00 00 00 00 40 c4 43 22 00 00 00
    TLS Address:                 00000047c4502200
    TLS Dump:                                 00 01 02 03 04 05 06 07 08 09 0a 0b 0c 0d 0e 0f
                                 0047c4502200 00 00 00 00 00 00 00 00 00 00 00 00 00 00 00 00
                                 0047c4502210 00 00 00 00 00 00 00 00 00 00 00 00 00 00 00 00
                                 0047c4502220 00 00 00 00 00 00 00 00 00 00 00 00 00 00 00 00
                                 0047c4502230 00 00 00 00 00 00 00 00 00 00 00 00 00 00 00 00
                                 0047c4502240 00 00 00 00 00 00 00 00 00 00 00 00 00 00 00 00
                                 0047c4502250 00 00 00 00 00 00 00 00 00 00 00 00 00 00 00 00
                                 0047c4502260 00 00 00 00 00 00 00 00 00 00 00 00 00 00 00 00
                                 0047c4502270 00 00 00 00 00 00 00 00 00 00 00 00 00 00 00 00
                                 0047c4502280 00 00 00 00 00 00 00 00 00 00 00 00 00 00 00 00
                                 0047c4502290 00 00 00 00 00 00 00 00 00 00 00 00 00 00 00 00
                                 0047c45022a0 00 00 00 00 00 00 00 00 00 00 00 00 00 00 00 00
                                 0047c45022b0 00 00 00 00 00 00 00 00 00 00 00 00 00 00 00 00
                                 0047c45022c0 00 00 00 00 00 00 00 00 00 00 00 00 00 00 00 00
                                 0047c45022d0 00 00 00 00 00 00 00 00 00 00 00 00 00 00 00 00
                                 0047c45022e0 00 00 00 00 00 00 00 00 00 00 00 00 00 00 00 00
                                 0047c45022f0 00 00 00 00 00 00 00 00 00 00 00 00 00 00 00 00
Threads[08]:
    Thread ID:                   00000000000002d2
    Thread Name:                 Thread_0x0000007002297670
    Stack Region:                00000001dadfb000-00000001daffb000
    Registers:
        X[00]:                   0000000077359400
        X[01]:                   0000000000000011
        X[02]:                   0000000000000000
        X[03]:                   0000000000000000
        X[04]:                   0000000000000000
        X[05]:                   0000000000000000
        X[06]:                   0000000000000000
        X[07]:                   0000000000000000
        X[08]:                   0000000000000000
        X[09]:                   0000000000000000
        X[10]:                   0000000000000000
        X[11]:                   0000000000000000
        X[12]:                   0000000000000000
        X[13]:                   0000000000000000
        X[14]:                   0000000000000000
        X[15]:                   0000000000000000
        X[16]:                   0000000000000000
        X[17]:                   0000000000000000
        X[18]:                   0000000000000000
        X[19]:                   0000000000000000
        X[20]:                   0000000000000000
        X[21]:                   0000000000000000
        X[22]:                   0000000000000000
        X[23]:                   0000000000000000
        X[24]:                   0000000000000000
        X[25]:                   0000000000000000
        X[26]:                   0000000000000000
        X[27]:                   0000000000000000
        X[28]:                   0000000000000000
        FP:                      00000001daffaed8
        LR:                      0000003d2852a73c (ssbu-pia-manager-impl + 0xa73c)
        SP:                      00000001daffadb0
        PC:                      000000700210785c (nnSdk + 0x38985c)
    Stack Trace:
        ReturnAddress[00]:       00000001daffaf80
    Stack Dump:                               00 01 02 03 04 05 06 07 08 09 0a 0b 0c 0d 0e 0f
                                 0001daffadb0 00 00 00 00 00 00 00 00 d0 ad ff da 01 00 00 00
                                 0001daffadc0 a0 ae ff da 01 00 00 00 00 00 00 00 00 00 00 00
                                 0001daffadd0 00 08 7d a7 22 00 00 00 01 ad ff da 00 00 00 00
                                 0001daffade0 c8 a9 28 40 22 00 00 00 00 00 7d a7 22 00 00 00
                                 0001daffadf0 08 a8 28 40 22 00 00 00 80 ad ff da 01 00 00 00
                                 0001daffae00 08 a8 28 40 22 00 00 00 d8 ae ff da 01 00 00 00
                                 0001daffae10 01 00 00 00 00 00 00 00 00 00 00 00 00 00 00 00
                                 0001daffae20 cf 7c bc d0 80 40 e5 eb 01 ae ff da 01 00 00 00
                                 0001daffae30 55 23 bb 0d e4 50 ef 2f 00 f5 b2 fd 00 00 00 00
                                 0001daffae40 6a 6d 72 de 1e f7 6d d0 01 1d b3 fd 6f 00 00 00
                                 0001daffae50 55 23 bb 0d e4 50 ef 2f 02 00 00 00 00 00 00 00
                                 0001daffae60 10 00 00 00 00 00 00 00 10 00 00 00 00 00 00 00
                                 0001daffae70 00 01 dd 40 fe ff ff ff ff ff ff ff 22 00 00 00
                                 0001daffae80 00 01 00 01 01 00 00 00 01 00 00 00 00 00 00 00
                                 0001daffae90 00 00 00 00 00 00 00 00 d2 df 56 fe 6f 00 00 00
                                 0001daffaea0 02 00 00 00 00 00 00 00 00 00 00 00 01 01 00 00
    TLS Address:                 00000047c4502400
    TLS Dump:                                 00 01 02 03 04 05 06 07 08 09 0a 0b 0c 0d 0e 0f
                                 0047c4502400 00 00 00 00 00 00 00 00 00 00 00 00 00 00 00 00
                                 0047c4502410 00 00 00 00 00 00 00 00 00 00 00 00 00 00 00 00
                                 0047c4502420 00 00 00 00 00 00 00 00 00 00 00 00 00 00 00 00
                                 0047c4502430 00 00 00 00 00 00 00 00 00 00 00 00 00 00 00 00
                                 0047c4502440 00 00 00 00 00 00 00 00 00 00 00 00 00 00 00 00
                                 0047c4502450 00 00 00 00 00 00 00 00 00 00 00 00 00 00 00 00
                                 0047c4502460 00 00 00 00 00 00 00 00 00 00 00 00 00 00 00 00
                                 0047c4502470 00 00 00 00 00 00 00 00 00 00 00 00 00 00 00 00
                                 0047c4502480 00 00 00 00 00 00 00 00 00 00 00 00 00 00 00 00
                                 0047c4502490 00 00 00 00 00 00 00 00 00 00 00 00 00 00 00 00
                                 0047c45024a0 00 00 00 00 00 00 00 00 00 00 00 00 00 00 00 00
                                 0047c45024b0 00 00 00 00 00 00 00 00 00 00 00 00 00 00 00 00
                                 0047c45024c0 00 00 00 00 00 00 00 00 00 00 00 00 00 00 00 00
                                 0047c45024d0 00 00 00 00 00 00 00 00 00 00 00 00 00 00 00 00
                                 0047c45024e0 00 00 00 00 00 00 00 00 00 00 00 00 00 00 00 00
                                 0047c45024f0 00 00 00 00 00 00 00 00 00 00 00 00 00 00 00 00
Threads[09]:
    Thread ID:                   00000000000002d6
    Thread Name:                 Thread_0x0000007002297670
    Stack Region:                0000000258aff000-0000000258cff000
    Registers:
        X[00]:                   00000002540be400
        X[01]:                   0000000000000000
        X[02]:                   0000000000000000
        X[03]:                   0000000000000000
        X[04]:                   0000000000000000
        X[05]:                   0000000000000000
        X[06]:                   0000000000000000
        X[07]:                   0000000000000000
        X[08]:                   0000000000000000
        X[09]:                   0000000000000000
        X[10]:                   0000000000000000
        X[11]:                   0000000000000000
        X[12]:                   0000000000000000
        X[13]:                   0000000000000000
        X[14]:                   0000000000000000
        X[15]:                   0000000000000000
        X[16]:                   0000000000000000
        X[17]:                   0000000000000000
        X[18]:                   0000000000000000
        X[19]:                   0000000000000000
        X[20]:                   0000000000000000
        X[21]:                   0000000000000000
        X[22]:                   0000000000000000
        X[23]:                   0000000000000000
        X[24]:                   0000000000000000
        X[25]:                   0000000000000000
        X[26]:                   0000000000000000
        X[27]:                   0000000000000000
        X[28]:                   0000000000000000
        FP:                      000000227f7e3360
        LR:                      0000007169619104 (training_modpack + 0x13e104)
        SP:                      0000000258cfe850
        PC:                      000000700210785c (nnSdk + 0x38985c)
    Stack Trace:
        ReturnAddress[00]:       0000000000000000
    Stack Dump:                               00 01 02 03 04 05 06 07 08 09 0a 0b 0c 0d 0e 0f
                                 000258cfe850 00 00 00 00 00 00 00 00 92 ed cf 58 02 00 00 00
                                 000258cfe860 02 00 00 00 00 00 00 00 00 00 00 00 00 00 00 00
                                 000258cfe870 a5 ed cf 58 02 00 00 00 40 75 20 80 22 00 00 00
                                 000258cfe880 00 00 00 00 00 00 00 00 00 00 00 00 00 00 00 80
                                 000258cfe890 00 00 00 00 00 00 00 00 b0 e9 cf 58 02 00 00 00
                                 000258cfe8a0 80 e9 cf 58 02 00 00 00 93 ed cf 58 02 00 00 00
                                 000258cfe8b0 50 00 ad 42 22 00 00 00 0a 00 00 00 00 00 00 00
                                 000258cfe8c0 20 00 00 00 00 00 00 00 00 02 dd 40 22 00 00 00
                                 000258cfe8d0 20 00 00 00 00 00 00 00 20 00 00 00 00 00 00 00
                                 000258cfe8e0 40 02 dd 40 22 00 00 00 20 00 00 00 00 00 00 00
                                 000258cfe8f0 40 00 00 00 00 00 00 00 40 06 dc 40 22 00 00 00
                                 000258cfe900 40 00 00 00 00 00 00 00 00 00 00 00 00 00 00 00
                                 000258cfe910 01 00 00 00 00 00 00 00 00 00 00 00 00 00 00 00
                                 000258cfe920 14 00 00 00 00 00 00 00 a0 02 dd 40 22 00 00 00
                                 000258cfe930 14 00 00 00 00 00 00 00 06 00 00 00 00 00 00 00
                                 000258cfe940 40 02 ad 42 22 00 00 00 06 00 00 00 00 00 00 00
    TLS Address:                 00000047c4502600
    TLS Dump:                                 00 01 02 03 04 05 06 07 08 09 0a 0b 0c 0d 0e 0f
                                 0047c4502600 06 00 00 00 08 00 00 00 00 00 00 00 00 00 00 00
                                 0047c4502610 02 00 00 00 02 00 00 00 00 00 00 00 00 00 00 00
                                 0047c4502620 53 46 43 4f 00 00 00 00 00 00 00 00 0c 8b df 46
                                 0047c4502630 00 00 00 00 00 00 00 00 00 00 00 00 00 00 00 00
                                 0047c4502640 03 00 00 00 ff ff 00 00 06 10 00 00 00 00 00 00
                                 0047c4502650 f8 44 bf 41 08 00 00 20 00 00 00 00 00 00 00 00
                                 0047c4502660 53 46 43 49 01 00 00 00 0c 00 00 00 00 00 00 00
                                 0047c4502670 01 00 00 00 00 00 00 00 00 00 00 00 00 00 00 00
                                 0047c4502680 00 00 00 00 00 00 00 00 00 00 00 00 00 00 00 00
                                 0047c4502690 00 00 00 00 00 00 00 00 00 00 00 00 00 00 00 00
                                 0047c45026a0 00 00 00 00 00 00 00 00 00 00 00 00 00 00 00 00
                                 0047c45026b0 00 00 00 00 00 00 00 00 00 00 00 00 00 00 00 00
                                 0047c45026c0 00 00 00 00 00 00 00 00 00 00 00 00 00 00 00 00
                                 0047c45026d0 00 00 00 00 00 00 00 00 00 00 00 00 00 00 00 00
                                 0047c45026e0 00 00 00 00 00 00 00 00 00 00 00 00 00 00 00 00
                                 0047c45026f0 00 00 00 00 00 00 00 00 00 00 00 00 00 00 00 00
Threads[10]:
    Thread ID:                   00000000000002d7
    Thread Name:                 TaskWorker1
    Registers:
        X[00]:                   000000224bb50148
        X[01]:                   0000000000000002
        X[02]:                   0000000000000001
        X[03]:                   ffffffffffffffff
        X[04]:                   0000000000000000
        X[05]:                   0000000000000000
        X[06]:                   0000000000000000
        X[07]:                   0000000000000000
        X[08]:                   0000000000000000
        X[09]:                   0000000000000000
        X[10]:                   0000000000000000
        X[11]:                   0000000000000000
        X[12]:                   0000000000000000
        X[13]:                   0000000000000000
        X[14]:                   0000000000000000
        X[15]:                   0000000000000000
        X[16]:                   0000000000000000
        X[17]:                   0000000000000000
        X[18]:                   0000000000000000
        X[19]:                   0000000000000000
        X[20]:                   0000000000000000
        X[21]:                   0000000000000000
        X[22]:                   0000000000000000
        X[23]:                   0000000000000000
        X[24]:                   0000000000000000
        X[25]:                   0000000000000000
        X[26]:                   0000000000000000
        X[27]:                   0000000000000000
        X[28]:                   0000000000000000
        FP:                      000000224bbffed0
        LR:                      00000070020acc88 (nnSdk + 0x32ec88) (_ZN2nn2os6detail18WaitLightEventImplEPNS0_14LightEventTypeE + 0x88)
        SP:                      000000224bbffea0
        PC:                      0000007002107a24 (nnSdk + 0x389a24)
    Stack Trace:
        ReturnAddress[00]:       0000006ffd74e5ac (cross2_Release.nss + 0x354a5ac)
        ReturnAddress[01]:       0000006ffd740f68 (cross2_Release.nss + 0x353cf68)
        ReturnAddress[02]:       0000006ffd9d052c (cross2_Release.nss + 0x37cc52c)
        ReturnAddress[03]:       00000070020b5f28 (nnSdk + 0x337f28) (_ZN2nn2os6detail17CallFiberFunctionEPFPNS0_9FiberTypeEPvES4_ + 0x14)
    TLS Address:                 00000047c4502800
    TLS Dump:                                 00 01 02 03 04 05 06 07 08 09 0a 0b 0c 0d 0e 0f
                                 0047c4502800 00 00 01 00 09 08 e0 03 80 20 18 00 48 fd bf 4b
                                 0047c4502810 53 46 43 4f 00 00 00 00 00 00 00 00 99 5d e2 a4
                                 0047c4502820 00 00 00 00 00 00 00 00 00 00 00 00 00 00 00 00
                                 0047c4502830 00 00 00 00 01 00 00 00 01 00 00 00 00 00 00 00
                                 0047c4502840 02 00 e5 01 05 01 18 c0 00 00 00 00 00 00 00 00
                                 0047c4502850 18 00 00 00 48 fd bf 4b 22 00 18 00 00 00 00 00
                                 0047c4502860 00 00 00 00 00 00 00 00 00 00 00 00 00 00 00 00
                                 0047c4502870 00 00 00 00 00 00 00 00 00 00 00 00 00 00 00 00
                                 0047c4502880 00 00 00 00 00 00 00 00 00 00 00 00 00 00 00 00
                                 0047c4502890 00 00 00 00 00 00 00 00 00 00 00 00 00 00 00 00
                                 0047c45028a0 00 00 00 00 00 00 00 00 00 00 00 00 00 00 00 00
                                 0047c45028b0 00 00 00 00 00 00 00 00 00 00 00 00 00 00 00 00
                                 0047c45028c0 00 00 00 00 00 00 00 00 00 00 00 00 00 00 00 00
                                 0047c45028d0 00 00 00 00 00 00 00 00 00 00 00 00 00 00 00 00
                                 0047c45028e0 00 00 00 00 00 00 00 00 00 00 00 00 00 00 00 00
                                 0047c45028f0 00 00 00 00 00 00 00 00 00 00 00 00 00 00 00 00
Threads[11]:
    Thread ID:                   00000000000002d8
    Thread Name:                 TaskWorker2
    Registers:
        X[00]:                   000000224bb80148
        X[01]:                   0000000000000002
        X[02]:                   0000000000000001
        X[03]:                   ffffffffffffffff
        X[04]:                   0000000544260070
        X[05]:                   0000000000000000
        X[06]:                   0000000000000000
        X[07]:                   0000000000000020
        X[08]:                   0000000000000000
        X[09]:                   0000000000000000
        X[10]:                   0000000000000000
        X[11]:                   0000000000000000
        X[12]:                   0000000000000000
        X[13]:                   0000000000000000
        X[14]:                   0000000000000000
        X[15]:                   0000000000000000
        X[16]:                   0000000000000000
        X[17]:                   0000000000000000
        X[18]:                   0000000000000000
        X[19]:                   0000000000000000
        X[20]:                   0000000000000000
        X[21]:                   0000000000000000
        X[22]:                   0000000000000000
        X[23]:                   0000000000000000
        X[24]:                   0000000000000000
        X[25]:                   0000000000000000
        X[26]:                   0000000000000000
        X[27]:                   0000000000000000
        X[28]:                   0000000000000000
        FP:                      000000224ba1fed0
        LR:                      00000070020acc88 (nnSdk + 0x32ec88) (_ZN2nn2os6detail18WaitLightEventImplEPNS0_14LightEventTypeE + 0x88)
        SP:                      000000224ba1fea0
        PC:                      0000007002107a24 (nnSdk + 0x389a24)
    Stack Trace:
        ReturnAddress[00]:       0000006ffd74e5ac (cross2_Release.nss + 0x354a5ac)
        ReturnAddress[01]:       0000006ffd740f68 (cross2_Release.nss + 0x353cf68)
        ReturnAddress[02]:       0000006ffd9d052c (cross2_Release.nss + 0x37cc52c)
        ReturnAddress[03]:       00000070020b5f28 (nnSdk + 0x337f28) (_ZN2nn2os6detail17CallFiberFunctionEPFPNS0_9FiberTypeEPvES4_ + 0x14)
    TLS Address:                 00000047c4502a00
    TLS Dump:                                 00 01 02 03 04 05 06 07 08 09 0a 0b 0c 0d 0e 0f
                                 0047c4502a00 00 00 00 00 00 00 00 00 00 00 00 00 00 00 00 00
                                 0047c4502a10 00 00 00 00 00 00 00 00 00 00 00 00 00 00 00 00
                                 0047c4502a20 00 00 00 00 00 00 00 00 00 00 00 00 00 00 00 00
                                 0047c4502a30 00 00 00 00 00 00 00 00 00 00 00 00 00 00 00 00
                                 0047c4502a40 00 00 00 00 00 00 00 00 00 00 00 00 00 00 00 00
                                 0047c4502a50 00 00 00 00 00 00 00 00 00 00 00 00 00 00 00 00
                                 0047c4502a60 00 00 00 00 00 00 00 00 00 00 00 00 00 00 00 00
                                 0047c4502a70 00 00 00 00 00 00 00 00 00 00 00 00 00 00 00 00
                                 0047c4502a80 00 00 00 00 00 00 00 00 00 00 00 00 00 00 00 00
                                 0047c4502a90 00 00 00 00 00 00 00 00 00 00 00 00 00 00 00 00
                                 0047c4502aa0 00 00 00 00 00 00 00 00 00 00 00 00 00 00 00 00
                                 0047c4502ab0 00 00 00 00 00 00 00 00 00 00 00 00 00 00 00 00
                                 0047c4502ac0 00 00 00 00 00 00 00 00 00 00 00 00 00 00 00 00
                                 0047c4502ad0 00 00 00 00 00 00 00 00 00 00 00 00 00 00 00 00
                                 0047c4502ae0 00 00 00 00 00 00 00 00 00 00 00 00 00 00 00 00
                                 0047c4502af0 00 00 00 00 00 00 00 00 00 00 00 00 00 00 00 00
Threads[12]:
    Thread ID:                   00000000000002d9
    Thread Name:                 TaskWorker0
    Registers:
        X[00]:                   000000224092b248
        X[01]:                   0000000000000002
        X[02]:                   0000000000000001
        X[03]:                   ffffffffffffffff
        X[04]:                   0000000000000000
        X[05]:                   0000000000000000
        X[06]:                   0000000000000000
        X[07]:                   0000000000000000
        X[08]:                   0000000000000000
        X[09]:                   0000000000000000
        X[10]:                   0000000000000000
        X[11]:                   0000000000000000
        X[12]:                   0000000000000000
        X[13]:                   0000000000000000
        X[14]:                   0000000000000000
        X[15]:                   0000000000000000
        X[16]:                   0000000000000000
        X[17]:                   0000000000000000
        X[18]:                   0000000000000000
        X[19]:                   0000000000000000
        X[20]:                   0000000000000000
        X[21]:                   0000000000000000
        X[22]:                   0000000000000000
        X[23]:                   0000000000000000
        X[24]:                   0000000000000000
        X[25]:                   0000000000000000
        X[26]:                   0000000000000000
        X[27]:                   0000000000000000
        X[28]:                   0000000000000000
        FP:                      000000224c160bd0
        LR:                      00000070020acc88 (nnSdk + 0x32ec88) (_ZN2nn2os6detail18WaitLightEventImplEPNS0_14LightEventTypeE + 0x88)
        SP:                      000000224c160ba0
        PC:                      0000007002107a24 (nnSdk + 0x389a24)
    Stack Trace:
        ReturnAddress[00]:       0000006ffd74e5ac (cross2_Release.nss + 0x354a5ac)
        ReturnAddress[01]:       0000006ffd740f68 (cross2_Release.nss + 0x353cf68)
        ReturnAddress[02]:       0000006ffd9d052c (cross2_Release.nss + 0x37cc52c)
        ReturnAddress[03]:       00000070020b5f28 (nnSdk + 0x337f28) (_ZN2nn2os6detail17CallFiberFunctionEPFPNS0_9FiberTypeEPvES4_ + 0x14)
    TLS Address:                 00000047c4502c00
    TLS Dump:                                 00 01 02 03 04 05 06 07 08 09 0a 0b 0c 0d 0e 0f
                                 0047c4502c00 00 00 01 00 09 08 e0 03 80 20 28 00 58 f8 15 4c
                                 0047c4502c10 53 46 43 4f 00 00 00 00 00 00 00 00 99 5d e2 a4
                                 0047c4502c20 00 00 00 00 00 00 00 00 00 00 00 00 00 00 00 00
                                 0047c4502c30 00 00 00 00 01 00 00 00 01 00 00 00 00 00 00 00
                                 0047c4502c40 01 00 e5 01 06 41 28 c0 00 00 00 00 c0 c7 ff ff
                                 0047c4502c50 28 00 00 00 58 f8 15 4c 22 00 28 00 00 00 00 00
                                 0047c4502c60 00 00 00 00 00 00 00 00 00 00 00 00 00 00 00 00
                                 0047c4502c70 00 00 00 00 00 00 00 00 00 00 00 00 00 00 00 00
                                 0047c4502c80 00 00 00 00 00 00 00 00 00 00 00 00 00 00 00 00
                                 0047c4502c90 00 00 00 00 00 00 00 00 00 00 00 00 00 00 00 00
                                 0047c4502ca0 00 00 00 00 00 00 00 00 00 00 00 00 00 00 00 00
                                 0047c4502cb0 00 00 00 00 00 00 00 00 00 00 00 00 00 00 00 00
                                 0047c4502cc0 00 00 00 00 00 00 00 00 00 00 00 00 00 00 00 00
                                 0047c4502cd0 00 00 00 00 00 00 00 00 00 00 00 00 00 00 00 00
                                 0047c4502ce0 00 00 00 00 00 00 00 00 00 00 00 00 00 00 00 00
                                 0047c4502cf0 00 00 00 00 00 00 00 00 00 00 00 00 00 00 00 00
Threads[13]:
    Thread ID:                   00000000000002da
    Thread Name:                 TaskWorker1
    Registers:
        X[00]:                   000000224bb59748
        X[01]:                   0000000000000002
        X[02]:                   0000000000000001
        X[03]:                   ffffffffffffffff
        X[04]:                   0000000000000000
        X[05]:                   0000000000000000
        X[06]:                   0000000000000000
        X[07]:                   0000000000000000
        X[08]:                   0000000000000000
        X[09]:                   0000000000000000
        X[10]:                   0000000000000000
        X[11]:                   0000000000000000
        X[12]:                   0000000000000000
        X[13]:                   0000000000000000
        X[14]:                   0000000000000000
        X[15]:                   0000000000000000
        X[16]:                   0000000000000000
        X[17]:                   0000000000000000
        X[18]:                   0000000000000000
        X[19]:                   0000000000000000
        X[20]:                   0000000000000000
        X[21]:                   0000000000000000
        X[22]:                   0000000000000000
        X[23]:                   0000000000000000
        X[24]:                   0000000000000000
        X[25]:                   0000000000000000
        X[26]:                   0000000000000000
        X[27]:                   0000000000000000
        X[28]:                   0000000000000000
        FP:                      000000224ca60290
        LR:                      00000070020acc88 (nnSdk + 0x32ec88) (_ZN2nn2os6detail18WaitLightEventImplEPNS0_14LightEventTypeE + 0x88)
        SP:                      000000224ca60260
        PC:                      0000007002107a24 (nnSdk + 0x389a24)
    Stack Trace:
        ReturnAddress[00]:       0000006ffd74e5ac (cross2_Release.nss + 0x354a5ac)
        ReturnAddress[01]:       0000006ffd740f68 (cross2_Release.nss + 0x353cf68)
        ReturnAddress[02]:       0000006ffd9d052c (cross2_Release.nss + 0x37cc52c)
        ReturnAddress[03]:       00000070020b5f28 (nnSdk + 0x337f28) (_ZN2nn2os6detail17CallFiberFunctionEPFPNS0_9FiberTypeEPvES4_ + 0x14)
    TLS Address:                 00000047c4502e00
    TLS Dump:                                 00 01 02 03 04 05 06 07 08 09 0a 0b 0c 0d 0e 0f
                                 0047c4502e00 00 00 01 00 09 08 e0 03 80 20 28 00 18 ef a5 4c
                                 0047c4502e10 53 46 43 4f 00 00 00 00 00 00 00 00 99 5d e2 a4
                                 0047c4502e20 00 00 00 00 00 00 00 00 00 00 00 00 00 00 00 00
                                 0047c4502e30 00 00 00 00 01 00 00 00 01 00 00 00 00 00 00 00
                                 0047c4502e40 01 00 e5 01 06 41 28 c0 00 00 00 00 00 00 00 00
                                 0047c4502e50 28 00 00 00 18 ef a5 4c 22 00 28 00 00 00 00 00
                                 0047c4502e60 00 00 00 00 00 00 00 00 00 00 00 00 00 00 00 00
                                 0047c4502e70 00 00 00 00 00 00 00 00 00 00 00 00 00 00 00 00
                                 0047c4502e80 00 00 00 00 00 00 00 00 00 00 00 00 00 00 00 00
                                 0047c4502e90 00 00 00 00 00 00 00 00 00 00 00 00 00 00 00 00
                                 0047c4502ea0 00 00 00 00 00 00 00 00 00 00 00 00 00 00 00 00
                                 0047c4502eb0 00 00 00 00 00 00 00 00 00 00 00 00 00 00 00 00
                                 0047c4502ec0 00 00 00 00 00 00 00 00 00 00 00 00 00 00 00 00
                                 0047c4502ed0 00 00 00 00 00 00 00 00 00 00 00 00 00 00 00 00
                                 0047c4502ee0 00 00 00 00 00 00 00 00 00 00 00 00 00 00 00 00
                                 0047c4502ef0 00 00 00 00 00 00 00 00 00 00 00 00 00 00 00 00
Threads[14]:
    Thread ID:                   00000000000002db
    Thread Name:                 TaskWorker2
    Registers:
        X[00]:                   000000224bb89748
        X[01]:                   0000000000000002
        X[02]:                   0000000000000001
        X[03]:                   ffffffffffffffff
        X[04]:                   0000000000000000
        X[05]:                   0000000000000000
        X[06]:                   0000000000000001
        X[07]:                   0000000000000780
        X[08]:                   0000000000000000
        X[09]:                   0000000000000000
        X[10]:                   0000000000000000
        X[11]:                   0000000000000000
        X[12]:                   0000000000000000
        X[13]:                   0000000000000000
        X[14]:                   0000000000000000
        X[15]:                   0000000000000000
        X[16]:                   0000000000000000
        X[17]:                   0000000000000000
        X[18]:                   0000000000000000
        X[19]:                   0000000000000000
        X[20]:                   0000000000000000
        X[21]:                   0000000000000000
        X[22]:                   0000000000000000
        X[23]:                   0000000000000000
        X[24]:                   0000000000000000
        X[25]:                   0000000000000000
        X[26]:                   0000000000000000
        X[27]:                   0000000000000000
        X[28]:                   0000000000000000
        FP:                      000000224cb8f950
        LR:                      00000070020acc88 (nnSdk + 0x32ec88) (_ZN2nn2os6detail18WaitLightEventImplEPNS0_14LightEventTypeE + 0x88)
        SP:                      000000224cb8f920
        PC:                      0000007002107a24 (nnSdk + 0x389a24)
    Stack Trace:
        ReturnAddress[00]:       0000006ffd74e5ac (cross2_Release.nss + 0x354a5ac)
        ReturnAddress[01]:       0000006ffd740f68 (cross2_Release.nss + 0x353cf68)
        ReturnAddress[02]:       0000006ffd9d052c (cross2_Release.nss + 0x37cc52c)
        ReturnAddress[03]:       00000070020b5f28 (nnSdk + 0x337f28) (_ZN2nn2os6detail17CallFiberFunctionEPFPNS0_9FiberTypeEPvES4_ + 0x14)
    TLS Address:                 0000003d6f174000
    TLS Dump:                                 00 01 02 03 04 05 06 07 08 09 0a 0b 0c 0d 0e 0f
                                 003d6f174000 00 00 01 00 09 08 e0 03 80 20 18 00 b8 e9 b8 4c
                                 003d6f174010 53 46 43 4f 00 00 00 00 00 00 00 00 99 5d e2 a4
                                 003d6f174020 00 00 00 00 00 00 00 00 00 00 00 00 00 00 00 00
                                 003d6f174030 00 00 00 00 01 00 00 00 01 00 00 00 00 00 00 00
                                 003d6f174040 02 00 e5 01 05 01 18 c0 0b 00 00 00 00 00 00 00
                                 003d6f174050 18 00 e5 01 b8 e9 b8 4c 22 00 18 00 00 00 00 00
                                 003d6f174060 00 00 00 00 18 00 00 00 50 e7 b8 4c 22 00 18 00
                                 003d6f174070 00 00 00 00 00 00 00 00 00 00 00 00 00 00 00 00
                                 003d6f174080 00 00 00 00 00 00 00 00 00 00 00 00 00 00 00 00
                                 003d6f174090 00 00 00 00 00 00 00 00 00 00 00 00 00 00 00 00
                                 003d6f1740a0 00 00 00 00 00 00 00 00 00 00 00 00 00 00 00 00
                                 003d6f1740b0 00 00 00 00 00 00 00 00 00 00 00 00 00 00 00 00
                                 003d6f1740c0 00 00 00 00 00 00 00 00 00 00 00 00 00 00 00 00
                                 003d6f1740d0 00 00 00 00 00 00 00 00 00 00 00 00 00 00 00 00
                                 003d6f1740e0 00 00 00 00 00 00 00 00 00 00 00 00 00 00 00 00
                                 003d6f1740f0 00 00 00 00 00 00 00 00 00 00 00 00 00 00 00 00
Threads[15]:
    Thread ID:                   00000000000002dc
    Thread Name:                 ResUpdateThread
    Stack Region:                0000000256cfa000-0000000256d3a000
    Registers:
        X[00]:                   0000000000f42400
        X[01]:                   0000000000000000
        X[02]:                   0000000000000000
        X[03]:                   0000000000000000
        X[04]:                   0000000000000000
        X[05]:                   0000000000000000
        X[06]:                   0000000000000000
        X[07]:                   0000000000000000
        X[08]:                   0000000000000000
        X[09]:                   0000000000000000
        X[10]:                   0000000000000000
        X[11]:                   0000000000000000
        X[12]:                   0000000000000000
        X[13]:                   0000000000000000
        X[14]:                   0000000000000000
        X[15]:                   0000000000000000
        X[16]:                   0000000000000000
        X[17]:                   0000000000000000
        X[18]:                   0000000000000000
        X[19]:                   0000000000000000
        X[20]:                   0000000000000000
        X[21]:                   0000000000000000
        X[22]:                   0000000000000000
        X[23]:                   0000000000000000
        X[24]:                   0000000000000000
        X[25]:                   0000000000000000
        X[26]:                   0000000000000000
        X[27]:                   0000000000000000
        X[28]:                   0000000000000000
        FP:                      0000000256d39f80
        LR:                      0000006ffd747070 (cross2_Release.nss + 0x3543070)
        SP:                      0000000256d39f50
        PC:                      000000700210785c (nnSdk + 0x38985c)
    Stack Trace:
        ReturnAddress[00]:       00000070020b24b8 (nnSdk + 0x3344b8)
        ReturnAddress[01]:       00000070020b6984 (nnSdk + 0x338984)
        ReturnAddress[02]:       0000000000000000
    Stack Dump:                               00 01 02 03 04 05 06 07 08 09 0a 0b 0c 0d 0e 0f
                                 000256d39f00 b0 34 6a 40 22 00 00 00 cc 34 6a 40 22 00 00 00
                                 000256d39f10 40 9f d3 56 02 00 00 00 90 c7 0a 02 70 00 00 00
                                 000256d39f20 e0 9a c2 43 22 00 00 00 04 f1 22 02 70 00 00 00
                                 000256d39f30 00 24 f4 00 00 00 00 00 00 00 00 00 22 00 00 00
                                 000256d39f40 80 9f d3 56 02 00 00 00 64 70 74 fd 6f 00 00 00
                                 000256d39f50 00 00 00 00 00 00 00 00 00 00 00 00 00 00 00 00
                                 000256d39f60 00 00 00 00 00 00 00 00 bc 54 95 40 22 00 00 00
                                 000256d39f70 b8 54 95 40 22 00 00 00 10 53 95 40 22 00 00 00
                                 000256d39f80 b0 9f d3 56 02 00 00 00 b8 24 0b 02 70 00 00 00
                                 000256d39f90 00 00 00 00 00 00 00 00 00 00 00 00 00 00 00 00
                                 000256d39fa0 00 00 00 00 00 00 00 00 10 53 95 40 22 00 00 00
                                 000256d39fb0 d0 9f d3 56 02 00 00 00 84 69 0b 02 70 00 00 00
                                 000256d39fc0 00 00 00 00 00 00 00 00 00 00 00 00 00 00 00 00
                                 000256d39fd0 00 00 00 00 00 00 00 00 00 00 00 00 00 00 00 00
                                 000256d39fe0 50 24 0b 02 70 00 00 00 00 00 00 00 00 00 00 00
                                 000256d39ff0 00 00 00 00 00 00 00 00 00 00 00 00 00 00 00 00
    TLS Address:                 0000003d6f174200
    TLS Dump:                                 00 01 02 03 04 05 06 07 08 09 0a 0b 0c 0d 0e 0f
                                 003d6f174200 00 00 00 00 00 00 00 00 00 00 00 00 00 00 00 00
                                 003d6f174210 00 00 00 00 00 00 00 00 00 00 00 00 00 00 00 00
                                 003d6f174220 00 00 00 00 00 00 00 00 00 00 00 00 00 00 00 00
                                 003d6f174230 00 00 00 00 00 00 00 00 00 00 00 00 00 00 00 00
                                 003d6f174240 00 00 00 00 00 00 00 00 00 00 00 00 00 00 00 00
                                 003d6f174250 00 00 00 00 00 00 00 00 00 00 00 00 00 00 00 00
                                 003d6f174260 00 00 00 00 00 00 00 00 00 00 00 00 00 00 00 00
                                 003d6f174270 00 00 00 00 00 00 00 00 00 00 00 00 00 00 00 00
                                 003d6f174280 00 00 00 00 00 00 00 00 00 00 00 00 00 00 00 00
                                 003d6f174290 00 00 00 00 00 00 00 00 00 00 00 00 00 00 00 00
                                 003d6f1742a0 00 00 00 00 00 00 00 00 00 00 00 00 00 00 00 00
                                 003d6f1742b0 00 00 00 00 00 00 00 00 00 00 00 00 00 00 00 00
                                 003d6f1742c0 00 00 00 00 00 00 00 00 00 00 00 00 00 00 00 00
                                 003d6f1742d0 00 00 00 00 00 00 00 00 00 00 00 00 00 00 00 00
                                 003d6f1742e0 00 00 00 00 00 00 00 00 00 00 00 00 00 00 00 00
                                 003d6f1742f0 00 00 00 00 00 00 00 00 00 00 00 00 00 00 00 00
Threads[16]:
    Thread ID:                   00000000000002dd
    Thread Name:                 ResLoadingThread
    Stack Region:                000000020120f000-000000020124f000
    Registers:
        X[00]:                   00000000000881f3
        X[01]:                   0000003d6f174400
        X[02]:                   00000000000881f3
        X[03]:                   000000020124ec08
        X[04]:                   0000000000000800
        X[05]:                   000000000000020b
        X[06]:                   0000000000000001
        X[07]:                   000000020124eb28
        X[08]:                   0000000000000000
        X[09]:                   0000000000000000
        X[10]:                   0000000000000000
        X[11]:                   0000000000000000
        X[12]:                   0000000000000000
        X[13]:                   0000000000000000
        X[14]:                   0000000000000000
        X[15]:                   0000000000000000
        X[16]:                   0000000000000000
        X[17]:                   0000000000000000
        X[18]:                   0000000000000000
        X[19]:                   0000000000000000
        X[20]:                   0000000000000000
        X[21]:                   0000000000000000
        X[22]:                   0000000000000000
        X[23]:                   0000000000000000
        X[24]:                   0000000000000000
        X[25]:                   0000000000000000
        X[26]:                   0000000000000000
        X[27]:                   0000000000000000
        X[28]:                   0000000000000000
        FP:                      000000020124eb90
        LR:                      00000070020e5684 (nnSdk + 0x367684) (_ZN2nn2sf4hipc15SendSyncRequestENS_3svc6HandleEPvm + 0x34)
        SP:                      000000020124eb90
        PC:                      0000007002107954 (nnSdk + 0x389954)
    Stack Trace:
        ReturnAddress[00]:       0000007001f81b74 (nnSdk + 0x203b74) (_ZN2nn2sf4cmif6client34CmifDomainProxyClientCoreProcessorINS0_4hipc6client38Hipc2ClientSessionManagedProxyKindBaseINS5_18Hipc2P + 0x164)
        ReturnAddress[01]:       0000007001f81920 (nnSdk + 0x203920)
        ReturnAddress[02]:       0000007001f9fc44 (nnSdk + 0x221c44) (_ZN2nn2fs6detail27StorageServiceObjectAdapter4ReadElPvm + 0x24)
        ReturnAddress[03]:       0000007001f6ff78 (nnSdk + 0x1f1f78)
        ReturnAddress[04]:       0000007001f70f48 (nnSdk + 0x1f2f48) (_ZN2nn2fs6detail12FileAccessor4ReadEPmlPvmRKNS0_10ReadOptionE + 0x1d8)
        ReturnAddress[05]:       0000007001f737c0 (nnSdk + 0x1f57c0) (_ZN2nn2fs8ReadFileENS0_10FileHandleElPvmRKNS0_10ReadOptionE + 0x30)
        ReturnAddress[06]:       0000007001f73968 (nnSdk + 0x1f5968) (_ZN2nn2fs8ReadFileENS0_10FileHandleElPvm + 0x18)
        ReturnAddress[07]:       0000006ffd9ca974 (cross2_Release.nss + 0x37c6974)
        ReturnAddress[08]:       0000006ffd74799c (cross2_Release.nss + 0x354399c)
        ReturnAddress[09]:       00000070020b24b8 (nnSdk + 0x3344b8)
        ReturnAddress[10]:       00000070020b6984 (nnSdk + 0x338984)
        ReturnAddress[11]:       0000000000000000
    Stack Dump:                               00 01 02 03 04 05 06 07 08 09 0a 0b 0c 0d 0e 0f
                                 00020124eb90 80 ec 24 01 02 00 00 00 74 1b f8 01 70 00 00 00
                                 00020124eba0 01 00 00 00 00 00 00 01 10 00 00 00 00 00 00 00
                                 00020124ebb0 00 00 00 00 00 00 00 00 00 00 00 00 00 00 00 00
                                 00020124ebc0 00 00 00 00 02 00 00 00 00 00 00 00 05 00 00 00
                                 00020124ebd0 00 00 00 00 15 00 00 00 00 00 00 00 00 00 00 00
                                 00020124ebe0 00 00 00 00 00 00 00 00 00 00 00 00 00 00 00 00
                                 00020124ebf0 00 00 00 00 00 00 00 00 00 00 00 00 02 00 00 00
                                 00020124ec00 00 00 00 00 0e 00 00 00 46 00 00 00 00 00 00 00
                                 00020124ec10 40 28 1c 4c 22 00 00 00 0f 08 00 00 00 00 00 00
                                 00020124ec20 a0 eb 24 01 02 00 00 00 00 44 17 6f 3d 00 00 00
                                 00020124ec30 00 00 00 00 00 00 00 00 0f 08 c0 ff 00 00 00 00
                                 00020124ec40 00 86 85 43 22 00 00 00 02 7a 17 00 00 00 00 00
                                 00020124ec50 e0 9b c2 43 22 00 00 00 48 5c f4 32 02 00 00 00
                                 00020124ec60 40 28 1c 4c 22 00 00 00 0f 08 00 00 00 00 00 00
                                 00020124ec70 02 7a 17 00 00 00 00 00 68 ed 24 01 02 00 00 00
                                 00020124ec80 90 ec 24 01 02 00 00 00 20 19 f8 01 70 00 00 00
    TLS Address:                 0000003d6f174400
    TLS Dump:                                 00 01 02 03 04 05 06 07 08 09 0a 0b 0c 0d 0e 0f
                                 003d6f174400 00 00 00 00 0c 00 00 00 00 00 00 00 00 00 00 00
                                 003d6f174410 00 00 00 00 00 00 00 00 00 00 00 00 00 00 00 00
                                 003d6f174420 53 46 43 4f 00 00 00 00 00 00 00 00 eb ca d2 c4
                                 003d6f174430 00 00 00 00 00 00 00 00 00 00 00 00 00 00 00 00
                                 003d6f174440 48 2e f5 32 02 00 00 00 0f 08 00 00 00 00 00 00
                                 003d6f174450 00 00 00 00 00 00 00 00 00 00 00 00 00 00 00 00
                                 003d6f174460 00 00 00 00 00 00 00 00 00 00 00 00 00 00 00 00
                                 003d6f174470 00 00 00 00 00 00 00 00 00 00 00 00 00 00 00 00
                                 003d6f174480 00 00 00 00 00 00 00 00 00 00 00 00 00 00 00 00
                                 003d6f174490 00 00 00 00 00 00 00 00 00 00 00 00 00 00 00 00
                                 003d6f1744a0 00 00 00 00 00 00 00 00 00 00 00 00 00 00 00 00
                                 003d6f1744b0 00 00 00 00 00 00 00 00 00 00 00 00 00 00 00 00
                                 003d6f1744c0 00 00 00 00 00 00 00 00 00 00 00 00 00 00 00 00
                                 003d6f1744d0 00 00 00 00 00 00 00 00 00 00 00 00 00 00 00 00
                                 003d6f1744e0 00 00 00 00 00 00 00 00 00 00 00 00 00 00 00 00
                                 003d6f1744f0 00 00 00 00 00 00 00 00 00 00 00 00 00 00 00 00
Threads[17]:
    Thread ID:                   00000000000002de
    Thread Name:                 ResInflateThread
    Stack Region:                0000000216076000-00000002160b6000
    Registers:
        X[00]:                   00000022406a352c
        X[01]:                   00000022406a3530
        X[02]:                   00000000002981be
        X[03]:                   ffffffffffffffff
        X[04]:                   0000000000000000
        X[05]:                   0000000000000000
        X[06]:                   0000000000000000
        X[07]:                   0000000000000000
        X[08]:                   0000000000000000
        X[09]:                   0000000000000000
        X[10]:                   0000000000000000
        X[11]:                   0000000000000000
        X[12]:                   0000000000000000
        X[13]:                   0000000000000000
        X[14]:                   0000000000000000
        X[15]:                   0000000000000000
        X[16]:                   0000000000000000
        X[17]:                   0000000000000000
        X[18]:                   0000000000000000
        X[19]:                   0000000000000000
        X[20]:                   0000000000000000
        X[21]:                   0000000000000000
        X[22]:                   0000000000000000
        X[23]:                   0000000000000000
        X[24]:                   0000000000000000
        X[25]:                   0000000000000000
        X[26]:                   0000000000000000
        X[27]:                   0000000000000000
        X[28]:                   0000000000000000
        FP:                      00000002160b5e80
        LR:                      00000070020b7998 (nnSdk + 0x339998) (_ZN2nn2os6detail38InternalConditionVariableImplByHorizon4WaitEPNS1_23InternalCriticalSectionE + 0x48)
        SP:                      00000002160b5e60
        PC:                      000000700210792c (nnSdk + 0x38992c)
    Stack Trace:
        ReturnAddress[00]:       00000070020ac898 (nnSdk + 0x32e898) (_ZN2nn2os9WaitEventEPNS0_9EventTypeE + 0x48)
        ReturnAddress[01]:       0000006ffd748504 (cross2_Release.nss + 0x3544504)
        ReturnAddress[02]:       00000070020b24b8 (nnSdk + 0x3344b8)
        ReturnAddress[03]:       00000070020b6984 (nnSdk + 0x338984)
        ReturnAddress[04]:       0000000000000000
    Stack Dump:                               00 01 02 03 04 05 06 07 08 09 0a 0b 0c 0d 0e 0f
                                 0002160b5e60 30 35 6a 40 22 00 00 00 c8 dd 29 40 22 00 00 00
                                 0002160b5e70 10 35 6a 40 22 00 00 00 2c 35 6a 40 22 00 00 00
                                 0002160b5e80 b0 5e 0b 16 02 00 00 00 98 c8 0a 02 70 00 00 00
                                 0002160b5e90 00 00 00 00 00 00 00 00 04 00 00 00 00 00 00 00
                                 0002160b5ea0 a0 b5 00 00 00 00 00 00 80 4d 95 40 22 00 00 00
                                 0002160b5eb0 80 5f 0b 16 02 00 00 00 04 85 74 fd 6f 00 00 00
                                 0002160b5ec0 00 00 00 00 ca 8c 06 00 01 00 00 00 00 00 00 00
                                 0002160b5ed0 00 60 6c d0 22 00 00 00 00 00 00 00 04 00 00 00
                                 0002160b5ee0 00 00 00 00 00 00 00 00 68 90 00 00 00 00 00 00
                                 0002160b5ef0 7a 03 00 00 00 00 00 00 b0 00 2c 00 00 00 00 00
                                 0002160b5f00 00 60 6c d0 22 00 00 00 68 90 00 00 00 00 00 00
                                 0002160b5f10 68 90 00 00 00 00 00 00 40 28 5c 4c 22 00 00 00
                                 0002160b5f20 7a 03 00 00 00 00 00 00 7a 03 00 00 00 00 00 00
                                 0002160b5f30 00 00 00 00 00 00 00 00 00 00 00 00 00 00 00 00
                                 0002160b5f40 00 00 00 00 00 00 00 00 00 00 00 00 00 00 00 00
                                 0002160b5f50 00 00 00 00 00 00 00 00 00 00 00 00 00 00 00 00
    TLS Address:                 0000003d6f174600
    TLS Dump:                                 00 01 02 03 04 05 06 07 08 09 0a 0b 0c 0d 0e 0f
                                 003d6f174600 00 00 00 00 00 00 00 00 00 00 00 00 00 00 00 00
                                 003d6f174610 00 00 00 00 00 00 00 00 00 00 00 00 00 00 00 00
                                 003d6f174620 00 00 00 00 00 00 00 00 00 00 00 00 00 00 00 00
                                 003d6f174630 00 00 00 00 00 00 00 00 00 00 00 00 00 00 00 00
                                 003d6f174640 00 00 00 00 00 00 00 00 00 00 00 00 00 00 00 00
                                 003d6f174650 00 00 00 00 00 00 00 00 00 00 00 00 00 00 00 00
                                 003d6f174660 00 00 00 00 00 00 00 00 00 00 00 00 00 00 00 00
                                 003d6f174670 00 00 00 00 00 00 00 00 00 00 00 00 00 00 00 00
                                 003d6f174680 00 00 00 00 00 00 00 00 00 00 00 00 00 00 00 00
                                 003d6f174690 00 00 00 00 00 00 00 00 00 00 00 00 00 00 00 00
                                 003d6f1746a0 00 00 00 00 00 00 00 00 00 00 00 00 00 00 00 00
                                 003d6f1746b0 00 00 00 00 00 00 00 00 00 00 00 00 00 00 00 00
                                 003d6f1746c0 00 00 00 00 00 00 00 00 00 00 00 00 00 00 00 00
                                 003d6f1746d0 00 00 00 00 00 00 00 00 00 00 00 00 00 00 00 00
                                 003d6f1746e0 00 00 00 00 00 00 00 00 00 00 00 00 00 00 00 00
                                 003d6f1746f0 00 00 00 00 00 00 00 00 00 00 00 00 00 00 00 00
Threads[18]:
    Thread ID:                   00000000000002e0
    Thread Name:                 VSync Count Thread
    Stack Region:                0000000230ba1000-0000000230be1000
    Registers:
        X[00]:                   0000000230be0f38
        X[01]:                   0000000230be0f3c
        X[02]:                   0000000000000001
        X[03]:                   ffffffffffffffff
        X[04]:                   0000000000000000
        X[05]:                   0000000000000000
        X[06]:                   0000000000000000
        X[07]:                   0000000000000000
        X[08]:                   0000000000000000
        X[09]:                   0000000000000000
        X[10]:                   0000000000000000
        X[11]:                   0000000000000000
        X[12]:                   0000000000000000
        X[13]:                   0000000000000000
        X[14]:                   0000000000000000
        X[15]:                   0000000000000000
        X[16]:                   0000000000000000
        X[17]:                   0000000000000000
        X[18]:                   0000000000000000
        X[19]:                   0000000000000000
        X[20]:                   0000000000000000
        X[21]:                   0000000000000000
        X[22]:                   0000000000000000
        X[23]:                   0000000000000000
        X[24]:                   0000000000000000
        X[25]:                   0000000000000000
        X[26]:                   0000000000000000
        X[27]:                   0000000000000000
        X[28]:                   0000000000000000
        FP:                      0000000230be0f50
        LR:                      00000070020b7444 (nnSdk + 0x339444) (_ZN2nn2os6detail30InterProcessEventImplByHorizon4WaitEjb + 0x34)
        SP:                      0000000230be0f20
        PC:                      0000007002107900 (nnSdk + 0x389900)
    Stack Trace:
        ReturnAddress[00]:       0000006ffda14a64 (cross2_Release.nss + 0x3810a64)
        ReturnAddress[01]:       00000070020b24b8 (nnSdk + 0x3344b8)
        ReturnAddress[02]:       00000070020b6984 (nnSdk + 0x338984)
        ReturnAddress[03]:       0000000000000000
    Stack Dump:                               00 01 02 03 04 05 06 07 08 09 0a 0b 0c 0d 0e 0f
                                 000230be0f00 00 00 00 00 00 00 00 00 00 00 00 00 00 00 00 00
                                 000230be0f10 00 00 00 00 00 00 00 00 00 00 00 00 00 00 00 00
                                 000230be0f20 38 0f be 30 02 00 00 00 00 00 00 00 00 00 00 00
                                 000230be0f30 00 00 00 00 00 00 00 00 00 00 00 00 b4 01 30 00
                                 000230be0f40 00 2c 9a 40 22 00 00 00 08 2d 9a 40 22 00 00 00
                                 000230be0f50 80 0f be 30 02 00 00 00 64 4a a1 fd 6f 00 00 00
                                 000230be0f60 8c 2f 9a 40 22 00 00 00 00 00 00 00 00 00 00 00
                                 000230be0f70 88 2f 9a 40 22 00 00 00 e0 2d 9a 40 22 00 00 00
                                 000230be0f80 b0 0f be 30 02 00 00 00 b8 24 0b 02 70 00 00 00
                                 000230be0f90 00 00 00 00 00 00 00 00 00 00 00 00 00 00 00 00
                                 000230be0fa0 00 00 00 00 00 00 00 00 e0 2d 9a 40 22 00 00 00
                                 000230be0fb0 d0 0f be 30 02 00 00 00 84 69 0b 02 70 00 00 00
                                 000230be0fc0 00 00 00 00 00 00 00 00 00 00 00 00 00 00 00 00
                                 000230be0fd0 00 00 00 00 00 00 00 00 00 00 00 00 00 00 00 00
                                 000230be0fe0 50 24 0b 02 70 00 00 00 00 00 00 00 00 00 00 00
                                 000230be0ff0 00 00 00 00 00 00 00 00 00 00 00 00 00 00 00 00
    TLS Address:                 0000003d6f174800
    TLS Dump:                                 00 01 02 03 04 05 06 07 08 09 0a 0b 0c 0d 0e 0f
                                 003d6f174800 00 00 00 00 00 00 00 00 00 00 00 00 00 00 00 00
                                 003d6f174810 00 00 00 00 00 00 00 00 00 00 00 00 00 00 00 00
                                 003d6f174820 00 00 00 00 00 00 00 00 00 00 00 00 00 00 00 00
                                 003d6f174830 00 00 00 00 00 00 00 00 00 00 00 00 00 00 00 00
                                 003d6f174840 00 00 00 00 00 00 00 00 00 00 00 00 00 00 00 00
                                 003d6f174850 00 00 00 00 00 00 00 00 00 00 00 00 00 00 00 00
                                 003d6f174860 00 00 00 00 00 00 00 00 00 00 00 00 00 00 00 00
                                 003d6f174870 00 00 00 00 00 00 00 00 00 00 00 00 00 00 00 00
                                 003d6f174880 00 00 00 00 00 00 00 00 00 00 00 00 00 00 00 00
                                 003d6f174890 00 00 00 00 00 00 00 00 00 00 00 00 00 00 00 00
                                 003d6f1748a0 00 00 00 00 00 00 00 00 00 00 00 00 00 00 00 00
                                 003d6f1748b0 00 00 00 00 00 00 00 00 00 00 00 00 00 00 00 00
                                 003d6f1748c0 00 00 00 00 00 00 00 00 00 00 00 00 00 00 00 00
                                 003d6f1748d0 00 00 00 00 00 00 00 00 00 00 00 00 00 00 00 00
                                 003d6f1748e0 00 00 00 00 00 00 00 00 00 00 00 00 00 00 00 00
                                 003d6f1748f0 00 00 00 00 00 00 00 00 00 00 00 00 00 00 00 00
Threads[19]:
    Thread ID:                   00000000000002e1
    Thread Name:                 render dispatch
    Stack Region:                00000001e8858000-00000001e8898000
    Registers:
        X[00]:                   000000224393c058
        X[01]:                   000000224393c064
        X[02]:                   00000000003101b2
        X[03]:                   ffffffffffffffff
        X[04]:                   0000000000000000
        X[05]:                   0000000000000000
        X[06]:                   0000000000000001
        X[07]:                   0000000000000001
        X[08]:                   0000000000000000
        X[09]:                   0000000000000000
        X[10]:                   0000000000000000
        X[11]:                   0000000000000000
        X[12]:                   0000000000000000
        X[13]:                   0000000000000000
        X[14]:                   0000000000000000
        X[15]:                   0000000000000000
        X[16]:                   0000000000000000
        X[17]:                   0000000000000000
        X[18]:                   0000000000000000
        X[19]:                   0000000000000000
        X[20]:                   0000000000000000
        X[21]:                   0000000000000000
        X[22]:                   0000000000000000
        X[23]:                   0000000000000000
        X[24]:                   0000000000000000
        X[25]:                   0000000000000000
        X[26]:                   0000000000000000
        X[27]:                   0000000000000000
        X[28]:                   0000000000000000
        FP:                      00000001e8897e70
        LR:                      00000070020b7998 (nnSdk + 0x339998) (_ZN2nn2os6detail38InternalConditionVariableImplByHorizon4WaitEPNS1_23InternalCriticalSectionE + 0x48)
        SP:                      00000001e8897e50
        PC:                      000000700210792c (nnSdk + 0x38992c)
    Stack Trace:
        ReturnAddress[00]:       00000070020ac464 (nnSdk + 0x32e464) (_ZN2nn2os21WaitConditionVariableEPNS0_21ConditionVariableTypeEPNS0_9MutexTypeE + 0x44)
        ReturnAddress[01]:       000000700222f184 (nnSdk + 0x4b1184) (_ZNSt3__121__libcpp_condvar_waitEPNSt13__libcxx_shim19__libcxx_shim_ver_132__libcxx_shim_condition_variableEPNS1_19__libcxx_shi + 0xc)
        ReturnAddress[02]:       00000070021de618 (nnSdk + 0x460618) (_ZNSt3__118condition_variable4waitERNS_11unique_lockINS_5mutexEEE + 0x18)
        ReturnAddress[03]:       0000006ffda1a1f0 (cross2_Release.nss + 0x38161f0)
        ReturnAddress[04]:       0000006ffd7a7e68 (cross2_Release.nss + 0x35a3e68)
        ReturnAddress[05]:       00000070020b24b8 (nnSdk + 0x3344b8)
        ReturnAddress[06]:       00000070020b6984 (nnSdk + 0x338984)
        ReturnAddress[07]:       0000000000000000
    Stack Dump:                               00 01 02 03 04 05 06 07 08 09 0a 0b 0c 0d 0e 0f
                                 0001e8897e50 60 c0 93 43 22 00 00 00 03 00 00 00 01 00 00 00
                                 0001e8897e60 80 b7 c7 92 22 00 00 00 40 c0 93 43 22 00 00 00
                                 0001e8897e70 90 7e 89 e8 01 00 00 00 64 c4 0a 02 70 00 00 00
                                 0001e8897e80 00 c0 93 43 22 00 00 00 00 c0 93 43 22 00 00 00
                                 0001e8897e90 a0 7e 89 e8 01 00 00 00 84 f1 22 02 70 00 00 00
                                 0001e8897ea0 b0 7e 89 e8 01 00 00 00 18 e6 1d 02 70 00 00 00
                                 0001e8897eb0 60 7f 89 e8 01 00 00 00 f0 a1 a1 fd 6f 00 00 00
                                 0001e8897ec0 89 8f f3 e8 15 00 00 00 40 c0 93 43 22 00 00 00
                                 0001e8897ed0 01 3e 9f 4b 22 00 00 00 c8 2a 10 97 22 00 00 00
                                 0001e8897ee0 00 00 00 00 00 00 00 00 01 00 00 00 00 00 00 00
                                 0001e8897ef0 b0 47 43 ff 6f 00 00 00 98 b7 c7 92 22 00 00 00
                                 0001e8897f00 08 57 10 97 22 00 00 00 00 00 00 00 00 00 00 00
                                 0001e8897f10 00 00 00 00 00 00 00 00 00 00 00 00 00 00 00 00
                                 0001e8897f20 00 00 00 00 00 00 00 00 00 00 00 00 00 00 00 00
                                 0001e8897f30 00 00 00 00 00 00 00 00 00 00 00 00 00 00 00 00
                                 0001e8897f40 00 00 00 00 00 00 00 00 3c 48 2f 97 22 00 00 00
    TLS Address:                 0000003d6f174a00
    TLS Dump:                                 00 01 02 03 04 05 06 07 08 09 0a 0b 0c 0d 0e 0f
                                 003d6f174a00 00 00 01 00 09 08 e0 03 00 10 28 00 a8 7a 89 e8
                                 003d6f174a10 53 46 43 4f 00 00 00 00 00 00 00 00 99 5d e2 a4
                                 003d6f174a20 00 00 00 00 00 00 00 00 00 00 00 00 00 00 00 00
                                 003d6f174a30 00 00 00 00 01 00 00 00 01 00 00 00 00 00 00 00
                                 003d6f174a40 01 00 e5 01 06 41 28 c0 00 00 00 00 00 00 00 00
                                 003d6f174a50 28 00 00 00 a8 7a 89 e8 01 00 28 00 00 00 00 00
                                 003d6f174a60 00 00 00 00 00 00 00 00 00 00 00 00 00 00 00 00
                                 003d6f174a70 00 00 00 00 00 00 00 00 00 00 00 00 00 00 00 00
                                 003d6f174a80 00 00 00 00 00 00 00 00 00 00 00 00 00 00 00 00
                                 003d6f174a90 00 00 00 00 00 00 00 00 00 00 00 00 00 00 00 00
                                 003d6f174aa0 00 00 00 00 00 00 00 00 00 00 00 00 00 00 00 00
                                 003d6f174ab0 00 00 00 00 00 00 00 00 00 00 00 00 00 00 00 00
                                 003d6f174ac0 00 00 00 00 00 00 00 00 00 00 00 00 00 00 00 00
                                 003d6f174ad0 00 00 00 00 00 00 00 00 00 00 00 00 00 00 00 00
                                 003d6f174ae0 00 00 00 00 00 00 00 00 00 00 00 00 00 00 00 00
                                 003d6f174af0 00 00 00 00 00 00 00 00 00 00 00 00 00 00 00 00
Threads[20]:
    Thread ID:                   00000000000002e2
    Thread Name:                 render dispatch
    Stack Region:                0000000204828000-0000000204868000
    Registers:
        X[00]:                   000000224393c058
        X[01]:                   000000224393c064
        X[02]:                   00000000003181b1
        X[03]:                   ffffffffffffffff
        X[04]:                   0000000000000000
        X[05]:                   0000000000000000
        X[06]:                   0000000000000400
        X[07]:                   0000000204867d10
        X[08]:                   0000000000000000
        X[09]:                   0000000000000000
        X[10]:                   0000000000000000
        X[11]:                   0000000000000000
        X[12]:                   0000000000000000
        X[13]:                   0000000000000000
        X[14]:                   0000000000000000
        X[15]:                   0000000000000000
        X[16]:                   0000000000000000
        X[17]:                   0000000000000000
        X[18]:                   0000000000000000
        X[19]:                   0000000000000000
        X[20]:                   0000000000000000
        X[21]:                   0000000000000000
        X[22]:                   0000000000000000
        X[23]:                   0000000000000000
        X[24]:                   0000000000000000
        X[25]:                   0000000000000000
        X[26]:                   0000000000000000
        X[27]:                   0000000000000000
        X[28]:                   0000000000000000
        FP:                      0000000204867e70
        LR:                      00000070020b7998 (nnSdk + 0x339998) (_ZN2nn2os6detail38InternalConditionVariableImplByHorizon4WaitEPNS1_23InternalCriticalSectionE + 0x48)
        SP:                      0000000204867e50
        PC:                      000000700210792c (nnSdk + 0x38992c)
    Stack Trace:
        ReturnAddress[00]:       00000070020ac464 (nnSdk + 0x32e464) (_ZN2nn2os21WaitConditionVariableEPNS0_21ConditionVariableTypeEPNS0_9MutexTypeE + 0x44)
        ReturnAddress[01]:       000000700222f184 (nnSdk + 0x4b1184) (_ZNSt3__121__libcpp_condvar_waitEPNSt13__libcxx_shim19__libcxx_shim_ver_132__libcxx_shim_condition_variableEPNS1_19__libcxx_shi + 0xc)
        ReturnAddress[02]:       00000070021de618 (nnSdk + 0x460618) (_ZNSt3__118condition_variable4waitERNS_11unique_lockINS_5mutexEEE + 0x18)
        ReturnAddress[03]:       0000006ffda1a1f0 (cross2_Release.nss + 0x38161f0)
        ReturnAddress[04]:       0000006ffd7a7e68 (cross2_Release.nss + 0x35a3e68)
        ReturnAddress[05]:       00000070020b24b8 (nnSdk + 0x3344b8)
        ReturnAddress[06]:       00000070020b6984 (nnSdk + 0x338984)
        ReturnAddress[07]:       0000000000000000
    Stack Dump:                               00 01 02 03 04 05 06 07 08 09 0a 0b 0c 0d 0e 0f
                                 000204867e50 60 c0 93 43 22 00 00 00 04 00 00 00 01 00 00 00
                                 000204867e60 80 ba c7 92 22 00 00 00 40 c0 93 43 22 00 00 00
                                 000204867e70 90 7e 86 04 02 00 00 00 64 c4 0a 02 70 00 00 00
                                 000204867e80 00 c0 93 43 22 00 00 00 00 c0 93 43 22 00 00 00
                                 000204867e90 a0 7e 86 04 02 00 00 00 84 f1 22 02 70 00 00 00
                                 000204867ea0 b0 7e 86 04 02 00 00 00 18 e6 1d 02 70 00 00 00
                                 000204867eb0 60 7f 86 04 02 00 00 00 f0 a1 a1 fd 6f 00 00 00
                                 000204867ec0 a9 8e f3 e8 15 00 00 00 40 c0 93 43 22 00 00 00
                                 000204867ed0 01 3c 9f 4b 22 00 00 00 f8 2a 10 97 22 00 00 00
                                 000204867ee0 00 00 00 00 00 00 00 00 01 00 00 00 00 00 00 00
                                 000204867ef0 b0 47 43 ff 6f 00 00 00 98 ba c7 92 22 00 00 00
                                 000204867f00 d8 56 10 97 22 00 00 00 00 00 00 00 00 00 00 00
                                 000204867f10 00 00 00 00 00 00 00 00 00 00 00 00 00 00 00 00
                                 000204867f20 00 00 00 00 00 00 00 00 00 00 00 00 00 00 00 00
                                 000204867f30 00 00 00 00 00 00 00 00 00 00 00 00 00 00 00 00
                                 000204867f40 00 00 00 00 00 00 00 00 bc 4a 2f 97 22 00 00 00
    TLS Address:                 0000003d6f174c00
    TLS Dump:                                 00 01 02 03 04 05 06 07 08 09 0a 0b 0c 0d 0e 0f
                                 003d6f174c00 00 00 01 00 09 08 e0 03 00 20 28 00 a8 7a 86 04
                                 003d6f174c10 53 46 43 4f 00 00 00 00 00 00 00 00 99 5d e2 a4
                                 003d6f174c20 00 00 00 00 00 00 00 00 00 00 00 00 00 00 00 00
                                 003d6f174c30 00 00 00 00 01 00 00 00 01 00 00 00 00 00 00 00
                                 003d6f174c40 01 00 e5 01 06 41 28 c0 00 00 00 00 00 00 00 00
                                 003d6f174c50 28 00 00 00 a8 7a 86 04 02 00 28 00 00 00 00 00
                                 003d6f174c60 00 00 00 00 00 00 00 00 00 00 00 00 00 00 00 00
                                 003d6f174c70 00 00 00 00 00 00 00 00 00 00 00 00 00 00 00 00
                                 003d6f174c80 00 00 00 00 00 00 00 00 00 00 00 00 00 00 00 00
                                 003d6f174c90 00 00 00 00 00 00 00 00 00 00 00 00 00 00 00 00
                                 003d6f174ca0 00 00 00 00 00 00 00 00 00 00 00 00 00 00 00 00
                                 003d6f174cb0 00 00 00 00 00 00 00 00 00 00 00 00 00 00 00 00
                                 003d6f174cc0 00 00 00 00 00 00 00 00 00 00 00 00 00 00 00 00
                                 003d6f174cd0 00 00 00 00 00 00 00 00 00 00 00 00 00 00 00 00
                                 003d6f174ce0 00 00 00 00 00 00 00 00 00 00 00 00 00 00 00 00
                                 003d6f174cf0 00 00 00 00 00 00 00 00 00 00 00 00 00 00 00 00
Threads[21]:
    Thread ID:                   00000000000002e3
    Thread Name:                 nu::GraphicsDevice::Update
    Stack Region:                00000001de1cb000-00000001de1db000
    Registers:
        X[00]:                   000000227f7c78f8
        X[01]:                   000000227f7c7904
        X[02]:                   00000000003201b0
        X[03]:                   ffffffffffffffff
        X[04]:                   0000000000000000
        X[05]:                   0000000000000000
        X[06]:                   0000000000000000
        X[07]:                   0000000000000000
        X[08]:                   0000000000000000
        X[09]:                   0000000000000000
        X[10]:                   0000000000000000
        X[11]:                   0000000000000000
        X[12]:                   0000000000000000
        X[13]:                   0000000000000000
        X[14]:                   0000000000000000
        X[15]:                   0000000000000000
        X[16]:                   0000000000000000
        X[17]:                   0000000000000000
        X[18]:                   0000000000000000
        X[19]:                   0000000000000000
        X[20]:                   0000000000000000
        X[21]:                   0000000000000000
        X[22]:                   0000000000000000
        X[23]:                   0000000000000000
        X[24]:                   0000000000000000
        X[25]:                   0000000000000000
        X[26]:                   0000000000000000
        X[27]:                   0000000000000000
        X[28]:                   0000000000000000
        FP:                      00000001de1daf00
        LR:                      00000070020b7998 (nnSdk + 0x339998) (_ZN2nn2os6detail38InternalConditionVariableImplByHorizon4WaitEPNS1_23InternalCriticalSectionE + 0x48)
        SP:                      00000001de1daee0
        PC:                      000000700210792c (nnSdk + 0x38992c)
    Stack Trace:
        ReturnAddress[00]:       00000070020ac464 (nnSdk + 0x32e464) (_ZN2nn2os21WaitConditionVariableEPNS0_21ConditionVariableTypeEPNS0_9MutexTypeE + 0x44)
        ReturnAddress[01]:       000000700222f184 (nnSdk + 0x4b1184) (_ZNSt3__121__libcpp_condvar_waitEPNSt13__libcxx_shim19__libcxx_shim_ver_132__libcxx_shim_condition_variableEPNS1_19__libcxx_shi + 0xc)
        ReturnAddress[02]:       00000070021de618 (nnSdk + 0x460618) (_ZNSt3__118condition_variable4waitERNS_11unique_lockINS_5mutexEEE + 0x18)
        ReturnAddress[03]:       0000006ffd7a2b98 (cross2_Release.nss + 0x359eb98)
        ReturnAddress[04]:       00000070020b24b8 (nnSdk + 0x3344b8)
        ReturnAddress[05]:       00000070020b6984 (nnSdk + 0x338984)
        ReturnAddress[06]:       0000000000000000
    Stack Dump:                               00 01 02 03 04 05 06 07 08 09 0a 0b 0c 0d 0e 0f
                                 0001de1daee0 00 79 7c 7f 22 00 00 00 00 00 00 00 00 00 00 00
                                 0001de1daef0 e0 78 7c 7f 22 00 00 00 e0 78 7c 7f 22 00 00 00
                                 0001de1daf00 20 af 1d de 01 00 00 00 64 c4 0a 02 70 00 00 00
                                 0001de1daf10 80 76 7c 7f 22 00 00 00 80 76 7c 7f 22 00 00 00
                                 0001de1daf20 30 af 1d de 01 00 00 00 84 f1 22 02 70 00 00 00
                                 0001de1daf30 40 af 1d de 01 00 00 00 18 e6 1d 02 70 00 00 00
                                 0001de1daf40 80 af 1d de 01 00 00 00 98 2b 7a fd 6f 00 00 00
                                 0001de1daf50 e0 78 7c 7f 22 00 00 00 01 00 00 00 00 00 00 00
                                 0001de1daf60 00 00 00 00 00 00 00 00 bc 78 7c 7f 22 00 00 00
                                 0001de1daf70 b8 78 7c 7f 22 00 00 00 10 77 7c 7f 22 00 00 00
                                 0001de1daf80 b0 af 1d de 01 00 00 00 b8 24 0b 02 70 00 00 00
                                 0001de1daf90 00 00 00 00 00 00 00 00 00 00 00 00 00 00 00 00
                                 0001de1dafa0 00 00 00 00 00 00 00 00 10 77 7c 7f 22 00 00 00
                                 0001de1dafb0 d0 af 1d de 01 00 00 00 84 69 0b 02 70 00 00 00
                                 0001de1dafc0 00 00 00 00 00 00 00 00 00 00 00 00 00 00 00 00
                                 0001de1dafd0 00 00 00 00 00 00 00 00 00 00 00 00 00 00 00 00
    TLS Address:                 0000003d6f174e00
    TLS Dump:                                 00 01 02 03 04 05 06 07 08 09 0a 0b 0c 0d 0e 0f
                                 003d6f174e00 00 00 01 00 09 08 e0 03 00 10 18 00 c8 ad 1d de
                                 003d6f174e10 53 46 43 4f 00 00 00 00 00 00 00 00 99 5d e2 a4
                                 003d6f174e20 00 00 00 00 00 00 00 00 00 00 00 00 00 00 00 00
                                 003d6f174e30 00 00 00 00 01 00 00 00 01 00 00 00 00 00 00 00
                                 003d6f174e40 02 00 e5 01 05 01 18 c0 00 00 00 00 00 00 00 00
                                 003d6f174e50 18 00 00 00 c8 ad 1d de 01 00 18 00 00 00 00 00
                                 003d6f174e60 00 00 00 00 00 00 00 00 00 00 00 00 00 00 00 00
                                 003d6f174e70 00 00 00 00 00 00 00 00 00 00 00 00 00 00 00 00
                                 003d6f174e80 00 00 00 00 00 00 00 00 00 00 00 00 00 00 00 00
                                 003d6f174e90 00 00 00 00 00 00 00 00 00 00 00 00 00 00 00 00
                                 003d6f174ea0 00 00 00 00 00 00 00 00 00 00 00 00 00 00 00 00
                                 003d6f174eb0 00 00 00 00 00 00 00 00 00 00 00 00 00 00 00 00
                                 003d6f174ec0 00 00 00 00 00 00 00 00 00 00 00 00 00 00 00 00
                                 003d6f174ed0 00 00 00 00 00 00 00 00 00 00 00 00 00 00 00 00
                                 003d6f174ee0 00 00 00 00 00 00 00 00 00 00 00 00 00 00 00 00
                                 003d6f174ef0 00 00 00 00 00 00 00 00 00 00 00 00 00 00 00 00
Threads[22]:
    Thread ID:                   00000000000002e4
    Thread Name:                 BCATCacheStorage
    Stack Region:                000000023c6de000-000000023c71e000
    Registers:
        X[00]:                   0000002296be423c
        X[01]:                   0000002296be4240
        X[02]:                   00000000003601a8
        X[03]:                   ffffffffffffffff
        X[04]:                   0000000000000000
        X[05]:                   0000000000000000
        X[06]:                   0000000000000000
        X[07]:                   0000000000000000
        X[08]:                   0000000000000000
        X[09]:                   0000000000000000
        X[10]:                   0000000000000000
        X[11]:                   0000000000000000
        X[12]:                   0000000000000000
        X[13]:                   0000000000000000
        X[14]:                   0000000000000000
        X[15]:                   0000000000000000
        X[16]:                   0000000000000000
        X[17]:                   0000000000000000
        X[18]:                   0000000000000000
        X[19]:                   0000000000000000
        X[20]:                   0000000000000000
        X[21]:                   0000000000000000
        X[22]:                   0000000000000000
        X[23]:                   0000000000000000
        X[24]:                   0000000000000000
        X[25]:                   0000000000000000
        X[26]:                   0000000000000000
        X[27]:                   0000000000000000
        X[28]:                   0000000000000000
        FP:                      000000023c71deb0
        LR:                      00000070020b7998 (nnSdk + 0x339998) (_ZN2nn2os6detail38InternalConditionVariableImplByHorizon4WaitEPNS1_23InternalCriticalSectionE + 0x48)
        SP:                      000000023c71de90
        PC:                      000000700210792c (nnSdk + 0x38992c)
    Stack Trace:
        ReturnAddress[00]:       00000070020ac898 (nnSdk + 0x32e898) (_ZN2nn2os9WaitEventEPNS0_9EventTypeE + 0x48)
        ReturnAddress[01]:       0000006ffd8fdb7c (cross2_Release.nss + 0x36f9b7c)
        ReturnAddress[02]:       00000070020b24b8 (nnSdk + 0x3344b8)
        ReturnAddress[03]:       00000070020b6984 (nnSdk + 0x338984)
        ReturnAddress[04]:       0000000000000000
    Stack Dump:                               00 01 02 03 04 05 06 07 08 09 0a 0b 0c 0d 0e 0f
                                 00023c71de90 40 42 be 96 22 00 00 00 38 39 90 43 22 00 00 00
                                 00023c71dea0 20 42 be 96 22 00 00 00 3c 42 be 96 22 00 00 00
                                 00023c71deb0 e0 de 71 3c 02 00 00 00 98 c8 0a 02 70 00 00 00
                                 00023c71dec0 00 c0 6c 9e 22 00 00 00 78 39 90 43 22 00 00 00
                                 00023c71ded0 38 39 90 43 22 00 00 00 00 39 90 43 22 00 00 00
                                 00023c71dee0 80 df 71 3c 02 00 00 00 7c db 8f fd 6f 00 00 00
                                 00023c71def0 00 00 00 00 00 00 00 00 00 00 00 00 00 00 00 00
                                 00023c71df00 30 c6 6c 9e 22 00 00 00 01 00 00 00 00 00 00 00
                                 00023c71df10 40 bf 6f a7 22 00 00 00 50 11 0a 00 00 00 00 00
                                 00023c71df20 00 00 00 00 00 00 00 00 66 00 00 00 00 00 00 00
                                 00023c71df30 00 00 00 00 00 00 00 00 00 00 00 00 00 00 00 00
                                 00023c71df40 00 00 00 00 00 00 00 00 00 00 00 00 00 00 00 00
                                 00023c71df50 00 00 00 00 00 00 00 00 00 00 00 00 00 00 00 00
                                 00023c71df60 00 00 00 00 00 00 00 00 3c 9d 2f 97 22 00 00 00
                                 00023c71df70 38 9d 2f 97 22 00 00 00 90 9b 2f 97 22 00 00 00
                                 00023c71df80 b0 df 71 3c 02 00 00 00 b8 24 0b 02 70 00 00 00
    TLS Address:                 000000495e9bce00
    TLS Dump:                                 00 01 02 03 04 05 06 07 08 09 0a 0b 0c 0d 0e 0f
                                 00495e9bce00 06 00 00 00 08 08 e0 03 00 00 00 00 00 00 00 00
                                 00495e9bce10 02 00 00 00 a0 00 00 00 00 00 00 00 00 00 00 00
                                 00495e9bce20 53 46 43 4f 00 00 00 00 00 00 00 00 40 cd 33 00
                                 00495e9bce30 50 11 0a 00 00 00 00 00 00 00 00 00 00 00 00 00
                                 00495e9bce40 00 00 00 00 00 00 00 00 00 00 00 00 00 00 00 00
                                 00495e9bce50 74 6f 75 72 6e 61 6d 65 6e 74 5f 34 31 38 30 2e
                                 00495e9bce60 62 69 6e 00 00 00 00 00 00 00 00 00 00 00 00 00
                                 00495e9bce70 00 00 00 00 00 00 00 00 00 00 00 00 00 00 00 00
                                 00495e9bce80 00 00 00 00 00 00 00 00 00 00 00 00 00 00 00 00
                                 00495e9bce90 00 00 00 00 00 00 00 00 00 00 00 00 00 00 00 00
                                 00495e9bcea0 00 00 00 00 00 00 00 00 00 00 00 00 00 00 00 00
                                 00495e9bceb0 00 00 00 00 00 00 00 00 00 00 00 00 00 00 00 00
                                 00495e9bcec0 00 00 00 00 00 00 00 00 00 00 00 00 00 00 00 00
                                 00495e9bced0 00 00 00 00 00 00 00 00 00 00 00 00 00 00 00 00
                                 00495e9bcee0 00 00 00 00 00 00 00 00 00 00 00 00 00 00 00 00
                                 00495e9bcef0 00 00 00 00 00 00 00 00 00 00 00 00 00 00 00 00
Threads[23]:
    Thread ID:                   00000000000002e5
    Stack Region:                000000023993c000-0000000239940000
    Registers:
        X[00]:                   0000006fff4ad2ac
        X[01]:                   0000006fff4ad2b0
        X[02]:                   00000000003681a7
        X[03]:                   ffffffffffffffff
        X[04]:                   0000000000000000
        X[05]:                   0000000000000000
        X[06]:                   0000000000000000
        X[07]:                   0000000000000000
        X[08]:                   0000000000000000
        X[09]:                   0000000000000000
        X[10]:                   0000000000000000
        X[11]:                   0000000000000000
        X[12]:                   0000000000000000
        X[13]:                   0000000000000000
        X[14]:                   0000000000000000
        X[15]:                   0000000000000000
        X[16]:                   0000000000000000
        X[17]:                   0000000000000000
        X[18]:                   0000000000000000
        X[19]:                   0000000000000000
        X[20]:                   0000000000000000
        X[21]:                   0000000000000000
        X[22]:                   0000000000000000
        X[23]:                   0000000000000000
        X[24]:                   0000000000000000
        X[25]:                   0000000000000000
        X[26]:                   0000000000000000
        X[27]:                   0000000000000000
        X[28]:                   0000000000000000
        FP:                      000000023993fef0
        LR:                      00000070020b7998 (nnSdk + 0x339998) (_ZN2nn2os6detail38InternalConditionVariableImplByHorizon4WaitEPNS1_23InternalCriticalSectionE + 0x48)
        SP:                      000000023993fed0
        PC:                      000000700210792c (nnSdk + 0x38992c)
    Stack Trace:
        ReturnAddress[00]:       00000070020ac898 (nnSdk + 0x32e898) (_ZN2nn2os9WaitEventEPNS0_9EventTypeE + 0x48)
        ReturnAddress[01]:       0000006ffa22bde4 (cross2_Release.nss + 0x27de4)
        ReturnAddress[02]:       0000006ffa22bc08 (cross2_Release.nss + 0x27c08)
        ReturnAddress[03]:       00000070020b24b8 (nnSdk + 0x3344b8)
        ReturnAddress[04]:       00000070020b6984 (nnSdk + 0x338984)
        ReturnAddress[05]:       0000000000000000
    Stack Dump:                               00 01 02 03 04 05 06 07 08 09 0a 0b 0c 0d 0e 0f
                                 00023993fed0 b0 d2 4a ff 6f 00 00 00 e4 f0 22 02 70 00 00 00
                                 00023993fee0 90 d2 4a ff 6f 00 00 00 ac d2 4a ff 6f 00 00 00
                                 00023993fef0 20 ff 93 39 02 00 00 00 98 c8 0a 02 70 00 00 00
                                 00023993ff00 b8 d2 4a ff 6f 00 00 00 00 e6 80 97 22 00 00 00
                                 00023993ff10 00 00 00 00 00 00 00 00 80 d2 4a ff 6f 00 00 00
                                 00023993ff20 60 ff 93 39 02 00 00 00 e4 bd 22 fa 6f 00 00 00
                                 00023993ff30 00 00 00 00 00 00 00 00 00 00 00 00 00 00 00 00
                                 00023993ff40 00 00 00 00 00 00 00 00 ac e1 80 97 22 00 00 00
                                 00023993ff50 a8 e1 80 97 22 00 00 00 00 e0 80 97 22 00 00 00
                                 00023993ff60 80 ff 93 39 02 00 00 00 08 bc 22 fa 6f 00 00 00
                                 00023993ff70 00 e0 80 97 22 00 00 00 00 e0 80 97 22 00 00 00
                                 00023993ff80 b0 ff 93 39 02 00 00 00 b8 24 0b 02 70 00 00 00
                                 00023993ff90 00 00 00 00 00 00 00 00 00 00 00 00 00 00 00 00
                                 00023993ffa0 00 00 00 00 00 00 00 00 00 e0 80 97 22 00 00 00
                                 00023993ffb0 d0 ff 93 39 02 00 00 00 84 69 0b 02 70 00 00 00
                                 00023993ffc0 00 00 00 00 00 00 00 00 00 00 00 00 00 00 00 00
    TLS Address:                 00000041980a5000
    TLS Dump:                                 00 01 02 03 04 05 06 07 08 09 0a 0b 0c 0d 0e 0f
                                 0041980a5000 00 00 00 00 00 00 00 00 00 00 00 00 00 00 00 00
                                 0041980a5010 00 00 00 00 00 00 00 00 00 00 00 00 00 00 00 00
                                 0041980a5020 00 00 00 00 00 00 00 00 00 00 00 00 00 00 00 00
                                 0041980a5030 00 00 00 00 00 00 00 00 00 00 00 00 00 00 00 00
                                 0041980a5040 00 00 00 00 00 00 00 00 00 00 00 00 00 00 00 00
                                 0041980a5050 00 00 00 00 00 00 00 00 00 00 00 00 00 00 00 00
                                 0041980a5060 00 00 00 00 00 00 00 00 00 00 00 00 00 00 00 00
                                 0041980a5070 00 00 00 00 00 00 00 00 00 00 00 00 00 00 00 00
                                 0041980a5080 00 00 00 00 00 00 00 00 00 00 00 00 00 00 00 00
                                 0041980a5090 00 00 00 00 00 00 00 00 00 00 00 00 00 00 00 00
                                 0041980a50a0 00 00 00 00 00 00 00 00 00 00 00 00 00 00 00 00
                                 0041980a50b0 00 00 00 00 00 00 00 00 00 00 00 00 00 00 00 00
                                 0041980a50c0 00 00 00 00 00 00 00 00 00 00 00 00 00 00 00 00
                                 0041980a50d0 00 00 00 00 00 00 00 00 00 00 00 00 00 00 00 00
                                 0041980a50e0 00 00 00 00 00 00 00 00 00 00 00 00 00 00 00 00
                                 0041980a50f0 00 00 00 00 00 00 00 00 00 00 00 00 00 00 00 00
Threads[24]:
    Thread ID:                   00000000000002e6
    Thread Name:                 AsyncTonePreparer
    Stack Region:                000000024405e000-000000024409e000
    Registers:
        X[00]:                   000000229c87a64c
        X[01]:                   000000229c87a650
        X[02]:                   00000000003801a4
        X[03]:                   ffffffffffffffff
        X[04]:                   0000000000000002
        X[05]:                   0000000000000000
        X[06]:                   0000000000000001
        X[07]:                   0000000000000000
        X[08]:                   0000000000000000
        X[09]:                   0000000000000000
        X[10]:                   0000000000000000
        X[11]:                   0000000000000000
        X[12]:                   0000000000000000
        X[13]:                   0000000000000000
        X[14]:                   0000000000000000
        X[15]:                   0000000000000000
        X[16]:                   0000000000000000
        X[17]:                   0000000000000000
        X[18]:                   0000000000000000
        X[19]:                   0000000000000000
        X[20]:                   0000000000000000
        X[21]:                   0000000000000000
        X[22]:                   0000000000000000
        X[23]:                   0000000000000000
        X[24]:                   0000000000000000
        X[25]:                   0000000000000000
        X[26]:                   0000000000000000
        X[27]:                   0000000000000000
        X[28]:                   0000000000000000
        FP:                      000000024409de50
        LR:                      00000070020b7998 (nnSdk + 0x339998) (_ZN2nn2os6detail38InternalConditionVariableImplByHorizon4WaitEPNS1_23InternalCriticalSectionE + 0x48)
        SP:                      000000024409de30
        PC:                      000000700210792c (nnSdk + 0x38992c)
    Stack Trace:
        ReturnAddress[00]:       00000070020ac898 (nnSdk + 0x32e898) (_ZN2nn2os9WaitEventEPNS0_9EventTypeE + 0x48)
        ReturnAddress[01]:       0000006ffc618810 (cross2_Release.nss + 0x2414810)
        ReturnAddress[02]:       0000006ffc618780 (cross2_Release.nss + 0x2414780)
        ReturnAddress[03]:       00000070020b24b8 (nnSdk + 0x3344b8)
        ReturnAddress[04]:       00000070020b6984 (nnSdk + 0x338984)
        ReturnAddress[05]:       0000000000000000
    Stack Dump:                               00 01 02 03 04 05 06 07 08 09 0a 0b 0c 0d 0e 0f
                                 00024409de30 50 a6 87 9c 22 00 00 00 68 c7 2f 97 22 00 00 00
                                 00024409de40 30 a6 87 9c 22 00 00 00 4c a6 87 9c 22 00 00 00
                                 00024409de50 80 de 09 44 02 00 00 00 98 c8 0a 02 70 00 00 00
                                 00024409de60 d8 16 a0 4b 22 00 00 00 08 df 09 44 02 00 00 00
                                 00024409de70 50 c7 2f 97 22 00 00 00 68 c7 2f 97 22 00 00 00
                                 00024409de80 b0 de 09 44 02 00 00 00 10 88 61 fc 6f 00 00 00
                                 00024409de90 d8 16 a0 4b 22 00 00 00 c0 16 a0 4b 22 00 00 00
                                 00024409dea0 18 df 09 44 02 00 00 00 50 c7 2f 97 22 00 00 00
                                 00024409deb0 80 df 09 44 02 00 00 00 80 87 61 fc 6f 00 00 00
                                 00024409dec0 00 00 00 00 00 00 00 00 00 00 00 00 00 00 00 00
                                 00024409ded0 50 6d 17 ff 6f 00 00 00 00 7c 2a b8 22 00 00 00
                                 00024409dee0 01 00 00 00 00 65 87 00 00 00 00 00 00 00 00 00
                                 00024409def0 00 00 00 00 00 00 00 00 00 00 00 00 00 00 00 00
                                 00024409df00 00 00 00 00 00 00 00 00 00 00 00 00 00 00 00 00
                                 00024409df10 97 c1 a8 d7 31 00 00 00 2e 60 c9 c6 32 00 00 00
                                 00024409df20 d8 16 a0 4b 22 00 00 00 c0 16 a0 4b 22 00 00 00
    TLS Address:                 00000041980a5200
    TLS Dump:                                 00 01 02 03 04 05 06 07 08 09 0a 0b 0c 0d 0e 0f
                                 0041980a5200 00 00 00 00 0c 00 00 00 00 00 00 00 00 00 00 00
                                 0041980a5210 00 00 00 00 00 00 00 00 00 00 00 00 00 00 00 00
                                 0041980a5220 53 46 43 4f 00 00 00 00 00 00 00 00 eb ca d2 c4
                                 0041980a5230 00 00 00 00 00 00 00 00 00 00 00 00 00 00 00 00
                                 0041980a5240 28 7c a2 56 00 00 00 00 00 02 00 00 00 00 00 00
                                 0041980a5250 00 00 00 00 00 00 00 00 00 00 00 00 00 00 00 00
                                 0041980a5260 00 00 00 00 00 00 00 00 00 00 00 00 00 00 00 00
                                 0041980a5270 00 00 00 00 00 00 00 00 00 00 00 00 00 00 00 00
                                 0041980a5280 00 00 00 00 00 00 00 00 00 00 00 00 00 00 00 00
                                 0041980a5290 00 00 00 00 00 00 00 00 00 00 00 00 00 00 00 00
                                 0041980a52a0 00 00 00 00 00 00 00 00 00 00 00 00 00 00 00 00
                                 0041980a52b0 00 00 00 00 00 00 00 00 00 00 00 00 00 00 00 00
                                 0041980a52c0 00 00 00 00 00 00 00 00 00 00 00 00 00 00 00 00
                                 0041980a52d0 00 00 00 00 00 00 00 00 00 00 00 00 00 00 00 00
                                 0041980a52e0 00 00 00 00 00 00 00 00 00 00 00 00 00 00 00 00
                                 0041980a52f0 00 00 00 00 00 00 00 00 00 00 00 00 00 00 00 00
Threads[25]:
    Thread ID:                   00000000000002e7
    Thread Name:                 nuscFileAsyncRequest
    Stack Region:                00000001e53a8000-00000001e53b0000
    Registers:
        X[00]:                   000000229749a068
        X[01]:                   000000229749a074
        X[02]:                   00000000003881a3
        X[03]:                   ffffffffffffffff
        X[04]:                   0000000000000000
        X[05]:                   0000000000000000
        X[06]:                   0000000000000000
        X[07]:                   0000000000000000
        X[08]:                   0000000000000000
        X[09]:                   0000000000000000
        X[10]:                   0000000000000000
        X[11]:                   0000000000000000
        X[12]:                   0000000000000000
        X[13]:                   0000000000000000
        X[14]:                   0000000000000000
        X[15]:                   0000000000000000
        X[16]:                   0000000000000000
        X[17]:                   0000000000000000
        X[18]:                   0000000000000000
        X[19]:                   0000000000000000
        X[20]:                   0000000000000000
        X[21]:                   0000000000000000
        X[22]:                   0000000000000000
        X[23]:                   0000000000000000
        X[24]:                   0000000000000000
        X[25]:                   0000000000000000
        X[26]:                   0000000000000000
        X[27]:                   0000000000000000
        X[28]:                   0000000000000000
        FP:                      00000001e53afea0
        LR:                      00000070020b7998 (nnSdk + 0x339998) (_ZN2nn2os6detail38InternalConditionVariableImplByHorizon4WaitEPNS1_23InternalCriticalSectionE + 0x48)
        SP:                      00000001e53afe80
        PC:                      000000700210792c (nnSdk + 0x38992c)
    Stack Trace:
        ReturnAddress[00]:       00000070020ac464 (nnSdk + 0x32e464) (_ZN2nn2os21WaitConditionVariableEPNS0_21ConditionVariableTypeEPNS0_9MutexTypeE + 0x44)
        ReturnAddress[01]:       000000700222f184 (nnSdk + 0x4b1184) (_ZNSt3__121__libcpp_condvar_waitEPNSt13__libcxx_shim19__libcxx_shim_ver_132__libcxx_shim_condition_variableEPNS1_19__libcxx_shi + 0xc)
        ReturnAddress[02]:       00000070021de618 (nnSdk + 0x460618) (_ZNSt3__118condition_variable4waitERNS_11unique_lockINS_5mutexEEE + 0x18)
        ReturnAddress[03]:       0000006ffdb8a874 (cross2_Release.nss + 0x3986874)
        ReturnAddress[04]:       0000006ffdba1634 (cross2_Release.nss + 0x399d634)
        ReturnAddress[05]:       00000070020b24b8 (nnSdk + 0x3344b8)
        ReturnAddress[06]:       00000070020b6984 (nnSdk + 0x338984)
        ReturnAddress[07]:       0000000000000000
    Stack Dump:                               00 01 02 03 04 05 06 07 08 09 0a 0b 0c 0d 0e 0f
                                 0001e53afe80 00 a0 49 97 22 00 00 00 14 38 f7 01 70 00 00 00
                                 0001e53afe90 70 a0 49 97 22 00 00 00 50 a0 49 97 22 00 00 00
                                 0001e53afea0 c0 fe 3a e5 01 00 00 00 64 c4 0a 02 70 00 00 00
                                 0001e53afeb0 50 a0 49 97 22 00 00 00 50 a0 49 97 22 00 00 00
                                 0001e53afec0 d0 fe 3a e5 01 00 00 00 84 f1 22 02 70 00 00 00
                                 0001e53afed0 e0 fe 3a e5 01 00 00 00 18 e6 1d 02 70 00 00 00
                                 0001e53afee0 60 ff 3a e5 01 00 00 00 74 a8 b8 fd 6f 00 00 00
                                 0001e53afef0 41 19 65 9e 22 00 00 00 60 32 4a 97 22 00 00 00
                                 0001e53aff00 50 a0 49 97 22 00 00 00 01 00 00 00 00 00 00 00
                                 0001e53aff10 00 00 00 00 00 00 00 00 00 00 00 00 00 00 00 00
                                 0001e53aff20 00 00 00 00 00 00 00 00 00 00 00 00 00 00 00 00
                                 0001e53aff30 00 00 00 00 00 00 00 00 00 00 00 00 00 00 00 00
                                 0001e53aff40 00 00 00 00 00 00 00 00 34 a2 49 97 22 00 00 00
                                 0001e53aff50 30 a2 49 97 22 00 00 00 88 a0 49 97 22 00 00 00
                                 0001e53aff60 80 ff 3a e5 01 00 00 00 34 16 ba fd 6f 00 00 00
                                 0001e53aff70 88 a0 49 97 22 00 00 00 88 a0 49 97 22 00 00 00
    TLS Address:                 00000041980a5400
    TLS Dump:                                 00 01 02 03 04 05 06 07 08 09 0a 0b 0c 0d 0e 0f
                                 0041980a5400 00 00 00 00 0c 00 00 00 00 00 00 00 00 00 00 00
                                 0041980a5410 00 00 00 00 00 00 00 00 00 00 00 00 00 00 00 00
                                 0041980a5420 53 46 43 4f 00 00 00 00 00 00 00 00 eb ca d2 c4
                                 0041980a5430 00 00 00 00 00 00 00 00 00 00 00 00 00 00 00 00
                                 0041980a5440 20 7a a6 56 00 00 00 00 48 ff 00 00 00 00 00 00
                                 0041980a5450 00 00 00 00 00 00 00 00 00 00 00 00 00 00 00 00
                                 0041980a5460 00 00 00 00 00 00 00 00 00 00 00 00 00 00 00 00
                                 0041980a5470 00 00 00 00 00 00 00 00 00 00 00 00 00 00 00 00
                                 0041980a5480 00 00 00 00 00 00 00 00 00 00 00 00 00 00 00 00
                                 0041980a5490 00 00 00 00 00 00 00 00 00 00 00 00 00 00 00 00
                                 0041980a54a0 00 00 00 00 00 00 00 00 00 00 00 00 00 00 00 00
                                 0041980a54b0 00 00 00 00 00 00 00 00 00 00 00 00 00 00 00 00
                                 0041980a54c0 00 00 00 00 00 00 00 00 00 00 00 00 00 00 00 00
                                 0041980a54d0 00 00 00 00 00 00 00 00 00 00 00 00 00 00 00 00
                                 0041980a54e0 00 00 00 00 00 00 00 00 00 00 00 00 00 00 00 00
                                 0041980a54f0 00 00 00 00 00 00 00 00 00 00 00 00 00 00 00 00
Threads[26]:
    Thread ID:                   00000000000002e8
    Thread Name:                 nus3::audio update
    Stack Region:                0000000218346000-0000000218366000
    Registers:
        X[00]:                   0000000218365638
        X[01]:                   000000021836563c
        X[02]:                   0000000000000001
        X[03]:                   0000000001e8462b
        X[04]:                   0000000000000000
        X[05]:                   0000000000000000
        X[06]:                   0000000000000000
        X[07]:                   0000000000000000
        X[08]:                   0000000000000000
        X[09]:                   0000000000000000
        X[10]:                   0000000000000000
        X[11]:                   0000000000000000
        X[12]:                   0000000000000000
        X[13]:                   0000000000000000
        X[14]:                   0000000000000000
        X[15]:                   0000000000000000
        X[16]:                   0000000000000000
        X[17]:                   0000000000000000
        X[18]:                   0000000000000000
        X[19]:                   0000000000000000
        X[20]:                   0000000000000000
        X[21]:                   0000000000000000
        X[22]:                   0000000000000000
        X[23]:                   0000000000000000
        X[24]:                   0000000000000000
        X[25]:                   0000000000000000
        X[26]:                   0000000000000000
        X[27]:                   0000000000000000
        X[28]:                   0000000000000000
        FP:                      0000000218365650
        LR:                      00000070020b75c8 (nnSdk + 0x3395c8) (_ZN2nn2os6detail30InterProcessEventImplByHorizon9TimedWaitEjbNS_8TimeSpanE + 0x78)
        SP:                      0000000218365610
        PC:                      0000007002107900 (nnSdk + 0x389900)
    Stack Trace:
        ReturnAddress[00]:       0000006ffdb8bae4 (cross2_Release.nss + 0x3987ae4)
        ReturnAddress[01]:       00000070020b24b8 (nnSdk + 0x3344b8)
        ReturnAddress[02]:       00000070020b6984 (nnSdk + 0x338984)
        ReturnAddress[03]:       0000000000000000
    Stack Dump:                               00 01 02 03 04 05 06 07 08 09 0a 0b 0c 0d 0e 0f
                                 000218365610 38 56 36 18 02 00 00 00 bc 7f e1 01 70 00 00 00
                                 000218365620 30 56 36 18 02 00 00 00 32 7f fd e8 15 00 00 00
                                 000218365630 00 02 00 00 00 00 00 00 00 00 00 00 a2 01 3a 00
                                 000218365640 d8 8a fd 00 70 00 00 00 62 6e 71 70 00 00 00 00
                                 000218365650 80 5f 36 18 02 00 00 00 e4 ba b8 fd 6f 00 00 00
                                 000218365660 00 00 00 00 00 00 00 00 00 00 00 00 00 00 00 00
                                 000218365670 00 00 00 00 00 00 00 3c 00 00 00 43 00 80 3b 47
                                 000218365680 db 0f c9 40 00 80 bb 46 50 58 36 18 02 00 00 00
                                 000218365690 30 58 36 18 02 00 00 00 d6 fa bb 24 75 04 00 00
                                 0002183656a0 5c fb b9 24 75 04 00 00 d8 8a fd 00 70 00 00 00
                                 0002183656b0 74 5e 36 18 02 00 00 00 00 5e 36 18 02 00 00 00
                                 0002183656c0 cd cc 4c 3f cd cc 4c 3f cd cc 4c 3f cd cc 4c 3f
                                 0002183656d0 00 00 00 00 00 00 00 00 c8 5e 36 18 02 00 00 00
                                 0002183656e0 a0 5e 36 18 02 00 00 00 00 00 5f 9c 22 00 00 00
                                 0002183656f0 00 00 00 00 00 fe ff 46 08 00 00 00 00 00 00 00
                                 000218365700 04 00 92 9c 22 00 00 00 10 00 92 9c 22 00 00 00
    TLS Address:                 00000041980a5600
    TLS Dump:                                 00 01 02 03 04 05 06 07 08 09 0a 0b 0c 0d 0e 0f
                                 0041980a5600 00 00 01 00 09 00 00 00 00 20 08 00 30 56 36 18
                                 0041980a5610 53 46 43 4f 00 00 00 00 00 00 00 00 a5 25 62 61
                                 0041980a5620 00 00 00 00 00 00 00 00 00 00 00 00 00 00 00 00
                                 0041980a5630 00 00 00 00 08 00 00 00 30 56 36 18 02 00 08 00
                                 0041980a5640 00 00 00 00 00 00 00 00 00 00 00 00 00 00 00 00
                                 0041980a5650 00 00 00 00 00 00 00 00 00 00 00 00 00 00 00 00
                                 0041980a5660 00 00 00 00 00 00 00 00 00 00 00 00 00 00 00 00
                                 0041980a5670 00 00 00 00 00 00 00 00 00 00 00 00 00 00 00 00
                                 0041980a5680 00 00 00 00 00 00 00 00 00 00 00 00 00 00 00 00
                                 0041980a5690 00 00 00 00 00 00 00 00 00 00 00 00 00 00 00 00
                                 0041980a56a0 00 00 00 00 00 00 00 00 00 00 00 00 00 00 00 00
                                 0041980a56b0 00 00 00 00 00 00 00 00 00 00 00 00 00 00 00 00
                                 0041980a56c0 00 00 00 00 00 00 00 00 00 00 00 00 00 00 00 00
                                 0041980a56d0 00 00 00 00 00 00 00 00 00 00 00 00 00 00 00 00
                                 0041980a56e0 00 00 00 00 00 00 00 00 00 00 00 00 00 00 00 00
                                 0041980a56f0 00 00 00 00 00 00 00 00 00 00 00 00 00 00 00 00
Threads[27]:
    Thread ID:                   00000000000002e9
    Thread Name:                 AudioDeviceChange
    Stack Region:                00000001fc62d000-00000001fc66d000
    Registers:
        X[00]:                   00000001fc66cd18
        X[01]:                   00000001fc66cd1c
        X[02]:                   0000000000000001
        X[03]:                   0000000000f42293
        X[04]:                   0000000000000000
        X[05]:                   0000000000000000
        X[06]:                   0000000000000000
        X[07]:                   0000000000000000
        X[08]:                   0000000000000000
        X[09]:                   0000000000000000
        X[10]:                   0000000000000000
        X[11]:                   0000000000000000
        X[12]:                   0000000000000000
        X[13]:                   0000000000000000
        X[14]:                   0000000000000000
        X[15]:                   0000000000000000
        X[16]:                   0000000000000000
        X[17]:                   0000000000000000
        X[18]:                   0000000000000000
        X[19]:                   0000000000000000
        X[20]:                   0000000000000000
        X[21]:                   0000000000000000
        X[22]:                   0000000000000000
        X[23]:                   0000000000000000
        X[24]:                   0000000000000000
        X[25]:                   0000000000000000
        X[26]:                   0000000000000000
        X[27]:                   0000000000000000
        X[28]:                   0000000000000000
        FP:                      00000001fc66cd30
        LR:                      00000070020b75c8 (nnSdk + 0x3395c8) (_ZN2nn2os6detail30InterProcessEventImplByHorizon9TimedWaitEjbNS_8TimeSpanE + 0x78)
        SP:                      00000001fc66ccf0
        PC:                      0000007002107900 (nnSdk + 0x389900)
    Stack Trace:
        ReturnAddress[00]:       0000006ffd9445e8 (cross2_Release.nss + 0x37405e8)
        ReturnAddress[01]:       00000070020b24b8 (nnSdk + 0x3344b8)
        ReturnAddress[02]:       00000070020b6984 (nnSdk + 0x338984)
        ReturnAddress[03]:       0000000000000000
    Stack Dump:                               00 01 02 03 04 05 06 07 08 09 0a 0b 0c 0d 0e 0f
                                 0001fc66ccf0 18 cd 66 fc 01 00 00 00 00 00 00 00 00 00 00 00
                                 0001fc66cd00 00 00 00 00 00 00 00 00 e3 5e f5 e8 15 00 00 00
                                 0001fc66cd10 08 bf c7 92 22 00 00 00 ff ff ff ff 9f 01 3c 00
                                 0001fc66cd20 48 c0 c7 92 22 00 00 00 00 bf c7 92 22 00 00 00
                                 0001fc66cd30 80 cf 66 fc 01 00 00 00 e8 45 94 fd 6f 00 00 00
                                 0001fc66cd40 00 00 00 00 00 00 00 00 00 00 00 00 00 00 00 00
                                 0001fc66cd50 00 00 00 00 00 00 00 00 00 00 00 00 00 00 00 00
                                 0001fc66cd60 00 00 00 00 00 00 00 00 00 00 00 00 00 00 00 00
                                 0001fc66cd70 00 00 00 00 00 00 00 00 00 00 00 00 00 00 00 00
                                 0001fc66cd80 00 00 00 00 00 00 00 00 00 00 00 00 00 00 00 00
                                 0001fc66cd90 00 00 00 00 00 00 00 00 00 00 00 00 00 00 00 00
                                 0001fc66cda0 00 00 00 00 00 00 00 00 00 00 00 00 00 00 00 00
                                 0001fc66cdb0 00 00 00 00 00 00 00 00 00 00 00 00 00 00 00 00
                                 0001fc66cdc0 00 00 00 00 00 00 00 00 00 00 00 00 00 00 00 00
                                 0001fc66cdd0 00 00 00 00 00 00 00 00 00 00 00 00 00 00 00 00
                                 0001fc66cde0 00 00 00 00 00 00 00 00 00 00 00 00 00 00 00 00
    TLS Address:                 00000041980a5800
    TLS Dump:                                 00 01 02 03 04 05 06 07 08 09 0a 0b 0c 0d 0e 0f
                                 0041980a5800 00 00 00 00 00 00 00 00 00 00 00 00 00 00 00 00
                                 0041980a5810 00 00 00 00 00 00 00 00 00 00 00 00 00 00 00 00
                                 0041980a5820 00 00 00 00 00 00 00 00 00 00 00 00 00 00 00 00
                                 0041980a5830 00 00 00 00 00 00 00 00 00 00 00 00 00 00 00 00
                                 0041980a5840 00 00 00 00 00 00 00 00 00 00 00 00 00 00 00 00
                                 0041980a5850 00 00 00 00 00 00 00 00 00 00 00 00 00 00 00 00
                                 0041980a5860 00 00 00 00 00 00 00 00 00 00 00 00 00 00 00 00
                                 0041980a5870 00 00 00 00 00 00 00 00 00 00 00 00 00 00 00 00
                                 0041980a5880 00 00 00 00 00 00 00 00 00 00 00 00 00 00 00 00
                                 0041980a5890 00 00 00 00 00 00 00 00 00 00 00 00 00 00 00 00
                                 0041980a58a0 00 00 00 00 00 00 00 00 00 00 00 00 00 00 00 00
                                 0041980a58b0 00 00 00 00 00 00 00 00 00 00 00 00 00 00 00 00
                                 0041980a58c0 00 00 00 00 00 00 00 00 00 00 00 00 00 00 00 00
                                 0041980a58d0 00 00 00 00 00 00 00 00 00 00 00 00 00 00 00 00
                                 0041980a58e0 00 00 00 00 00 00 00 00 00 00 00 00 00 00 00 00
                                 0041980a58f0 00 00 00 00 00 00 00 00 00 00 00 00 00 00 00 00
Threads[28]:
    Thread ID:                   00000000000002ea
    Thread Name:                 sindou::update
    Stack Region:                0000000237cb8000-0000000237cc8000
    Registers:
        X[00]:                   00000000004c4b40
        X[01]:                   00000015e8f324f5
        X[02]:                   0000000000000000
        X[03]:                   0000000000000000
        X[04]:                   0000000000000000
        X[05]:                   0000000000000000
        X[06]:                   0000000000000000
        X[07]:                   0000000000000000
        X[08]:                   0000000000000000
        X[09]:                   0000000000000000
        X[10]:                   0000000000000000
        X[11]:                   0000000000000000
        X[12]:                   0000000000000000
        X[13]:                   0000000000000000
        X[14]:                   0000000000000000
        X[15]:                   0000000000000000
        X[16]:                   0000000000000000
        X[17]:                   0000000000000000
        X[18]:                   0000000000000000
        X[19]:                   0000000000000000
        X[20]:                   0000000000000000
        X[21]:                   0000000000000000
        X[22]:                   0000000000000000
        X[23]:                   0000000000000000
        X[24]:                   0000000000000000
        X[25]:                   0000000000000000
        X[26]:                   0000000000000000
        X[27]:                   0000000000000000
        X[28]:                   0000000000000000
        FP:                      0000000237cc7f80
        LR:                      0000006ffdb8f698 (cross2_Release.nss + 0x398b698)
        SP:                      0000000237cc7f30
        PC:                      000000700210785c (nnSdk + 0x38985c)
    Stack Trace:
        ReturnAddress[00]:       00000070020b24b8 (nnSdk + 0x3344b8)
        ReturnAddress[01]:       00000070020b6984 (nnSdk + 0x338984)
        ReturnAddress[02]:       0000000000000000
    Stack Dump:                               00 01 02 03 04 05 06 07 08 09 0a 0b 0c 0d 0e 0f
                                 000237cc7f00 80 ed 49 ff 6f 00 00 00 00 a0 00 01 70 00 00 00
                                 000237cc7f10 ce e1 73 24 75 04 00 00 c4 f2 49 ff 6f 00 00 00
                                 000237cc7f20 80 7f cc 37 02 00 00 00 5c f3 b8 fd 6f 00 00 00
                                 000237cc7f30 00 00 00 00 00 00 00 00 00 00 00 00 00 00 00 00
                                 000237cc7f40 00 00 00 00 00 00 00 00 00 00 00 00 00 00 00 00
                                 000237cc7f50 00 00 00 00 00 00 00 00 00 00 00 00 00 00 00 00
                                 000237cc7f60 00 00 00 00 00 00 00 00 ac 92 ff 00 70 00 00 00
                                 000237cc7f70 a8 92 ff 00 70 00 00 00 00 91 ff 00 70 00 00 00
                                 000237cc7f80 b0 7f cc 37 02 00 00 00 b8 24 0b 02 70 00 00 00
                                 000237cc7f90 00 00 00 00 00 00 00 00 00 00 00 00 00 00 00 00
                                 000237cc7fa0 00 00 00 00 00 00 00 00 00 91 ff 00 70 00 00 00
                                 000237cc7fb0 d0 7f cc 37 02 00 00 00 84 69 0b 02 70 00 00 00
                                 000237cc7fc0 00 00 00 00 00 00 00 00 00 00 00 00 00 00 00 00
                                 000237cc7fd0 00 00 00 00 00 00 00 00 00 00 00 00 00 00 00 00
                                 000237cc7fe0 50 24 0b 02 70 00 00 00 00 00 00 00 00 00 00 00
                                 000237cc7ff0 00 00 00 00 00 00 00 00 00 00 00 00 00 00 00 00
    TLS Address:                 00000041980a5a00
    TLS Dump:                                 00 01 02 03 04 05 06 07 08 09 0a 0b 0c 0d 0e 0f
                                 0041980a5a00 00 00 00 00 00 00 00 00 00 00 00 00 00 00 00 00
                                 0041980a5a10 00 00 00 00 00 00 00 00 00 00 00 00 00 00 00 00
                                 0041980a5a20 00 00 00 00 00 00 00 00 00 00 00 00 00 00 00 00
                                 0041980a5a30 00 00 00 00 00 00 00 00 00 00 00 00 00 00 00 00
                                 0041980a5a40 00 00 00 00 00 00 00 00 00 00 00 00 00 00 00 00
                                 0041980a5a50 00 00 00 00 00 00 00 00 00 00 00 00 00 00 00 00
                                 0041980a5a60 00 00 00 00 00 00 00 00 00 00 00 00 00 00 00 00
                                 0041980a5a70 00 00 00 00 00 00 00 00 00 00 00 00 00 00 00 00
                                 0041980a5a80 00 00 00 00 00 00 00 00 00 00 00 00 00 00 00 00
                                 0041980a5a90 00 00 00 00 00 00 00 00 00 00 00 00 00 00 00 00
                                 0041980a5aa0 00 00 00 00 00 00 00 00 00 00 00 00 00 00 00 00
                                 0041980a5ab0 00 00 00 00 00 00 00 00 00 00 00 00 00 00 00 00
                                 0041980a5ac0 00 00 00 00 00 00 00 00 00 00 00 00 00 00 00 00
                                 0041980a5ad0 00 00 00 00 00 00 00 00 00 00 00 00 00 00 00 00
                                 0041980a5ae0 00 00 00 00 00 00 00 00 00 00 00 00 00 00 00 00
                                 0041980a5af0 00 00 00 00 00 00 00 00 00 00 00 00 00 00 00 00
Threads[29]:
    Thread ID:                   00000000000002eb
    Thread Name:                 L2CDynamicModuleManager::thread
    Stack Region:                000000023ecec000-000000023ed2c000
    Registers:
        X[00]:                   000000229c87bdbc
        X[01]:                   000000229c87bdc0
        X[02]:                   000000000044019c
        X[03]:                   ffffffffffffffff
        X[04]:                   0000000000000000
        X[05]:                   0000000000000000
        X[06]:                   000000023ed2ba3c
        X[07]:                   0000000000000000
        X[08]:                   0000000000000000
        X[09]:                   0000000000000000
        X[10]:                   0000000000000000
        X[11]:                   0000000000000000
        X[12]:                   0000000000000000
        X[13]:                   0000000000000000
        X[14]:                   0000000000000000
        X[15]:                   0000000000000000
        X[16]:                   0000000000000000
        X[17]:                   0000000000000000
        X[18]:                   0000000000000000
        X[19]:                   0000000000000000
        X[20]:                   0000000000000000
        X[21]:                   0000000000000000
        X[22]:                   0000000000000000
        X[23]:                   0000000000000000
        X[24]:                   0000000000000000
        X[25]:                   0000000000000000
        X[26]:                   0000000000000000
        X[27]:                   0000000000000000
        X[28]:                   0000000000000000
        FP:                      000000023ed2bdb0
        LR:                      00000070020b7998 (nnSdk + 0x339998) (_ZN2nn2os6detail38InternalConditionVariableImplByHorizon4WaitEPNS1_23InternalCriticalSectionE + 0x48)
        SP:                      000000023ed2bd90
        PC:                      000000700210792c (nnSdk + 0x38992c)
    Stack Trace:
        ReturnAddress[00]:       00000070020ac898 (nnSdk + 0x32e898) (_ZN2nn2os9WaitEventEPNS0_9EventTypeE + 0x48)
        ReturnAddress[01]:       0000006ffc4ba680 (cross2_Release.nss + 0x22b6680)
        ReturnAddress[02]:       00000070020b24b8 (nnSdk + 0x3344b8)
        ReturnAddress[03]:       00000070020b6984 (nnSdk + 0x338984)
        ReturnAddress[04]:       0000000000000000
    Stack Dump:                               00 01 02 03 04 05 06 07 08 09 0a 0b 0c 0d 0e 0f
                                 00023ed2bd90 c0 bd 87 9c 22 00 00 00 a0 a6 02 95 22 00 00 00
                                 00023ed2bda0 a0 bd 87 9c 22 00 00 00 bc bd 87 9c 22 00 00 00
                                 00023ed2bdb0 e0 bd d2 3e 02 00 00 00 98 c8 0a 02 70 00 00 00
                                 00023ed2bdc0 00 50 53 ff 6f 00 00 00 18 00 00 00 00 00 00 00
                                 00023ed2bdd0 a0 a6 02 95 22 00 00 00 05 00 00 00 00 00 00 00
                                 00023ed2bde0 80 bf d2 3e 02 00 00 00 80 a6 4b fc 6f 00 00 00
                                 00023ed2bdf0 11 be d2 3e 02 00 00 00 50 a6 02 95 22 00 00 00
                                 00023ed2be00 48 a6 02 95 22 00 00 00 00 00 00 00 00 00 00 00
                                 00023ed2be10 70 72 65 62 75 69 6c 74 3a 2f 6e 72 6f 2f 52 65
                                 00023ed2be20 6c 65 61 73 65 2f 6c 75 61 32 63 70 70 5f 7a 65
                                 00023ed2be30 6c 64 61 2e 6e 72 6f 00 00 6e 2e 6e 72 6f 00 00
                                 00023ed2be40 00 00 00 00 00 00 00 00 00 00 00 00 00 00 00 00
                                 00023ed2be50 00 00 00 00 00 00 00 00 00 00 00 00 00 00 00 00
                                 00023ed2be60 00 00 00 00 00 00 00 00 00 00 00 00 00 00 00 00
                                 00023ed2be70 00 00 00 00 00 00 00 00 00 00 00 00 00 00 00 00
                                 00023ed2be80 00 00 00 00 00 00 00 00 00 00 00 00 00 00 00 00
    TLS Address:                 00000041980a5c00
    TLS Dump:                                 00 01 02 03 04 05 06 07 08 09 0a 0b 0c 0d 0e 0f
                                 0041980a5c00 00 00 00 00 08 00 00 00 01 00 00 00 8a 00 00 00
                                 0041980a5c10 53 46 43 4f 00 00 00 00 00 00 00 00 a9 55 2c a5
                                 0041980a5c20 53 46 43 49 01 00 00 00 01 00 00 00 00 00 00 00
                                 0041980a5c30 00 00 00 00 00 00 00 00 00 70 b0 88 64 00 00 00
                                 0041980a5c40 00 50 16 00 00 00 00 00 00 00 00 00 00 00 00 00
                                 0041980a5c50 00 00 00 00 00 00 00 00 00 00 00 00 00 00 00 00
                                 0041980a5c60 00 00 00 00 00 00 00 00 00 00 00 00 00 00 00 00
                                 0041980a5c70 00 00 00 00 00 00 00 00 00 00 00 00 00 00 00 00
                                 0041980a5c80 00 00 00 00 00 00 00 00 00 00 00 00 00 00 00 00
                                 0041980a5c90 00 00 00 00 00 00 00 00 00 00 00 00 00 00 00 00
                                 0041980a5ca0 00 00 00 00 00 00 00 00 00 00 00 00 00 00 00 00
                                 0041980a5cb0 00 00 00 00 00 00 00 00 00 00 00 00 00 00 00 00
                                 0041980a5cc0 00 00 00 00 00 00 00 00 00 00 00 00 00 00 00 00
                                 0041980a5cd0 00 00 00 00 00 00 00 00 00 00 00 00 00 00 00 00
                                 0041980a5ce0 00 00 00 00 00 00 00 00 00 00 00 00 00 00 00 00
                                 0041980a5cf0 00 00 00 00 00 00 00 00 00 00 00 00 00 00 00 00
Threads[30]:
    Thread ID:                   00000000000002ec
    Thread Name:                 SaveStorage
    Stack Region:                00000001ebc52000-00000001ebc92000
    Registers:
        X[00]:                   000000229c87edec
        X[01]:                   000000229c87edf0
        X[02]:                   0000000000450199
        X[03]:                   ffffffffffffffff
        X[04]:                   0000000000000000
        X[05]:                   0000000000000000
        X[06]:                   0000000000000000
        X[07]:                   0000000000000000
        X[08]:                   0000000000000000
        X[09]:                   0000000000000000
        X[10]:                   0000000000000000
        X[11]:                   0000000000000000
        X[12]:                   0000000000000000
        X[13]:                   0000000000000000
        X[14]:                   0000000000000000
        X[15]:                   0000000000000000
        X[16]:                   0000000000000000
        X[17]:                   0000000000000000
        X[18]:                   0000000000000000
        X[19]:                   0000000000000000
        X[20]:                   0000000000000000
        X[21]:                   0000000000000000
        X[22]:                   0000000000000000
        X[23]:                   0000000000000000
        X[24]:                   0000000000000000
        X[25]:                   0000000000000000
        X[26]:                   0000000000000000
        X[27]:                   0000000000000000
        X[28]:                   0000000000000000
        FP:                      00000001ebc91ef0
        LR:                      00000070020b7998 (nnSdk + 0x339998) (_ZN2nn2os6detail38InternalConditionVariableImplByHorizon4WaitEPNS1_23InternalCriticalSectionE + 0x48)
        SP:                      00000001ebc91ed0
        PC:                      000000700210792c (nnSdk + 0x38992c)
    Stack Trace:
        ReturnAddress[00]:       00000070020ac898 (nnSdk + 0x32e898) (_ZN2nn2os9WaitEventEPNS0_9EventTypeE + 0x48)
        ReturnAddress[01]:       0000006ffd925b50 (cross2_Release.nss + 0x3721b50)
        ReturnAddress[02]:       00000070020b24b8 (nnSdk + 0x3344b8)
        ReturnAddress[03]:       00000070020b6984 (nnSdk + 0x338984)
        ReturnAddress[04]:       0000000000000000
    Stack Dump:                               00 01 02 03 04 05 06 07 08 09 0a 0b 0c 0d 0e 0f
                                 0001ebc91ed0 f0 ed 87 9c 22 00 00 00 f0 7b 6d 40 22 00 00 00
                                 0001ebc91ee0 d0 ed 87 9c 22 00 00 00 ec ed 87 9c 22 00 00 00
                                 0001ebc91ef0 20 1f c9 eb 01 00 00 00 98 c8 0a 02 70 00 00 00
                                 0001ebc91f00 c5 9d 1c 81 00 00 00 00 c0 7b 6d 40 22 00 00 00
                                 0001ebc91f10 b0 e0 b3 ff 6f 00 00 00 f0 7b 6d 40 22 00 00 00
                                 0001ebc91f20 80 1f c9 eb 01 00 00 00 50 5b 92 fd 6f 00 00 00
                                 0001ebc91f30 00 00 00 00 00 00 00 00 00 00 00 00 00 00 00 00
                                 0001ebc91f40 00 00 00 00 00 00 00 00 00 00 00 00 00 00 00 00
                                 0001ebc91f50 00 00 00 00 00 00 00 00 00 00 00 00 00 00 00 00
                                 0001ebc91f60 00 00 00 00 00 00 00 00 3c c8 31 97 22 00 00 00
                                 0001ebc91f70 38 c8 31 97 22 00 00 00 90 c6 31 97 22 00 00 00
                                 0001ebc91f80 b0 1f c9 eb 01 00 00 00 b8 24 0b 02 70 00 00 00
                                 0001ebc91f90 00 00 00 00 00 00 00 00 00 00 00 00 00 00 00 00
                                 0001ebc91fa0 00 00 00 00 00 00 00 00 90 c6 31 97 22 00 00 00
                                 0001ebc91fb0 d0 1f c9 eb 01 00 00 00 84 69 0b 02 70 00 00 00
                                 0001ebc91fc0 00 00 00 00 00 00 00 00 00 00 00 00 00 00 00 00
    TLS Address:                 00000041980a5e00
    TLS Dump:                                 00 01 02 03 04 05 06 07 08 09 0a 0b 0c 0d 0e 0f
                                 0041980a5e00 06 00 00 00 08 00 00 00 00 00 00 00 00 00 00 00
                                 0041980a5e10 02 00 00 00 9f 00 00 00 00 00 00 00 00 00 00 00
                                 0041980a5e20 53 46 43 4f 00 00 00 00 00 00 00 00 a1 6d 71 f3
                                 0041980a5e30 f8 4a 5b 00 00 00 00 00 00 00 00 00 00 00 00 00
                                 0041980a5e40 00 00 00 00 00 00 00 00 00 00 00 00 00 00 00 00
                                 0041980a5e50 40 43 06 00 00 00 00 00 00 00 00 00 00 00 00 00
                                 0041980a5e60 00 00 00 00 00 00 00 00 00 00 00 00 00 00 00 00
                                 0041980a5e70 00 00 00 00 00 00 00 00 00 00 00 00 00 00 00 00
                                 0041980a5e80 00 00 00 00 00 00 00 00 00 00 00 00 00 00 00 00
                                 0041980a5e90 00 00 00 00 00 00 00 00 00 00 00 00 00 00 00 00
                                 0041980a5ea0 00 00 00 00 00 00 00 00 00 00 00 00 00 00 00 00
                                 0041980a5eb0 00 00 00 00 00 00 00 00 00 00 00 00 00 00 00 00
                                 0041980a5ec0 00 00 00 00 00 00 00 00 00 00 00 00 00 00 00 00
                                 0041980a5ed0 00 00 00 00 00 00 00 00 00 00 00 00 00 00 00 00
                                 0041980a5ee0 00 00 00 00 00 00 00 00 00 00 00 00 00 00 00 00
                                 0041980a5ef0 00 00 00 00 00 00 00 00 00 00 00 00 00 00 00 00
Threads[31]:
    Thread ID:                   0000000000000300
    Thread Name:                 NetSystem
    Stack Region:                0000000227601000-0000000227641000
    Registers:
        X[00]:                   00000000004c4b40
        X[01]:                   00000022aaa99630
        X[02]:                   00000022ab15ea08
        X[03]:                   00000000ffffffff
        X[04]:                   000000000000012c
        X[05]:                   0000000000000000
        X[06]:                   0000000000000000
        X[07]:                   0000000000000000
        X[08]:                   0000000000000000
        X[09]:                   0000000000000000
        X[10]:                   0000000000000000
        X[11]:                   0000000000000000
        X[12]:                   0000000000000000
        X[13]:                   0000000000000000
        X[14]:                   0000000000000000
        X[15]:                   0000000000000000
        X[16]:                   0000000000000000
        X[17]:                   0000000000000000
        X[18]:                   0000000000000000
        X[19]:                   0000000000000000
        X[20]:                   0000000000000000
        X[21]:                   0000000000000000
        X[22]:                   0000000000000000
        X[23]:                   0000000000000000
        X[24]:                   0000000000000000
        X[25]:                   0000000000000000
        X[26]:                   0000000000000000
        X[27]:                   0000000000000000
        X[28]:                   0000000000000000
        FP:                      0000000227640f80
        LR:                      0000006ffd911ab4 (cross2_Release.nss + 0x370dab4)
        SP:                      0000000227640d70
        PC:                      000000700210785c (nnSdk + 0x38985c)
    Stack Trace:
        ReturnAddress[00]:       00000070020b24b8 (nnSdk + 0x3344b8)
        ReturnAddress[01]:       00000070020b6984 (nnSdk + 0x338984)
        ReturnAddress[02]:       0000000000000000
    Stack Dump:                               00 01 02 03 04 05 06 07 08 09 0a 0b 0c 0d 0e 0f
                                 000227640d70 fc 0e 64 27 02 00 00 00 e4 0e 64 27 02 00 00 00
                                 000227640d80 08 4e 58 aa 22 00 00 00 10 6e 58 aa 22 00 00 00
                                 000227640d90 68 d0 9a aa 22 00 00 00 2c 01 00 00 00 00 00 00
                                 000227640da0 94 0e 64 27 02 00 00 00 20 8e 78 aa 22 00 00 00
                                 000227640db0 28 8e 98 aa 22 00 00 00 00 b8 76 70 22 00 00 00
                                 000227640dc0 20 8e 98 aa 22 00 00 00 28 8e 9a aa 22 00 00 00
                                 000227640dd0 8c 0e 64 27 02 00 00 00 40 b8 76 70 22 00 00 00
                                 000227640de0 e0 d6 76 70 22 00 00 00 d8 d4 76 70 22 00 00 00
                                 000227640df0 d0 d2 76 70 22 00 00 00 c8 d0 76 70 22 00 00 00
                                 000227640e00 c0 ce 76 70 22 00 00 00 b8 cc 76 70 22 00 00 00
                                 000227640e10 b0 ca 76 70 22 00 00 00 a8 c8 76 70 22 00 00 00
                                 000227640e20 a0 c6 76 70 22 00 00 00 98 c4 76 70 22 00 00 00
                                 000227640e30 90 c2 76 70 22 00 00 00 88 c0 76 70 22 00 00 00
                                 000227640e40 80 be 76 70 22 00 00 00 78 bc 76 70 22 00 00 00
                                 000227640e50 70 ba 76 70 22 00 00 00 68 b8 76 70 22 00 00 00
                                 000227640e60 30 ce 9a aa 22 00 00 00 a0 c8 76 70 22 00 00 00
    TLS Address:                 0000004a5b55cc00
    TLS Dump:                                 00 01 02 03 04 05 06 07 08 09 0a 0b 0c 0d 0e 0f
                                 004a5b55cc00 00 00 00 00 0d 00 00 00 00 00 00 00 00 00 00 00
                                 004a5b55cc10 00 00 00 00 00 00 00 00 00 00 00 00 00 00 00 00
                                 004a5b55cc20 53 46 43 4f 00 00 00 00 00 00 00 00 3c b3 18 0b
                                 004a5b55cc30 02 00 04 00 00 00 00 00 00 00 00 00 00 00 00 00
                                 004a5b55cc40 05 00 00 00 ff ff 00 00 20 00 00 00 00 00 00 00
                                 004a5b55cc50 00 00 00 00 00 00 00 00 00 00 00 00 00 00 00 00
                                 004a5b55cc60 00 00 00 00 00 00 00 00 00 00 00 00 00 00 00 00
                                 004a5b55cc70 00 00 00 00 00 00 00 00 00 00 00 00 00 00 00 00
                                 004a5b55cc80 00 00 00 00 00 00 00 00 00 00 00 00 00 00 00 00
                                 004a5b55cc90 00 00 00 00 00 00 00 00 00 00 00 00 00 00 00 00
                                 004a5b55cca0 00 00 00 00 00 00 00 00 00 00 00 00 00 00 00 00
                                 004a5b55ccb0 00 00 00 00 00 00 00 00 00 00 00 00 00 00 00 00
                                 004a5b55ccc0 00 00 00 00 00 00 00 00 00 00 00 00 00 00 00 00
                                 004a5b55ccd0 00 00 00 00 00 00 00 00 00 00 00 00 00 00 00 00
                                 004a5b55cce0 00 00 00 00 00 00 00 00 00 00 00 00 00 00 00 00
                                 004a5b55ccf0 00 00 00 00 00 00 00 00 00 00 00 00 00 00 00 00
Threads[32]:
    Thread ID:                   0000000000000301
    Thread Name:                 NEX TransportBufferThread(send)
    Stack Region:                0000000219e2a000-0000000219e3a000
    Registers:
        X[00]:                   00000022aa0c7310
        X[01]:                   00000022aa094094
        X[02]:                   0000000000d30188
        X[03]:                   ffffffffffffffff
        X[04]:                   0000000000000000
        X[05]:                   0000000000000000
        X[06]:                   0000000000000000
        X[07]:                   0000000000000000
        X[08]:                   0000000000000000
        X[09]:                   0000000000000000
        X[10]:                   0000000000000000
        X[11]:                   0000000000000000
        X[12]:                   0000000000000000
        X[13]:                   0000000000000000
        X[14]:                   0000000000000000
        X[15]:                   0000000000000000
        X[16]:                   0000000000000000
        X[17]:                   0000000000000000
        X[18]:                   0000000000000000
        X[19]:                   0000000000000000
        X[20]:                   0000000000000000
        X[21]:                   0000000000000000
        X[22]:                   0000000000000000
        X[23]:                   0000000000000000
        X[24]:                   0000000000000000
        X[25]:                   0000000000000000
        X[26]:                   0000000000000000
        X[27]:                   0000000000000000
        X[28]:                   0000000000000000
        FP:                      0000000219e39ec0
        LR:                      00000070020b7998 (nnSdk + 0x339998) (_ZN2nn2os6detail38InternalConditionVariableImplByHorizon4WaitEPNS1_23InternalCriticalSectionE + 0x48)
        SP:                      0000000219e39ea0
        PC:                      000000700210792c (nnSdk + 0x38992c)
    Stack Trace:
        ReturnAddress[00]:       00000070020ac464 (nnSdk + 0x32e464) (_ZN2nn2os21WaitConditionVariableEPNS0_21ConditionVariableTypeEPNS0_9MutexTypeE + 0x44)
        ReturnAddress[01]:       0000006ffa3b8478 (cross2_Release.nss + 0x1b4478)
        ReturnAddress[02]:       0000006ffa3fa7fc (cross2_Release.nss + 0x1f67fc)
        ReturnAddress[03]:       0000006ffa3b65e4 (cross2_Release.nss + 0x1b25e4)
        ReturnAddress[04]:       00000070020b24b8 (nnSdk + 0x3344b8)
        ReturnAddress[05]:       00000070020b6984 (nnSdk + 0x338984)
        ReturnAddress[06]:       0000000000000000
    Stack Dump:                               00 01 02 03 04 05 06 07 08 09 0a 0b 0c 0d 0e 0f
                                 000219e39ea0 d8 72 0c aa 22 00 00 00 00 00 00 00 00 00 00 00
                                 000219e39eb0 e8 72 0c aa 22 00 00 00 f8 72 0c aa 22 00 00 00
                                 000219e39ec0 e0 9e e3 19 02 00 00 00 64 c4 0a 02 70 00 00 00
                                 000219e39ed0 e0 72 0c aa 22 00 00 00 08 71 0c aa 22 00 00 00
                                 000219e39ee0 00 9f e3 19 02 00 00 00 78 84 3b fa 6f 00 00 00
                                 000219e39ef0 10 70 0c aa 22 00 00 00 10 70 0c aa 22 00 00 00
                                 000219e39f00 50 9f e3 19 02 00 00 00 fc a7 3f fa 6f 00 00 00
                                 000219e39f10 00 00 00 00 00 00 00 00 08 00 00 00 00 00 00 00
                                 000219e39f20 00 00 00 00 00 00 00 00 00 00 00 00 00 00 00 00
                                 000219e39f30 00 00 00 00 00 00 00 00 bc e1 0d aa 22 00 00 00
                                 000219e39f40 0c 11 4b ff 6f 00 00 00 30 f1 03 aa 22 00 00 00
                                 000219e39f50 80 9f e3 19 02 00 00 00 e4 65 3b fa 6f 00 00 00
                                 000219e39f60 00 00 00 00 00 00 00 00 30 f1 03 aa 22 00 00 00
                                 000219e39f70 b8 e1 0d aa 22 00 00 00 10 e0 0d aa 22 00 00 00
                                 000219e39f80 b0 9f e3 19 02 00 00 00 b8 24 0b 02 70 00 00 00
                                 000219e39f90 00 00 00 00 00 00 00 00 00 00 00 00 00 00 00 00
    TLS Address:                 0000004a5b55ce00
    TLS Dump:                                 00 01 02 03 04 05 06 07 08 09 0a 0b 0c 0d 0e 0f
                                 004a5b55ce00 00 00 00 00 0d 00 00 00 00 00 00 00 00 00 00 00
                                 004a5b55ce10 00 00 00 00 00 00 00 00 00 00 00 00 00 00 00 00
                                 004a5b55ce20 53 46 43 4f 00 00 00 00 00 00 00 00 aa d9 b8 a9
                                 004a5b55ce30 12 00 00 00 00 00 00 00 00 00 00 00 00 00 00 00
                                 004a5b55ce40 00 00 00 00 00 00 00 00 00 00 00 00 00 00 00 00
                                 004a5b55ce50 00 00 00 00 00 00 00 00 00 00 00 00 00 00 00 00
                                 004a5b55ce60 00 00 00 00 00 00 00 00 00 00 00 00 00 00 00 00
                                 004a5b55ce70 00 00 00 00 00 00 00 00 00 00 00 00 00 00 00 00
                                 004a5b55ce80 00 00 00 00 00 00 00 00 00 00 00 00 00 00 00 00
                                 004a5b55ce90 00 00 00 00 00 00 00 00 00 00 00 00 00 00 00 00
                                 004a5b55cea0 00 00 00 00 00 00 00 00 00 00 00 00 00 00 00 00
                                 004a5b55ceb0 00 00 00 00 00 00 00 00 00 00 00 00 00 00 00 00
                                 004a5b55cec0 00 00 00 00 00 00 00 00 00 00 00 00 00 00 00 00
                                 004a5b55ced0 00 00 00 00 00 00 00 00 00 00 00 00 00 00 00 00
                                 004a5b55cee0 00 00 00 00 00 00 00 00 00 00 00 00 00 00 00 00
                                 004a5b55cef0 00 00 00 00 00 00 00 00 00 00 00 00 00 00 00 00
Threads[33]:
    Thread ID:                   0000000000000303
    Thread Name:                 NEX TransportBufferThread(recv 
    Stack Region:                0000000222e8c000-0000000222e9c000
    Registers:
        X[00]:                   00000000001301e0
        X[01]:                   0000004ab0b4e000
        X[02]:                   00000000001301e0
        X[03]:                   0000000222e9b9c0
        X[04]:                   0000000000000fe0
        X[05]:                   0000000000000019
        X[06]:                   0000004ab0b4e000
        X[07]:                   0000000000000001
        X[08]:                   0000000000000000
        X[09]:                   0000000000000000
        X[10]:                   0000000000000000
        X[11]:                   0000000000000000
        X[12]:                   0000000000000000
        X[13]:                   0000000000000000
        X[14]:                   0000000000000000
        X[15]:                   0000000000000000
        X[16]:                   0000000000000000
        X[17]:                   0000000000000000
        X[18]:                   0000000000000000
        X[19]:                   0000000000000000
        X[20]:                   0000000000000000
        X[21]:                   0000000000000000
        X[22]:                   0000000000000000
        X[23]:                   0000000000000000
        X[24]:                   0000000000000000
        X[25]:                   0000000000000000
        X[26]:                   0000000000000000
        X[27]:                   0000000000000000
        X[28]:                   0000000000000000
        FP:                      0000000222e9b930
        LR:                      00000070020e5684 (nnSdk + 0x367684) (_ZN2nn2sf4hipc15SendSyncRequestENS_3svc6HandleEPvm + 0x34)
        SP:                      0000000222e9b930
        PC:                      0000007002107954 (nnSdk + 0x389954)
    Stack Trace:
        ReturnAddress[00]:       00000070020f9160 (nnSdk + 0x37b160) (_ZN2nn2sf4cmif6client34CmifDomainProxyClientCoreProcessorINS0_4hipc6client38Hipc2ClientSessionManagedProxyKindBaseINS5_18Hipc2P + 0x160)
        ReturnAddress[01]:       00000070020f8160 (nnSdk + 0x37a160)
        ReturnAddress[02]:       00000070020f2928 (nnSdk + 0x374928) (_ZN2nn6socket6detail4PollEP6pollfdmi + 0xa8)
        ReturnAddress[03]:       0000006ffa3c1874 (cross2_Release.nss + 0x1bd874)
        ReturnAddress[04]:       0000006ffa3c2a7c (cross2_Release.nss + 0x1bea7c)
        ReturnAddress[05]:       0000006ffa3fb564 (cross2_Release.nss + 0x1f7564)
        ReturnAddress[06]:       0000006ffa3fb76c (cross2_Release.nss + 0x1f776c)
        ReturnAddress[07]:       0000006ffa3b65e4 (cross2_Release.nss + 0x1b25e4)
        ReturnAddress[08]:       00000070020b24b8 (nnSdk + 0x3344b8)
        ReturnAddress[09]:       00000070020b6984 (nnSdk + 0x338984)
        ReturnAddress[10]:       0000000000000000
    Stack Dump:                               00 01 02 03 04 05 06 07 08 09 0a 0b 0c 0d 0e 0f
                                 000222e9b930 50 ba e9 22 02 00 00 00 60 91 0f 02 70 00 00 00
                                 000222e9b940 72 ad 08 00 00 00 00 00 a4 ba e9 22 02 00 00 00
                                 000222e9b950 a0 ba e9 22 02 00 00 00 01 00 00 00 00 00 11 01
                                 000222e9b960 0f 0c 00 00 00 00 00 00 00 00 00 00 00 00 00 00
                                 000222e9b970 00 00 00 00 02 00 00 00 04 00 00 00 07 00 00 00
                                 000222e9b980 00 00 00 00 0a 00 00 00 19 00 00 00 1b 00 00 00
                                 000222e9b990 00 00 00 00 00 00 00 00 00 00 00 00 00 00 00 00
                                 000222e9b9a0 00 00 00 00 02 00 00 00 00 00 00 00 00 00 00 00
                                 000222e9b9b0 00 00 00 00 04 00 00 00 12 00 00 00 14 00 00 00
                                 000222e9b9c0 21 00 00 00 22 00 00 00 d0 ba e9 22 02 00 00 00
                                 000222e9b9d0 08 00 00 00 00 00 00 00 d0 ba e9 22 02 00 00 00
                                 000222e9b9e0 08 00 00 00 00 00 00 00 58 b9 e9 22 02 00 00 00
                                 000222e9b9f0 00 e0 b4 b0 4a 00 00 00 00 00 00 00 00 00 00 00
                                 000222e9ba00 48 bd e9 22 02 00 00 00 00 00 00 00 00 00 00 00
                                 000222e9ba10 01 00 00 00 00 00 00 00 04 00 00 00 00 00 00 00
                                 000222e9ba20 60 bd e9 22 02 00 00 00 dc ba e9 22 02 00 00 00
    TLS Address:                 0000004ab0b4e000
    TLS Dump:                                 00 01 02 03 04 05 06 07 08 09 0a 0b 0c 0d 0e 0f
                                 004ab0b4e000 06 00 11 01 0f 0c 00 00 00 20 08 00 d0 ba e9 22
                                 004ab0b4e010 00 00 00 00 00 00 00 00 00 00 00 00 00 00 00 00
                                 004ab0b4e020 00 00 00 00 00 00 00 00 00 00 00 00 91 ab e3 ac
                                 004ab0b4e030 01 00 18 00 01 00 00 00 00 00 00 00 00 00 00 00
                                 004ab0b4e040 53 46 43 49 01 00 00 00 06 00 00 00 00 00 00 00
                                 004ab0b4e050 01 00 00 00 64 00 00 00 00 00 00 00 00 00 00 00
                                 004ab0b4e060 08 00 00 00 d0 ba e9 22 02 00 08 00 00 00 00 00
                                 004ab0b4e070 00 00 00 00 00 00 00 00 00 00 00 00 00 00 00 00
                                 004ab0b4e080 00 00 00 00 00 00 00 00 00 00 00 00 00 00 00 00
                                 004ab0b4e090 00 00 00 00 00 00 00 00 00 00 00 00 00 00 00 00
                                 004ab0b4e0a0 00 00 00 00 00 00 00 00 00 00 00 00 00 00 00 00
                                 004ab0b4e0b0 00 00 00 00 00 00 00 00 00 00 00 00 00 00 00 00
                                 004ab0b4e0c0 00 00 00 00 00 00 00 00 00 00 00 00 00 00 00 00
                                 004ab0b4e0d0 00 00 00 00 00 00 00 00 00 00 00 00 00 00 00 00
                                 004ab0b4e0e0 00 00 00 00 00 00 00 00 00 00 00 00 00 00 00 00
                                 004ab0b4e0f0 00 00 00 00 00 00 00 00 00 00 00 00 00 00 00 00
Threads[34]:
    Thread ID:                   000000000000030e
    Thread Name:                 Pia BackgroundScheduler
    Stack Region:                00000001f5249000-00000001f524e000
    Registers:
        X[00]:                   00000022aaa99814
        X[01]:                   00000022aaa99818
        X[02]:                   0000000000df818e
        X[03]:                   ffffffffffffffff
        X[04]:                   0000000000000000
        X[05]:                   0000000000000000
        X[06]:                   0000000000000000
        X[07]:                   0000000000000000
        X[08]:                   0000000000000000
        X[09]:                   0000000000000000
        X[10]:                   0000000000000000
        X[11]:                   0000000000000000
        X[12]:                   0000000000000000
        X[13]:                   0000000000000000
        X[14]:                   0000000000000000
        X[15]:                   0000000000000000
        X[16]:                   0000000000000000
        X[17]:                   0000000000000000
        X[18]:                   0000000000000000
        X[19]:                   0000000000000000
        X[20]:                   0000000000000000
        X[21]:                   0000000000000000
        X[22]:                   0000000000000000
        X[23]:                   0000000000000000
        X[24]:                   0000000000000000
        X[25]:                   0000000000000000
        X[26]:                   0000000000000000
        X[27]:                   0000000000000000
        X[28]:                   0000000000000000
        FP:                      00000001f524dec0
        LR:                      00000070020b7998 (nnSdk + 0x339998) (_ZN2nn2os6detail38InternalConditionVariableImplByHorizon4WaitEPNS1_23InternalCriticalSectionE + 0x48)
        SP:                      00000001f524dea0
        PC:                      000000700210792c (nnSdk + 0x38992c)
    Stack Trace:
        ReturnAddress[00]:       00000070020ac898 (nnSdk + 0x32e898) (_ZN2nn2os9WaitEventEPNS0_9EventTypeE + 0x48)
        ReturnAddress[01]:       0000006ffa2baddc (cross2_Release.nss + 0xb6ddc)
        ReturnAddress[02]:       0000006ffa33f620 (cross2_Release.nss + 0x13b620)
        ReturnAddress[03]:       0000006ffa34008c (cross2_Release.nss + 0x13c08c)
        ReturnAddress[04]:       00000070020b24b8 (nnSdk + 0x3344b8)
        ReturnAddress[05]:       00000070020b6984 (nnSdk + 0x338984)
        ReturnAddress[06]:       0000000000000000
    Stack Dump:                               00 01 02 03 04 05 06 07 08 09 0a 0b 0c 0d 0e 0f
                                 0001f524dea0 18 98 a9 aa 22 00 00 00 78 16 16 ab 22 00 00 00
                                 0001f524deb0 f8 97 a9 aa 22 00 00 00 14 98 a9 aa 22 00 00 00
                                 0001f524dec0 f0 de 24 f5 01 00 00 00 98 c8 0a 02 70 00 00 00
                                 0001f524ded0 28 98 a9 aa 22 00 00 00 b8 96 a9 aa 22 00 00 00
                                 0001f524dee0 d8 96 a9 aa 22 00 00 00 70 96 a9 aa 22 00 00 00
                                 0001f524def0 40 df 24 f5 01 00 00 00 dc ad 2b fa 6f 00 00 00
                                 0001f524df00 00 00 00 00 00 00 00 00 2a 4e 86 cb 15 00 00 00
                                 0001f524df10 00 00 00 00 00 00 00 00 00 00 00 00 00 00 00 00
                                 0001f524df20 00 00 00 00 00 00 00 00 cc f1 a9 aa 22 00 00 00
                                 0001f524df30 08 97 a9 aa 22 00 00 00 d8 96 a9 aa 22 00 00 00
                                 0001f524df40 60 df 24 f5 01 00 00 00 20 f6 33 fa 6f 00 00 00
                                 0001f524df50 1e 00 00 00 00 00 00 00 d8 96 a9 aa 22 00 00 00
                                 0001f524df60 80 df 24 f5 01 00 00 00 8c 00 34 fa 6f 00 00 00
                                 0001f524df70 c8 f1 a9 aa 22 00 00 00 20 f0 a9 aa 22 00 00 00
                                 0001f524df80 b0 df 24 f5 01 00 00 00 b8 24 0b 02 70 00 00 00
                                 0001f524df90 00 00 00 00 00 00 00 00 00 00 00 00 00 00 00 00
    TLS Address:                 0000004a5b55c200
    TLS Dump:                                 00 01 02 03 04 05 06 07 08 09 0a 0b 0c 0d 0e 0f
                                 004a5b55c200 00 00 00 00 0c 08 e0 03 00 00 00 00 00 00 00 00
                                 004a5b55c210 00 00 00 00 00 00 00 00 00 00 00 00 00 00 00 00
                                 004a5b55c220 53 46 43 4f 00 00 00 00 00 00 00 00 7a c5 9f e8
                                 004a5b55c230 00 00 00 00 00 00 00 00 00 00 00 00 00 00 00 00
                                 004a5b55c240 53 46 43 49 01 00 00 00 ce 29 00 00 00 00 00 00
                                 004a5b55c250 68 bb 95 11 28 6d 00 10 b0 d7 45 ce f1 a8 78 41
                                 004a5b55c260 00 00 00 00 00 00 00 00 00 00 00 00 00 00 00 00
                                 004a5b55c270 01 00 00 00 00 00 00 00 00 00 00 00 00 00 00 00
                                 004a5b55c280 00 00 00 00 00 00 00 00 00 00 00 00 00 00 00 00
                                 004a5b55c290 00 00 00 00 00 00 00 00 00 00 00 00 00 00 00 00
                                 004a5b55c2a0 00 00 00 00 00 00 00 00 00 00 00 00 00 00 00 00
                                 004a5b55c2b0 00 00 00 00 00 00 00 00 00 00 00 00 00 00 00 00
                                 004a5b55c2c0 00 00 00 00 00 00 00 00 00 00 00 00 00 00 00 00
                                 004a5b55c2d0 00 00 00 00 00 00 00 00 00 00 00 00 00 00 00 00
                                 004a5b55c2e0 00 00 00 00 00 00 00 00 00 00 00 00 00 00 00 00
                                 004a5b55c2f0 00 00 00 00 00 00 00 00 00 00 00 00 00 00 00 00
Threads[35]:
    Thread ID:                   000000000000030f
    Thread Name:                 Pia ReceiveThreadStream
    Stack Region:                00000001ee007000-00000001ee00b000
    Registers:
        X[00]:                   00000000001401de
        X[01]:                   0000004a5b55c400
        X[02]:                   00000000001401de
        X[03]:                   00000001ee00aae0
        X[04]:                   0000000000000a30
        X[05]:                   0000000000000017
        X[06]:                   0000004a5b55c400
        X[07]:                   0000000000000001
        X[08]:                   0000000000000000
        X[09]:                   0000000000000000
        X[10]:                   0000000000000000
        X[11]:                   0000000000000000
        X[12]:                   0000000000000000
        X[13]:                   0000000000000000
        X[14]:                   0000000000000000
        X[15]:                   0000000000000000
        X[16]:                   0000000000000000
        X[17]:                   0000000000000000
        X[18]:                   0000000000000000
        X[19]:                   0000000000000000
        X[20]:                   0000000000000000
        X[21]:                   0000000000000000
        X[22]:                   0000000000000000
        X[23]:                   0000000000000000
        X[24]:                   0000000000000000
        X[25]:                   0000000000000000
        X[26]:                   0000000000000000
        X[27]:                   0000000000000000
        X[28]:                   0000000000000000
        FP:                      00000001ee00aa50
        LR:                      00000070020e5684 (nnSdk + 0x367684) (_ZN2nn2sf4hipc15SendSyncRequestENS_3svc6HandleEPvm + 0x34)
        SP:                      00000001ee00aa50
        PC:                      0000007002107954 (nnSdk + 0x389954)
    Stack Trace:
        ReturnAddress[00]:       00000070020f9800 (nnSdk + 0x37b800) (_ZN2nn2sf4cmif6client34CmifDomainProxyClientCoreProcessorINS0_4hipc6client38Hipc2ClientSessionManagedProxyKindBaseINS5_18Hipc2P + 0x160)
        ReturnAddress[01]:       00000070020f823c (nnSdk + 0x37a23c)
        ReturnAddress[02]:       00000070020edf3c (nnSdk + 0x36ff3c) (_ZN2nn6socket6detail8RecvFromEiPvmNS0_7MsgFlagEPNS0_8SockAddrEPj + 0xcc)
        ReturnAddress[03]:       0000006ffa2be4d4 (cross2_Release.nss + 0xba4d4)
        ReturnAddress[04]:       0000006ffa2d3bec (cross2_Release.nss + 0xcfbec)
        ReturnAddress[05]:       0000006ffa367bfc (cross2_Release.nss + 0x163bfc)
        ReturnAddress[06]:       0000006ffa3689fc (cross2_Release.nss + 0x1649fc)
        ReturnAddress[07]:       0000006ffa33f620 (cross2_Release.nss + 0x13b620)
        ReturnAddress[08]:       0000006ffa34008c (cross2_Release.nss + 0x13c08c)
        ReturnAddress[09]:       00000070020b24b8 (nnSdk + 0x3344b8)
        ReturnAddress[10]:       00000070020b6984 (nnSdk + 0x338984)
        ReturnAddress[11]:       0000000000000000
    Stack Dump:                               00 01 02 03 04 05 06 07 08 09 0a 0b 0c 0d 0e 0f
                                 0001ee00aa50 70 ab 00 ee 01 00 00 00 00 98 0f 02 70 00 00 00
                                 0001ee00aa60 e4 ab 00 ee 01 00 00 00 e0 ab 00 ee 01 00 00 00
                                 0001ee00aa70 80 00 00 00 00 00 00 00 01 00 00 00 00 00 00 02
                                 0001ee00aa80 0f 10 00 00 00 00 00 00 00 00 00 00 00 00 00 00
                                 0001ee00aa90 00 00 00 00 00 00 00 00 00 00 00 00 02 00 00 00
                                 0001ee00aaa0 00 00 00 00 08 00 00 00 17 00 00 00 1b 00 00 00
                                 0001ee00aab0 00 00 00 00 00 00 00 00 00 00 00 00 00 00 00 00
                                 0001ee00aac0 00 00 00 00 02 00 00 00 00 00 00 00 00 00 00 00
                                 0001ee00aad0 00 00 00 00 06 00 00 00 15 00 00 00 17 00 00 00
                                 0001ee00aae0 22 00 00 00 22 00 00 00 c0 8c ae aa 22 00 00 00
                                 0001ee00aaf0 c0 05 00 00 00 00 00 00 10 ac 00 ee 01 00 00 00
                                 0001ee00ab00 10 00 00 00 00 00 00 00 78 aa 00 ee 01 00 00 00
                                 0001ee00ab10 00 c4 55 5b 4a 00 00 00 00 00 00 00 00 00 00 00
                                 0001ee00ab20 01 00 00 00 00 00 00 00 02 00 00 00 00 00 00 00
                                 0001ee00ab30 0d 4c 00 00 00 00 00 00 c0 05 00 00 00 00 00 00
                                 0001ee00ab40 c0 8c ae aa 22 00 00 00 05 00 00 00 00 00 00 00
    TLS Address:                 0000004a5b55c400
    TLS Dump:                                 00 01 02 03 04 05 06 07 08 09 0a 0b 0c 0d 0e 0f
                                 004a5b55c400 00 00 02 00 0f 08 e0 03 80 20 c0 05 c0 8c ae aa
                                 004a5b55c410 01 10 10 00 10 ac 00 ee 00 00 00 00 00 00 00 00
                                 004a5b55c420 00 00 00 00 00 00 00 00 00 00 00 00 00 00 00 00
                                 004a5b55c430 53 46 43 4f 00 00 00 00 00 00 00 00 91 ab e3 ac
                                 004a5b55c440 ff ff ff ff 0b 00 00 00 00 00 00 00 00 00 00 00
                                 004a5b55c450 00 00 00 00 00 00 00 00 c0 05 10 00 c0 8c ae aa
                                 004a5b55c460 22 00 c0 05 10 ac 00 ee 01 00 10 00 00 00 00 00
                                 004a5b55c470 00 00 00 00 00 00 00 00 00 00 00 00 00 00 00 00
                                 004a5b55c480 00 00 00 00 00 00 00 00 00 00 00 00 00 00 00 00
                                 004a5b55c490 00 00 00 00 00 00 00 00 00 00 00 00 00 00 00 00
                                 004a5b55c4a0 00 00 00 00 00 00 00 00 00 00 00 00 00 00 00 00
                                 004a5b55c4b0 00 00 00 00 00 00 00 00 00 00 00 00 00 00 00 00
                                 004a5b55c4c0 00 00 00 00 00 00 00 00 00 00 00 00 00 00 00 00
                                 004a5b55c4d0 00 00 00 00 00 00 00 00 00 00 00 00 00 00 00 00
                                 004a5b55c4e0 00 00 00 00 00 00 00 00 00 00 00 00 00 00 00 00
                                 004a5b55c4f0 00 00 00 00 00 00 00 00 00 00 00 00 00 00 00 00
Threads[36]:
    Thread ID:                   0000000000000310
    Thread Name:                 Pia SendThreadStream
    Stack Region:                0000000215f51000-0000000215f55000
    Registers:
        X[00]:                   00000022aab11cf4
        X[01]:                   00000022aab11cf8
        X[02]:                   0000000000e0818d
        X[03]:                   00000000004c496b
        X[04]:                   0000000000000000
        X[05]:                   0000000000000000
        X[06]:                   0000000000000000
        X[07]:                   0000000000000000
        X[08]:                   0000000000000000
        X[09]:                   0000000000000000
        X[10]:                   0000000000000000
        X[11]:                   0000000000000000
        X[12]:                   0000000000000000
        X[13]:                   0000000000000000
        X[14]:                   0000000000000000
        X[15]:                   0000000000000000
        X[16]:                   0000000000000000
        X[17]:                   0000000000000000
        X[18]:                   0000000000000000
        X[19]:                   0000000000000000
        X[20]:                   0000000000000000
        X[21]:                   0000000000000000
        X[22]:                   0000000000000000
        X[23]:                   0000000000000000
        X[24]:                   0000000000000000
        X[25]:                   0000000000000000
        X[26]:                   0000000000000000
        X[27]:                   0000000000000000
        X[28]:                   0000000000000000
        FP:                      0000000215f54e70
        LR:                      00000070020b7a54 (nnSdk + 0x339a54) (_ZN2nn2os6detail38InternalConditionVariableImplByHorizon9TimedWaitEPNS1_23InternalCriticalSectionERKNS1_13TimeoutHelperE + 0x64)
        SP:                      0000000215f54e40
        PC:                      000000700210792c (nnSdk + 0x38992c)
    Stack Trace:
        ReturnAddress[00]:       00000070020ac9ac (nnSdk + 0x32e9ac) (_ZN2nn2os14TimedWaitEventEPNS0_9EventTypeENS_8TimeSpanE + 0x8c)
        ReturnAddress[01]:       0000006ffa368ae4 (cross2_Release.nss + 0x164ae4)
        ReturnAddress[02]:       0000006ffa33f620 (cross2_Release.nss + 0x13b620)
        ReturnAddress[03]:       0000006ffa34008c (cross2_Release.nss + 0x13c08c)
        ReturnAddress[04]:       00000070020b24b8 (nnSdk + 0x3344b8)
        ReturnAddress[05]:       00000070020b6984 (nnSdk + 0x338984)
        ReturnAddress[06]:       0000000000000000
    Stack Dump:                               00 01 02 03 04 05 06 07 08 09 0a 0b 0c 0d 0e 0f
                                 000215f54e40 00 00 00 00 00 00 00 00 09 2c 00 00 01 00 00 00
                                 000215f54e50 00 00 00 00 00 00 00 00 f8 1c b1 aa 22 00 00 00
                                 000215f54e60 f4 1c b1 aa 22 00 00 00 d8 1c b1 aa 22 00 00 00
                                 000215f54e70 b0 4e f5 15 02 00 00 00 ac c9 0a 02 70 00 00 00
                                 000215f54e80 00 f8 24 01 00 00 00 00 52 b3 f4 e8 15 00 00 00
                                 000215f54e90 cc 4e f5 15 02 00 00 00 b8 1c b1 aa 22 00 00 00
                                 000215f54ea0 68 21 b1 aa 22 00 00 00 60 1c b1 aa 22 00 00 00
                                 000215f54eb0 40 4f f5 15 02 00 00 00 e4 8a 36 fa 6f 00 00 00
                                 000215f54ec0 08 1d b1 aa 22 00 00 00 09 2c 00 00 01 00 00 00
                                 000215f54ed0 00 00 00 00 00 00 00 00 09 2c 00 00 01 00 00 00
                                 000215f54ee0 00 00 00 00 22 00 00 00 00 00 00 00 22 00 00 00
                                 000215f54ef0 00 00 00 00 00 00 00 00 00 00 00 00 00 00 00 00
                                 000215f54f00 00 00 00 00 00 00 00 00 00 00 00 00 00 00 00 00
                                 000215f54f10 00 00 00 00 00 00 00 00 00 00 00 00 00 00 00 00
                                 000215f54f20 00 00 00 00 00 00 00 00 cc 71 b1 aa 22 00 00 00
                                 000215f54f30 98 21 b1 aa 22 00 00 00 68 21 b1 aa 22 00 00 00
    TLS Address:                 0000004a5b55c600
    TLS Dump:                                 00 01 02 03 04 05 06 07 08 09 0a 0b 0c 0d 0e 0f
                                 004a5b55c600 00 00 00 00 0e 08 e0 03 00 00 00 00 00 00 00 00
                                 004a5b55c610 00 00 00 00 00 00 00 00 00 00 00 00 00 00 00 00
                                 004a5b55c620 53 46 43 4f 00 00 00 00 00 00 00 00 91 ab e3 ac
                                 004a5b55c630 50 00 00 00 00 00 00 00 00 00 00 00 00 00 00 00
                                 004a5b55c640 53 46 43 49 01 00 00 00 0b 00 00 00 00 00 00 00
                                 004a5b55c650 05 00 00 00 00 00 00 00 00 00 00 00 00 00 00 00
                                 004a5b55c660 00 00 00 00 00 00 00 00 00 00 00 00 00 00 00 00
                                 004a5b55c670 00 00 00 00 00 00 00 00 00 00 00 00 00 00 00 00
                                 004a5b55c680 00 00 00 00 00 00 00 00 00 00 00 00 00 00 00 00
                                 004a5b55c690 00 00 00 00 00 00 00 00 00 00 00 00 00 00 00 00
                                 004a5b55c6a0 00 00 00 00 00 00 00 00 00 00 00 00 00 00 00 00
                                 004a5b55c6b0 00 00 00 00 00 00 00 00 00 00 00 00 00 00 00 00
                                 004a5b55c6c0 00 00 00 00 00 00 00 00 00 00 00 00 00 00 00 00
                                 004a5b55c6d0 00 00 00 00 00 00 00 00 00 00 00 00 00 00 00 00
                                 004a5b55c6e0 00 00 00 00 00 00 00 00 00 00 00 00 00 00 00 00
                                 004a5b55c6f0 00 00 00 00 00 00 00 00 00 00 00 00 00 00 00 00
Threads[37]:
    Thread ID:                   00000000000003fb
    Thread Name:                 nus3::nopus decode
    Stack Region:                00000002168d7000-00000002168df000
    Registers:
        X[00]:                   00000000018d0190
        X[01]:                   0000004a5b55c000
        X[02]:                   00000000018d0190
        X[03]:                   00000002168ded18
        X[04]:                   0000000000000000
        X[05]:                   000000000000020b
        X[06]:                   0000000000000001
        X[07]:                   00000002168debf8
        X[08]:                   0000000000000000
        X[09]:                   0000000000000000
        X[10]:                   0000000000000000
        X[11]:                   0000000000000000
        X[12]:                   0000000000000000
        X[13]:                   0000000000000000
        X[14]:                   0000000000000000
        X[15]:                   0000000000000000
        X[16]:                   0000000000000000
        X[17]:                   0000000000000000
        X[18]:                   0000000000000000
        X[19]:                   0000000000000000
        X[20]:                   0000000000000000
        X[21]:                   0000000000000000
        X[22]:                   0000000000000000
        X[23]:                   0000000000000000
        X[24]:                   0000000000000000
        X[25]:                   0000000000000000
        X[26]:                   0000000000000000
        X[27]:                   0000000000000000
        X[28]:                   0000000000000000
        FP:                      00000002168dec60
        LR:                      00000070020e5684 (nnSdk + 0x367684) (_ZN2nn2sf4hipc15SendSyncRequestENS_3svc6HandleEPvm + 0x34)
        SP:                      00000002168dec60
        PC:                      0000007002107954 (nnSdk + 0x389954)
    Stack Trace:
        ReturnAddress[00]:       0000007001ea2008 (nnSdk + 0x124008) (_ZN2nn2sf4hipc6client24Hipc2ClientCoreProcessorILNS1_6detail11MessageTypeE6ENS0_4cmif6detail14CoreMethodInfoINSt3__15tupleIJNS7 + 0x128)
        ReturnAddress[01]:       0000007001ea1738 (nnSdk + 0x123738)
        ReturnAddress[02]:       0000007001e9f220 (nnSdk + 0x121220) (_ZN2nn5codec33DecodeOpusInterleavedWithHardwareEPNS0_23HardwareOpusDecoderTypeEPmPiPsmPKvm + 0xf0)
        ReturnAddress[03]:       0000006ffdb98d60 (cross2_Release.nss + 0x3994d60)
        ReturnAddress[04]:       0000006ffdba1634 (cross2_Release.nss + 0x399d634)
        ReturnAddress[05]:       00000070020b24b8 (nnSdk + 0x3344b8)
        ReturnAddress[06]:       00000070020b6984 (nnSdk + 0x338984)
        ReturnAddress[07]:       0000000000000000
    Stack Dump:                               00 01 02 03 04 05 06 07 08 09 0a 0b 0c 0d 0e 0f
                                 0002168dec60 60 ed 8d 16 02 00 00 00 08 20 ea 01 70 00 00 00
                                 0002168dec70 00 00 00 00 00 00 00 00 01 00 00 00 00 00 10 01
                                 0002168dec80 09 00 00 00 00 00 00 00 00 00 00 00 00 00 00 00
                                 0002168dec90 00 00 00 00 00 00 00 00 02 00 00 00 05 00 00 00
                                 0002168deca0 00 00 00 00 08 00 00 00 00 00 00 00 11 00 00 00
                                 0002168decb0 00 00 00 00 00 00 00 00 00 00 00 00 00 00 00 00
                                 0002168decc0 00 00 00 00 00 00 00 00 00 00 00 00 00 00 00 00
                                 0002168decd0 00 00 00 00 02 00 00 00 0e 00 00 00 10 00 00 00
                                 0002168dece0 00 90 84 9d 22 00 00 00 00 0f 00 00 00 00 00 00
                                 0002168decf0 48 2d b8 b8 22 00 00 00 a8 00 00 00 00 00 00 00
                                 0002168ded00 78 ec 8d 16 02 00 00 00 00 c0 55 5b 4a 00 00 00
                                 0002168ded10 30 73 37 ba 22 00 00 00 46 00 00 00 45 00 00 00
                                 0002168ded20 a8 00 00 00 00 00 00 00 60 4f 0b 00 00 00 00 00
                                 0002168ded30 48 2d b8 b8 22 00 00 00 00 90 84 9d 22 00 00 00
                                 0002168ded40 00 0f 00 00 00 00 00 00 00 ef 8d 16 02 00 00 00
                                 0002168ded50 fc ee 8d 16 02 00 00 00 98 e0 36 ba 22 00 00 00
    TLS Address:                 0000004a5b55c000
    TLS Dump:                                 00 01 02 03 04 05 06 07 08 09 0a 0b 0c 0d 0e 0f
                                 004a5b55c000 00 00 00 00 0c 08 e0 03 00 00 00 00 00 00 00 00
                                 004a5b55c010 53 46 43 4f 00 00 00 00 00 00 00 00 01 97 b0 7a
                                 004a5b55c020 a8 00 00 00 c0 03 00 00 a4 03 00 00 00 00 00 00
                                 004a5b55c030 00 00 00 00 00 00 00 00 00 00 00 00 00 00 00 00
                                 004a5b55c040 00 00 00 00 00 00 00 00 00 00 00 00 00 00 00 00
                                 004a5b55c050 00 00 00 00 00 00 00 00 00 00 00 00 00 00 00 00
                                 004a5b55c060 00 00 00 00 00 00 00 00 00 00 00 00 00 00 00 00
                                 004a5b55c070 00 00 00 00 00 00 00 00 00 00 00 00 00 00 00 00
                                 004a5b55c080 00 00 00 00 00 00 00 00 00 00 00 00 00 00 00 00
                                 004a5b55c090 00 00 00 00 00 00 00 00 00 00 00 00 00 00 00 00
                                 004a5b55c0a0 00 00 00 00 00 00 00 00 00 00 00 00 00 00 00 00
                                 004a5b55c0b0 00 00 00 00 00 00 00 00 00 00 00 00 00 00 00 00
                                 004a5b55c0c0 00 00 00 00 00 00 00 00 00 00 00 00 00 00 00 00
                                 004a5b55c0d0 00 00 00 00 00 00 00 00 00 00 00 00 00 00 00 00
                                 004a5b55c0e0 00 00 00 00 00 00 00 00 00 00 00 00 00 00 00 00
                                 004a5b55c0f0 00 00 00 00 00 00 00 00 00 00 00 00 00 00 00 00
